Close,High,Low,Volume,log_return,volatility_7d,ema_7,ema_14,volume_change,rsi_14,macd,macd_signal,macd_diff,bb_width,bb_position,log_return_lag_1,log_return_lag_2,log_return_lag_3,log_return_lag_4,log_return_lag_5,momentum_5,momentum_10,target,date,n_posts_shifted,n_posts_log_shifted,engagement_shifted,finbert_pos_w_shifted,finbert_neg_w_shifted,finbert_neu_w_shifted,finbert_net_w_shifted
14.598594665527344,14.613578243254633,14.217995786415347,310490000.0,0.0,0.0338132445826445,14.664169520559838,15.014999009349076,0.0,27.39799779591243,-0.5069888453375633,-0.4010640836208158,-0.1059247617167474,0.2677984179401742,0.2802251896304155,0.0,0.0,0.0007530401089432,0.0396014733237116,-0.006037660636134,0.0411798210048524,-0.0389319630197142,0,2023-01-02,2.0,1.0986122886681098,6.08372827477954,0.02824220967020077,0.3445380544122351,0.6272197377565905,-0.31629584474203437
14.299908638000488,14.98019143326443,14.081139646053048,401277000.0,-0.0206721200011695,0.0182849514093281,14.57310429992,14.919653626502598,0.2923991110824826,26.450167170893337,-0.5183517727244542,-0.4245216214415435,-0.0938301512829107,0.2451342395858304,0.2224749486676411,0.0,0.0,0.0,0.0007530401089432,0.0396014733237116,-0.0197220057016727,-0.058595334784294,1,2023-01-03,2.0,1.0986122886681098,6.08372827477954,0.02824220967020077,0.3445380544122351,0.6272197377565905,-0.31629584474203437
14.733452796936035,14.837343262850888,14.225988854764774,431324000.0,0.0298674604775562,0.0205649554399275,14.613191424174008,14.894826849227057,0.0748784505466297,26.80087812379037,-0.4867624892210411,-0.436969794997443,-0.0497926942235981,0.22859761420499,0.356342565357888,-0.0206721200011695,0.0,0.0,0.0,0.0007530401089432,0.0092377475023086,-0.030053859161551,0,2023-01-04,2.0,1.0986122886681098,6.08372827477954,0.02824220967020077,0.3445380544122351,0.6272197377565905,-0.31629584474203437
14.249964714050291,14.54864934796792,14.133087455443135,389168000.0,-0.0333661782673968,0.0198113131387401,14.52238474664308,14.808845231203488,-0.0977362725004868,32.66627941196863,-0.4950347496212632,-0.4485827859222071,-0.0464519636990561,0.2218707131340472,0.241059210770455,0.0298674604775562,-0.0206721200011695,0.0,0.0,0.0,-0.0238810624902336,-0.0618832888682067,1,2023-01-05,5.0,1.791759469228055,2.152971473102105,0.025868925740833472,0.8310649973655524,0.14306602929456777,-0.805196071624719
14.84333610534668,14.99417694662618,14.019205996590792,405044000.0,0.0407965869122915,0.0260050545188774,14.60262258631898,14.81344401442258,0.0407947210459236,45.125036682398296,-0.4485399737103712,-0.44857422347984,3.424976946875269e-05,0.204578724780351,0.4383177462058689,-0.0333661782673968,0.0298674604775562,-0.0206721200011695,0.0,0.0,0.0167647260182695,0.0522624937007034,0,2023-01-06,6.0,1.9459101490553132,1.6429945062057196,0.16172669179793073,0.07631358121328805,0.7619597364687468,0.08541311058464268
14.84333610534668,14.99417694662618,14.019205996590792,405044000.0,0.0,0.0260050545188774,14.662800966075904,14.817429626545795,0.0,45.125036682398296,-0.4070008760740844,-0.4402595539986889,0.0332586779246045,0.1822182726488143,0.4617470044843902,0.0407965869122915,-0.0333661782673968,0.0298674604775562,-0.0206721200011695,0.0,0.0167647260182695,0.0586349154397496,0,2023-01-07,2.0,1.0986122886681098,0.34657359027997264,0.0324554443359375,0.023058874532580303,0.9444856643676758,0.009396569803357197
14.84333610534668,14.99417694662618,14.019205996590792,405044000.0,0.0,0.0260050545188774,14.707934750893598,14.820883823719248,0.0,45.125036682398296,-0.3698178123866924,-0.4261712056762896,0.0563533932895972,0.1638985983670517,0.4858460370073163,0.0,0.0407965869122915,-0.0333661782673968,0.0298674604775562,-0.0206721200011695,0.0380021635874014,0.0175306789987823,1,2023-01-08,2.0,1.0986122886681098,0.34657359027997264,0.0324554443359375,0.023058874532580303,0.9444856643676758,0.009396569803357197
15.611527442932127,16.03907580315993,15.125040304206118,504231000.0,0.0504585626073544,0.0316233851757088,14.93383292390323,14.926302972947632,0.2448795686394564,54.87525733695706,-0.2751911137656879,-0.3959751872941693,0.1207840735284813,0.1534730529806441,0.8318221830684983,0.0,0.0,0.0407965869122915,-0.0333661782673968,0.0298674604775562,0.0595973434128556,0.0693856361254205,1,2023-01-09,2.0,1.0986122886681098,5.787405234321119,0.09525218930250566,0.1048038807088279,0.7999439480020146,-0.00955169140632224
15.892229080200195,15.945172704430046,15.455689492558554,384101000.0,0.0178206726367139,0.0286967209374725,15.173431962977473,15.055093120581306,-0.2382439794459285,75.36888228113455,-0.1755251524570127,-0.351885180326738,0.1763600278697252,0.1324424631617806,1.043296705676792,0.0504585626073544,0.0,0.0,0.0407965869122915,-0.0333661782673968,0.1152469075611568,0.0886136264696491,1,2023-01-10,2.0,1.0986122886681098,2.2033596236321267,0.1521880477666854,0.0092871999368071,0.8385246992111206,0.1429008478298783
15.984132766723633,16.011104732768004,15.546594737725536,353285000.0,0.005766275437198,0.0280660649112495,15.37610716391401,15.178965073400285,-0.0802288981283568,77.82498760347784,-0.0881076504844493,-0.2991296743582802,0.2110220238738309,0.1468225504882006,1.01596535517916,0.0178206726367139,0.0504585626073544,0.0,0.0,0.0407965869122915,0.0768558128227001,0.0949090054858536,1,2023-01-11,4.0,1.6094379124341003,2.3628898925044055,0.11363332820334138,0.05385869055691463,0.832507939628079,0.059774637646426744
16.493593215942383,16.619459833672344,15.475667427433098,551409000.0,0.0313754874614346,0.0203774775081107,15.655478676921105,15.35424882573923,0.5608050157804605,77.46114153382702,0.0220266407477964,-0.2348984113370649,0.2569250520848614,0.1753306031548507,1.0999781155026318,0.005766275437198,0.0178206726367139,0.0504585626073544,0.0,0.0,0.111178315904419,0.1298069159279988,1,2023-01-12,3.0,1.3862943611198906,3.901759952488186,0.05239061484453899,0.5587585344272702,0.3888508591255615,-0.5063679195827312
16.881187438964844,16.904163911762296,16.147961873227626,447287000.0,0.0232278170443035,0.0185134450241952,15.961905867432035,15.55784064083598,-0.1888289817540156,79.66763432090258,0.1389823722876961,-0.1601222546121127,0.2991046268998089,0.2095732458954577,1.0954621247947272,0.0313754874614346,0.005766275437198,0.0178206726367139,0.0504585626073544,0.0,0.1372906548201191,0.1805101603310164,0,2023-01-13,1.0,0.6931471805599453,0.0,0.2346853762865066,0.0083484854549169,0.7569661736488342,0.2263368908315897
16.881187438964844,16.904163911762296,16.147961873227626,447287000.0,0.0,0.0185134450241952,16.19172626031524,15.734286880586492,0.0,79.66763432090258,0.2290305109894674,-0.0822917014917966,0.3113222124812641,0.2361085051957276,1.0018499004687709,0.0232278170443035,0.0313754874614346,0.005766275437198,0.0178206726367139,0.0504585626073544,0.0813283646122362,0.145772662500093,0,2023-01-14,4.0,1.6094379124341003,2.7891340486271643,0.1676162258876005,0.20343647398535783,0.6289473002208854,-0.03582024809775733
16.881187438964844,16.904163911762296,16.147961873227626,447287000.0,0.0,0.0185134450241952,16.36409155497764,15.88720695503694,0.0,79.66763432090258,0.2969710126961029,-0.0064391586542167,0.3034101713503196,0.2574147231923603,0.9361030717703862,0.0,0.0232278170443035,0.0313754874614346,0.005766275437198,0.0178206726367139,0.0622290525623476,0.1846476659917759,0,2023-01-15,4.0,1.6094379124341003,2.7891340486271643,0.1676162258876005,0.20343647398535783,0.6289473002208854,-0.03582024809775733
16.881187438964844,16.904163911762296,16.147961873227626,447287000.0,0.0,0.0129189206275803,16.49336552597444,16.019737686227327,0.0,79.66763432090258,0.3468164654554773,0.064211966167722,0.2826044992877552,0.2645490340775858,0.8862537322435404,0.0,0.0,0.0232278170443035,0.0313754874614346,0.005766275437198,0.0561215728956363,0.1372906548201191,1,2023-01-16,2.0,1.0986122886681098,2.727660557678851,0.09873523966663782,0.11542470721501716,0.7858400508961237,-0.01668946754837934
17.68334197998047,17.709315551841687,16.881188834859515,511102000.0,0.0464232327594326,0.0186327472525807,16.790859639475947,16.24155159206108,0.1426712602870192,88.88637766113112,0.4459063822516143,0.1405508493845005,0.3053555328671137,0.2824127516590966,0.9989731238236506,0.0,0.0,0.0,0.0232278170443035,0.0313754874614346,0.0721339946039227,0.1913320465478645,0,2023-01-17,2.0,1.0986122886681098,2.727660557678851,0.09873523966663782,0.11542470721501716,0.7858400508961237,-0.01668946754837934
17.358684539794922,17.85416011409162,17.263783455353824,439624000.0,-0.0185301343596543,0.022546982338905,16.932815864555693,16.390502651758926,-0.1398507538612644,80.94680700132365,0.4925607790172428,0.210952835311049,0.2816079437061938,0.2933805891006425,0.875098299880923,0.0464232327594326,0.0,0.0,0.0,0.0232278170443035,0.0282857531531182,0.1694597775457091,0,2023-01-18,2.0,1.0986122886681098,2.4101407828025185,0.10165135330665277,0.5934063436960487,0.304942274217282,-0.49175499038939596
16.74732780456543,17.17887355641003,16.713365152180454,452932000.0,-0.0358542195153021,0.0267402410867461,16.886443849558127,16.438079338799792,0.0302713227667279,78.57792811699045,0.4747309425729504,0.2637084567634293,0.2110224858095211,0.2909135492039721,0.718773508459527,-0.0185301343596543,0.0464232327594326,0.0,0.0,0.0,-0.0079295153189544,0.0727539547802234,1,2023-01-19,4.0,1.6094379124341003,2.4549177666107544,0.3702762514989991,0.24498954701520032,0.3847341928400765,0.1252867044837988
17.8201961517334,17.837178429750637,16.80726509622476,564967000.0,0.0620937178861598,0.0346915396943353,17.119881925101943,16.622361580524274,0.2473550113482818,80.6963143150026,0.5409365976391349,0.3191540849385704,0.2217825127005644,0.3019140368378593,0.8985308987400105,-0.0358542195153021,-0.0185301343596543,0.0464232327594326,0.0,0.0,0.055624565283906,0.1213150818430637,0,2023-01-20,10.0,2.3978952727983707,1.171504964906036,0.12252123956479995,0.1996326408500613,0.677846121618614,-0.07711140128526135
17.8201961517334,17.837178429750637,16.80726509622476,564967000.0,0.0,0.0346915396943353,17.29496048175981,16.78207285668549,0.0,80.6963143150026,0.5866426054814262,0.3726517890471416,0.2139908164342845,0.3066117929025956,0.8557936678448977,0.0620937178861598,-0.0358542195153021,-0.0185301343596543,0.0464232327594326,0.0,0.055624565283906,0.1148678762749113,0,2023-01-21,1.0,0.6931471805599453,2.3978952727983707,0.0108972415328025,0.9686840176582338,0.0204186979681253,-0.9577867761254313
17.8201961517334,17.837178429750637,16.80726509622476,564967000.0,0.0,0.0346915396943353,17.426269399253208,16.920489296025213,0.0,80.6963143150026,0.6157667699677631,0.4212747852312659,0.1944919847364972,0.3056468602400383,0.820899614518328,0.0,0.0620937178861598,-0.0358542195153021,-0.0185301343596543,0.0464232327594326,0.007739157672111,0.0804314086337929,1,2023-01-22,3.0,1.3862943611198906,2.716822637208001,0.23544817242384816,0.279924164561026,0.48462762449032404,-0.04447599213717782
19.17276954650879,19.2247147792948,17.799218927189443,655163000.0,0.0731585902008005,0.0421843092870269,17.8628944360671,17.220793329423024,0.1596482626418889,82.7725458677311,0.7394651551745497,0.4849128592199227,0.254552295954627,0.3199272406801367,1.0124692250441227,0.0,0.0,0.0620937178861598,-0.0358542195153021,-0.0185301343596543,0.1045059032298825,0.1357476845648049,1,2023-01-23,3.0,1.3862943611198906,2.5292724066644756,0.05393485490689638,0.1257538281479893,0.8203113442497403,-0.07181897324109292
19.244691848754883,19.47445085017005,18.800161235154988,496204000.0,0.0037442550163318,0.0404721569699532,18.208343789239045,17.49064646533394,-0.2426251177187967,82.08410821214557,0.8336902827359722,0.5546683439231327,0.2790219388128395,0.3325971550434256,0.9586233987065608,0.0731585902008005,0.0,0.0,0.0620937178861598,-0.0358542195153021,0.1491201505895558,0.1400081847521366,1,2023-01-24,8.0,2.1972245773362196,2.768965270522936,0.7163118592164236,0.11935082909740684,0.16433734159594662,0.5969610301190168
19.302631378173828,19.349582719059857,18.56041455174788,449537000.0,0.0030061528636332,0.0385286630324164,18.48191568647274,17.732244453712593,-0.0940480125109833,81.96687576777687,0.902634601175226,0.6242615953735514,0.2783730058016745,0.3254768914815273,0.9263812027661356,0.0037442550163318,0.0731585902008005,0.0,0.0,0.0620937178861598,0.0831884909581217,0.1434403798881973,1,2023-01-25,2.0,1.0986122886681098,0.34657359027997264,0.0361134894192218,0.0333889611065387,0.9304975867271423,0.0027245283126830985
19.78112411499023,20.14474069411191,19.25767636564727,489535000.0,0.0244867280137513,0.0312800418025356,18.80671779360211,18.005428408549612,0.0889759908528107,81.85864082407457,0.984534731650875,0.6963162226290162,0.2882185090218588,0.3310908322053009,0.9538101838748124,0.0030061528636332,0.0037442550163318,0.0731585902008005,0.0,0.0,0.1100396396627818,0.1717851120669278,1,2023-01-26,3.0,1.3862943611198906,0.9241962407465937,0.24082454061135644,0.5004602503031491,0.25871520023792977,-0.25963570969179267
20.34353256225586,20.60625581574819,19.38454543462512,542142000.0,0.0280348956986336,0.0266313756224714,19.19092148576555,18.317175629043778,0.1074632048780985,82.45315630868423,1.0823462230401582,0.7735222227112446,0.3088240003289135,0.3377104588819129,0.9866190406123772,0.0244867280137513,0.0030061528636332,0.0037442550163318,0.0731585902008005,0.0,0.1415998111938297,0.150434832131111,0,2023-01-27,6.0,1.9459101490553132,1.7094928942543188,0.08541872583095736,0.21869876597692128,0.6958824707732185,-0.13328004014596392
20.34353256225586,20.60625581574819,19.38454543462512,542142000.0,0.0,0.0266313756224714,19.479074254888125,18.587356553472056,0.0,82.45315630868423,1.1466447279971137,0.8481467237684184,0.2984980042286951,0.3317563056092306,0.9409678311149848,0.0280348956986336,0.0244867280137513,0.0030061528636332,0.0037442550163318,0.0731585902008005,0.0610638443708961,0.1719512798114482,0,2023-01-28,9.0,2.302585092994046,2.954490798625942,0.04386552083305544,0.5756819349967254,0.3804525526168075,-0.53181641416367
20.34353256225586,20.60625581574819,19.38454543462512,542142000.0,0.0,0.0266313756224714,19.695188831730057,18.82151335464323,0.0,82.45315630868423,1.1839538731571544,0.9153081536461656,0.2686457195109888,0.3315801017201139,0.8957200450606512,0.0,0.0280348956986336,0.0244867280137513,0.0030061528636332,0.0037442550163318,0.0570983792381207,0.2147330487380847,0,2023-01-29,5.0,1.791759469228055,2.112589735088253,0.05912620211292992,0.3928381581485778,0.5480356371467695,-0.3337119560356479
19.14179992675781,20.11876764644554,19.129811540746857,488611000.0,-0.0608886295038692,0.0291994962511363,19.55684160548699,18.86421823092517,-0.0987398135543824,67.29326643325177,1.1038276213977165,0.9530120471964758,0.1508155742012404,0.3144462524187227,0.6744640552396324,0.0,0.0,0.0280348956986336,0.0244867280137513,0.0030061528636332,-0.0083320998191921,0.0741632563284584,1,2023-01-30,2.0,1.0986122886681098,3.414356035820842,0.9139540958838013,0.027103480458274633,0.0589424072974652,0.8868506154255267
19.51640892028809,19.66625044123853,18.93002771708951,498017000.0,0.0193811731491814,0.0301373685986836,19.546733434187267,18.951176989506894,0.0192504876067054,65.0040825630065,1.0583547498860677,0.9740805877343942,0.0842741621516732,0.297316452123108,0.7190819130643126,-0.0608886295038692,0.0,0.0,0.0280348956986336,0.0244867280137513,-0.0133822119088543,0.0951848539775861,1,2023-01-31,3.0,1.3862943611198906,2.4403961855798264,0.655347194605498,0.027474113277194522,0.31717861321879304,0.6278730813283034
20.92091941833496,21.16965552713128,19.59032308865964,660477000.0,0.0694939926691832,0.0395223304561793,19.89027993022419,19.21380931335064,0.32621376378718,74.7776148316745,1.1227075569517773,1.0038059815778708,0.1189015753739064,0.3036987750270836,0.9219975358665684,0.0193811731491814,-0.0608886295038692,0.0,0.0,0.0280348956986336,0.0283818385185643,0.1740005126879567,1,2023-02-01,6.0,1.9459101490553132,1.4910624710236198,0.5059206419153418,0.15249657779731102,0.34158279317518303,0.3534240641180308
21.686113357543945,21.92586011373037,20.6781782034606,564276000.0,0.0359225307765058,0.0403757009416706,20.33923828705413,19.543449852576416,-0.1456538229188904,83.63263984970337,1.2213731467327342,1.0473194146088436,0.1740537321238906,0.3226308333320111,0.978772484233251,0.0694939926691832,0.0193811731491814,-0.0608886295038692,0.0,0.0,0.06599546028594,0.1310892411729225,0,2023-02-02,3.0,1.3862943611198906,1.9620346771500519,0.5821394784002207,0.04579714353865388,0.37206336348326347,0.5363423348615669
21.0777587890625,21.72207934933685,20.767085792265146,429366000.0,-0.028453719542253,0.0424910370354631,20.523868412556222,19.748024377441222,-0.2390851285541118,73.68193648491437,1.2362267555229105,1.085100882791657,0.1511258727312532,0.3218187903673726,0.8408294575818301,0.0359225307765058,0.0694939926691832,0.0193811731491814,-0.0608886295038692,0.0,0.0360913830751734,0.0952505217913486,0,2023-02-03,2.0,1.0986122886681098,3.501532729393231,0.01910660147531255,0.8778370135598614,0.1030564035276607,-0.8587304120845489
21.0777587890625,21.72207934933685,20.767085792265146,429366000.0,0.0,0.0424910370354631,20.66234100668279,19.92532229899073,0.0,73.68193648491437,1.2337761441132429,1.1148359350559742,0.1189402090572686,0.31467543777112,0.8100359286745021,-0.028453719542253,0.0359225307765058,0.0694939926691832,0.0193811731491814,-0.0608886295038692,0.1011377649809441,0.0919629752084407,0,2023-02-04,2.0,1.0986122886681098,1.7776740307447068,0.16127567256249672,0.10217834705064546,0.7365459542334167,0.05909732551185126
21.0777587890625,21.72207934933685,20.767085792265146,429366000.0,0.0,0.0424910370354631,20.76619545227772,20.078980497666965,0.0,73.68193648491437,1.2177960224206146,1.1354279525289024,0.0823680698917121,0.3011816959625688,0.7845396947420948,0.0,-0.028453719542253,0.0359225307765058,0.0694939926691832,0.0193811731491814,0.0800019037903703,0.0655490894518815,0,2023-02-05,1.0,0.6931471805599453,0.6931471805599453,0.0824978947639465,0.04033163189888,0.8771705031394958,0.04216626286506651
21.066770553588867,21.54726252016348,20.764088546903057,452197000.0,-0.0005214549026414,0.0316060416526177,20.841339227605506,20.210685838456552,0.0531737492023123,67.10575365421573,1.190521412311167,1.1464466444853554,0.0440747678258115,0.2954898367280513,0.7563814853570479,0.0,0.0,-0.028453719542253,0.0359225307765058,0.0694939926691832,0.0069715451953837,0.0355512489839084,1,2023-02-06,3.0,1.3862943611198906,3.3796647876112456,0.07219487914553102,0.2600664592784297,0.6677387054212246,-0.18787158013289867
22.149627685546875,22.235537474634327,21.12770531761483,664150000.0,0.0501237437571666,0.0345295285128039,21.16841134209085,20.4692114180686,0.4687182798647491,72.18495006203827,1.2419669857170952,1.1655507127317033,0.0764162729853918,0.2937141962712677,0.8996578918709505,-0.0005214549026414,0.0,0.0,-0.028453719542253,0.0359225307765058,0.0213737851666115,0.0887798182426748,1,2023-02-07,5.0,1.791759469228055,2.536361961324734,0.23613861629260763,0.022360211315394084,0.7415012026630886,0.21377840497721354
22.18159294128418,22.85388384635013,21.984800102114296,559651000.0,0.0014421105859538,0.0262223504238381,21.42170674188918,20.69752895449734,-0.1573424678160054,72.07415980562402,1.2706698116555764,1.186574532516478,0.0840952791390983,0.2697232267138444,0.8850868881200641,0.0501237437571666,-0.0005214549026414,0.0,0.0,-0.028453719542253,0.0523696168681118,0.0903510918471723,1,2023-02-08,5.0,1.791759469228055,2.0495855917613035,0.04863823531999409,0.7795000125608497,0.17186174984611066,-0.7308617772408555
22.313453674316406,22.995734263923605,22.0966833667124,523876000.0,0.0059270021756074,0.0232497493012236,21.644643474995988,20.91298558380655,-0.0639237667760801,70.50641818901855,1.289196017955753,1.207098829604333,0.0820971883514198,0.2618883457323052,0.8747826763687151,0.0014421105859538,0.0501237437571666,-0.0005214549026414,0.0,0.0,0.0586255349831179,0.165692555543067,0,2023-02-09,8.0,2.1972245773362196,2.0058775766583805,0.07028941930068189,0.4784040114803376,0.45130654251094376,-0.40811459217965573
21.242582321166992,22.05472500108008,20.78906235023707,550737000.0,-0.0491820331394392,0.0287520297060368,21.54412818653874,20.95693181545461,0.0512735838251801,56.72645055193138,1.2035935244302325,1.2063977685695129,-0.0028042441392805,0.235490312487763,0.6559203157779498,0.0059270021756074,0.0014421105859538,0.0501237437571666,-0.0005214549026414,0.0,0.0078197845299388,0.0884472859699347,0,2023-02-10,7.0,2.0794415416798357,1.3978148595065942,0.24326185606678827,0.5371437926115704,0.21959433506288045,-0.2938819365447821
21.242582321166992,22.05472500108008,20.78906235023707,550737000.0,0.0,0.0287520297060368,21.4687417201958,20.995018549549595,0.0,56.72645055193138,1.1228098782272724,1.1896801905010648,-0.0668703122737923,0.2010948091894544,0.6398918543087236,-0.0491820331394392,0.0059270021756074,0.0014421105859538,0.0501237437571666,-0.0005214549026414,0.0083454541421477,0.0153751800482595,0,2023-02-11,6.0,1.9459101490553132,3.1412141401549416,0.1269233726234302,0.28943902895389484,0.5836376142768234,-0.16251565633046464
21.242582321166992,22.05472500108008,20.78906235023707,550737000.0,0.0,0.0287520297060368,21.4122018704386,21.02802705243192,0.0,56.72645055193138,1.0467222935585454,1.161088611112561,-0.1143663175540155,0.1896070498888131,0.6213424460117034,0.0,-0.0491820331394392,0.0059270021756074,0.0014421105859538,0.0501237437571666,-0.0409508176506168,-0.0204523064628665,1,2023-02-12,1.0,0.6931471805599453,0.0,0.5798406600952148,0.0098637919872999,0.4102955460548401,0.5699768681079149
21.765033721923828,22.024759888693577,20.939904182007883,474919000.0,0.0242969571747373,0.0300192102426417,21.50040983330991,21.126294608364173,-0.1376664360665799,71.8469473079582,1.0168580891797916,1.1322425067260071,-0.1153844175462155,0.1799361416185007,0.7325550089169675,0.0,0.0,-0.0491820331394392,0.0059270021756074,0.0014421105859538,-0.0187794997619424,0.0326066418986616,1,2023-02-13,4.0,1.6094379124341003,3.043165157296233,0.28511024174822364,0.05774483912908858,0.6571449307839495,0.22736540261913507
22.94678497314453,23.024701862590533,21.343475492983863,675474000.0,0.0528731140093144,0.0307229555978544,21.862003618268567,21.369026657001555,0.4222930647120877,75.18334008714518,1.07614283696698,1.1210225727742018,-0.0448797358072217,0.1838272955703875,0.983690556774752,0.0242969571747373,0.0,0.0,-0.0491820331394392,0.0059270021756074,0.0283833828717028,0.0886729088603048,0,2023-02-14,4.0,1.6094379124341003,3.043165157296233,0.28511024174822364,0.05774483912908858,0.6571449307839495,0.22736540261913507
22.74000358581543,22.830907263123883,22.08269816763165,420575000.0,-0.0090521923671756,0.0311810398982731,22.08150361015528,21.551823580843404,-0.3773631553546103,66.20398876198321,1.0938318838285035,1.115584434985062,-0.0217525511565586,0.1859549993569831,0.8849311941254144,0.0528731140093144,0.0242969571747373,0.0,0.0,-0.0491820331394392,0.0704914893118406,0.0788625020993925,0,2023-02-15,4.0,1.6094379124341003,3.276802282408163,0.4841450154502358,0.2894206641346633,0.22643433782755368,0.19472435131557253
21.978805541992188,22.526226251527607,21.903883847439104,412026000.0,-0.0340470414595977,0.0341889425074671,22.055829093114507,21.608754508996576,-0.0203269333650359,52.609092915366126,1.0345031519896215,1.099368178385974,-0.0648650263963523,0.1835839524190444,0.6728616458936831,-0.0090521923671756,0.0528731140093144,0.0242969571747373,0.0,0.0,0.0346578965633379,0.0432925865919182,0,2023-02-16,11.0,2.4849066497880004,2.665378197113492,0.1535238965298416,0.2736526419233264,0.5728234402545823,-0.12012874539348478
21.365455627441406,21.717083871627388,20.952890859592024,465888000.0,-0.028303209801047,0.0300648493499371,21.88323572669623,21.57631465812256,0.1307247600879555,52.56228188430219,0.9273031193085046,1.0649551665704802,-0.1376520472619755,0.1781951496553518,0.5030456933235707,-0.0340470414595977,-0.0090521923671756,0.0528731140093144,0.0242969571747373,0.0,0.0057842923434021,-0.0354033968082072,0,2023-02-17,6.0,1.9459101490553132,2.1557387529743104,0.046540935511555685,0.32078516048626915,0.6326739072453281,-0.27424422497471346
21.365455627441406,21.717083871627388,20.952890859592024,465888000.0,0.0,0.0300648493499371,21.75379070188253,21.548200120698404,0.0,52.56228188430219,0.8327469327998394,1.018513519816352,-0.1857665870165126,0.1721343091871517,0.4892776463300587,-0.028303209801047,-0.0340470414595977,-0.0090521923671756,0.0528731140093144,0.0242969571747373,-0.0183587169947698,-0.0367934492352794,0,2023-02-18,2.0,1.0986122886681098,3.321894866573836,0.1558063569547024,0.013266191052559592,0.8309274530450417,0.1425401659021428
21.365455627441406,21.717083871627388,20.952890859592024,465888000.0,0.0,0.0300648493499371,21.656706933272247,21.52383418826414,0.0,52.56228188430219,0.7491744569563004,0.9646457072443416,-0.2154712502880413,0.1398608627683517,0.4499248088772476,0.0,-0.028303209801047,-0.0340470414595977,-0.0090521923671756,0.0528731140093144,-0.068912893355379,-0.0424854915205789,0,2023-02-19,2.0,1.0986122886681098,1.3195286648076292,0.0714368075496121,0.09795085110655061,0.8306123314111603,-0.02651404355693851
21.365455627441406,21.717083871627388,20.952890859592024,465888000.0,0.0,0.0282510562660114,21.583894106814537,21.502717046821108,0.0,52.66536198726117,0.6751598453186993,0.9067485348592133,-0.2315886895405139,0.1091541773034147,0.3969156040008328,0.0,0.0,-0.028303209801047,-0.0340470414595977,-0.0090521923671756,-0.0604462507310873,0.0057842923434021,0,2023-02-20,1.0,0.6931471805599453,1.0986122886681098,0.0456909090280532,0.0336674749851226,0.9206416010856628,0.012023434042930603
20.633228302001957,21.47134271002345,20.59626664817325,410015000.0,-0.0348725941112943,0.0165571200486514,21.34622765561139,21.386785214178555,-0.1199279655196098,35.56485583557267,0.551065763569639,0.8356119806012985,-0.2845462170316595,0.1130798726119836,0.1064555566324959,0.0,0.0,0.0,-0.028303209801047,-0.0340470414595977,-0.0612215817378886,-0.0286854964218664,1,2023-02-21,1.0,0.6931471805599453,3.58351893845611,0.4455136358737945,0.0466614589095115,0.5078248977661133,0.398852176964283
20.73212432861328,21.081755798453145,20.39947513838324,513184000.0,0.0047815966140323,0.0181588591471195,21.192701823861864,21.299497096103185,0.2516225016157944,36.37560593081623,0.4554502456489757,0.759579633610834,-0.3041293879618583,0.1187179739316384,0.1816253080065415,-0.0348725941112943,0.0,0.0,0.0,-0.028303209801047,-0.0296427705484869,-0.0240299406558057,1,2023-02-22,5.0,1.791759469228055,2.965367595540358,0.11145095090890826,0.21433454893506868,0.6742144698235213,-0.10288359802616041
23.639055252075195,23.862820062689917,23.0007288852004,1117995000.0,0.1312158305310626,0.0555278571577559,21.8042901809152,21.61143818356612,1.178546096526782,58.18832860057679,0.6072394121622366,0.7291115893211146,-0.1218721771588779,0.1442048512920287,1.1285160765840918,0.0047815966140323,-0.0348725941112943,0.0,0.0,0.0,0.1064147502529091,0.086102394974177,0,2023-02-23,16.0,2.833213344056216,3.3523757571680077,0.2520989054637302,0.3279739459954621,0.41992717627637643,-0.07587504053173189
23.26145362854004,23.44925708953541,22.922812171124363,589716000.0,-0.0161025878671445,0.0542880678059323,22.16858104282141,21.831440242895976,-0.4725235801591241,63.63883295183892,0.6891203742235312,0.721113346301598,-0.0319929720780667,0.1549214052760223,0.9378639085537116,0.1312158305310626,0.0047815966140323,-0.0348725941112943,0.0,0.0,0.0887412856603651,0.013712973550054,0,2023-02-24,33.0,3.5263605246161616,2.670506112667062,0.19081408958996293,0.25226235661931024,0.5569235402088998,-0.0614482670293473
23.26145362854004,23.44925708953541,22.922812171124363,589716000.0,0.0,0.0542880678059323,22.441799189251064,22.022108694315182,0.0,63.63883295183892,0.7454189014883781,0.725974457338954,0.019444444149424,0.1621839038830133,0.8854203470439879,-0.0161025878671445,0.1312158305310626,0.0047815966140323,-0.0348725941112943,0.0,0.0887412856603651,0.0229309569260522,0,2023-02-25,12.0,2.5649493574615367,2.2295066294963957,0.09754230330678014,0.2731014933102584,0.6293561909332132,-0.17555919000347825
23.26145362854004,23.44925708953541,22.922812171124363,589716000.0,0.0,0.0542880678059323,22.646712799073303,22.187354685545166,0.0,63.63883295183892,0.7810326319495751,0.7369860922610783,0.0440465396884968,0.1664132303474769,0.8437822629817332,0.0,-0.0161025878671445,0.1312158305310626,0.0047815966140323,-0.0348725941112943,0.1273782894305046,0.0583584073346139,1,2023-02-26,1.0,0.6931471805599453,0.0,0.0653757750988006,0.0515769757330417,0.8830472230911255,0.013798799365758903
23.476228713989254,23.854828947358715,23.42927927461704,452994000.0,0.0091907251925954,0.0540559994583416,22.854091777802296,22.35920455600438,-0.2318438027796431,62.06169167713307,0.8171675258003113,0.7530223789689249,0.0641451468313863,0.1763291297030225,0.8616213032784623,0.0,0.0,-0.0161025878671445,0.1312158305310626,0.0047815966140323,0.1323600197394496,0.0987937314960329,0,2023-02-27,2.0,1.0986122886681098,6.631258273793867,0.03932707762272597,0.18146746651873003,0.7792054243794938,-0.14214038889600406
23.1915283203125,23.799887550278743,23.18153863236945,455963000.0,-0.0122013117301524,0.0512857818904727,22.938450913429847,22.47018105791213,0.0065541706954175,51.97486402378775,0.8134547471188363,0.7651088525989073,0.0483458945199289,0.1816845623563732,0.7667529134383925,0.0091907251925954,0.0,0.0,-0.0161025878671445,0.1312158305310626,-0.018931675863967,0.085468464830009,0,2023-02-28,5.0,1.791759469228055,2.9767558192799513,0.29601915048959265,0.22082833988932055,0.4831525354587226,0.0751908106002721
22.674072265625,23.23148459935281,22.484272025585437,460026000.0,-0.0225649726298788,0.0533449805401771,22.872356251478635,22.49736655227385,0.0089108107456088,49.493392128591374,0.7599971896911129,0.7640865200173484,-0.0040893303262355,0.1827790476856163,0.6325990056710206,-0.0122013117301524,0.0091907251925954,0.0,0.0,-0.0161025878671445,-0.0252512750189595,0.0612491800316596,1,2023-03-01,12.0,2.5649493574615367,4.008193553354773,0.2802527933200471,0.09715104040245261,0.6225961628145456,0.1831017529175945
23.28942108154297,23.35535148775119,22.408350934456944,389415000.0,0.0267771458848535,0.0167685634873755,22.97662245899472,22.60297382284306,-0.1534934981935803,60.30149804536293,0.7585412061991299,0.7629774572537048,-0.0044362510545749,0.1834124120571356,0.757298670007257,-0.0225649726298788,-0.0122013117301524,0.0091907251925954,0.0,0.0,0.0012023089119681,0.0900502890109422,1,2023-03-02,7.0,2.0794415416798357,2.333103151082955,0.2363881026521167,0.029383802096481094,0.7342281194659572,0.20700430055563562
23.86482048034668,23.87481016946868,23.10562125511998,412393000.0,0.0244062014977028,0.0180809190840136,23.19867196433271,22.771220043843545,0.0590064584055569,69.7630253413846,0.7946569409040087,0.7693133539837657,0.025343586920243,0.1882492908128636,0.8547167063656621,0.0267771458848535,-0.0225649726298788,-0.0122013117301524,0.0091907251925954,0.0,0.0259384843888843,0.1566207735912648,0,2023-03-03,6.0,1.9459101490553132,3.2718251649507804,0.13964243880800406,0.26813389939977805,0.5922236453601518,-0.128491460591774
23.86482048034668,23.87481016946868,23.10562125511998,412393000.0,0.0,0.0180809190840136,23.365209093336205,22.9170334353773,0.0,69.7630253413846,0.8138968248932557,0.7782300481656637,0.035666776727592,0.1898626976524872,0.8189644038773679,0.0244062014977028,0.0267771458848535,-0.0225649726298788,-0.0122013117301524,0.0091907251925954,0.0165525634926986,0.1511034808627802,0,2023-03-04,3.0,1.3862943611198906,1.3170812395271425,0.022583213142727633,0.7968704725455438,0.1805462269962784,-0.7742872594028162
23.86482048034668,23.87481016946868,23.10562125511998,412393000.0,0.0,0.0180809190840136,23.490111940088823,23.043405041373216,0.0,69.7630253413846,0.8196956305840537,0.7865231646493417,0.033172465934712,0.1936883197717102,0.7872352388813195,0.0,0.0244062014977028,0.0267771458848535,-0.0225649726298788,-0.0122013117301524,0.0290318150117114,0.0095505182362001,0,2023-03-05,7.0,2.0794415416798357,1.4958673585886753,0.34273177436551056,0.039083706470961384,0.6181844937791351,0.3036480678945492
23.52917098999023,24.222437736222577,23.462240277861365,437429000.0,-0.0141644580570891,0.0190203189299583,23.499876702564176,23.10817383452215,0.0607090809009851,66.24658501053784,0.7881221357483064,0.7868429588691347,0.0012791768791716,0.1964650303472341,0.7007896899864432,0.0,0.0,0.0244062014977028,0.0267771458848535,-0.0225649726298788,0.0377126223444919,0.0115090555270254,0,2023-03-06,3.0,1.3862943611198906,4.504515212057952,0.05639602913172519,0.5072215367980701,0.43638243331319715,-0.45082550766634494
23.26740074157715,24.1036602677774,23.220441431129053,515154000.0,-0.0111876989738983,0.0189126441743614,23.44175771231742,23.129404088796157,0.1776859787531233,71.28270578760643,0.733521661165998,0.7761786993285074,-0.0426570381625093,0.1977915438348105,0.6349294167825528,-0.0141644580570891,0.0,0.0,0.0244062014977028,0.0267771458848535,-0.0009455082583942,0.0002556638605686,1,2023-03-07,2.0,1.0986122886681098,4.383508810655889,0.06331350844284481,0.14025123937379752,0.7964352695916642,-0.07693773093095271
24.15961265563965,24.178596857110083,23.403282221510484,513573000.0,0.0376290693727506,0.0203269386847932,23.621221448147978,23.266765231041955,-0.0030689851966596,74.54572425547678,0.7535578903368005,0.7716545375301661,-0.0180966471933655,0.2030806188178933,0.8001396072718739,-0.0111876989738983,-0.0141644580570891,0.0,0.0,0.0244062014977028,0.0123525829802799,0.0386114746499606,0,2023-03-08,1.0,0.6931471805599453,4.68213122712422,0.8978635668754577,0.0114600313827395,0.0906764417886734,0.8864035354927181
23.41527366638184,24.432372980969312,23.36231913782545,501257000.0,-0.0312938102532035,0.0234966641120206,23.56973450270644,23.28656635575394,-0.02398101146283,47.678253958956354,0.7012907671499171,0.7575817834541163,-0.0562910163041991,0.1949852461942215,0.6213328333935803,0.0376290693727506,-0.0111876989738983,-0.0141644580570891,0.0,0.0,-0.0188372174990822,-0.0025964582450629,0,2023-03-09,9.0,2.302585092994046,2.350853057898772,0.1066861484213916,0.22720187904770825,0.6661119997436186,-0.12051573062631665
22.94468879699707,23.60610394776299,22.70589985999217,474866000.0,-0.0203020454634268,0.0220316619343227,23.4134730762791,23.240982681253023,-0.0526496388080366,46.77575670976375,0.6148092905465958,0.7290272848726123,-0.1142179943260164,0.1841975009999847,0.4980160034568788,-0.0312938102532035,0.0376290693727506,-0.0111876989738983,-0.0141644580570891,0.0,-0.0385559859588033,-0.0106435211990419,0,2023-03-10,5.0,1.791759469228055,3.7028545879552075,0.46569023922775943,0.01742593137634151,0.5168838479511271,0.4482643078514179
22.94468879699707,23.60610394776299,22.70589985999217,474866000.0,0.0,0.0220316619343227,23.296277006458592,23.2014768300189,0.0,46.77575670976375,0.5400467742272248,0.6912311827435348,-0.15118440851631,0.1717480411395898,0.4779180346288225,-0.0203020454634268,-0.0312938102532035,0.0376290693727506,-0.0111876989738983,-0.0141644580570891,-0.0248407473957248,0.0119350652234773,0,2023-03-11,3.0,1.3862943611198906,2.779355508506267,0.029338186889937553,0.20092070350994806,0.7697410999726686,-0.1715825166200105
22.94468879699707,23.60610394776299,22.70589985999217,474866000.0,0.0,0.0220316619343227,23.20837995409321,23.16723842561599,0.0,46.77575670976375,0.475317773985811,0.6480485009919901,-0.172730727006179,0.1572657558344728,0.454241766132179,0.0,-0.0203020454634268,-0.0312938102532035,0.0376290693727506,-0.0111876989738983,-0.0138697032884904,-0.0148020976278839,1,2023-03-12,5.0,1.791759469228055,2.9310400239881758,0.05967958091796042,0.27589262845398466,0.6644277563836346,-0.21621304753602424
22.94568634033203,23.2773934204727,22.27727934666776,421890000.0,4.347505689944258e-05,0.0217658316528609,23.14270655065292,23.13769814757813,-0.1115598926855154,44.3540795138318,0.4192670191454866,0.6022922046226894,-0.1830251854772028,0.1205356808193769,0.3996524085388971,0.0,0.0,-0.0203020454634268,-0.0312938102532035,0.0376290693727506,-0.0502461000766188,-0.0385141862169706,1,2023-03-13,2.0,1.0986122886681098,2.0126758453675744,0.1430800387027622,0.11647121736968145,0.7404487854236499,0.026608821333080748
24.04171562194824,24.197577774691457,23.439248344671885,474910000.0,0.046660512613176,0.0283769986689905,23.36745881847675,23.25823381082748,0.1256725686790396,57.71524709083451,0.4580071736400271,0.573435198426157,-0.1154280247861299,0.0701954192100108,0.8956185151367538,4.347505689944258e-05,0.0,0.0,-0.0203020454634268,-0.0312938102532035,0.0267535611367126,0.0074123809876232,1,2023-03-14,5.0,1.791759469228055,1.339406849533297,0.050569689889187426,0.058183590732518234,0.8912466995589192,-0.007613900843330808
24.20656967163086,24.26451702592668,23.339337433810197,524486000.0,0.0068335979282738,0.0245453335069136,23.57723653176528,23.38467859226793,0.1043903055315744,64.8578878266176,0.4962904419663871,0.558006247134203,-0.0617158051678158,0.0762595713903353,0.9401318828000652,0.046660512613176,4.347505689944258e-05,0.0,0.0,-0.0203020454634268,0.0549966437025259,0.0143202079213466,1,2023-03-15,1.0,0.6931471805599453,2.8903717578961645,0.7436307668685913,0.11850949376821511,0.1378597617149353,0.6251212731003762
25.51840591430664,25.56536331504733,23.87286164208611,583253000.0,0.0527759219981184,0.026970728863212,24.062528877400617,23.66917556853976,0.1120468420510747,69.03920156662898,0.6252766294786518,0.5714603236030928,0.0538163058755589,0.1096655851934235,1.2691734958080405,0.0068335979282738,0.046660512613176,4.347505689944258e-05,0.0,0.0,0.1121704957552709,0.084543349409236,1,2023-03-16,11.0,2.4849066497880004,1.9027111396230376,0.06725682400366498,0.05952818933233097,0.873215000522141,0.007728634671334007
25.702247619628903,26.375651279421103,25.645296921004547,848547000.0,0.0071784517411243,0.023168480059444,24.47245856295769,23.940251842018316,0.4548523539527442,66.81974256570385,0.7338739593845816,0.6039430507593906,0.1299309086251909,0.1357300176201397,1.137510299723798,0.0527759219981184,0.0068335979282738,0.046660512613176,4.347505689944258e-05,0.0,0.1201828818437815,0.104646277643762,0,2023-03-17,4.0,1.6094379124341003,2.709424196228157,0.09527536139944368,0.15860101784921077,0.7461236122375583,-0.06332565644976709
25.702247619628903,26.375651279421103,25.645296921004547,848547000.0,0.0,0.023168480059444,24.779905827125496,24.175184612366397,0.0,66.81974256570385,0.8105941015116258,0.6452732609098376,0.1653208406017882,0.154271722054319,1.0247401960964435,0.0071784517411243,0.0527759219981184,0.0068335979282738,0.046660512613176,4.347505689944258e-05,0.1201341828878581,0.0638518086352331,0,2023-03-18,6.0,1.9459101490553132,2.2455972451100163,0.09894076508047214,0.2196287694259316,0.6814304458435008,-0.12068800434545945
25.702247619628903,26.375651279421103,25.645296921004547,848547000.0,0.0,0.023168480059444,25.010491275251347,24.37879301333473,0.0,66.81974256570385,0.8614649353546184,0.6885115957987938,0.1729533395558246,0.1689566051526535,0.9493240078529804,0.0,0.0071784517411243,0.0527759219981184,0.0068335979282738,0.046660512613176,0.0690687812713635,0.0976701782704578,1,2023-03-19,3.0,1.3862943611198906,2.8487878562386726,0.09213829315931069,0.13188415476273074,0.7759775735452683,-0.03974586160342006
25.877092361450195,26.000983238469185,25.107772930663263,432747000.0,0.0067796684330261,0.0225156273213605,25.227141546801057,24.57856625975013,-0.4900141064667013,72.14472984043752,0.9054514662275536,0.7318995698845459,0.1735518963430078,0.1810022795764087,0.9264066455110824,0.0,0.0,0.0071784517411243,0.0527759219981184,0.0068335979282738,0.0690111284862109,0.1278031526336025,1,2023-03-20,2.0,1.0986122886681098,1.8688348091416842,0.0254842713475227,0.0553741045296192,0.9191415905952454,-0.029889833182096502
26.175827026367188,26.368657115310835,25.35855164040249,547408000.0,0.0114782397713926,0.0183846978118338,25.46431291669259,24.79153436196573,0.264960820063455,77.24126078634612,0.953425998258389,0.7762048555593145,0.1772211426990745,0.1882984930536683,0.93405504424455,0.0067796684330261,0.0,0.0,0.0071784517411243,0.0527759219981184,0.0257626246039126,0.1408229267329612,1,2023-03-21,8.0,2.1972245773362196,2.767021437440887,0.18245280108171727,0.2211482613263794,0.5963989528286762,-0.03869546024466214
26.4445915222168,27.56460037448036,26.21379492429549,797295000.0,0.0102153057860619,0.0182657779582596,25.709382568073643,25.011941983332544,0.456491319089235,74.23184422517332,1.0015875315895464,0.8212813907653609,0.1803061408241855,0.2007093154015205,0.9272855447860014,0.0114782397713926,0.0067796684330261,0.0,0.0,0.0071784517411243,0.0288824508102925,0.1525365088271661,1,2023-03-22,5.0,1.791759469228055,2.0184079318161436,0.04059008462328375,0.21220899981880445,0.7472009183132079,-0.1716189151955207
27.16694641113281,27.47467451370751,26.666390152210152,564889000.0,0.0269493707837127,0.0091289258544712,26.07377352883844,25.29927590703925,-0.2914931110818455,89.97228500557429,1.085530575547832,0.8741312277218551,0.2113993478259768,0.222957041393738,0.983986337171795,0.0102153057860619,0.0114782397713926,0.0067796684330261,0.0,0.0,0.0569871870032607,0.183967479036833,0,2023-03-23,17.0,2.8903717578961645,2.3789406196555842,0.123266871124571,0.32396606399516337,0.5527670558283179,-0.20069919287059235
26.75531578063965,27.14297311837725,26.331690982855743,454920000.0,-0.0152678544967681,0.01298139140192,26.244159091788735,25.493414556852635,-0.1946736438486145,91.1169495515935,1.106090567378395,0.9205230956531631,0.1855674717252318,0.2342333897026752,0.8617244467091681,0.0269493707837127,0.0102153057860619,0.0114782397713926,0.0067796684330261,0.0,0.0409718315921332,0.1128704873380208,0,2023-03-24,13.0,2.6390573296152584,2.3641410019142524,0.24405284783314304,0.22748236379245426,0.5284647973615834,0.016570484040688782
26.75531578063965,27.14297311837725,26.331690982855743,454920000.0,0.0,0.01298139140192,26.371948264001468,25.66166805335757,0.0,91.1169495515935,1.1095938023752367,0.958337236997578,0.1512565653776588,0.2423933534812103,0.8234788151528695,-0.0152678544967681,0.0269493707837127,0.0102153057860619,0.0114782397713926,0.0067796684330261,0.0339382573174167,0.1052915032399579,0,2023-03-25,10.0,2.3978952727983707,2.2353602434609203,0.4419990944604497,0.321885470847431,0.23611543004529958,0.1201136236130187
26.75531578063965,27.14297311837725,26.331690982855743,454920000.0,0.0,0.01298139140192,26.46779014316101,25.80748775032852,0.0,91.1169495515935,1.099693558542274,0.9866085013065172,0.1130850572357569,0.2453370875629462,0.7912030492460923,0.0,-0.0152678544967681,0.0269493707837127,0.0102153057860619,0.0114782397713926,0.02213831691693,0.0484712826689361,0,2023-03-26,1.0,0.6931471805599453,1.791759469228055,0.0292359441518783,0.1669208705425262,0.8038432002067566,-0.1376849263906479
26.50753593444824,26.97612101034624,26.341682380127203,361026000.0,-0.0093041069210917,0.0141378443144864,26.47772659098282,25.900827508211147,-0.2063967290952255,86.48934669388173,1.0596389232670838,1.0012145856986303,0.0584243375684532,0.2408171062176593,0.7270514205550985,0.0,0.0,-0.0152678544967681,0.0269493707837127,0.0102153057860619,0.0023802376443804,0.0313314355513536,0,2023-03-27,3.0,1.3862943611198906,2.4508137000811945,0.06232550804071005,0.10305691323817479,0.8346175877897881,-0.04073140519746474
26.38664436340332,26.48955391643321,25.82714012876148,356104000.0,-0.0045710806317182,0.0139164006857415,26.454956034087942,25.96560308890344,-0.0136333671259133,80.02059948506171,1.0065376572186402,1.0022792000026326,0.0042584572160075,0.2407855541986835,0.6878725263984269,-0.0093041069210917,0.0,0.0,-0.0152678544967681,0.0269493707837127,-0.0287224789978505,0.0266278947235625,1,2023-03-28,2.0,1.0986122886681098,2.644133515347268,0.14554411526721675,0.3832344141106556,0.47122144449251546,-0.23769029884343887
26.960134506225582,27.05405123507949,26.57347763940073,393694000.0,0.0215012883165594,0.0156837903664893,26.581250652122357,26.098207277879727,0.1055590501651202,81.91303909557901,0.9992120880073188,1.0016657776035698,-0.002453689596251,0.2362779611850104,0.7560900659030684,-0.0045710806317182,-0.0093041069210917,0.0,0.0,-0.0152678544967681,0.0076552535303711,0.0489407348809458,1,2023-03-29,1.0,0.6931471805599453,0.0,0.0955844819545745,0.0663844943046569,0.838030993938446,0.029199987649917603
27.35877990722656,27.474678436555607,27.078028306822056,364516000.0,0.0146782225909056,0.0129823665964174,26.775632965898406,26.266283628459306,-0.0741133977149766,77.05653998784135,1.0138864223175332,1.0041099065463626,0.0097765157711706,0.2248739147375979,0.7976197244034234,0.0215012883165594,-0.0045710806317182,-0.0093041069210917,0.0,0.0,0.0225549244693865,0.0572586566172201,1,2023-03-30,3.0,1.3862943611198906,2.566614135798995,0.05022797881089914,0.03531538584929281,0.9144566149937173,0.014912592961606332
27.75243186950684,27.809380660660256,27.08102536446216,433933000.0,0.0142859735640206,0.0115328630507528,27.019832691800516,26.46443672726564,0.1904360851101185,78.38970404517897,1.0452315824026783,1.0123342417176258,0.0328973406850525,0.2112501216382943,0.8419017271862917,0.0146782225909056,0.0215012883165594,-0.0045710806317182,-0.0093041069210917,0.0,0.0372679618899773,0.0602313287580758,0,2023-03-31,6.0,1.9459101490553132,1.9732245609563233,0.26953972652409514,0.2566680943679842,0.47379218122649147,0.012871632156110924
27.75243186950684,27.809380660660256,27.08102536446216,433933000.0,0.0,0.0115328630507528,27.202982486227093,26.636169412897804,0.0,78.38970404517897,1.057878285234029,1.0214430504209064,0.0364352348131225,0.1898468136658084,0.8284761802036642,0.0142859735640206,0.0146782225909056,0.0215012883165594,-0.0045710806317182,-0.0093041069210917,0.0469638497571844,0.0494558725246818,0,2023-04-01,4.0,1.6094379124341003,1.9523853311633523,0.38825480965077797,0.014382076143942695,0.5973631346171167,0.37387273350683525
27.75243186950684,27.809380660660256,27.08102536446216,433933000.0,0.0,0.0115328630507528,27.34034483204703,26.785004407112343,0.0,78.38970404517897,1.0557310776490851,1.0283006558665422,0.0274304217825429,0.1580162602938518,0.8333546300674525,0.0,0.0142859735640206,0.0146782225909056,0.0215012883165594,-0.0045710806317182,0.0517605606568822,0.0215513900426473,1,2023-04-02,3.0,1.3862943611198906,4.368859821416174,0.19482383137403872,0.17914535641978466,0.6260308580825849,0.015678474954254062
27.940265655517575,27.97523454624746,27.31182228340709,398716000.0,0.0067453905651996,0.0095950510032853,27.490325037914666,26.93903924023304,-0.0811576902425028,78.46716384994392,1.0570015608737189,1.0340408368679777,0.022960724005741,0.1422222404035482,0.8657778366874811,0.0,0.0,0.0142859735640206,0.0146782225909056,0.0215012883165594,0.0363548315779234,0.0442883905610775,0,2023-04-03,1.0,0.6931471805599453,1.791759469228055,0.1344789564609527,0.0884999632835388,0.7770211100578308,0.0459789931774139
27.42871856689453,27.975235662091706,27.28284778669967,368592000.0,-0.018478274479,0.0132569179728478,27.474923420159637,27.00432981712124,-0.0755525236007584,66.328192503224,1.0051441767193978,1.0282615048382615,-0.0231173281188639,0.1172147398511373,0.7263677877528005,0.0067453905651996,0.0,0.0,0.0142859735640206,0.0146782225909056,0.0025563515589923,0.0251689343447092,0,2023-04-04,4.0,1.6094379124341003,3.4247217125069347,0.3861833351934407,0.05179919977469765,0.5620174687562302,0.33438413541874307
26.85722923278809,26.974124441531284,26.37165894915069,515015000.0,-0.0210555574921954,0.0144206646718705,27.32049987331675,26.984716405876817,0.3972495333593784,54.98437235766589,0.9074716447983278,1.004103532830275,-0.0966318880319472,0.1090592372229245,0.5241470597203219,-0.018478274479,0.0067453905651996,0.0,0.0,0.0142859735640206,-0.0322567276600491,0.0038090917327981,1,2023-04-05,5.0,1.791759469228055,2.8085116954608393,0.15020412411653192,0.07531786806978995,0.774477981823518,0.07488625604674197
27.013084411621097,27.05604564313856,26.40362339232595,397654000.0,0.0057863265737768,0.0131956685018207,27.243646007892835,26.98849880664272,-0.2278787996466122,47.846767856227686,0.8330389158804792,0.969890609440316,-0.1368516935598367,0.102088125550456,0.5586785003207707,-0.0210555574921954,-0.018478274479,0.0067453905651996,0.0,0.0,-0.0266408169692006,0.0190718774624336,0,2023-04-06,5.0,1.791759469228055,2.4718960384318973,0.11655415654732043,0.2477131835112107,0.6357326643465094,-0.13115902696389026
27.013084411621097,27.05604564313856,26.40362339232595,397654000.0,0.0,0.0112517096917321,27.1860056088249,26.991776887306504,0.0,54.077089559308085,0.7652293542966362,0.92895835841158,-0.1637290041149438,0.0936190559484454,0.5378224404174561,0.0057863265737768,-0.0210555574921954,-0.018478274479,0.0067453905651996,0.0,-0.0266408169692006,0.0237408000649983,0,2023-04-07,7.0,2.0794415416798357,1.4442179479924857,0.20162791140707023,0.22726920178864016,0.5711028845781035,-0.025641290381569926
27.013084411621097,27.05604564313856,26.40362339232595,397654000.0,0.0,0.0112517096917321,27.142775309523948,26.99461789054845,0.0,54.077089559308085,0.7033816424654553,0.8838430152223551,-0.1804613727568997,0.0832123587513262,0.5132591322345014,0.0,0.0057863265737768,-0.0210555574921954,-0.018478274479,0.0067453905651996,-0.0331844104607998,0.0019640074638085,0,2023-04-08,1.0,0.6931471805599453,2.4849066497880004,0.198670282959938,0.0094910422340035,0.7918387055397034,0.1891792407259345
27.013084411621097,27.05604564313856,26.40362339232595,397654000.0,0.0,0.0112517096917321,27.110352585048236,26.997080093358136,0.0,54.077089559308085,0.6469097127690553,0.8364563547316952,-0.1895466419626399,0.0735700240046337,0.4864134582808445,0.0,0.0,0.0057863265737768,-0.0210555574921954,-0.018478274479,-0.0151532472893244,-0.0126356327576638,1,2023-04-09,1.0,0.6931471805599453,5.429345628954441,0.0895398631691932,0.22657592594623557,0.6838842034339905,-0.1370360627770424
27.55460357666016,27.59656623973612,26.645408732025025,395279000.0,0.0198482641530848,0.0140512151243684,27.221415332951217,27.071416557798408,-0.0059725288818922,65.15326754537298,0.6384912429784819,0.7968633323810526,-0.1583720894025706,0.0687276852149056,0.7391401069587767,0.0,0.0,0.0,0.0057863265737768,-0.0210555574921954,0.0259659824856652,-0.0071283227998496,0,2023-04-10,1.0,0.6931471805599453,5.568344503761097,0.0385127551853656,0.0217329300940036,0.9397543072700499,0.016779825091362
27.144969940185547,27.76542096210328,27.102006799330116,314378000.0,-0.0149778606333982,0.0134142960500027,27.2023039847598,27.081223675450023,-0.2046680951935215,60.12811557608448,0.5919419951562261,0.7558790649360874,-0.1639370697798612,0.0646540762778896,0.5005125461716284,0.0198482641530848,0.0,0.0,0.0,0.0057863265737768,0.0048822832133792,-0.0218886017693008,0,2023-04-11,3.0,1.3862943611198906,1.3040076684760487,0.0248822290450334,0.477354884147644,0.4977628886699676,-0.4524726551026106
26.47156524658203,27.44370417314176,26.42460593521108,446259000.0,-0.0251206126350391,0.0144506653956033,27.01961930021536,26.999935884934292,0.4194981837151454,43.64434682799186,0.4950071160888676,0.7037046751666435,-0.2086975590777758,0.068416396343824,0.1561551681832683,-0.0149778606333982,0.0198482641530848,0.0,0.0,0.0,-0.0200465506562479,-0.0461533111385515,0,2023-04-12,3.0,1.3862943611198906,1.3040076684760487,0.0248822290450334,0.477354884147644,0.4977628886699676,-0.4524726551026106
26.43959617614746,26.86322098847152,26.305715810309646,353615000.0,-0.0012084056923028,0.014053549888927,26.874613519198384,26.92522392376272,-0.2076014153215957,36.78157703745517,0.410869639792434,0.6451376680918016,-0.2342680282993675,0.0710725902273874,0.1604086650501415,-0.0251206126350391,-0.0149778606333982,0.0198482641530848,0.0,0.0,-0.0212300167850109,-0.0537099216547273,1,2023-04-13,3.0,1.3862943611198906,1.3040076684760487,0.0248822290450334,0.477354884147644,0.4977628886699676,-0.4524726551026106
26.73433303833008,26.85922248082228,26.196808771126577,395660000.0,0.0110858793038872,0.0150461596550955,26.839543398981306,26.899771805705036,0.1189004991304101,34.93039961288261,0.3637794620158665,0.5888660268766146,-0.225086564860748,0.0711931680582832,0.3143231550498965,-0.0012084056923028,-0.0251206126350391,-0.0149778606333982,0.0198482641530848,0.0,-0.0103191242082335,-0.0253160032566214,0,2023-04-14,4.0,1.6094379124341003,0.8502993454155389,0.1453441381454467,0.1359234750270843,0.7187324166297913,0.009420663118362399
26.73433303833008,26.85922248082228,26.196808771126577,395660000.0,0.0,0.0150461596550955,26.8132408088185,26.87771330338837,0.0,34.93039961288261,0.3227398131935892,0.5356407841400096,-0.2129009709464203,0.0713132063577503,0.3151715565437391,0.0110858793038872,-0.0012084056923028,-0.0251206126350391,-0.0149778606333982,0.0198482641530848,-0.0297689108844548,-0.0045759074174327,0,2023-04-15,2.0,1.0986122886681098,4.5069193758041965,0.030362524233077847,0.3545111576938408,0.615126297727823,-0.32414863346076295
26.73433303833008,26.85922248082228,26.196808771126577,395660000.0,0.0,0.0150461596550955,26.793513866196392,26.85859593471393,0.0,34.93039961288261,0.2869082955898818,0.485894286429984,-0.1989859908401022,0.0695249399651587,0.3044788478382744,0.0,0.0110858793038872,-0.0012084056923028,-0.0251206126350391,-0.0149778606333982,-0.0151275504360592,-0.0103191242082335,1,2023-04-16,1.0,0.6931471805599453,7.090076835776092,0.0171983335167169,0.9479095339775084,0.0348921492695808,-0.9307112004607916
26.97811508178711,26.98211125376257,26.40961817014211,321471000.0,0.0090773638486861,0.012898786925149,26.83966417009407,26.87453182099036,-0.1875069504119698,35.99056195053022,0.2750125596736943,0.4437179410787261,-0.1687053814050318,0.0650717350847325,0.4126529289256374,0.0,0.0,0.0110858793038872,-0.0012084056923028,-0.0251206126350391,0.0191356208250845,-0.0012945330233722,1,2023-04-17,1.0,0.6931471805599453,1.3862943611198906,0.1380519866943359,0.0639324486255645,0.7980155944824219,0.0741195380687714
27.64253234863281,28.085141371824708,27.33280703247697,604812000.0,0.0243296288810244,0.0151800268633043,27.04038121472876,26.976931891342684,0.8813889899866552,52.98055856890648,0.3155604396054166,0.4180864407840642,-0.1025260011786476,0.0667856248574205,0.7624012017748388,0.0090773638486861,0.0,0.0,0.0110858793038872,-0.0012084056923028,0.0454975244126678,0.0233015944206995,1,2023-04-18,4.0,1.6094379124341003,1.9022176572978147,0.6294309461832327,0.020198817213192933,0.35037022173919846,0.6092321289700398
27.90629196166992,27.975231168116007,27.207910892432235,358660000.0,0.0094965680576722,0.0090452044953119,27.25685890146405,27.10084656738632,-0.4069892793132411,65.99630870746012,0.3647732441291786,0.4074238014530871,-0.0426505573239084,0.0708199251438131,0.8699460017081447,0.0243296288810244,0.0090773638486861,0.0,0.0,0.0110858793038872,0.0438372231564392,0.0330657371975104,0,2023-04-19,6.0,1.9459101490553132,3.247109958861946,0.19184319668572264,0.07429920358628041,0.7338575679578733,0.11754399309944223
27.08002662658692,28.00520817494305,26.976118523026464,427713000.0,-0.0300557504411816,0.0168766475365196,27.212650832744764,27.09807057527973,0.1925305303072548,50.84747972756631,0.3332604204402685,0.3925911252505234,-0.0593307048102549,0.0682689456631131,0.4567580739912157,0.0094965680576722,0.0243296288810244,0.0090773638486861,0.0,0.0,0.0129306980563608,-0.0172231456262077,1,2023-04-20,3.0,1.3862943611198906,4.986010637081559,0.1717461763241634,0.6435622855888385,0.18469151347847718,-0.47181610926467515
27.09501266479492,27.15895713906588,26.698364452495547,345103000.0,0.0005532451396906,0.0165454572105521,27.1832412907573,27.09766285388176,-0.1931435331635933,51.033280314992446,0.3059685140972874,0.3752666030198762,-0.0692980889225888,0.0651976344360322,0.4817248528909,-0.0300557504411816,0.0094965680576722,0.0243296288810244,0.0090773638486861,0.0,0.0134912520895031,-0.0018403879429856,0,2023-04-21,6.0,1.9459101490553132,2.05353090877178,0.07450487110870453,0.47541972541019645,0.45007541875886503,-0.40091485430149193
27.09501266479492,27.15895713906588,26.698364452495547,345103000.0,0.0,0.0165454572105521,27.161184134266705,27.097309495336848,0.0,51.033280314992446,0.2810991457191996,0.3564331115597409,-0.0753339658405413,0.0615567367704011,0.5003290707374651,0.0005532451396906,-0.0300557504411816,0.0094965680576722,0.0243296288810244,0.0090773638486861,0.0043330522778712,0.0235515887483603,0,2023-04-22,2.0,1.0986122886681098,2.171902710926842,0.06740909711737757,0.4977642771989356,0.43482662711587,-0.43035518008155804
27.09501266479492,27.15895713906588,26.698364452495547,345103000.0,0.0,0.0165454572105521,27.14464126689876,27.097003251264592,0.0,51.033280314992446,0.2584111887766021,0.3368287270031131,-0.0784175382265111,0.0541921417900869,0.5292025926220615,0.0,0.0005532451396906,-0.0300557504411816,0.0094965680576722,0.0243296288810244,-0.0198071463544826,0.0247892019333768,0,2023-04-23,1.0,0.6931471805599453,0.0,0.0648910552263259,0.0375832393765449,0.8975256681442261,0.02730781584978101
27.018081665039062,27.341794498427166,26.647409518060197,339282000.0,-0.0028433432808939,0.0162969393881926,27.113001366433835,27.08648037310119,-0.0168674279852681,42.33515064187105,0.2315539212339104,0.3157737658492726,-0.0842198446153622,0.0526260338687714,0.4904485052426945,0.0,0.0,0.0005532451396906,-0.0300557504411816,0.0094965680576722,-0.0318283166337842,0.0106136415036859,0,2023-04-24,1.0,0.6931471805599453,0.0,0.0648910552263259,0.0375832393765449,0.8975256681442261,0.02730781584978101
26.217792510986328,27.222903354703707,26.20180781952332,378527000.0,-0.0300680494055286,0.0158428553094855,26.88919915257196,26.97065532481921,0.1156707399744165,38.08420974191132,0.1440323811408852,0.2814254889075951,-0.1373931077667099,0.0590125307195353,0.0092606952532989,-0.0028433432808939,0.0,0.0,0.0005532451396906,-0.0300557504411816,-0.031840224069575,-0.0193212423367048,1,2023-04-25,3.0,1.3862943611198906,2.5231372641502374,0.07978750366116383,0.07085161733778912,0.84936087227862,0.008935886323374706
26.93215751647949,27.30582727234872,26.68138006807285,406337000.0,0.026882735586217,0.0198248831632945,26.89993874354884,26.965522283707248,0.0734689995693833,55.85771470460242,0.1308063614932031,0.2513016634247167,-0.1204953019315136,0.0590610570060303,0.4601768915317721,-0.0300680494055286,-0.0028433432808939,0.0,0.0,0.0005532451396906,-0.0060105212103123,0.0073996414223531,1,2023-04-26,4.0,1.6094379124341003,1.6955480140016979,0.17676220725586922,0.42939365202190233,0.39384414075756335,-0.2526314447660331
27.20192146301269,27.470684568616697,26.601453148375764,377161000.0,0.009966593489838,0.0169882861820655,26.975434423414804,26.997042174281308,-0.0718024693788653,59.14213380959526,0.1404730556636977,0.229135941872513,-0.0886628862088152,0.0594347552386906,0.6226314152188499,0.026882735586217,-0.0300680494055286,-0.0028433432808939,0.0,0.0,0.0039457002489864,0.0082958494523095,1,2023-04-27,5.0,1.791759469228055,2.8087694005675354,0.16211423186854393,0.7384226877999985,0.09946310637439794,-0.5763084559314546
27.72445678710937,27.733447698531908,27.047055069952613,292216000.0,0.0190273273244859,0.0183524862332367,27.162690014338445,27.09403078932505,-0.2252221199965002,61.25884032925238,0.1881295734669414,0.2209346681913987,-0.0328050947244572,0.0639528368884696,0.8954111381552369,0.009966593489838,0.026882735586217,-0.0300680494055286,-0.0028433432808939,0.0,0.0232309956855012,0.0029637095995156,0,2023-04-28,4.0,1.6094379124341003,1.8342342284269044,0.28340781308793017,0.13606506766839072,0.5805270663661501,0.14734274541953946
27.72445678710937,27.733447698531908,27.047055069952613,292216000.0,0.0,0.0183524862332367,27.30313170753118,27.178087589029627,0.0,61.25884032925238,0.2233233743274105,0.2214124094186011,0.0019109649088094,0.0677227670614644,0.8535118042700083,0.0190273273244859,0.009966593489838,0.026882735586217,-0.0300680494055286,-0.0028433432808939,0.0261445327920653,-0.0065159203096671,0,2023-04-29,4.0,1.6094379124341003,1.5434465259754842,0.4820410873911121,0.022788686350130812,0.495170235494097,0.4592524010409813
27.72445678710937,27.733447698531908,27.047055069952613,292216000.0,0.0,0.0183524862332367,27.408462977425728,27.25093681544026,0.0,61.25884032925238,0.2483518693112252,0.2268003013971259,0.0215515679140992,0.0692929045548403,0.8408679691178594,0.0,0.0190273273244859,0.009966593489838,0.026882735586217,-0.0300680494055286,0.0574672438761461,0.0237972498848935,1,2023-04-30,1.0,0.6931471805599453,2.833213344056216,0.2585605978965759,0.0174454078078269,0.7239940166473389,0.24111519008874904
28.884428024291992,29.032297830068675,27.755428384065603,570329000.0,0.0409876870584835,0.0228427216726758,27.77745423914229,27.46873564328716,0.9517377556328196,67.93912174753049,0.3576641863608465,0.25297307838987,0.1046911079709764,0.0910409292385883,1.1923664928229396,0.0,0.0,0.0190273273244859,0.009966593489838,0.026882735586217,0.0724884557287297,0.0660422411177572,0,2023-05-01,3.0,1.3862943611198906,1.5607104090414066,0.0643666684627533,0.0243670642375946,0.911266267299652,0.03999960422515869
28.185047149658203,28.81049480525915,28.05816057967745,402730000.0,-0.0245110328167613,0.0212797928318922,27.879352466771277,27.56424384413663,-0.2938637172579336,55.07189315918349,0.3834407275387868,0.2790666082196534,0.1043741193191333,0.0931576829878982,0.8653375231538539,0.0409876870584835,0.0,0.0,0.0190273273244859,0.009966593489838,0.0361417735869245,0.0402300784409517,0,2023-05-02,3.0,1.3862943611198906,3.4695993318713363,0.12114702575700227,0.14012776364481172,0.7387252161986101,-0.01898073788780945
27.77740859985352,28.341909379215185,27.44770056792737,383387000.0,-0.0145685443632198,0.0216717039733044,27.853866500041832,27.59266581156555,-0.0480296973158195,48.82665336785837,0.3667481535195485,0.2966029172796324,0.070145236239916,0.0899206709254464,0.6844302636565739,-0.0245110328167613,0.0409876870584835,0.0,0.0,0.0190273273244859,0.0019099314785766,0.0251852967740164,0,2023-05-03,4.0,1.6094379124341003,1.9002256148855206,0.056531437884451405,0.07886890718738286,0.864599618061477,-0.022337469302931456
27.537622451782227,27.83435874210573,27.21590674873428,321850000.0,-0.0086698911855,0.0220179394952783,27.77480548797693,27.585326696927773,-0.1605088331111905,54.66396990324933,0.3303622201424367,0.3033547778521933,0.0270074422902434,0.0876672523523396,0.5721967748147165,-0.0145685443632198,-0.0245110328167613,0.0409876870584835,0.0,0.0,-0.0067389719034646,0.0192293736166857,1,2023-05-04,3.0,1.3862943611198906,1.8876534933786486,0.03077207329318766,0.34191188539953643,0.6273159946249244,-0.3111398121063488
28.654638290405277,28.72957082374843,27.70647809528425,361494000.0,0.0397621661633031,0.0257993718235554,27.994763688584012,27.727901576058105,0.1231753922634768,62.98027178639087,0.3871965874420695,0.3201231397701686,0.0670734476719009,0.0940298326153728,0.9624909021337806,-0.0086698911855,-0.0145685443632198,-0.0245110328167613,0.0409876870584835,0.0,0.0335509370098241,0.092946260765387,0,2023-05-05,3.0,1.3862943611198906,1.8876534933786486,0.03077207329318766,0.34191188539953643,0.6273159946249244,-0.3111398121063488
28.654638290405277,28.72957082374843,27.70647809528425,361494000.0,0.0,0.0257993718235554,28.15973233903933,27.851466471304395,0.0,62.98027178639087,0.427312441167512,0.3415610000496373,0.0857514411178747,0.0978389506403958,0.9073235176796434,0.0397621661633031,-0.0086698911855,-0.0145685443632198,-0.0245110328167613,0.0409876870584835,-0.0079554884622767,0.0639562861932547,0,2023-05-06,1.0,0.6931471805599453,3.58351893845611,0.9061542749404908,0.011895733885467,0.08195001631975171,0.8942585410550238
28.654638290405277,28.72957082374843,27.70647809528425,361494000.0,0.0,0.0257993718235554,28.283458826880818,27.958556047184512,0.0,62.98027178639087,0.4538725836456514,0.3640233167688401,0.0898492668768112,0.1015885036493023,0.861246490807455,0.0,0.0397621661633031,-0.0086698911855,-0.0145685443632198,-0.0245110328167613,0.0166610024902074,0.0534049342568643,1,2023-05-07,2.0,1.0986122886681098,3.097202695552336,0.24567618397827115,0.06132506309604338,0.6929987602772026,0.18435112088222777
29.125219345092773,29.19415856877733,28.32492902158488,344979000.0,0.0162891180092506,0.0213100903963124,28.493898956433807,28.11411115357228,-0.0456854055668973,66.45860019504556,0.5070487043811376,0.3926283942912996,0.1144203100898379,0.1120807628558717,0.9541817320718612,0.0,0.0,0.0397621661633031,-0.0086698911855,-0.0145685443632198,0.0485218317034212,0.0505244365557664,0,2023-05-08,1.0,0.6931471805599453,0.6931471805599453,0.0379567854106426,0.098894402384758,0.8631487488746642,-0.06093761697411539
28.545730590820312,28.947375483780448,28.424839220758987,314869000.0,-0.0200970595773086,0.0204718008055587,28.506856865030432,28.17166041187202,-0.0872806750555831,68.83284532412287,0.4967055512902689,0.4134438256910935,0.0832617255991754,0.1150063676137585,0.7504982147568279,0.0162891180092506,0.0,0.0,0.0397621661633031,-0.0086698911855,0.0366083942360406,0.0296227193923883,1,2023-05-09,6.0,1.9459101490553132,2.4903761143126926,0.05600104360058236,0.14377921177129305,0.8002197469470819,-0.08777816817071069
28.859453201293945,29.087252189450044,28.435828416964902,369350000.0,0.0109302231299438,0.0193057506819584,28.59500594909631,28.263366117128275,0.173027513029228,66.67244162670394,0.5079677843048316,0.4323486174138412,0.0756191668909904,0.1176175839982,0.8128028487583053,-0.0200970595773086,0.0162891180092506,0.0,0.0,0.0397621661633031,0.0071477053317841,0.0409384545529596,0,2023-05-10,2.0,1.0986122886681098,4.8150513923925855,0.050410560447447,0.599153737501506,0.3504357018115758,-0.5487431770540591
28.55272102355957,28.92439362497088,28.221015861335896,322149000.0,-0.0106853677064941,0.0195648821816592,28.584434717712128,28.30194677131912,-0.1277947746040341,61.61108644570984,0.4865340007299679,0.4431856940770665,0.0433483066529013,0.1166646299642558,0.6979407599877707,0.0109302231299438,-0.0200970595773086,0.0162891180092506,0.0,0.0,-0.0035567458857028,-0.0114839386971227,0,2023-05-11,1.0,0.6931471805599453,2.70805020110221,0.1134978905320167,0.0147680956870317,0.871734082698822,0.098729794844985
28.31493377685547,28.75454513594309,28.02119319112188,274222000.0,-0.0083628781033927,0.0125995594188149,28.517059482497963,28.3036783720573,-0.148772772847347,55.33682064917585,0.445227820121076,0.4435941192858684,0.0016337008352075,0.1137424949774937,0.6086643728635683,-0.0106853677064941,0.0109302231299438,-0.0200970595773086,0.0162891180092506,0.0,-0.0118551317977568,0.0046083523120463,0,2023-05-12,4.0,1.6094379124341003,2.2162572966719414,0.149505508005027,0.10648176357921381,0.7440127193735986,0.04302374442581318
28.31493377685547,28.75454513594309,28.02119319112188,274222000.0,0.0,0.0125995594188149,28.46652805608734,28.305179092697056,0.0,55.33682064917585,0.4077916065942091,0.4364336167475366,-0.0286420101533275,0.1100467803601971,0.5922951165513273,-0.0083628781033927,-0.0106853677064941,0.0109302231299438,-0.0200970595773086,0.0162891180092506,-0.027820754193696,0.0193511635568766,0,2023-05-13,3.0,1.3862943611198906,1.877070593940455,0.04070305367602197,0.5440875507005121,0.415209375090853,-0.5033844970244901
28.31493377685547,28.75454513594309,28.02119319112188,274222000.0,0.0,0.0125995594188149,28.428629486279373,28.306479717251516,0.0,55.33682064917585,0.3738140420749332,0.4239097018130159,-0.0500956597380827,0.1046817393766008,0.5747539039457189,0.0,-0.0083628781033927,-0.0106853677064941,0.0109302231299438,-0.0200970595773086,-0.0080851605192078,0.0282272489730839,1,2023-05-14,1.0,0.6931471805599453,4.564348191467836,0.0483898557722568,0.0232640001922845,0.92834609746933,0.025125855579972302
28.927392959594727,28.943379556146176,28.12710267849228,293926000.0,0.0213996387000661,0.0138971530539517,28.55332035460821,28.389268149563943,0.0718541911298145,50.43097741529876,0.3917905967917399,0.4174858808087607,-0.0256952840170208,0.0864500671738748,0.7855250464037502,0.0,0.0,-0.0083628781033927,-0.0106853677064941,0.0109302231299438,0.0023541595825431,0.0095186917533272,1,2023-05-15,5.0,1.791759469228055,2.144406628498081,0.05574521780040865,0.33931716036266335,0.604937651095411,-0.2835719425622547
29.187162399291992,29.84358282076136,28.80650075563799,449405000.0,0.0089399692803721,0.0113351186199426,28.71178086577915,28.495654049527683,0.528973278988589,61.024416262848426,0.4221322904426756,0.4184151627355437,0.0037171277071318,0.0796228835593024,0.8739195618629789,0.0213996387000661,0.0,0.0,-0.0083628781033927,-0.0106853677064941,0.0222199970086538,0.0185842202400101,1,2023-05-16,5.0,1.791759469228055,4.508001253486453,0.13007564565785798,0.34505511691465907,0.5248692496087569,-0.21497947125680109
30.151308059692383,30.17228939441913,29.403970448812785,432535000.0,0.0324993385538377,0.0158337346150278,29.07166266425746,28.716407917549645,-0.0375385231583983,73.26673518656094,0.5180055527886793,0.4383332407461708,0.0796723120425084,0.088672415125052,1.1572848375147196,0.0089399692803721,0.0213996387000661,0.0,0.0,-0.0083628781033927,0.0648553267794664,0.0522313265349525,1,2023-05-17,5.0,1.791759469228055,3.5590110386267604,0.20385991185566732,0.05939393354351842,0.7367461728320849,0.1444659783121489
31.649980545043945,31.799847490043984,30.293181883981152,748725000.0,0.0485092266029279,0.0204206540710473,29.71624213445408,29.10755093454889,0.7310159871455488,82.32795588646306,0.7067689559905048,0.4920203837950376,0.2147485721954671,0.1287599593582871,1.3021468971952068,0.0324993385538377,0.0089399692803721,0.0213996387000661,0.0,0.0,0.1177840214803727,0.0866864269771263,0,2023-05-18,6.0,1.9459101490553132,3.8628013244082733,0.1736117215048483,0.12078570760676262,0.7056025395549923,0.05282601389808568
31.23634529113769,31.55206575731735,30.888653542259405,473908000.0,-0.0131552038913923,0.021380951764869,30.096267923624985,29.39139018209406,-0.3670466459648068,72.8187184032875,0.8136096196576403,0.5563382309675582,0.2572713886900821,0.1462445939335229,1.0623530012525186,0.0485092266029279,0.0324993385538377,0.0089399692803721,0.0213996387000661,0.0,0.1031756435422137,0.0942562913832945,0,2023-05-19,21.0,3.091042453358316,4.1077003905116625,0.14027336627668568,0.15223417234532327,0.7074924524559829,-0.011960806068637586
31.23634529113769,31.55206575731735,30.888653542259405,473908000.0,0.0,0.021380951764869,30.38128726550316,29.637384196633217,0.0,72.8187184032875,0.8880447878337989,0.6226795423408064,0.2653652454929925,0.1576291971587614,0.9802204778141268,-0.0131552038913923,0.0485092266029279,0.0324993385538377,0.0089399692803721,0.0213996387000661,0.0798188877500323,0.0823609537320402,0,2023-05-20,11.0,2.4849066497880004,3.343987707215767,0.38927622594713807,0.1088248502769819,0.5018989439610853,0.28045137567015616
31.23634529113769,31.55206575731735,30.888653542259405,473908000.0,0.0,0.021380951764869,30.595051771911795,29.85057900923381,0.0,72.8187184032875,0.9362427710164418,0.6853921880759335,0.2508505829405083,0.1706924969153068,0.918050601728242,0.0,-0.0131552038913923,0.0485092266029279,0.0324993385538377,0.0089399692803721,0.0702083629717773,0.0939883895956466,0,2023-05-21,4.0,1.6094379124341003,3.3717516227480595,0.05391856323467677,0.05761928173061016,0.8884621757575151,-0.0037007184959333903
31.148426055908203,31.49212165768894,30.652864468171376,372000000.0,-0.0028186139513826,0.021941315117993,30.733395342910896,30.02362528212373,-0.2150375178304649,69.1797434535302,0.9563217901182526,0.7395781084843973,0.2167436816338552,0.1771462968267405,0.8553039586733592,0.0,0.0,-0.0131552038913923,0.0485092266029279,0.0324993385538377,0.0330704722409311,0.1000705953043343,0,2023-05-22,5.0,1.791759469228055,2.3816276393228084,0.28756256775018857,0.10143807883301328,0.6109993553385535,0.18612448891717528
30.66085624694824,31.260325929202107,30.60390745609692,356253000.0,-0.0157769158356929,0.0241269143694619,30.715260568920232,30.108589410767,-0.0423306451612903,70.40676432798924,0.9222605036272142,0.7761145875129607,0.1461459161142535,0.1737679388914292,0.7369825110124891,-0.0028186139513826,0.0,0.0,-0.0131552038913923,0.0485092266029279,-0.0312519717567595,0.082851066810911,0,2023-05-23,5.0,1.791759469228055,3.215928794004789,0.043794219341038707,0.5407503266537779,0.41545545147085355,-0.49695610731273915
30.510988235473636,30.579927446615685,29.779635363047586,721419000.0,-0.004899911473738,0.02155218404779,30.664192485558583,30.16224258739455,1.0250187366843226,66.45427699464497,0.8731089363313949,0.7955134572766476,0.0775954790547472,0.1644522351216047,0.6878135100667565,-0.0157769158356929,-0.0028186139513826,0.0,0.0,-0.0131552038913923,-0.0232215724632118,0.0775581703960477,1,2023-05-24,5.0,1.791759469228055,2.2206241910525932,0.053188567665394065,0.10166875199710315,0.8451426736504739,-0.048480184331709086
37.94640350341797,39.44507664562874,36.60259203294565,1543911000.0,0.2180878412601052,0.0849641603245198,32.48474524002343,31.20013070953101,1.1401030469117115,88.6659078458192,1.4177884541398456,0.9199684566492872,0.4978199974905584,0.2938183953334388,1.3927113938343043,-0.004899911473738,-0.0157769158356929,-0.0028186139513826,0.0,0.0,0.2148157266715846,0.3117809667957578,1,2023-05-25,39.0,3.6888794541139363,4.052706574369217,0.1420672362280917,0.17910408773226633,0.6788286761593229,-0.03703685150417463
38.91155242919922,39.13535333136667,37.51678724611189,714397000.0,0.0251164541423125,0.0832446297943913,34.09144703731738,32.22832027215344,-0.5372809702113659,91.15318518518518,1.9053664698168795,1.1170480592828056,0.7883184105340739,0.384050427468506,1.2100342021231778,0.2180878412601052,-0.004899911473738,-0.0157769158356929,-0.0028186139513826,0.0,0.2457139933153165,0.3331735335170203,0,2023-05-26,87.0,4.477336814478207,3.328602610972959,0.3173616139168752,0.12362351161000468,0.5590148807679325,0.1937381023068705
38.91155242919922,39.13535333136667,37.51678724611189,714397000.0,0.0,0.0832446297943913,35.29647338528784,33.11941789309288,0.0,91.15318518518518,2.265658459651398,1.346770139356524,0.918888320294874,0.4420894451570116,1.069326722152926,0.0251164541423125,0.2180878412601052,-0.004899911473738,-0.0157769158356929,-0.0028186139513826,0.2492301331488469,0.2905427635896807,0,2023-05-27,50.0,3.9318256327243257,2.67083152548436,0.18793758112948206,0.17415497550126802,0.6379074426987857,0.01378260562821404
38.91155242919922,39.13535333136667,37.51678724611189,714397000.0,0.0,0.0832446297943913,36.20024314626568,33.89170249790706,0.0,91.15318518518518,2.522119039041396,1.5818399192934989,0.9402791197478972,0.4835741414033703,0.9803746847481928,0.0,0.0251164541423125,0.2180878412601052,-0.004899911473738,-0.0157769158356929,0.2690954262920231,0.229433691872912,0,2023-05-28,16.0,2.833213344056216,3.704802066472303,0.2088721019924087,0.16346743684099893,0.6276604778838697,0.04540466515140976
38.91155242919922,39.13535333136667,37.51678724611189,714397000.0,0.0,0.0830582077598243,36.87807046699907,34.56101582207935,0.0,90.71131197507503,2.694307595098607,1.8043334544545204,0.8899741406440866,0.5083667860180977,0.9178020331254556,0.0,0.0,0.0251164541423125,0.2180878412601052,-0.004899911473738,0.2753291413864682,0.2457139933153165,1,2023-05-29,13.0,2.6390573296152584,3.629131094175923,0.20932187082027096,0.18397523509975172,0.6067028910185848,0.025346635720519234
40.07551574707031,41.90089915076008,39.913660310959735,923401000.0,0.0294743838095097,0.0804593612301461,37.67743178701688,35.296282478744814,0.2925600191490165,91.34920953394874,2.8913605735479777,2.021738878273212,0.8696216952747657,0.5354446290810742,0.924356680269139,0.0,0.0,0.0,0.0251164541423125,0.2180878412601052,0.0561084067811741,0.2829771016278415,0,2023-05-30,11.0,2.4849066497880004,4.767182994158797,0.2537950585880774,0.11740722133752615,0.6287976842650126,0.13638783725055123
37.80052947998047,40.259350872876006,37.7885390591978,1002580000.0,-0.0584424580248332,0.0874839661986082,37.70820621025778,35.63018207890957,0.0857471456062968,76.4182049748024,2.831316446200028,2.183654391858575,0.6476620543414522,0.5318530529444202,0.7658472170855299,0.0294743838095097,0.0,0.0,0.0,0.0251164541423125,-0.0285525218054533,0.2101457173578225,1,2023-05-31,29.0,3.4011973816621555,3.025035710638918,0.2917580667995268,0.07844120259870815,0.6298007233956027,0.21331686420081866
39.734825134277344,40.01457626339759,38.306089619716126,635873000.0,0.0499049006497738,0.0344059326270946,38.21486094126267,36.17746781962528,-0.3657633306070338,77.10706119750549,2.9063103992337247,2.3281855933336053,0.5781248059001194,0.5328149704830372,0.8368196274282589,-0.0584424580248332,0.0294743838095097,0.0,0.0,0.0,0.0211575394370628,0.275660768956911,0,2023-06-01,22.0,3.1354942159291497,3.3706568864468665,0.19435182005800414,0.19018744659308925,0.6154607150273097,0.004164373464914883
39.29221725463867,40.46418014077918,39.0234541630698,482731000.0,-0.0112015455533687,0.0338789377729715,38.48420001960668,36.59276774429373,-0.2408373999210534,76.95754789538094,2.8966382478304453,2.4418761242329734,0.4547621235974719,0.5218645477812959,0.7828840792294848,0.0499049006497738,-0.0584424580248332,0.0294743838095097,0.0,0.0,0.0097828228809961,0.2815107620665202,0,2023-06-02,15.0,2.772588722239781,1.8000716134561814,0.1762355003312665,0.216150983572505,0.6076135207765558,-0.0399154832412385
39.29221725463867,40.46418014077918,39.0234541630698,482731000.0,0.0,0.0338789377729715,38.686204328364674,36.95269434567306,0.0,76.95754789538094,2.8560502289494707,2.524710945176273,0.3313392837731976,0.502980793587604,0.7575046611348398,-0.0112015455533687,0.0499049006497738,-0.0584424580248332,0.0294743838095097,0.0,0.0097828228809961,0.2878054604916249,0,2023-06-03,18.0,2.9444389791664403,1.7833292810395196,0.35934157393108157,0.044907629916520975,0.5957508058763787,0.3144339440145606
39.29221725463867,40.46418014077918,39.0234541630698,482731000.0,0.0,0.0338789377729715,38.83770755993317,37.26463073353514,0.0,76.95754789538094,2.791702918100277,2.578109339761074,0.2135935783392035,0.4821913561520346,0.734221649673891,0.0,-0.0112015455533687,0.0499049006497738,-0.0584424580248332,0.0294743838095097,-0.0195455623671892,0.0354661740499195,0,2023-06-04,11.0,2.4849066497880004,2.4693620436063757,0.10128482746760675,0.11714799473722333,0.7815671828165084,-0.015863167269616577
39.136356353759766,39.53000507242546,38.6727660406919,396094000.0,-0.0039746000441307,0.0339393837118012,38.91236975838982,37.51419414956509,-0.1794726255409326,76.60919860106483,2.6970407318309317,2.6018956181750457,0.0951451136558856,0.4559571289484341,0.7042350431934279,0.0,0.0,-0.0112015455533687,0.0499049006497738,-0.0584424580248332,0.0353388402796517,0.0057773054665342,0,2023-06-05,6.0,1.9459101490553132,2.298097550814321,0.4429232039455624,0.044058262816210135,0.5130185586346182,0.3988649411293523
38.619815826416016,39.12536886577813,38.114262787053896,388729000.0,-0.0132863568630648,0.031697127353321,38.83923127539637,37.661610373145216,-0.0185940711043338,76.46161766166287,2.5509341822097937,2.5917033309819955,-0.0407691487722017,0.4305414769772672,0.6534963161284965,-0.0039746000441307,0.0,0.0,-0.0112015455533687,0.0499049006497738,-0.0280612612259733,-0.0074974290299526,0,2023-06-06,5.0,1.791759469228055,2.0187554557958522,0.19563439906885913,0.016855862310085474,0.7875097289402272,0.17877853675877364
37.44572448730469,39.46814549212033,37.32681796379226,511998000.0,-0.0308729705707983,0.024995778538144,38.49085457837345,37.63282558836648,0.3171078051804727,71.58617653125162,2.313733055800199,2.5361092759456363,-0.2223762201454371,0.4112071069142035,0.5619466554458826,-0.0132863568630648,-0.0039746000441307,0.0,0.0,-0.0112015455533687,-0.0469938551791957,-0.0376707648599127,1,2023-06-07,6.0,1.9459101490553132,2.990130642904122,0.055531815695600326,0.227759457736872,0.7167087470538727,-0.17222764204127167
38.479923248291016,38.83364687712899,37.47571086548645,417772000.0,0.0272440936557436,0.0176354657921136,38.48812174585285,37.74577194302309,-0.1840358751401373,52.7610053084487,2.184024575235462,2.4656923358036016,-0.2816677605681397,0.3863853779969288,0.6124412227317594,-0.0308729705707983,-0.0132863568630648,-0.0039746000441307,0.0,0.0,-0.0206731526776274,-0.0110925715876684,1,2023-06-08,9.0,2.302585092994046,2.013241730127456,0.05973502409535576,0.2912270920122473,0.6490378947715696,-0.23149206791689153
38.73971176147461,39.67997469301632,38.536871237623615,427717000.0,0.006728586409041,0.0178153999216648,38.55101924975828,37.87829725214996,0.0238048504926131,49.04067510304112,2.0782358228505515,2.3882010332129915,-0.3099652103624399,0.3569113016552385,0.6118230427021812,0.0272440936557436,-0.0308729705707983,-0.0132863568630648,-0.0039746000441307,0.0,-0.0140614485963842,-0.0333321720430598,0,2023-06-09,11.0,2.4849066497880004,1.0862125135860312,0.11201593445325965,0.35191425930416836,0.5360698191215921,-0.23989832485090873
38.73971176147461,39.67997469301632,38.536871237623615,427717000.0,0.0,0.0178153999216648,38.59819237768737,37.99315252005991,0.0,49.04067510304112,1.971669298072058,2.304894686184805,-0.3332253881127469,0.3208876000862795,0.5920650855617807,0.006728586409041,0.0272440936557436,-0.0308729705707983,-0.0132863568630648,-0.0039746000441307,-0.0101349392033285,0.0248457440785727,0,2023-06-10,8.0,2.1972245773362196,2.5320750307807276,0.18930784483913582,0.5185965957148782,0.29209556415202875,-0.32928875087574233
38.73971176147461,39.67997469301632,38.536871237623615,427717000.0,0.0,0.0178153999216648,38.633572223634175,38.092693752248536,0.0,49.04067510304112,1.865707840788936,2.217057317105631,-0.3513494763166953,0.2747505712043558,0.5701035586797308,0.0,0.006728586409041,0.0272440936557436,-0.0308729705707983,-0.0132863568630648,0.0031045185610798,-0.0250438593712168,1,2023-06-11,3.0,1.3862943611198906,2.8932173730379804,0.05572527444031812,0.08804811243411333,0.8562266059983458,-0.032322837993795206
39.45115661621094,39.49911945587758,38.58783312564601,388701000.0,0.018198147779709,0.0193183225836126,38.83796832177836,38.27382213411019,-0.0912191939997708,52.79073529701896,1.818181412916012,2.1372821362677072,-0.3191007233516956,0.204960444364441,0.6274081308841009,0.0,0.0,0.006728586409041,0.0272440936557436,-0.0308729705707983,0.0535557037916614,0.0040450596244603,1,2023-06-12,7.0,2.0794415416798357,3.9878599709787252,0.20595742313828355,0.3744955749198882,0.41954701733505656,-0.16853815178160467
40.98995590209961,41.06889657145173,39.70895962649225,613208000.0,0.0382636932974911,0.0224690184198458,39.375965216858674,38.63597330317545,0.5775827692750983,54.55279948309872,1.882978810887991,2.086421471191764,-0.2034426603037729,0.0806553747935696,1.142283915881377,0.018198147779709,0.0,0.0,0.006728586409041,0.0272440936557436,0.0652296689266414,0.0432080133441823,1,2023-06-13,3.0,1.3862943611198906,3.940001890385664,0.09146510178528836,0.02108092298915096,0.887453968920329,0.0703841787961374
42.963409423828125,42.96640543335943,40.52031611973308,740465000.0,0.0470217511088778,0.0186845174073142,40.27282626860104,39.21296478592914,0.2075266467495531,76.500548644523,2.069714046805771,2.0830799863145653,-0.0133659395087941,0.1178278820522333,1.3095850093906185,0.0382636932974911,0.018198147779709,0.0,0.0,0.006728586409041,0.1090275964973452,0.0934330619572263,0,2023-06-14,5.0,1.791759469228055,2.7032353736584036,0.54664762404671,0.02438605123508794,0.42896629544214565,0.522261572811622
42.61968612670898,43.2551909701653,42.11408081517457,568622000.0,-0.0080325476203871,0.0209149001803592,40.85954123312803,39.66719429803312,-0.2320744397101821,67.69742868014566,2.1650105749277917,2.0994661040372105,0.0655444708905808,0.1399579012006645,1.0824301174992546,0.0470217511088778,0.0382636932974911,0.018198147779709,0.0,0.0,0.1001549621515998,0.0890049584959531,1,2023-06-15,15.0,2.772588722239781,2.426245488369106,0.21265542883653432,0.2587425777628092,0.5286019840280877,-0.04608714892627486
42.65864944458008,43.68684489706271,42.6276716193581,655709000.0,0.0009137917695349,0.0213895899067084,41.30931828599104,40.06605498423938,0.1531544681704191,71.72770847264665,2.218108796677754,2.123194642565319,0.0949141541124345,0.1567552520214701,0.9936499307112896,-0.0080325476203871,0.0470217511088778,0.0382636932974911,0.018198147779709,0.0,0.1011607341643343,0.1045793081022798,0,2023-06-16,19.0,2.995732273553991,3.3588194409716023,0.09484107775958082,0.23423747830386102,0.6709214402085624,-0.1393964005442802
42.65864944458008,43.68684489706271,42.6276716193581,655709000.0,0.0,0.0213895899067084,41.6466510756383,40.41173424561814,0.0,71.72770847264665,2.2344323744399475,2.1454421889402453,0.0889901854997021,0.1694537180232868,0.9267138966786204,0.0009137917695349,-0.0080325476203871,0.0470217511088778,0.0382636932974911,0.018198147779709,0.0813028844647647,0.1392128214542287,0,2023-06-17,14.0,2.70805020110221,2.565694040132082,0.2287129983173767,0.1482642985826018,0.6230226933428882,0.08044869973477492
42.65864944458008,43.68684489706271,42.6276716193581,655709000.0,0.0,0.0213895899067084,41.89965066787374,40.71132293881307,0.0,71.72770847264665,2.221757885513576,2.160705328254912,0.0610525572586642,0.178992270923076,0.875892550741819,0.0,0.0009137917695349,-0.0080325476203871,0.0470217511088778,0.0382636932974911,0.0407098155086083,0.1085949722229409,0,2023-06-18,9.0,2.302585092994046,1.7181726232788266,0.11877307465276772,0.07734679641273227,0.8038801337618159,0.04142627824003545
42.65864944458008,43.68684489706271,42.6276716193581,655709000.0,0.0,0.0218618790699678,42.08940036205033,40.970966472915336,0.0,73.20044463741547,2.1865085521893377,2.1658659730417966,0.020642579147541,0.1882527988032156,0.8391406126297067,0.0,0.0,0.0009137917695349,-0.0080325476203871,0.0470217511088778,-0.0070934775273915,0.1011607341643343,1,2023-06-19,7.0,2.0794415416798357,0.6931471805599453,0.14268521325928823,0.02462098880537913,0.8326938152313231,0.1180642244539091
43.77378082275391,43.95564168389906,42.64066770306491,451153000.0,0.0258049728376889,0.0196871681008632,42.51049547722622,41.34467505289381,-0.311961556117119,81.4665466149755,2.222930426023936,2.1772788636382248,0.0456515623857112,0.1955535765122867,0.9274182113240363,0.0,0.0,0.0,0.0009137917695349,-0.0080325476203871,0.0270789112011238,0.1299459606791786,0,2023-06-20,3.0,1.3862943611198906,3.567957827921891,0.646645103664477,0.0755411930423338,0.27781370878922207,0.5711039106221433
43.011375427246094,43.58093370313804,42.04713285457767,551603000.0,-0.0175704012630125,0.0131643115836983,42.63571546473119,41.566901769474114,0.2226517389887687,85.77858408225482,2.16531487766553,2.174886066443686,-0.0095711887781559,0.2023150646547825,0.7985939527266276,0.0258049728376889,0.0,0.0,0.0,0.0009137917695349,0.0082685689129531,0.11026575757901,0,2023-06-21,11.0,2.4849066497880004,3.0699635557239877,0.2638956923910855,0.09055678173106774,0.6455475443286448,0.17333891066001778
42.991397857666016,43.39208183010409,42.20101528373677,417737000.0,-0.000464579668221,0.012681310971936,42.7246360629649,41.75683458123304,-0.2426854096152486,83.35070443188611,2.09390488547902,2.158689830250753,-0.0647849447717328,0.2058951886185918,0.7676421288229487,-0.0175704012630125,0.0258049728376889,0.0,0.0,0.0,0.0078002566283357,0.0897373244565498,0,2023-06-22,11.0,2.4849066497880004,2.301335375223433,0.07961552648379812,0.3194315157842052,0.6009529484155482,-0.2398159893004071
42.176029205322266,42.77555900672088,41.98218049927132,358140000.0,-0.0191480145163391,0.0148491510312647,42.58748434855424,41.812727197778266,-0.1426663187603684,73.47446346540525,1.949051068787192,2.116762077958041,-0.1677110091708491,0.2045735613359726,0.6537109343835997,-0.000464579668221,-0.0175704012630125,0.0258049728376889,0.0,0.0,-0.0113135377125525,0.0289357057630281,0,2023-06-23,9.0,2.302585092994046,1.908822196045108,0.06954390182778074,0.11790523369703336,0.8125508606404972,-0.04836133186925262
42.176029205322266,42.77555900672088,41.98218049927132,358140000.0,0.0,0.0148491510312647,42.48462056274624,41.8611674654508,0.0,73.47446346540525,1.813350203073796,2.056079702981192,-0.2427294999073961,0.2022337900514934,0.6375675359762746,-0.0191480145163391,-0.000464579668221,-0.0175704012630125,0.0258049728376889,0.0,-0.0113135377125525,-0.0183267629144247,0,2023-06-24,9.0,2.302585092994046,1.644465820032388,0.05308285554123817,0.3295666436282119,0.6173505010906977,-0.27648378808697377
42.176029205322266,42.77555900672088,41.98218049927132,358140000.0,0.0,0.0148491510312647,42.40747272339025,41.903149030767,0.0,73.47446346540525,1.6863669014114675,1.9821371426672472,-0.2957702412557794,0.1980565649530783,0.6213188779489558,0.0,-0.0191480145163391,-0.000464579668221,-0.0175704012630125,0.0258049728376889,-0.0365001968621617,-0.010409671250692,0,2023-06-25,6.0,1.9459101490553132,2.2554220121579798,0.1629697947684166,0.32289320824246354,0.5141370151747917,-0.15992341347404693
40.60025787353516,42.7305923048299,40.06867198268561,594322000.0,-0.0380776131904469,0.0201741335429308,41.95566901092648,41.72943020980275,0.6594683643267996,57.02076185859189,1.4419581468450104,1.8741013435028,-0.4321431966577895,0.1893589453658046,0.4123577390935882,0.0,0.0,-0.0191480145163391,-0.000464579668221,-0.0175704012630125,-0.0560576714824977,-0.0482526192892974,1,2023-06-26,1.0,0.6931471805599453,5.834810737062605,0.0303806476294994,0.0344527624547481,0.935166597366333,-0.0040721148252486974
41.8432846069336,41.90723378479605,40.41640261431228,462175000.0,0.0301569025127779,0.0213865381139622,41.92757290992826,41.74461079608687,-0.2223491642577593,55.40915344977258,1.3331960626341868,1.7659202873290774,-0.4327242246948906,0.1671836816188054,0.5487075553207159,-0.0380776131904469,0.0,0.0,-0.0191480145163391,-0.000464579668221,-0.0267056506172128,-0.019113704917118,0,2023-06-27,5.0,1.791759469228055,4.013598498735754,0.08944170538915137,0.10291991265425524,0.807638375568625,-0.013478207265103861
41.08488845825195,41.81232053515092,40.48635724932419,582639000.0,-0.0182909441877181,0.021450656833868,41.71690179700919,41.65664781770888,0.2606458592524476,35.92396632794522,1.1722916479002876,1.6471945594433195,-0.4749029115430319,0.1524812662849413,0.4132629819827136,0.0301569025127779,-0.0380776131904469,0.0,0.0,-0.0191480145163391,-0.0258711113309979,-0.0368919552498415,0,2023-06-28,7.0,2.0794415416798357,3.762833948861181,0.05084535778903708,0.8256646906851666,0.12348995332864526,-0.7748193328961295
40.79011535644531,41.56750759247888,40.56828862331624,380514000.0,-0.0072005950950059,0.0212827887363798,41.48520518686821,41.54111015620708,-0.3469129254993229,36.189445592098096,1.0093528231310245,1.5196262121808606,-0.5102733890498361,0.1390203814786801,0.3366281945281515,-0.0182909441877181,0.0301569025127779,-0.0380776131904469,0.0,0.0,-0.0328602259385305,-0.0438019982456844,1,2023-06-29,18.0,2.9444389791664403,1.9824160058089864,0.19624254540151934,0.24769652861457522,0.556060933071419,-0.05145398321305589
42.268951416015625,42.516758773836536,41.468578476048215,501148000.0,0.0356130260755563,0.0258629281475882,41.68114174415507,41.638155657514886,0.3170290712036876,47.58362360189739,0.988161431575179,1.4133332560597245,-0.4251718244845452,0.1212088070480627,0.5697617962366454,-0.0072005950950059,-0.0182909441877181,0.0301569025127779,-0.0380776131904469,0.0,0.002203199600441,-0.0343774144808634,0,2023-06-30,4.0,1.6094379124341003,0.9222198635284841,0.06517121862335638,0.042154581390810776,0.8926742459287197,0.023016637232545607
42.268951416015625,42.516758773836536,41.468578476048215,501148000.0,0.0,0.0258629281475882,41.82809416212021,41.72226175864832,0.0,47.58362360189739,0.96029739053769,1.3227260829553174,-0.3624286924176274,0.0976797346051448,0.5432833027123896,0.0356130260755563,-0.0072005950950059,-0.0182909441877181,0.0301569025127779,-0.0380776131904469,0.0411005651165627,-0.0172611083429843,0,2023-07-01,8.0,2.1972245773362196,2.147110680679907,0.3001478016768169,0.4425907575634498,0.2572614310821116,-0.14244295588663286
42.268951416015625,42.516758773836536,41.468578476048215,501148000.0,0.0,0.0258629281475882,41.93830847559406,41.795153712963966,0.0,47.58362360189739,0.9275230291489224,1.2436854721940385,-0.3161624430451162,0.0775560940019675,0.5113169445042811,0.0,0.0356130260755563,-0.0072005950950059,-0.0182909441877181,0.0301569025127779,0.0101728822935542,-0.0168044417639601,1,2023-07-02,5.0,1.791759469228055,1.8209959712636714,0.23327058281232071,0.056473570682279046,0.7102558513850984,0.17679701213004168
42.37986755371094,42.86448930889797,42.16903383872821,198209000.0,0.0026206201698511,0.0196133359438308,42.04869824512328,41.8731155583969,-0.6044900907516342,48.29482907225318,0.9001230586559288,1.1749729894864167,-0.2748499308304879,0.072347721889177,0.5256460523389289,0.0,0.0,0.0356130260755563,-0.0072005950950059,-0.0182909441877181,0.0315195962324412,0.0048330379182055,0,2023-07-03,8.0,2.1972245773362196,3.510958592371456,0.1904455598616068,0.13182135464159755,0.6777330682709929,0.058624205220009246
42.37986755371094,42.86448930889797,42.16903383872821,198209000.0,0.0,0.0165245676461592,42.1314905722702,41.94068249110544,0.0,40.12735342845934,0.8683980326724594,1.1136579981236252,-0.2452599654511658,0.0709207799694384,0.5359123728287859,0.0026206201698511,0.0,0.0,0.0356130260755563,-0.0072005950950059,0.0389739568857194,0.0048330379182055,0,2023-07-04,15.0,2.772588722239781,2.5027795084051636,0.30483103609475415,0.3529036912200873,0.34226530261505755,-0.04807265512533315
42.28395080566406,43.14327592433023,42.05212974638505,323618000.0,-0.0022658271488746,0.0142238997016185,42.16960563061866,41.986451599713256,0.6327109263454234,44.31075696260238,0.8259944907309915,1.0561252966450985,-0.2301308059141069,0.0705281109811107,0.5095747126337691,0.0,0.0026206201698511,0.0,0.0,0.0356130260755563,0.0003548559674644,0.0025588373864313,0,2023-07-05,6.0,1.9459101490553132,3.9461905379557822,0.10721269187167809,0.22957029840949794,0.6632170237930932,-0.12235760653781985
42.07011795043945,42.146058807449926,41.31370920237291,303582000.0,-0.005069899209497,0.0139619128478886,42.14473371057386,41.99760711314342,-0.0619125017767862,43.00666010308681,0.7663014082719641,0.9981605189704716,-0.2318591106985075,0.0700884734464117,0.4473327022584111,-0.0022658271488746,0.0,0.0026206201698511,0.0,0.0,-0.0047040075259788,0.0362032202229536,1,2023-07-06,12.0,2.5649493574615367,1.8216050702496374,0.15204343686557786,0.45288121284046123,0.3950752972649516,-0.30083777597488337
42.46979522705078,43.180242145503854,42.14704950459855,355881000.0,0.0094554214535291,0.0045442346529337,42.22599908969309,42.06056552833107,0.1722730596675692,52.38015761601604,0.7426836317357797,0.9470651415235332,-0.2043815097877536,0.0696662469975514,0.5861075571889958,-0.005069899209497,-0.0022658271488746,0.0,0.0026206201698511,0.0,0.0047515683334187,0.0149727877723389,0,2023-07-07,9.0,2.302585092994046,2.215095792143901,0.2075777474933847,0.1472768429422621,0.6451454122127016,0.06030090455112261
42.46979522705078,43.180242145503854,42.14704950459855,355881000.0,0.0,0.0045442346529337,42.28694812403251,42.11512948816036,0.0,52.38015761601604,0.7157160446292465,0.900795322144676,-0.1850792775154294,0.0692288853183905,0.589902583951421,0.0094554214535291,-0.005069899209497,-0.0022658271488746,0.0,0.0026206201698511,0.0021219432369832,0.0337084222634822,0,2023-07-08,3.0,1.3862943611198906,2.108119654127104,0.17880117568671097,0.07395952503490835,0.7472393078336428,0.10484165065180262
42.46979522705078,43.180242145503854,42.14704950459855,355881000.0,0.0,0.0045442346529337,42.33265989978708,42.16241825334576,0.0,52.38015761601604,0.6864312849915919,0.8579225147140592,-0.1714912297224673,0.0687760828152709,0.5937683779616881,0.0,0.0094554214535291,-0.005069899209497,-0.0022658271488746,0.0,0.0021219432369832,0.041178600646935,0,2023-07-09,4.0,1.6094379124341003,2.190387534782411,0.437335302362894,0.050395574044814984,0.5122691274257274,0.386939728318079
42.14705276489258,42.7775603980854,41.61646549525351,353908000.0,-0.0076283632609714,0.0053867075729595,42.28625811606346,42.160369521552,-0.0055439880184668,65.72547711662938,0.6299189688071181,0.8123218055326711,-0.182402836725553,0.0592240285501605,0.5123191261522226,0.0,0.0,0.0094554214535291,-0.005069899209497,-0.0022658271488746,-0.0032375886870331,-0.0028838815972345,1,2023-07-10,4.0,1.6094379124341003,1.836824925185791,0.0861157641917749,0.050312387647950076,0.863571850444823,0.03580337654382482
42.37187957763672,42.72460451753315,42.03414612426581,298244000.0,0.0053201652412551,0.0058698928662744,42.30766348145677,42.1885708623633,-0.1572838138725318,56.77700178022967,0.596399276302499,0.7691372996866367,-0.1727380233841376,0.0561537118747217,0.6216698106791289,-0.0076283632609714,0.0,0.0,0.0094554214535291,-0.005069899209497,0.0071728257941361,0.0024350772416392,1,2023-07-11,5.0,1.791759469228055,1.5644889458978637,0.14215487583684874,0.6401807094609968,0.21766443779643666,-0.4980258336241481
43.86771011352539,43.90068528368808,42.74358881159292,481277000.0,0.0346935920193764,0.0142132162747891,42.69767513947393,42.41245609585158,0.6137022035648663,80.00442560136355,0.6826663488406837,0.7518431095174462,-0.0691767606767624,0.065169973920784,1.1336002563316872,0.0053201652412551,-0.0076283632609714,0.0,0.0,0.0094554214535291,0.0329155080452145,0.0378234766643394,1,2023-07-12,11.0,2.4849066497880004,0.6931471805599453,0.26869951120831737,0.16663089394569394,0.5646696077151732,0.10206861726262342
45.94108963012695,46.11894818948544,44.457248919012514,478204000.0,0.0461813988056648,0.020022585943693,43.50852876213719,42.8829405670883,-0.0063850963166741,90.14189267527,0.907872633790774,0.7830490143721117,0.1248236194186621,0.1034988422366355,1.3276069796513017,0.0346935920193764,0.0053201652412551,-0.0076283632609714,0.0,0.0,0.0817356049050399,0.0840309864560722,0,2023-07-13,12.0,2.5649493574615367,0.6931471805599453,0.10893188044428824,0.03880927832021065,0.8522588560978572,0.07012260212407759
45.4334831237793,48.05043674269067,45.02480222252765,772075000.0,-0.0111105685710446,0.0219706579216844,43.98976735254772,43.22301290798043,0.6145306187317547,79.06050782489773,1.0334773507377193,0.8331346816452333,0.200342669092486,0.1220961150165139,1.0695862766148605,0.0461813988056648,0.0346935920193764,0.0053201652412551,-0.0076283632609714,0.0,0.0697834279841504,0.0720534476941983,0,2023-07-14,10.0,2.3978952727983707,0.8764053269347762,0.11870693622571975,0.14903677086922984,0.7322562938535551,-0.030329834643510092
45.4334831237793,48.05043674269067,45.02480222252765,772075000.0,0.0,0.0219706579216844,44.35069629535561,43.51774227008695,0.0,79.06050782489773,1.1201080850894485,0.8905293623340764,0.229578722755372,0.1361881533592118,0.9806521109292644,-0.0111105685710446,0.0461813988056648,0.0346935920193764,0.0053201652412551,-0.0076283632609714,0.0779753302613897,0.0744852895272345,0,2023-07-15,19.0,2.995732273553991,0.8356761385126932,0.17118624278882213,0.2166214951205699,0.6121922583501753,-0.04543525233174778
45.4334831237793,48.05043674269067,45.02480222252765,772075000.0,0.0,0.0219706579216844,44.62139300246153,43.7731743839126,0.0,79.06050782489773,1.1752164030563108,0.9474667704785232,0.2277496325777874,0.1395080956714376,0.9261759148609108,0.0,-0.0111105685710446,0.0461813988056648,0.0346935920193764,0.0053201652412551,0.0722555519523955,0.0799466542333455,1,2023-07-16,15.0,2.772588722239781,1.232364162368107,0.04887364223024501,0.0980294473258933,0.8530969053452951,-0.04915580509564829
46.42470932006836,46.459681830207685,45.2266483214971,510488000.0,0.0215824989816828,0.02089253394401,45.07222208186324,44.12671237540003,-0.3388103487355502,81.97483702447,1.284071831331964,1.0147877826492115,0.2692840486827526,0.1548243693361833,0.9961570910392972,0.0,0.0,-0.0111105685710446,0.0461813988056648,0.0346935920193764,0.0582888689636569,0.0931229847441912,1,2023-07-17,8.0,2.1972245773362196,0.6931471805599453,0.2384779071435332,0.23007090552709994,0.5314511745236814,0.008407001616433263
47.45690536499024,47.858591818877,45.69828165041756,569164000.0,0.0219901978223613,0.0207128844645391,45.66839290264499,44.57073810734539,0.1149409976336368,84.50370854300017,1.4370645512986044,1.0992431363790902,0.3378214149195142,0.1711787301733155,1.0414461317047807,0.0215824989816828,0.0,0.0,-0.0111105685710446,0.0461813988056648,0.0329947710658837,0.1174272235426969,0,2023-07-18,13.0,2.6390573296152584,0.6931471805599453,0.20246198085638192,0.12929512997372788,0.6682428909608952,0.07316685088265404
47.04022216796875,47.78064441217516,46.70548479149979,427502000.0,-0.0088190172236266,0.0207638301746368,46.01135021897593,44.90000264876184,-0.2488948703712814,80.9733686682148,1.5073141532046748,1.1808573397442073,0.3264568134604675,0.1751745866548609,0.9301564522113476,0.0219901978223613,0.0215824989816828,0.0,0.0,-0.0111105685710446,0.0353646459333096,0.1076159401401322,0,2023-07-19,22.0,3.1354942159291497,0.7115774127466801,0.11470313569992652,0.13094720171381968,0.7543496639141894,-0.016244066013893166
45.48444366455078,47.05022098399054,45.02680123666584,537865000.0,-0.0336326565235029,0.0194400470944709,45.87962358036964,44.9779281175337,0.2581578565714313,68.92652858396507,1.421067958947262,1.2288994635848185,0.1921684953624436,0.1749536009856983,0.7056508872705526,-0.0088190172236266,0.0219901978223613,0.0215824989816828,0.0,0.0,0.0011216516381244,0.0791844430564352,0,2023-07-20,15.0,2.772588722239781,0.6931471805599453,0.16323422665397322,0.15102060617258148,0.6857451776663461,0.01221362048139174
44.27438735961914,45.83017417101583,44.06555098011311,963769000.0,-0.0269640236038242,0.0215636793896046,45.478314525182014,44.88412268314509,0.7918418190438121,59.17869925078416,1.2407729395892415,1.231274158785703,0.0094987808035387,0.1711072861145774,0.5357706114261568,-0.0336326565235029,-0.0088190172236266,0.0219901978223613,0.0215824989816828,0.0,-0.0255119283063177,0.0449002451849347,0,2023-07-21,10.0,2.3978952727983707,1.2779354624229413,0.0600191152153952,0.34080888112301055,0.5991719895939559,-0.28078976590761534
44.27438735961914,45.83017417101583,44.06555098011311,963769000.0,0.0,0.0215636793896046,45.177332733791296,44.8028246400083,0.0,59.17869925078416,1.0853762954815096,1.2020945861248644,-0.1167182906433548,0.1666862838291625,0.5229967013600928,-0.0269640236038242,-0.0336326565235029,-0.0088190172236266,0.0219901978223613,0.0215824989816828,-0.0463184797910987,0.0092705373734189,0,2023-07-22,18.0,2.9444389791664403,0.7381988592386303,0.10541747488103134,0.2110989436679821,0.683483588998732,-0.10568146878695076
44.27438735961914,45.83017417101583,44.06555098011311,963769000.0,0.0,0.0215636793896046,44.951596390248255,44.732366335956414,0.0,59.17869925078416,0.9512578273574376,1.1519272343713791,-0.2006694070139414,0.1622252198850684,0.5103676848258633,0.0,-0.0269640236038242,-0.0336326565235029,-0.0088190172236266,0.0219901978223613,-0.067061220720028,-0.0362791192792003,1,2023-07-23,7.0,2.0794415416798357,0.6931471805599453,0.060318309281553496,0.20935720072260924,0.7303244876010078,-0.14903889144105575
44.57715606689453,45.0737695401444,44.00560422049565,382516000.0,0.0068151855889868,0.0192804093858197,44.857986309409824,44.71167163341483,-0.6031040633180773,62.3854027938446,0.8594911998935046,1.0934400274758045,-0.2339488275822996,0.1572359321444636,0.5383579889635384,0.0,0.0,-0.0269640236038242,-0.0336326565235029,-0.0088190172236266,-0.0523608517893311,-0.0188479288403177,1,2023-07-24,4.0,1.6094379124341003,0.6931471805599453,0.0945229171775281,0.2583978972397744,0.6470792032778262,-0.16387498006224632
45.6433219909668,46.14692613209552,44.88791196755602,348081000.0,0.0236357771766439,0.0196816030910861,45.05432022979907,44.83589168108843,-0.0900223781488879,65.35644565349355,0.8628497711808762,1.0473219762168189,-0.1844722050359424,0.1526637367093263,0.6716368695032238,0.0068151855889868,0.0,0.0,-0.0269640236038242,-0.0336326565235029,0.0034930256064633,0.0046185952024813,0,2023-07-25,9.0,2.302585092994046,0.6931471805599453,0.1189933253659142,0.17583223049425414,0.7051744382414552,-0.056838905128339945
45.4164924621582,46.01702469777884,44.59513601307883,364237000.0,-0.0049820000037527,0.019629279538605,45.14486328788885,44.9133051185644,0.0464144839850495,58.253402157084686,0.8375534213594023,1.0053682652453355,-0.1678148438859332,0.1442851153151198,0.6197356148825306,0.0236357771766439,0.0068151855889868,0.0,0.0,-0.0269640236038242,0.0257960678995352,-0.0003739678416203,1,2023-07-26,11.0,2.4849066497880004,1.1328091721009887,0.12998341730024512,0.22164491874111789,0.6483716869132128,-0.09166150144087276
45.86415100097656,47.357982253239214,45.71426663486367,455976000.0,0.0098084787922442,0.0155097205676355,45.32468521616078,45.04008456955268,0.2518662299546723,49.50406773142891,0.8439002281986419,0.9730746578359968,-0.1291744296373549,0.1380507207960111,0.6695942660815166,-0.0049820000037527,0.0236357771766439,0.0068151855889868,0.0,0.0,0.0359070726025987,-0.012074568205201,1,2023-07-27,13.0,2.6390573296152584,0.9216406009883839,0.09956826027917193,0.4049398129552218,0.4954919397099758,-0.3053715526760499
46.71348190307617,46.99026595538216,46.34477066056632,331194000.0,0.0183490267615776,0.0104241848612982,45.67188438788963,45.26320421402248,-0.2736591399547344,57.90250133771451,0.9070085935171192,0.9598614449722214,-0.0528528514551021,0.1331078143141599,0.7813702009197678,0.0098084787922442,-0.0049820000037527,0.0236357771766439,0.0068151855889868,0.0,0.0550904188384462,-0.0156652326188655,0,2023-07-28,16.0,2.833213344056216,0.6931471805599453,0.24325751839205617,0.21079487429233268,0.545947611448355,0.03246264409972349
46.71348190307617,46.99026595538216,46.34477066056632,331194000.0,0.0,0.0104241848612982,45.93228376668626,45.45657457256297,0.0,57.90250133771451,0.9461161892108834,0.9571123938199538,-0.0109962046090704,0.1251424048232407,0.7603964883039424,0.0183490267615776,0.0098084787922442,-0.0049820000037527,0.0236357771766439,0.0068151855889868,0.0479242290148742,-0.0069459762270227,0,2023-07-29,13.0,2.6390573296152584,0.6931471805599453,0.09220344938624359,0.16743610742000428,0.7403604376774567,-0.0752326580337607
46.71348190307617,46.99026595538216,46.34477066056632,331194000.0,0.0,0.0104241848612982,46.12758330078374,45.6241622166314,0.0,57.90250133771451,0.9659740925127168,0.9588847335585065,0.0070893589542102,0.1098603751100077,0.7494200080671066,0.0,0.0183490267615776,0.0098084787922442,-0.0049820000037527,0.0236357771766439,0.0234461442644593,0.0270210678532112,0,2023-07-30,3.0,1.3862943611198906,0.46209812037329684,0.06302567198872565,0.33562812674790615,0.601346179842949,-0.2726024547591805
46.692501068115234,47.09318883138378,46.469675675562414,251055000.0,-0.0004492396449649,0.010874300150191,46.26881274261662,45.76660739682925,-0.2419699632239714,51.87833122846073,0.9688503422535888,0.960877855297523,0.0079724869560657,0.0911988677995093,0.7421486741380618,0.0,0.0,0.0183490267615776,0.0098084787922442,-0.0049820000037527,0.0280957100995904,0.0546165368445403,0,2023-07-31,4.0,1.6094379124341003,0.9678002527269727,0.34328548199327197,0.030846882380997698,0.6258676433661903,0.31243859961227427
46.470680236816406,46.8633748778781,45.99105555116221,237858000.0,-0.0047619938986601,0.0085096965557665,46.31927961616657,45.8604837754942,-0.0525661707593954,42.19520662703888,0.9423676756819646,0.9571758193744112,-0.0148081436924467,0.0840215202823127,0.6706508255688132,-0.0004492396449649,0.0,0.0,0.0183490267615776,0.0098084787922442,0.0132244732018897,0.0496063979238798,0,2023-08-01,6.0,1.9459101490553132,0.6931471805599453,0.3405017629265785,0.02596976251030957,0.6335284591962893,0.31453200041626894
44.23442077636719,45.80419275361582,43.35310977121058,530142000.0,-0.0493183445712023,0.0215588936778808,45.79806490621672,45.6436753756106,1.228817193451555,32.7603696918672,0.7324888468999049,0.91223842487951,-0.1797495779796052,0.0895842236752886,0.1352948142163866,-0.0047619938986601,-0.0004492396449649,0.0,0.0,0.0183490267615776,-0.0530694999754607,-0.0009027021182094,1,2023-08-02,8.0,2.1972245773362196,0.6931471805599453,0.16136636538431043,0.04943228338379407,0.7892013527452947,0.11193408200051636
44.480228424072266,45.08275805708308,43.765786762914985,324176000.0,0.0055415487511374,0.0211678456362188,45.46860578568061,45.48854911540549,-0.3885110027124808,42.64599809479645,0.5793150031194898,0.8456537405275061,-0.2663387374080163,0.0928299595339958,0.2168850595649969,-0.0493183445712023,-0.0047619938986601,-0.0004492396449649,0.0,0.0,-0.0478074720192682,-0.0021743792420676,1,2023-08-03,7.0,2.0794415416798357,0.6931471805599453,0.1116528569587639,0.33079736839447704,0.5575497698571,-0.21914451143571315
44.64510345458984,45.60635008188567,44.35832886320504,362666000.0,0.0036998508756583,0.0191771237083298,45.26273020290792,45.37608969396341,0.1187318000098711,53.20550161065068,0.4658575495650794,0.7696945023350208,-0.3038369527699414,0.0950190638798766,0.2702758246258863,0.0055415487511374,-0.0493183445712023,-0.0047619938986601,-0.0004492396449649,0.0,-0.0442779763833044,-0.0218699799408664,0,2023-08-04,10.0,2.3978952727983707,0.7624618986159397,0.06338920935311096,0.39807826873253693,0.538532520559701,-0.33468905937942595
44.64510345458984,45.60635008188567,44.35832886320504,362666000.0,0.0,0.0191771237083298,45.1083235158284,45.27862486204693,0.0,53.20550161065068,0.3716574643066082,0.6900870947293383,-0.3184296304227301,0.0970365083798493,0.2837656089186284,0.0036998508756583,0.0055415487511374,-0.0493183445712023,-0.0047619938986601,-0.0004492396449649,-0.0438485317061648,-0.0169847772416835,0,2023-08-05,9.0,2.302585092994046,0.7949572618792958,0.051615717447687566,0.12306549670029894,0.8253187885711896,-0.07144977925261137
44.64510345458984,45.60635008188567,44.35832886320504,362666000.0,0.0,0.0191771237083298,44.99251850051876,45.19415534105266,0.0,53.20550161065068,0.293618566006586,0.6107933889847879,-0.3171748229782019,0.0973939152130503,0.3042115981302518,0.0,0.0036998508756583,0.0055415487511374,-0.0493183445712023,-0.0047619938986601,-0.039284485893543,-0.0265795293226023,1,2023-08-06,1.0,0.6931471805599453,0.6931471805599453,0.0598544664680957,0.0348371528089046,0.9053083658218384,0.025017313659191104
45.38152694702149,45.504431975857,44.528193870776704,322154000.0,0.0163604905647564,0.0210205404294184,45.08977061214444,45.2191382218485,-0.1117060876950141,56.47000632698937,0.2878769320793921,0.5462100976037088,-0.2583331655243166,0.0889090195057116,0.4931448529982355,0.0,0.0,0.0036998508756583,0.0055415487511374,-0.0493183445712023,0.025932433397368,-0.0285132878516378,0,2023-08-07,4.0,1.6094379124341003,0.6931471805599453,0.17465160088613627,0.11476263264194124,0.7105857543647289,0.059888968244195026
44.62911605834961,45.2066637195198,44.0215892371064,353843000.0,-0.0167186543548934,0.0215650360529221,44.974606973695735,45.14046860004865,0.0983659988701055,41.40852516483786,0.2200764707087117,0.4809833722247094,-0.2609069015159976,0.0835778118946454,0.3257569844921197,0.0163604905647564,0.0,0.0,0.0036998508756583,0.0055415487511374,0.0033472767463749,-0.0446202201122862,0,2023-08-08,3.0,1.3862943611198906,0.6931471805599453,0.26188546667496365,0.01615755011638,0.721957008043925,0.24572791655858364
42.5207633972168,44.27738970488,42.10108946258739,586449000.0,-0.0483939652967735,0.021254562757035,44.361146079576,44.791174573004405,0.6573706417818073,31.3992888045526,-0.0037392195234531,0.3840388538750769,-0.38777807339853,0.0999999461285835,-0.08034446722031,-0.0167186543548934,0.0163604905647564,0.0,0.0,0.0036998508756583,-0.0475828230420339,-0.0897539283104322,0,2023-08-09,4.0,1.6094379124341003,0.6931471805599453,0.2604425328318029,0.32136301719583565,0.4181944504380226,-0.060920484364032745
42.35489273071289,43.53996721168232,41.80232325660613,492705000.0,-0.0039085618948036,0.0207190279056674,43.859582742360224,44.46633699403221,-0.1598502171544328,26.611594705484848,-0.1922826286341674,0.268774557373228,-0.4610571860073955,0.1134693361555366,-0.0262194907264958,-0.0483939652967735,-0.0167186543548934,0.0163604905647564,0.0,0.0,-0.0512981390267447,-0.0928973226573282,0,2023-08-10,11.0,2.4849066497880004,0.6931471805599453,0.12988544611090957,0.2025796468792991,0.6675348955799233,-0.07269420076838953
40.82308197021485,41.98517540033476,40.60725111453781,533085000.0,-0.0368362892496273,0.0227929074633437,43.10045754932388,43.980569657523226,0.081955734161415,14.01540026855622,-0.4600062989613889,0.1230183861063046,-0.5830246850676936,0.1411750434417416,-0.1391432318349503,-0.0039085618948036,-0.0483939652967735,-0.0167186543548934,0.0163604905647564,0.0,-0.0856089736305016,-0.1215303550070965,0,2023-08-11,18.0,2.9444389791664403,0.900795492686799,0.09393944911258677,0.38490260242015717,0.5211579477285558,-0.2909631533075704
40.82308197021485,41.98517540033476,40.60725111453781,533085000.0,0.0,0.0227929074633437,42.531113654546616,43.55957129921544,0.0,14.01540026855622,-0.6645190743008271,-0.0344891059751216,-0.6300299683257055,0.1630712667323903,-0.0317849257123724,-0.0368362892496273,-0.0039085618948036,-0.0483939652967735,-0.0167186543548934,0.0163604905647564,-0.1004471485088674,-0.0771195541001612,0,2023-08-12,3.0,1.3862943611198906,0.6931471805599453,0.4118737940055629,0.3570001994570096,0.23112599675854043,0.054873594548553284
40.82308197021485,41.98517540033476,40.60725111453781,533085000.0,0.0,0.0227929074633437,42.10410573346367,43.194706055348696,0.0,14.01540026855622,-0.8171770142470933,-0.191026687629516,-0.6261503266175773,0.1813764833052087,0.043118417616197,0.0,-0.0368362892496273,-0.0039085618948036,-0.0483939652967735,-0.0167186543548934,-0.085281413218192,-0.0822195969631803,1,2023-08-13,6.0,1.9459101490553132,0.6931471805599453,0.06927626207470888,0.181048188979427,0.7496755483249824,-0.11177192690471813
43.71882629394531,43.76579047022575,40.27951704196354,690286000.0,0.0685311609656082,0.0376190602506472,42.50778587358408,43.26458875382825,0.2948891827757298,36.55586518664615,-0.6964687075912082,-0.2921150916218544,-0.4043536159693537,0.1807836128379244,0.4132453242873152,0.0,0.0,-0.0368362892496273,-0.0039085618948036,-0.0483939652967735,0.0281759498421172,-0.0207475644352953,1,2023-08-14,9.0,2.302585092994046,0.6931471805599453,0.2630603497640954,0.25448169145319194,0.4824579585757519,0.008578658310903486
43.90567779541016,45.23264344321466,43.67585790214367,676512000.0,0.0042648294931473,0.0373958961870584,42.8572588540406,43.35006729270584,-0.0199540480322648,38.366709550440106,-0.5790541742528887,-0.3495029081480613,-0.2295512661048274,0.1800759490440115,0.4456185172769729,0.0685311609656082,0.0,0.0,-0.0368362892496273,-0.0039085618948036,0.0366140713555094,-0.0165623013939655,0,2023-08-15,13.0,2.6390573296152584,0.7636310830118034,0.17466589756444947,0.18140394198901383,0.6439301543606288,-0.0067380444245643545
43.4520378112793,44.6401083875963,43.37209846107277,527451000.0,-0.0103858957093508,0.031957549975005,43.00595359335028,43.36366336184896,-0.2203375549879381,45.76714455361193,-0.5166516277874038,-0.3829326520759298,-0.1337189757114739,0.1783762104545196,0.4027284312122426,0.0042648294931473,0.0685311609656082,0.0,0.0,-0.0368362892496273,0.064398759578774,-0.0267233257623438,0,2023-08-16,14.0,2.70805020110221,0.6931471805599453,0.1762179007221545,0.1517341238047395,0.6720479681555714,0.024483776917415018
43.310150146484375,44.02758789498413,42.96741571162868,452395000.0,-0.0032707287500144,0.0319351542520372,43.0820027316338,43.356528266467016,-0.14229947426396,43.59764001307486,-0.4731916500811337,-0.4009844516769706,-0.072207198404163,0.171673556674736,0.4022797886364423,-0.0103858957093508,0.0042648294931473,0.0685311609656082,0.0,0.0,0.0609230870438477,-0.0456436118369317,0,2023-08-17,13.0,2.6390573296152584,0.6931471805599453,0.1354584762683281,0.1063848627158082,0.7581566549264467,0.029073613552519903
43.26517868041992,43.543960081000186,41.62745897404412,583768000.0,-0.0010388980491015,0.026932368478876,43.12779671883033,43.34434832166074,0.2903944561721505,42.349022104437175,-0.4373367799394145,-0.4082549173294594,-0.0290818626099551,0.163117964268958,0.4145568594653318,-0.0032707287500144,-0.0103858957093508,0.0042648294931473,0.0685311609656082,0.0,0.0598214684522562,-0.0305616041363318,0,2023-08-18,9.0,2.302585092994046,0.6931471805599453,0.16769857911600006,0.2296436097886827,0.6026578048865,-0.061945030672682644
43.26517868041992,43.543960081000186,41.62745897404412,583768000.0,0.0,0.026932368478876,43.16214220922773,43.3337923694953,0.0,42.349022104437175,-0.4042614625356293,-0.4074562263706934,0.0031947638350641,0.152225771024311,0.4339976779920311,-0.0010388980491015,-0.0032707287500144,-0.0103858957093508,0.0042648294931473,0.0685311609656082,-0.0103764819868509,0.017507100619267,0,2023-08-19,7.0,2.0794415416798357,0.6931471805599453,0.14937994416270933,0.36742977851203507,0.4831902749304261,-0.21804983434932573
43.26517868041992,43.543960081000186,41.62745897404412,583768000.0,0.0,0.026932368478876,43.18790132702578,43.32464387761858,0.0,42.349022104437175,-0.3737407840849656,-0.4007131379135479,0.0269723538285823,0.138608576751532,0.4556280475314095,0.0,-0.0010388980491015,-0.0032707287500144,-0.0103858957093508,0.0042648294931473,-0.0145880703168916,0.0214918723910957,1,2023-08-20,4.0,1.6094379124341003,0.6931471805599453,0.17942569404840464,0.38311588438227767,0.43745839968323713,-0.20369019033387303
46.93031692504883,47.02823995825299,44.1874618900852,692573000.0,0.0813157589705178,0.0317077067600489,44.12350522653154,43.80540028394262,0.1863839744556057,56.482094675500925,-0.053193716962788,-0.3312092537233959,0.2780155367606078,0.1431080732535445,1.041361379301886,0.0,0.0,-0.0010388980491015,-0.0032707287500144,-0.0103858957093508,0.0800486994160407,0.1496024959431019,0,2023-08-21,6.0,1.9459101490553132,0.6931471805599453,0.1845264568304022,0.18016214575618505,0.6353113998969396,0.004364311074217142
45.6323356628418,48.1493695012767,45.29759818989422,755293000.0,-0.0280473022975451,0.0348950679246522,44.50071283560911,44.048991667795846,0.0905608506251327,54.01536841693824,0.0950106790048792,-0.2459652671777409,0.3409759461826201,0.1485770326758423,0.8095652477382888,0.0813157589705178,0.0,0.0,-0.0010388980491015,-0.0032707287500144,0.0536175817563153,0.1178072174005837,1,2023-08-22,37.0,3.6375861597263857,0.6931471805599451,0.24300760823629194,0.1716275024101944,0.5853648890011216,0.07138010582609755
47.07920455932617,47.16313859123231,45.17269372042857,779046000.0,0.0312148061080082,0.0352769662230213,45.14533576653837,44.453020053333226,0.0314487225487327,69.26520073103319,0.3254622324996106,-0.1316797672422706,0.4571419997418812,0.1634628671690279,0.9646606738245436,-0.0280473022975451,0.0813157589705178,0.0,0.0,-0.0010388980491015,0.0881546313971961,0.1532496393505,1,2023-08-23,32.0,3.4965075614664802,0.8004592807001061,0.17628195769818347,0.28600223076825027,0.5377158136484258,-0.10972027307006679
47.12615966796875,50.22673658703904,47.12216498787686,1156044000.0,0.0009968670662476,0.0350160049625326,45.640541741895966,44.809438668617965,0.4839226438490154,70.36940047052448,0.5060521792889148,-0.0041333779360335,0.5101855572249483,0.1762298154916766,0.919809856328947,0.0312148061080082,-0.0280473022975451,0.0813157589705178,0.0,0.0,0.089239917765465,0.0779374393794127,0,2023-08-24,94.0,4.553876891600541,0.7416206381557625,0.1561402326492274,0.17350608067608364,0.6703536835175608,-0.01736584802685623
45.98206329345703,47.76766646596761,44.98883627533257,925341000.0,-0.0245768617601146,0.0375242076424534,45.72592212978624,44.965788618596505,-0.1995624734006664,72.77869966320303,0.5505061056808671,0.1067945187873466,0.4437115868935205,0.1805414735260157,0.7565371894057452,0.0009968670662476,0.0312148061080082,-0.0280473022975451,0.0813157589705178,0.0,0.062796102914667,0.0472919586328295,0,2023-08-25,65.0,4.189654742026425,0.6993851053000709,0.17211669742875552,0.18159007044337414,0.646293243343598,-0.009473373014618619
45.98206329345703,47.76766646596761,44.98883627533257,925341000.0,0.0,0.0375242076424534,45.789957420703935,45.10129190857791,0.0,72.77869966320303,0.5790611066354643,0.2012478363569701,0.3778132702784941,0.1845164384126562,0.7423981919285932,-0.0245768617601146,0.0009968670662476,0.0312148061080082,-0.0280473022975451,0.0813157589705178,-0.0202055663315938,0.0582257037786382,0,2023-08-26,27.0,3.332204510175204,0.6931471805599451,0.2679480214223819,0.10518228414433974,0.626869697675661,0.16276573727804217
45.98206329345703,47.76766646596761,44.98883627533257,925341000.0,0.0,0.0375242076424534,45.83798388889221,45.218728093228464,0.0,72.77869966320303,0.5948342714103134,0.2799651233676388,0.3148691480426746,0.1867135074159467,0.7357312330854568,0.0,-0.0245768617601146,0.0009968670662476,0.0312148061080082,-0.0280473022975451,0.0076640309012281,0.061692539460973,1,2023-08-27,9.0,2.302585092994046,0.6931471805599453,0.07829486620095037,0.20779682219856316,0.7139083188441064,-0.12950195599761277
46.79841613769531,46.94330333520207,44.8529383474698,685192000.0,0.0175979670951288,0.0211131395153595,46.078091951092986,45.42935316582405,-0.2595248670490122,66.65589691407388,0.6655355901171944,0.3570792167175499,0.3084563733996445,0.1942153013596544,0.8086217010164803,0.0,0.0,-0.0245768617601146,0.0009968670662476,0.0312148061080082,-0.0059641708958151,0.0816646912144707,1,2023-08-28,6.0,1.9459101490553132,0.6931471805599453,0.2201599174489577,0.3065418130718171,0.4732982618734241,-0.08638189562285942
48.74589538574219,49.04266428440614,46.35476299443785,701397000.0,0.0407716375442586,0.022094591649624,46.74504280975529,45.87155879514647,0.0236503053158823,71.99025161941523,0.8686983799440782,0.4594030493628556,0.4092953305812225,0.210294870655238,0.9580183427231186,0.0175979670951288,0.0,0.0,-0.0245768617601146,0.0009968670662476,0.0343702039204003,0.1266773158573044,1,2023-08-29,13.0,2.6390573296152584,1.083545166347163,0.13590058581737086,0.27621127659492634,0.5878881570918081,-0.14031069077755548
49.22552108764648,49.88800143615993,48.387175707748206,735206000.0,0.0097912136189793,0.0199540188589348,47.36516237922809,46.318753767479805,0.0482023732636438,76.1685093457233,1.056232548992334,0.5787689492887513,0.4774635997035825,0.2240684669401832,0.9401234875330904,0.0407716375442586,0.0175979670951288,0.0,0.0,-0.0245768617601146,0.0705374566054102,0.1377630369044096,1,2023-08-30,20.0,3.044522437723423,0.8509972016174508,0.0511601146332565,0.1475816592458702,0.8012582375829498,-0.09642154461261368
49.31644821166992,49.70514430167567,48.91975894986802,528570000.0,0.0018454502274663,0.019918490401391,47.85298383733855,46.71844636003849,-0.2810586420676654,77.35009701418647,1.19837763664178,0.7026906867593571,0.4956869498824229,0.2227611294748637,0.905426980892855,0.0097912136189793,0.0407716375442586,0.0175979670951288,0.0,0.0,0.0725149042776285,0.0508441332376237,0,2023-08-31,12.0,2.5649493574615367,0.6931471805599453,0.15576208631197608,0.06091284984722731,0.7833250587185225,0.09484923646474877
48.47110748291016,49.76109942188399,48.10439357486219,463830000.0,-0.0172897621012418,0.0181347732543226,48.00751474873145,46.95213450975472,-0.1224814121119246,72.09503613203177,1.228653557302053,0.8078832608678963,0.4207702964341566,0.2097442658421931,0.7986505499835065,0.0018454502274663,0.0097912136189793,0.0407716375442586,0.0175979670951288,0.0,0.0541307634145964,0.0622096541593411,0,2023-09-01,17.0,2.8903717578961645,0.6931471805599453,0.1141588616677943,0.1805053424528416,0.7053357899627265,-0.0663464807850473
48.47110748291016,49.76109942188399,48.10439357486219,463830000.0,0.0,0.0181347732543226,48.123412932276125,47.154664239508776,0.0,72.09503613203177,1.2383722580210517,0.8939810602985274,0.3443911977225242,0.1903002277293732,0.7827412038917486,-0.0172897621012418,0.0018454502274663,0.0097912136189793,0.0407716375442586,0.0175979670951288,0.0357424777003836,0.0295651325593235,0,2023-09-02,8.0,2.1972245773362196,1.312184645195357,0.09444585680104982,0.07935666957496516,0.8261974628770292,0.015089187226084655
48.47110748291016,49.76109942188399,48.10439357486219,463830000.0,0.0,0.0181347732543226,48.21033656993463,47.33019000529563,0.0,72.09503613203177,1.23187412031632,0.961559672302086,0.270314448014234,0.1891234609699725,0.7558635068351484,0.0,-0.0172897621012418,0.0018454502274663,0.0097912136189793,0.0407716375442586,-0.0056371495621845,0.0285393043782338,0,2023-09-03,7.0,2.0794415416798357,0.6931471805599453,0.10775857791304584,0.045840757233755886,0.8464006526129586,0.061917820679289956
48.47110748291016,49.76109942188399,48.10439357486219,463830000.0,0.0,0.0177216837611049,48.27552929817851,47.48231233564423,0.0,59.49273853411317,1.2127445352734014,1.0117966448963491,0.2009478903770523,0.186677794899651,0.7316236088233242,0.0,0.0,-0.0172897621012418,0.0018454502274663,0.0097912136189793,-0.0153256601061284,0.0541307634145964,1,2023-09-04,4.0,1.6094379124341003,1.9347309393598644,0.20047074814751767,0.05044439389821465,0.7490848739948489,0.15002635424930302
48.51008605957031,48.81285082996846,47.82262363775037,382653000.0,0.0008038378851655,0.0081188694536558,48.33416848852646,47.61934883216771,-0.175014552745618,70.9851826754192,1.1870459202266446,1.0468464999624083,0.1401994202642362,0.1791668910136577,0.7144679989031292,0.0,0.0,0.0,-0.0172897621012418,0.0018454502274663,-0.0163507750728244,0.0549784543155331,0,2023-09-05,7.0,2.0794415416798357,0.9902102579427791,0.38242447562515725,0.03790612192824478,0.5796693980693817,0.34451835369691247
47.02811813354492,48.515077394105326,46.54745522657099,468670000.0,-0.0310260553283782,0.0126996389831084,48.00765589978107,47.54051807235134,0.224791129299914,49.62936394069824,1.035164425219591,1.044510085013845,-0.0093456597942538,0.1648681979818457,0.5164481998236514,0.0008038378851655,0.0,0.0,0.0,-0.0172897621012418,-0.0297700924179213,0.0227491931671699,0,2023-09-06,9.0,2.302585092994046,0.6931471805599453,0.22939231081141362,0.42856168219198776,0.34204599757989246,-0.19916937138057414
46.20868682861328,46.31161549020898,45.1204471460448,433330000.0,-0.0175778739792484,0.0126881736371899,47.55791363198912,47.362940573186265,-0.0754048690976593,44.01455559736482,0.8390044669121721,1.0034089613935104,-0.1644044944813383,0.1483251504767768,0.3797117779349582,-0.0310260553283782,0.0008038378851655,0.0,0.0,0.0,-0.0466756542563949,-0.0126014800874214,0,2023-09-07,11.0,2.4849066497880004,0.6931471805599453,0.19140551476316012,0.21211729859086598,0.5964771739461204,-0.02071178382770586
45.540157318115234,46.57343525598355,45.23936893896436,473069000.0,-0.0145732918725755,0.0124421847108,47.05347455352065,47.11990280584346,0.0917060900468464,46.92635597416126,0.6224265959830078,0.92721248831141,-0.3047858923284021,0.1312983865168971,0.2381092237136576,-0.0175778739792484,-0.0310260553283782,0.0008038378851655,0.0,0.0,-0.0604679842693569,-0.0657642667604913,0,2023-09-08,11.0,2.4849066497880004,0.6931471805599453,0.2140048388391733,0.20093881034038283,0.5850563340566374,0.01306602849879046
45.540157318115234,46.57343525598355,45.23936893896436,473069000.0,0.0,0.0124421847108,46.675145244669295,46.90927007414636,0.0,46.92635597416126,0.4456498982922596,0.8308999703075799,-0.3852500720153202,0.1110346307077921,0.1693897938956471,-0.0145732918725755,-0.0175778739792484,-0.0310260553283782,0.0008038378851655,0.0,-0.0604679842693569,-0.0748669326012705,0,2023-09-09,12.0,2.5649493574615367,0.6931471805599453,0.13246928357208765,0.16901022560584048,0.6985204873296122,-0.03654094203375283
45.540157318115234,46.57343525598355,45.23936893896436,473069000.0,0.0,0.0124421847108,46.39139826303078,46.72672170667555,0.0,46.92635597416126,0.3020710052491751,0.725134177295899,-0.4230631720467239,0.1158515786608642,0.1953792255240427,0.0,-0.0145732918725755,-0.0175778739792484,-0.0310260553283782,0.0008038378851655,-0.0612229122374264,-0.0765726452429534,0,2023-09-10,8.0,2.1972245773362196,1.305842705440182,0.1474132794558152,0.024551527846122762,0.8280351615009197,0.12286175160969244
45.14643096923828,46.13073944810292,44.2810350025815,473966000.0,-0.0086832866955517,0.0118232209013411,46.08015643958265,46.51601627501725,0.0018961293172876,37.79202195675853,0.1547296452024511,0.6110532708772095,-0.4563236256747583,0.1187384017304798,0.1366894089651526,0.0,0.0,-0.0145732918725755,-0.0175778739792484,-0.0310260553283782,-0.0400119596315389,-0.0685908923134072,0,2023-09-11,1.0,0.6931471805599453,0.6931471805599453,0.029080724343657403,0.1336698830127716,0.837249457836151,-0.1045891586691142
44.83864212036133,45.64108235714804,44.49987832466093,349256000.0,-0.006840913467887,0.0109645743679889,45.76977785977732,46.29236638772979,-0.2631201394192832,11.890242314335197,0.0129750002958601,0.4914376167609396,-0.4784626164650795,0.1270961094994296,0.1270496460580034,-0.0086832866955517,0.0,0.0,-0.0145732918725755,-0.0175778739792484,-0.0296490725506528,-0.0749408369476508,1,2023-09-12,11.0,2.4849066497880004,0.6931471805599453,0.27164331357926136,0.1678615295412865,0.560495157472112,0.10378178403797486
45.45322036743164,45.897909142211645,44.47190423136672,398355000.0,0.0136133583121364,0.0105129904730102,45.6906384866909,46.18048025169004,0.1405816936573745,14.150274432464954,-0.0492080094834221,0.3833084915120673,-0.4325165009954895,0.1309702091588804,0.2508999768396166,-0.006840913467887,-0.0086832866955517,0.0,0.0,-0.0145732918725755,-0.0019090173553047,-0.0622615671932512,1,2023-09-13,8.0,2.1972245773362196,0.6931471805599453,0.147576285758987,0.15983934048563236,0.6925843618810177,-0.01226305472664535
45.54915618896485,45.95487076893904,45.0994698183301,370097000.0,0.002108425311588,0.0090813396940904,45.65526791225939,46.09630370999335,-0.0709367272909842,14.2319251472087,-0.0897131167439297,0.2887041698608679,-0.3784172866047977,0.1325476865977756,0.2726395677191138,0.0136133583121364,-0.006840913467887,-0.0086832866955517,0.0,0.0,0.0001976029811832,-0.0602823299421315,0,2023-09-14,8.0,2.1972245773362196,0.6931471805599453,0.16831664321944115,0.17050163692329076,0.6611817190423608,-0.0021849937038496137
43.869327545166016,45.56713791255012,43.777388961117786,506831000.0,-0.0375767118860613,0.0159393429978237,45.20878282048605,45.79937355468304,0.3694544943622888,12.285223528852695,-0.2544289402653845,0.1800775478356174,-0.4345064881010019,0.144452495013793,0.0583435645695917,0.002108425311588,0.0136133583121364,-0.006840913467887,-0.0086832866955517,0.0,-0.0366891524172355,-0.095665847896156,0,2023-09-15,9.0,2.302585092994046,0.6931471805599453,0.046753839796615924,0.23839150721000296,0.714854652269019,-0.19163766741338703
43.869327545166016,45.56713791255012,43.777388961117786,506831000.0,0.0,0.0159393429978237,44.87391900165604,45.54203408674744,0.0,12.285223528852695,-0.3805803240469743,0.067945973459099,-0.4485262975060733,0.1549898466547525,0.102018650846751,-0.0375767118860613,0.002108425311588,0.0136133583121364,-0.006840913467887,-0.0086832866955517,-0.0282880262438121,-0.0671681265112277,0,2023-09-16,9.0,2.302585092994046,0.6931471805599453,0.12708804342481822,0.18856937655558184,0.6843425954381624,-0.06148133313076362
43.869327545166016,45.56713791255012,43.777388961117786,506831000.0,0.0,0.0159393429978237,44.62277113753353,45.31900654786992,0.0,12.285223528852695,-0.475079780581872,-0.0406591773490951,-0.4344206032327768,0.1650156775540056,0.1440668239250798,0.0,-0.0375767118860613,0.002108425311588,0.0136133583121364,-0.006840913467887,-0.0216178396436127,-0.0506259632982838,1,2023-09-17,2.0,1.0986122886681098,1.7005986908310777,0.05312247396413898,0.14516767636988154,0.8017098252487151,-0.09204520240574256
43.93527603149414,44.211084137750255,41.97065027461465,500271000.0,0.0015021649444977,0.0160477961140959,44.450897361023685,45.13450914568648,-0.0129431704059144,13.223268815953816,-0.5384429538228517,-0.1402159326438464,-0.3982270211790052,0.1675210306602493,0.1870286971079897,0.0,0.0,-0.0375767118860613,0.002108425311588,0.0136133583121364,-0.0333957489407097,-0.0352410132316932,0,2023-09-18,7.0,2.0794415416798357,1.321804754880919,0.10602985540618293,0.6101557818893247,0.28381438103543105,-0.5041259264831418
43.48958969116211,43.93527718281478,42.97195010223496,373064000.0,-0.0101959596433162,0.0162001778204549,44.21057044355829,44.9151865517499,-0.2542761823091884,11.81215227866106,-0.6175036898777648,-0.2356734840906301,-0.3818302057871346,0.1667354970077434,0.1629166218527634,0.0015021649444977,0.0,0.0,-0.0375767118860613,0.002108425311588,-0.0452163480100143,-0.0450276799139962,0,2023-09-19,4.0,1.6094379124341003,0.6931471805599453,0.059431750327348654,0.07023783400654787,0.8703304231166838,-0.010806083679199219
42.2094841003418,43.87232285154448,42.19349643912847,367108000.0,-0.0298766545035091,0.0164933238853422,43.71029885775417,44.55442622489549,-0.0159650890999936,12.186382288809083,-0.7745254682212348,-0.3434438809167511,-0.4310815873044837,0.1703792753267783,0.048857737895549,-0.0101959596433162,0.0015021649444977,0.0,0.0,-0.0375767118860613,-0.0378360813284706,-0.073137059990975,0,2023-09-20,13.0,2.6390573296152584,0.6931471805599453,0.18108339564731482,0.2578154090935221,0.5611012045007486,-0.07673201344620725
40.98833847045898,42.07058192849427,40.95136557382746,450736000.0,-0.029357338808251,0.0167457449224228,43.02980876093037,44.07894785763729,0.2278021726576375,11.463623292311825,-0.9861350545696296,-0.4719821156473268,-0.5141529389223028,0.185625843167218,-0.0181205970254202,-0.0298766545035091,-0.0101959596433162,0.0015021649444977,0.0,0.0,-0.0656720591794092,-0.0921023524896691,1,2023-09-21,7.0,2.0794415416798357,0.6931471805599453,0.09717256655650475,0.3388986083279763,0.5639288201928138,-0.24172604177147156
41.5809211730957,42.08556931771517,41.20218442357063,479236000.0,0.0143538377222315,0.0166167112409582,42.66758686397171,43.74587763303175,0.063229917290831,20.441667653947448,-1.0934164800787585,-0.5962689885336132,-0.4971474915451452,0.1893553798324442,0.0981575237933434,-0.029357338808251,-0.0298766545035091,-0.0101959596433162,0.0015021649444977,0.0,-0.0521641543220434,-0.0726543176423776,0,2023-09-22,6.0,1.9459101490553132,0.6931471805599453,0.12522050195063147,0.4593141324197252,0.41546536454310024,-0.3340936304690937
41.5809211730957,42.08556931771517,41.20218442357063,479236000.0,0.0,0.0166167112409582,42.39592044125271,43.45721677170694,0.0,20.441667653947448,-1.1650082923143543,-0.7100168492897615,-0.4549914430245928,0.1878532309123385,0.1328830504189236,0.0143538377222315,-0.029357338808251,-0.0298766545035091,-0.0101959596433162,0.0015021649444977,-0.053586891242262,-0.0851930658165319,0,2023-09-23,9.0,2.302585092994046,0.6931471805599453,0.18786862078640193,0.1572303562942478,0.6549010376135509,0.03063826449215412
41.5809211730957,42.08556931771517,41.20218442357063,479236000.0,0.0,0.0166167112409582,42.19217062421345,43.20704402522544,0.0,20.441667653947448,-1.2078222957204332,-0.8095779385758959,-0.3982443571445373,0.1807333947348188,0.1584672790586091,0.0,0.0143538377222315,-0.029357338808251,-0.0298766545035091,-0.0101959596433162,-0.0438879403466592,-0.0871198359725162,1,2023-09-24,3.0,1.3862943611198906,0.6931471805599453,0.08239947073161596,0.5991599457338452,0.3184406409660975,-0.5167604750022292
42.19249725341797,42.50627702068914,41.14822547100166,419091000.0,0.0146009786124774,0.0184554095096274,42.19225228151458,43.07177112231778,-0.1255018404293501,28.641660396343283,-1.1788149780701858,-0.8834253464747539,-0.2953896315954318,0.1630329158079129,0.2479575111934345,0.0,0.0,0.0143538377222315,-0.029357338808251,-0.0298766545035091,-0.0004024414722398,-0.0382232959924369,0,2023-09-25,2.0,1.0986122886681098,0.6931471805599453,0.07999177277088164,0.01399377360939975,0.9060144424438477,0.06599799916148189
41.881717681884766,42.79008299471649,41.62589602088143,402282000.0,-0.0073930154991274,0.0183739114231413,42.11461863160713,42.91309733026005,-0.0401082342498407,28.629278610641197,-1.1674461909956406,-0.9402295153789312,-0.2272166756167093,0.1557314611391749,0.2267407411644582,0.0146009786124774,0.0,0.0,0.0143538377222315,-0.029357338808251,0.02179593622878,-0.0453075069645161,1,2023-09-26,5.0,1.791759469228055,0.6931471805599453,0.3172872237861157,0.02519361227750776,0.6575191736221313,0.2920936115086079
42.43832778930664,42.84204867155756,41.599917076129024,444935000.0,0.0132025116766158,0.0158422488291064,42.19554592103201,42.8497947247996,0.1060276124708536,28.02620165039258,-1.1008328456472185,-0.9723501814325888,-0.1284826642146297,0.1490123381903669,0.3279915261219104,-0.0073930154991274,0.0146009786124774,0.0,0.0,0.0143538377222315,0.0206201929159211,-0.0326195963315388,1,2023-09-27,5.0,1.791759469228055,0.6931471805599453,0.08603213429450982,0.15764930509030814,0.7563185781240463,-0.07161717079579832
43.05888748168945,43.41563643301945,42.085569148140415,424663000.0,0.0145167439249481,0.0092373698089855,42.411381311196365,42.87767375905158,-0.0455617112611954,33.139279307108325,-0.9865944617722208,-0.9751990375005152,-0.0113954242717054,0.1433321136041346,0.4402821342477497,0.0132025116766158,-0.0073930154991274,0.0146009786124774,0.0,0.0,0.0355443378091884,-0.0199472639975327,1,2023-09-28,5.0,1.791759469228055,0.6931471805599453,0.2832070365548133,0.07114333733916278,0.6456496447324752,0.2120636992156505
43.46860122680664,44.11315092531868,43.27673406437453,397830000.0,0.0094702114512481,0.0087652920695673,42.67568629009894,42.95646408808559,-0.0631865738244207,46.72325872431429,-0.8531644951739423,-0.9507921290352008,0.0976276338612583,0.1362004736338634,0.5239863788053863,0.0145167439249481,0.0132025116766158,-0.0073930154991274,0.0146009786124774,0.0,0.0453977449381841,-0.0004826089301949,0,2023-09-29,9.0,2.302585092994046,0.6931471805599453,0.08464929958184556,0.5441631016631922,0.37118761127607686,-0.4595138020813466
43.46860122680664,44.11315092531868,43.27673406437453,397830000.0,0.0,0.0087652920695673,42.87391502427586,43.024749039915065,0.0,46.72325872431429,-0.7389026752445389,-0.9084142382770684,0.1695115630325294,0.1278446218440097,0.5443594492222826,0.0094702114512481,0.0145167439249481,0.0132025116766158,-0.0073930154991274,0.0146009786124774,0.0302448078795642,0.0298301946423138,0,2023-09-30,5.0,1.791759469228055,2.17136856570942,0.04794604042783168,0.2950690511377229,0.6569848796661367,-0.24712301070989123
43.46860122680664,44.11315092531868,43.27673406437453,397830000.0,0.0,0.0087652920695673,43.02258657490856,43.08392933150061,0.0,46.72325872431429,-0.6409607630463512,-0.854923543230925,0.2139627801845738,0.1212359497167611,0.5629087128655457,0.0,0.0094702114512481,0.0145167439249481,0.0132025116766158,-0.0073930154991274,0.0378896481031449,0.0605114246857121,1,2023-10-01,4.0,1.6094379124341003,0.6931471805599453,0.03964526578783983,0.17934366548433897,0.7810110300779344,-0.13969839969649914
44.75070190429688,45.14342496714759,43.83034418769884,433298000.0,0.0290682630243433,0.0121060581522539,43.45461540725564,43.30616567454012,0.0891536585978935,55.56159753057254,-0.4546454129710966,-0.7748679171789594,0.3202225042078628,0.1207030651705784,0.8102850779947744,0.0,0.0,0.0094702114512481,0.0145167439249481,0.0132025116766158,0.0544878706453861,0.0762316139655927,0,2023-10-02,4.0,1.6094379124341003,0.6931471805599453,0.03964526578783983,0.17934366548433897,0.7810110300779344,-0.13969839969649914
43.48658752441406,45.098463094837925,43.2157769974795,470850000.0,-0.028654571831851,0.0179757977640092,43.462608436545246,43.33022192118998,0.0866655281122923,49.98158019030215,-0.4043317369429999,-0.7007606811317676,0.2964289441887676,0.1102773569139553,0.594760368396891,0.0290682630243433,0.0,0.0,0.0094702114512481,0.0145167439249481,0.0099329097368454,0.0458303062451486,1,2023-10-03,5.0,1.791759469228055,0.6931471805599453,0.09311764687299723,0.1986545296385884,0.708227828145027,-0.10553688276559117
44.01022720336914,44.11215712134903,43.26175000991843,361821000.0,0.0119694855710792,0.017892122309247,43.59951312825122,43.4208892921472,-0.2315578209620898,62.17899631782306,-0.3185325948739361,-0.6243150638802013,0.3057824690062651,0.0985040234467929,0.7482009644020755,-0.028654571831851,0.0290682630243433,0.0,0.0,0.0094702114512481,0.0124601657581859,0.0584235741233478,1,2023-10-04,5.0,1.791759469228055,0.6931471805599453,0.09311764687299723,0.1986545296385884,0.708227828145027,-0.10553688276559117
44.656776428222656,44.86863010408986,43.85733614690028,393483000.0,0.0145840201670035,0.0178979807475353,43.86382895324408,43.58567424362393,0.0875073586110259,76.90170458391916,-0.1961044673970562,-0.5386729445835723,0.342568477186516,0.1029849279010009,0.8742978114356187,0.0119694855710792,-0.028654571831851,0.0290682630243433,0.0,0.0,0.0273341024988693,0.0584056250570723,1,2023-10-05,3.0,1.3862943611198906,0.6931471805599453,0.07871602723995841,0.15568435440460843,0.7655996282895406,-0.07696832716465002
45.73002624511719,45.75700780664416,43.99523916079719,434436000.0,0.023749048068146,0.0192292299207791,44.33037827621236,43.87158784382303,0.1040781939753432,78.42283813666108,-0.0123348155486837,-0.4334053187765946,0.4210705032279108,0.1162756006808662,1.0264274764927874,0.0145840201670035,0.0119694855710792,-0.028654571831851,0.0290682630243433,0.0,0.0520243337601566,0.0918851655622745,0,2023-10-06,3.0,1.3862943611198906,0.6931471805599453,0.07871602723995841,0.15568435440460843,0.7655996282895406,-0.07696832716465002
45.73002624511719,45.75700780664416,43.99523916079719,434436000.0,0.0,0.0192292299207791,44.68029026843857,44.11937963066225,0.0,78.42283813666108,0.1317848241108521,-0.3203672901991052,0.4521521143099574,0.1274857675855422,0.9622044328604036,0.023749048068146,0.0145840201670035,0.0119694855710792,-0.028654571831851,0.0290682630243433,0.0218839995608266,0.0775642827434865,0,2023-10-07,7.0,2.0794415416798357,0.6931471805599453,0.09571198320814539,0.09163047958697587,0.812657560620989,0.004081503621169519
45.73002624511719,45.75700780664416,43.99523916079719,434436000.0,0.0,0.0192292299207791,44.94272426260822,44.334132512589576,0.0,78.42283813666108,0.2431972503499579,-0.2076543820892926,0.4508516324392506,0.1370099783458913,0.9140475448319296,0.0,0.023749048068146,0.0145840201670035,0.0119694855710792,-0.028654571831851,0.0515892105685142,0.0620345512773319,0,2023-10-08,2.0,1.0986122886681098,0.6931471805599453,0.051467940211296054,0.2552688270807266,0.6932632029056549,-0.20380088686943057
45.24135971069336,45.57312842393476,44.3369933910708,409675000.0,-0.0107434052909914,0.0175095100068948,45.017383124629504,44.455096139003416,-0.0569957370015375,71.24351656787024,0.2887327638841128,-0.1083769528946115,0.3971097167787243,0.1426118779242375,0.8037956254092443,0.0,0.0,0.023749048068146,0.0145840201670035,0.0119694855710792,0.0279737821310308,0.040782505851453,1,2023-10-09,6.0,1.9459101490553132,0.6931471805599453,0.046017853543162304,0.1992663793886701,0.754715750614802,-0.1532485258455078
45.7660026550293,46.22667910442184,45.056499625489394,368582000.0,0.011529809077006,0.0115142518178099,45.20453800722945,44.62988367447353,-0.100306340391774,76.28122799663845,0.3629701929660598,-0.0141075237224772,0.377077716688537,0.1478729082494329,0.8456570125686019,-0.0107434052909914,0.0,0.0,0.023749048068146,0.0145840201670035,0.0248389229032128,0.0528519750666802,1,2023-10-10,5.0,1.791759469228055,0.6931471805599453,0.10589976646006102,0.3359675288200378,0.5581326909363269,-0.23006776235997675
46.77329254150391,46.8262569088581,46.01782030265103,378137000.0,0.0217708524676941,0.0127107339196948,45.59672664079807,44.915671523410914,0.0259236750573821,77.64460210368371,0.4973506176012776,0.0881841045422737,0.4091665130590039,0.1502372252715686,0.9470165264288692,0.011529809077006,-0.0107434052909914,0.0,0.0,0.023749048068146,0.0228135949626338,0.0760247908013955,1,2023-10-11,8.0,2.1972245773362196,1.1223955811205886,0.0935228576271005,0.09407310348836079,0.8124040205467656,-0.0005502458612602901
46.91218948364258,47.57572687289941,46.297621446476896,481325000.0,0.0029651775473547,0.0125719632431007,45.9255923515092,45.18187391810847,0.2728852241383415,76.18136502232669,0.608046710718547,0.1921566257775283,0.4158900849410186,0.1536501630112247,0.9156023848438044,0.0217708524676941,0.011529809077006,-0.0107434052909914,0.0,0.0,0.0258509197477578,0.0483006408249915,0,2023-10-12,7.0,2.0794415416798357,0.6931471805599453,0.08333369450909747,0.08285219421876325,0.8338141271046231,0.0004815002903342247
45.429229736328125,47.08307579073531,45.24835646569822,474115000.0,-0.0321218207144005,0.0171109575738956,45.80150169771393,45.2148546938711,-0.0149794837168233,61.62596638568023,0.5695463284951003,0.2676345663210427,0.3019117621740576,0.1453690108477311,0.6771454932014832,0.0029651775473547,0.0217708524676941,0.011529809077006,-0.0107434052909914,0.0,-0.0065776587832415,0.0446722155612562,0,2023-10-13,3.0,1.3862943611198906,0.6931471805599453,0.041552642360329566,0.21753314137458798,0.7409142057100933,-0.1759804990142584
45.429229736328125,47.08307579073531,45.24835646569822,474115000.0,0.0,0.0171109575738956,45.70843370736748,45.24343803286537,0.0,61.62596638568023,0.5328916549183802,0.3206859840405102,0.2122056708778699,0.1344153492725926,0.6585703951901762,-0.0321218207144005,0.0029651775473547,0.0217708524676941,0.011529809077006,-0.0107434052909914,0.0041526166949035,0.0322425632206315,0,2023-10-14,2.0,1.0986122886681098,0.6931471805599453,0.055294698104262296,0.07380285533145066,0.8709024190902711,-0.018508157227188363
45.429229736328125,47.08307579073531,45.24835646569822,474115000.0,0.0,0.0171109575738956,45.63863271460764,45.26821025999374,0.0,61.62596638568023,0.4981007664475214,0.3561689405219125,0.1419318259256089,0.1260238473207204,0.6397505162629183,0.0,-0.0321218207144005,0.0029651775473547,0.0217708524676941,0.011529809077006,-0.0073585827724493,0.0172975608606018,1,2023-10-15,3.0,1.3862943611198906,0.6931471805599453,0.06467261413733157,0.3282889400919279,0.6070384532213212,-0.26361632595459633
46.06279373168945,46.19270015345539,44.88061784699003,375099000.0,0.0138498220654758,0.0172871517206583,45.74467296887809,45.3741547228865,-0.2088438459023655,58.42859572332518,0.5157073034128814,0.3880766131001063,0.127630690312775,0.1141078094929646,0.736570046918369,0.0,0.0,-0.0321218207144005,0.0029651775473547,0.0217708524676941,-0.0151902671633389,0.0072767831968563,0,2023-10-16,2.0,1.0986122886681098,0.6931471805599453,0.35473553510382766,0.5291867777705193,0.1160776484757661,-0.1744512426666916
43.90729904174805,44.72273077097073,42.45031760329598,812333000.0,-0.0479249752881091,0.0250253926042344,45.28532948709558,45.17857396540138,1.165649601838448,52.424863252813104,0.3516762980951071,0.3807965500991065,-0.0291202520039993,0.1042814599338635,0.2826663348391101,0.0138498220654758,0.0,0.0,-0.0321218207144005,0.0029651775473547,-0.0640535109311468,-0.039858433354032,0,2023-10-17,1.0,0.6931471805599453,0.6931471805599453,0.0785716027021408,0.0327578596770763,0.88867050409317,0.045813743025064496
42.16651916503906,43.18880707493327,41.79577997825451,627294000.0,-0.0404540500174515,0.0245965191570853,44.505626906581455,44.776966658686405,-0.2277871267078894,40.68090081842452,0.0802886393981907,0.3206949679589234,-0.2404063285607326,0.112273146968569,-0.0386767407656481,-0.0479249752881091,0.0138498220654758,0.0,0.0,-0.0321218207144005,-0.0718196322109329,-0.077924885959553,0,2023-10-18,11.0,2.4849066497880004,0.6931471805599453,0.04460934278639876,0.18543031269853757,0.7699603346938437,-0.14082096991213883
42.07158279418945,43.26674621056965,41.85273405618411,501233000.0,-0.002254001665171,0.0240406379928634,43.897115878483454,44.41624881008681,-0.2009599964291065,36.16134603690101,-0.1408252611232754,0.2283909221424836,-0.369216183265759,0.1227881506328616,0.0021261262423836,-0.0404540500174515,-0.0479249752881091,0.0138498220654758,0.0,0.0,-0.0739093962549332,-0.0700636969528281,0,2023-10-19,7.0,2.0794415416798357,0.6931471805599453,0.11551905024264539,0.2613322862557002,0.6231486882482257,-0.14581323601305482
41.35807418823242,42.44031742392992,41.049288238076365,477266000.0,-0.0171048528298066,0.0229620209956357,43.2623554559207,44.008492193839565,-0.0478160855330754,25.65928723706561,-0.3693758667235798,0.1088375643692709,-0.4782134310928507,0.1389918491993701,-0.0387153173860375,-0.002254001665171,-0.0404540500174515,-0.0479249752881091,0.0138498220654758,0.0,-0.0896153329414728,-0.0963144738687917,0,2023-10-20,10.0,2.3978952727983707,0.7847762537473608,0.12013081159914,0.2499588348438526,0.6299103208350905,-0.1298280232447126
41.35807418823242,42.44031742392992,41.049288238076365,477266000.0,0.0,0.0229620209956357,42.78628513899863,43.65510312642528,0.0,25.65928723706561,-0.5442303199235496,-0.0217760124892931,-0.5224543074342565,0.1530097698538723,0.0249444635414342,-0.0171048528298066,-0.002254001665171,-0.0404540500174515,-0.0479249752881091,0.0138498220654758,-0.1021370864056029,-0.1157758639391557,0,2023-10-21,5.0,1.791759469228055,0.6931471805599453,0.06507304981350893,0.10553466379642483,0.8293922781944274,-0.040461613982915895
41.35807418823242,42.44031742392992,41.049288238076365,477266000.0,0.0,0.0229620209956357,42.42923240130708,43.3488326013329,0.0,25.65928723706561,-0.6750224947107242,-0.1524253089335793,-0.5225971857771448,0.166791086156514,0.0854230659396309,0.0,-0.0171048528298066,-0.002254001665171,-0.0404540500174515,-0.0479249752881091,-0.0580592500370329,-0.1183938621612784,1,2023-10-22,9.0,2.302585092994046,0.6931471805599453,0.11013810647030667,0.15958470437261787,0.7302772038512759,-0.04944659790231121
42.94497299194336,43.21778487682209,40.91639251850647,478530000.0,0.0376519313831898,0.0287139276491663,42.55816754896615,43.294984653414296,0.0026484182824673,38.60803090825549,-0.6432122143224746,-0.2505826900113584,-0.3926295243111161,0.1685492896410228,0.3051508867821896,0.0,0.0,-0.0171048528298066,-0.002254001665171,-0.0404540500174515,0.0184614201579562,-0.0546841044588126,1,2023-10-23,1.0,0.6931471805599453,0.6931471805599453,0.0606642477214336,0.0527269393205642,0.8866087794303895,0.007937308400869397
43.63248443603516,43.66646107168209,42.6611674055464,401463000.0,0.0158823304917688,0.0244896965187223,42.8267467707334,43.339984624430414,-0.1610494639834493,39.5843025107297,-0.5561153584859184,-0.3116892237062704,-0.2444261347796479,0.1691683127022681,0.3998620276350088,0.0376519313831898,0.0,0.0,-0.0171048528298066,-0.002254001665171,0.0371010914773874,-0.0395504240490385,0,2023-10-24,8.0,2.1972245773362196,0.6931471805599453,0.2565605691634118,0.17019288585288447,0.5732465400360525,0.08636768331052733
41.749813079833984,43.61950822005005,41.52597053911099,398379000.0,-0.0441069546538961,0.0254915198871641,42.55751334800855,43.12796175181756,-0.0076819034381748,27.406767907222047,-0.6317241937697844,-0.3756962177189732,-0.2560279760508111,0.1777050406186147,0.1833679060262594,0.0158823304917688,0.0376519313831898,0.0,0.0,-0.0171048528298066,0.0094718842521208,-0.0809922747501888,0,2023-10-25,7.0,2.0794415416798357,0.6931471805599453,0.3515871859022549,0.048884928226470906,0.5995278821459838,0.302702257675784
40.29782104492188,42.22647269652664,39.852133556535904,541001000.0,-0.035397575030448,0.0285652397794038,41.99259027223688,42.7506096575648,0.3580058185797945,23.394208375364,-0.7995911735576016,-0.4604752088866989,-0.3391159646709026,0.1926803986551078,0.0668399145735236,-0.0441069546538961,0.0158823304917688,0.0376519313831898,0.0,0.0,-0.025635940843982,-0.1251546469445142,1,2023-10-26,4.0,1.6094379124341003,0.6931471805599453,0.13120462954975662,0.39564338396303356,0.47315198043361306,-0.2644387544132769
40.4717025756836,41.177210573030834,39.987040836148445,416784000.0,0.0043056289449662,0.0283425934670581,41.61236834809856,42.44675537998064,-0.2296058602479478,27.711443434546467,-0.9081278455977468,-0.5500057362289086,-0.3581221093688382,0.2024400622204346,0.1346118567544038,-0.035397575030448,-0.0441069546538961,0.0158823304917688,0.0376519313831898,0.0,-0.0214316461766255,-0.0782465909095845,0,2023-10-27,8.0,2.1972245773362196,0.8811568551569795,0.04969773485316086,0.19413037410808534,0.7561718926356221,-0.14443263925492447
40.4717025756836,41.177210573030834,39.987040836148445,416784000.0,0.0,0.0283425934670581,41.327201904994816,42.18341500607437,0.0,27.711443434546467,-0.9828146644827812,-0.6365675218796831,-0.3462471426030979,0.209034265857226,0.1729498211228477,0.0043056289449662,-0.035397575030448,-0.0441069546538961,0.0158823304917688,0.0376519313831898,-0.0575916165257284,-0.0401934193980296,0,2023-10-28,3.0,1.3862943611198906,0.6931471805599453,0.03570583835244173,0.0517928798993428,0.912501295407613,-0.01608704154690107
40.4717025756836,41.177210573030834,39.987040836148445,416784000.0,0.0,0.0283425934670581,41.11332707266701,41.955186682022266,0.0,27.711443434546467,-1.0301298113074395,-0.7152799797652345,-0.314849831542205,0.2149041030447789,0.2058128375196637,0.0,0.0043056289449662,-0.035397575030448,-0.0441069546538961,0.0158823304917688,-0.0724410241865837,-0.0380275737742583,1,2023-10-29,2.0,1.0986122886681098,0.6931471805599453,0.5830738842487335,0.025878183078020797,0.3910479210317135,0.5571957011707127
41.13224411010742,41.73682099798971,40.45271885502617,388028000.0,0.0161893140756029,0.0240332544474532,41.11805633202712,41.84546100576696,-0.0689949710161618,27.88637432171359,-1.0027679399902991,-0.7727775718102475,-0.2299903681800518,0.2124939790873046,0.298584554676516,0.0,0.0,0.0043056289449662,-0.035397575030448,-0.0441069546538961,-0.0147921373574929,-0.0054603625182638,0,2023-10-30,2.0,1.0986122886681098,0.6931471805599453,0.06849592924118035,0.03872322291135786,0.8927808403968811,0.02977270632982249
40.751502990722656,40.85043664876845,39.20258684468398,517969000.0,-0.0092996199326173,0.0219808041224394,41.026417996701,41.69959993709438,0.3348753182760007,33.16632732336886,-1.0002755324991313,-0.8182771639480243,-0.1819983685511069,0.2013668275311205,0.2766849317496031,0.0161893140756029,0.0,0.0,0.0043056289449662,-0.035397575030448,0.0112582252349335,-0.0146663308051793,1,2023-10-31,2.0,1.0986122886681098,0.6931471805599453,0.09681181237101551,0.0578326545655727,0.8453555405139924,0.03897915780544281
42.2954330444336,42.35139367956083,40.84044890706074,437593000.0,0.0371863921562455,0.0222817090759701,41.343671758634144,41.77904435140628,-0.1551753097193074,50.70240447889378,-0.8637611288125981,-0.8273739569209391,-0.036387171891659,0.1792916487273417,0.4810697289894313,-0.0092996199326173,0.0161893140756029,0.0,0.0,0.0043056289449662,0.0450618667534323,0.0226644705924889,1,2023-11-01,3.0,1.3862943611198906,0.6931471805599453,0.30705342317620915,0.31748971017077565,0.37545686960220337,-0.010436286994566502
43.4755973815918,43.853331578454224,42.864025551225126,409172000.0,0.0275206865822483,0.0167546325435123,41.87665316437356,42.00525142209768,-0.0649484795232099,56.84094896806042,-0.6528178041132264,-0.7924627263593965,0.1396449222461701,0.1688492064925466,0.6585878782247201,0.0371863921562455,-0.0092996199326173,0.0161893140756029,0.0,0.0,0.0742221012395218,0.012355913921473,1,2023-11-02,2.0,1.0986122886681098,2.860155888303706,0.04154022797912677,0.6382747096700061,0.3201850055495714,-0.5967344816908793
44.97355270385742,45.27733731815709,43.69244703893823,424610000.0,0.033874798351407,0.0184712200939654,42.650878049244525,42.40102492633231,0.0377298544377424,66.36512947738696,-0.3606142869274222,-0.7060930384730016,0.3454787515455794,0.1652587432410784,0.8795683352464787,0.0275206865822483,0.0371863921562455,-0.0092996199326173,0.0161893140756029,0.0,0.1112345130466205,0.0307355468100438,0,2023-11-03,3.0,1.3862943611198906,2.575551221615881,0.14050899603294445,0.022820976817618816,0.8366700181188407,0.11768801921532564
44.97355270385742,45.27733731815709,43.69244703893823,424610000.0,0.0,0.0184712200939654,43.23154671289775,42.744028630002326,0.0,66.36512947738696,-0.1275703428425032,-0.590388499346902,0.4628181565043987,0.1615502205815396,0.89182520825839,0.033874798351407,0.0275206865822483,0.0371863921562455,-0.0092996199326173,0.0161893140756029,0.093389229711541,0.0772156660404443,0,2023-11-04,6.0,1.9459101490553132,1.9931914275917604,0.298341922760133,0.09803963808967771,0.6036184231885378,0.2003022846704553
44.97355270385742,45.27733731815709,43.69244703893823,424610000.0,0.0,0.0184712200939654,43.66704821063768,43.04129850651634,0.0,66.36512947738696,0.0564677369145414,-0.4610172520946133,0.5174849890091547,0.1510805279622651,0.9280522135642691,0.0,0.033874798351407,0.0275206865822483,0.0371863921562455,-0.0092996199326173,0.1036047606414896,0.1160293916071364,1,2023-11-05,1.0,0.6931471805599453,0.6931471805599453,0.18067121505737302,0.008720064535737,0.8106087446212769,0.171951150521636
45.719032287597656,45.90290564428218,44.86762640814462,400733000.0,0.0164400733350405,0.0184740015740747,44.18004422987767,43.39832967732718,-0.0562327783142178,63.59184268516286,0.259482065490765,-0.3169173885775376,0.5763994540683026,0.1644050674366967,0.9866166178141976,0.0,0.0,0.033874798351407,0.0275206865822483,0.0371863921562455,0.0809448916049018,0.1296542862782053,1,2023-11-06,3.0,1.3862943611198906,1.7978758487841207,0.06575781025672371,0.018351436324984868,0.9158907487355101,0.04740637393173884
45.922889709472656,46.18570260804149,45.12644574728523,343165000.0,0.0044490066050435,0.0160142819650121,44.61575559977641,43.734937681613246,-0.1436567490074438,61.780448429930175,0.4318439455733838,-0.1671651217473533,0.5990090673207371,0.180150255526929,0.944218418884598,0.0164400733350405,0.0,0.0,0.033874798351407,0.0275206865822483,0.0562911719510283,0.1346913222539907,1,2023-11-07,4.0,1.6094379124341003,1.4357507969523706,0.14526478640787105,0.04824271878609596,0.8064924602195114,0.0970220676217751
46.54145431518555,46.83424882805,45.93587499644732,346719000.0,0.0133797268560821,0.0133329003144704,45.0971802786287,44.109139899422885,0.0103565340288198,78.32907829569956,0.6113081911585354,-0.0114704591661756,0.622778650324711,0.197524150142628,0.9498205799240632,0.0044490066050435,0.0164400733350405,0.0,0.0,0.033874798351407,0.0348627474830034,0.1499752012693631,1,2023-11-08,5.0,1.791759469228055,1.5964149750162406,0.37963597331748916,0.15336745938545027,0.46699657162644814,0.2262685139320389
46.91719055175781,48.19629482563236,46.71732955595706,540496000.0,0.0080407384783464,0.0119170158348146,45.55218284691098,44.48354665306754,0.5588877448308285,94.84150159754316,0.7749208674984303,0.1458078061667455,0.6291130613316847,0.2118059275840969,0.9275102256796508,0.0133797268560821,0.0044490066050435,0.0164400733350405,0.0,0.0,0.0432173517778078,0.1406426166820511,1,2023-11-09,7.0,2.0794415416798357,0.7510707674325402,0.36266199155911066,0.23916743241527733,0.3981706009004553,0.12349455914383334
48.30122375488281,48.43812905946533,47.24996072733801,421245000.0,0.0290727522985447,0.0104167033173321,46.23944307390394,44.99257026664292,-0.2206325301204819,95.5681414514582,1.004683637330281,0.3175829723994526,0.6871006649308283,0.2330412322213754,0.9880369002673398,0.0080407384783464,0.0133797268560821,0.0044490066050435,0.0164400733350405,0.0,0.0739917318282035,0.1852623881352031,0,2023-11-10,5.0,1.791759469228055,2.0380338249308654,0.1791669004800349,0.24893947927046423,0.571893595941704,-0.06977257879042933
48.30122375488281,48.43812905946533,47.24996072733801,421245000.0,0.0,0.0104167033173321,46.75488824414866,45.433724065074905,0.0,95.5681414514582,1.1732478172574543,0.488715941371053,0.6845318758864014,0.2476407204810755,0.9235504281823328,0.0290727522985447,0.0080407384783464,0.0133797268560821,0.0044490066050435,0.0164400733350405,0.0564795739997681,0.1419961985999722,0,2023-11-11,10.0,2.3978952727983707,1.5834029433416852,0.258174268403578,0.2954958272965941,0.44632990260355976,-0.03732155889301614
48.30122375488281,48.43812905946533,47.24996072733801,421245000.0,0.0,0.0104167033173321,47.141472121832194,45.816057357049296,0.0,95.5681414514582,1.2919434246960364,0.6493614380360497,0.6425819866599867,0.2623932870137,0.8740979120341563,0.0,0.0290727522985447,0.0080407384783464,0.0133797268560821,0.0044490066050435,0.0517897297068301,0.1109962062380827,1,2023-11-12,1.0,0.6931471805599453,0.6931471805599453,0.146874725818634,0.015151504427194498,0.8379738330841064,0.1317232213914395
48.58602523803711,49.08168084897678,48.06538938330792,384136000.0,0.0058790461369888,0.0101225107679318,47.50261040088343,46.18538640784767,-0.088093627224062,95.3654423188901,1.3929347633716702,0.7980761031031739,0.5948586602684963,0.2767979580528553,0.855676197779325,0.0,0.0,0.0290727522985447,0.0080407384783464,0.0133797268560821,0.0439301038812716,0.08032437548279,1,2023-11-13,1.0,0.6931471805599453,0.6931471805599453,0.146874725818634,0.015151504427194498,0.8379738330841064,0.1317232213914395
49.62129592895508,49.799172935741794,49.00572910678886,416954000.0,0.0210841519768668,0.0108852287874734,48.032281782901336,46.64350767732866,0.0854332840452338,100.0,1.538770827269147,0.9462150479363686,0.5925557793327784,0.2892094420215263,0.8871308896615205,0.0058790461369888,0.0,0.0,0.0290727522985447,0.0080407384783464,0.0576357054929401,0.1033439198299985,0,2023-11-14,11.0,2.4849066497880004,1.8037163234615505,0.25919088190955203,0.32526697613365896,0.41554213932005674,-0.06607609422410693
48.85383605957031,49.92508551038347,48.166317129461184,475497000.0,-0.0155871922659909,0.0146972414022524,48.23767035206858,46.93821812829422,0.1404063757632736,90.51736977850844,1.5742721318844062,1.071826464725976,0.5024456671584301,0.283184660326932,0.7979276818679565,0.0210841519768668,0.0058790461369888,0.0,0.0,0.0290727522985447,0.0114409586699475,0.0862792268439152,1,2023-11-15,10.0,2.3978952727983707,1.5237943965700038,0.10539746011510426,0.10319108914280907,0.791411448633068,0.002206370972295188
49.44542694091797,49.49039748083271,48.2962327546505,339756000.0,0.0120366726223518,0.0148247548207774,48.53960949928093,47.27251263664405,-0.2854718326298588,89.77367745542806,1.6313385561561802,1.183728883012017,0.4476096731441632,0.2762140703602974,0.8138046432911157,-0.0155871922659909,0.0210841519768668,0.0058790461369888,0.0,0.0,0.0236889067623153,0.0815064201245392,0,2023-11-16,16.0,2.833213344056216,1.7575905387160367,0.14830572306113923,0.3656874713831554,0.48600680911140115,-0.21738174832201615
49.263553619384766,49.68225956451404,48.97275658813656,325205000.0,-0.0036850451967807,0.0117255361157548,48.72059552930689,47.53798476767615,-0.0428277940639753,84.6601352875693,1.642949551732201,1.275573016756054,0.3673765349761471,0.2623968935515416,0.7756146214696722,0.0120366726223518,-0.0155871922659909,0.0210841519768668,0.0058790461369888,0.0,0.0199235089650222,0.0727450718159623,0,2023-11-17,11.0,2.4849066497880004,2.0493048457794107,0.2097747336754756,0.033540719341897014,0.7566845202794695,0.1762340143335786
49.263553619384766,49.68225956451404,48.97275658813656,325205000.0,0.0,0.0117255361157548,48.85633505182636,47.76806061457064,0.0,84.6601352875693,1.6333234137734465,1.3471230961595324,0.286200317613914,0.2421802127218133,0.7566561733252578,-0.0036850451967807,0.0120366726223518,-0.0155871922659909,0.0210841519768668,0.0058790461369888,0.0139449230108503,0.0584876288086049,0,2023-11-18,9.0,2.302585092994046,1.4372620969673324,0.09279898656891013,0.15378774224412842,0.7534132788907423,-0.06098875567521829
49.263553619384766,49.68225956451404,48.97275658813656,325205000.0,0.0,0.0117255361157548,48.95813969371597,47.96745968187919,0.0,84.6601352875693,1.6071681955576338,1.3991321160391528,0.208036079518481,0.2212806242338878,0.7391861281307709,0.0,-0.0036850451967807,0.0120366726223518,-0.0155871922659909,0.0210841519768668,-0.0072094511615035,0.0500107325275265,1,2023-11-19,2.0,1.0986122886681098,2.748584112646601,0.8411926413869882,0.02042818921914435,0.1383791670614941,0.8207644521678439
50.373779296875,50.512682115669016,49.14663666812377,414120000.0,0.0222862575021255,0.0138810897659432,49.31204959450572,48.28830229721197,0.2734121554096647,85.51391260918614,1.6569259197119024,1.4506908767737028,0.2062350429381996,0.1932519239420749,0.839959938644239,0.0,0.0,-0.0036850451967807,0.0120366726223518,-0.0155871922659909,0.0311120550585082,0.0429089654645171,0,2023-11-20,2.0,1.0986122886681098,3.057946062741517,0.08941298210051153,0.016103510450382188,0.8944834854872888,0.07330947165012934
49.90910339355469,50.48170107547834,49.18760774710226,565747000.0,-0.0092673687979285,0.0127750074185983,49.46131304426797,48.50440911005767,0.3661426639621365,79.24917847406105,1.6399593817364178,1.4885445777662458,0.1514148039701719,0.1705611289103264,0.778091812057431,0.0222862575021255,0.0,0.0,-0.0036850451967807,0.0120366726223518,0.0093775396699631,0.0332885900951802,0,2023-11-21,13.0,2.6390573296152584,2.4866975072082833,0.3398383367829633,0.10911383267793769,0.551047825321079,0.23072450410502565
48.68194961547852,50.29981749899062,47.6566657610322,899420000.0,-0.0248951019183242,0.0150499937496744,49.266472187070605,48.52808117744711,0.5897919034480077,64.4183410009415,1.5100849052226408,1.4928526432575249,0.0172322619651159,0.1492643363770219,0.6080385904146358,-0.0092673687979285,0.0222862575021255,0.0,0.0,-0.0036850451967807,-0.0118059693460155,0.0078823232829006,0,2023-11-22,18.0,2.9444389791664403,2.7365932527811427,0.34204200676752106,0.24017785437951086,0.4177801299708363,0.10186415238801019
48.68194961547852,50.29981749899062,47.6566657610322,899420000.0,0.0,0.0140315941337722,49.12034154417258,48.54859696918464,0.0,62.521199273987456,1.3911224531936384,1.4725066052447475,-0.0813841520511091,0.1376138915911172,0.5887180416014518,-0.0248951019183242,-0.0092673687979285,0.0222862575021255,0.0,0.0,-0.0118059693460155,0.0019743203312361,0,2023-11-23,17.0,2.8903717578961645,2.0886362702525654,0.15816409000970932,0.2806158877140043,0.5612200097707096,-0.12245179770429498
47.74261474609375,48.886815068886136,47.711634365879085,294645000.0,-0.0194839269752856,0.0154997680181021,48.77590984465287,48.44113267277252,-0.6724055502434902,45.7696432120621,1.2071323094229172,1.4194317460803816,-0.2122994366574644,0.1233240268501657,0.4175217065033489,0.0,-0.0248951019183242,-0.0092673687979285,0.0222862575021255,0.0,-0.0308735111770852,-0.0378603812675734,0,2023-11-24,11.0,2.4849066497880004,2.566276116421214,0.236184051874991,0.2733520043567265,0.4904639586794279,-0.03716795248173552
47.74261474609375,48.886815068886136,47.711634365879085,294645000.0,0.0,0.0154997680181021,48.517586070013095,48.34799694921535,0.0,45.7696432120621,1.049223993825649,1.3453901956294352,-0.2961662018037863,0.1060490714520648,0.3773707522113171,-0.0194839269752856,0.0,-0.0248951019183242,-0.0092673687979285,0.0222862575021255,-0.0522328200803563,-0.0227458353960492,0,2023-11-25,3.0,1.3862943611198906,2.8320579413973874,0.033673306790001335,0.6601514429570146,0.3061752096389761,-0.6264781361670132
47.74261474609375,48.886815068886136,47.711634365879085,294645000.0,0.0,0.0154997680181021,48.32384323903326,48.26727932213248,0.0,45.7696432120621,0.9135496839551394,1.2590220932945762,-0.3454724093394368,0.093520352175547,0.3389130484198462,0.0,-0.0194839269752856,0.0,-0.0248951019183242,-0.0092673687979285,-0.0434086869959823,-0.0344382140103451,1,2023-11-26,6.0,1.9459101490553132,2.2761248775965552,0.21228753048561058,0.5526141421484413,0.23509836180252394,-0.34032661166283074
48.20828628540039,48.49608321509884,47.61869845897272,395662000.0,0.009706530954188,0.0122724243283834,48.29495400062504,48.259413583901534,0.3428430823533404,47.21565187072248,0.8339889123037807,1.1740154570964172,-0.3400265447926365,0.0794813756101033,0.4019006168872764,0.0,0.0,-0.0194839269752856,0.0,-0.0248951019183242,-0.0097297526869697,-0.0214208528710185,0,2023-11-27,10.0,2.3978952727983707,2.885999801033109,0.1889552171903644,0.29332317361301274,0.5177216001975062,-0.10436795642264834
47.78758239746094,48.289234319970646,47.43982600268848,401491000.0,-0.00876509764759,0.0122534811559893,48.168111099834015,48.19650275904279,0.0147322714842466,35.13692848551561,0.7285904031424053,1.0849304463056149,-0.3563400431632095,0.070795414396363,0.2497652412099063,0.009706530954188,0.0,0.0,-0.0194839269752856,0.0,-0.0183716392848246,-0.0299607136206074,1,2023-11-28,6.0,1.9459101490553132,3.4439373554014128,0.08242845136028337,0.37271734863930783,0.544854188113358,-0.29028889727902446
48.10636138916016,48.72792841118493,47.82655826003349,382005000.0,0.0066485985116968,0.0097865699100556,48.15267367216555,48.1844839097251,-0.0485340891825719,43.4661406127248,0.6631398622182729,1.0005723294881466,-0.3374324672698736,0.0633585427593438,0.3047624796188226,-0.00876509764759,0.009706530954188,0.0,0.0,-0.0194839269752856,0.0076189091234506,-0.0234898245296145,0,2023-11-29,13.0,2.6390573296152584,2.373205206381749,0.1318967847921732,0.07571651531166639,0.7923866979830684,0.05618026948050682
46.73731994628906,48.07638377452515,46.3895635380406,526247000.0,-0.0288714339304281,0.0140891739020549,47.79883524069643,47.9915287146003,0.3775919163361736,29.1602623189512,0.4950925157698407,0.8994763667444855,-0.4043838509746448,0.0728602017630052,-0.0343618688539042,0.0066485985116968,-0.00876509764759,0.009706530954188,0.0,0.0,-0.0210565509482687,-0.0721895279914311,0,2023-11-30,5.0,1.791759469228055,2.9171526427347394,0.026914914133107787,0.5728213437067133,0.4002637778612444,-0.5459064295736056
46.73232650756836,47.16702396235708,46.1547312180282,369317000.0,-0.0001068462097568,0.0128027837576026,47.53220805741441,47.82363508699604,-0.2982059755210006,29.976305176769657,0.3573910724063722,0.7910593078768628,-0.4336682354704906,0.0808110030883784,0.0361549299265911,-0.0288714339304281,0.0066485985116968,-0.00876509764759,0.009706530954188,0.0,-0.0211611417577008,-0.0636512513746456,0,2023-12-01,8.0,2.1972245773362196,1.7012083129660156,0.14833632733454188,0.43100902083397075,0.42065465603551633,-0.28267269349942886
46.73232650756836,47.16702396235708,46.1547312180282,369317000.0,0.0,0.0128027837576026,47.332237669952896,47.67812727640568,0.0,29.976305176769657,0.2454324934474598,0.6819339449909823,-0.4365014515435224,0.0875893844841418,0.0898344136898421,-0.0001068462097568,-0.0288714339304281,0.0066485985116968,-0.00876509764759,0.009706530954188,-0.0306163087626497,-0.0400481723371709,0,2023-12-02,10.0,2.3978952727983707,2.2379775482464064,0.0633182145238016,0.21210487047885454,0.724576897628513,-0.14878665595505294
46.73232650756836,47.16702396235708,46.1547312180282,369317000.0,0.0,0.0128027837576026,47.18225987935677,47.552020507227375,0.0,29.976305176769657,0.1549187065885107,0.576530897310488,-0.4216121907219773,0.0934133044863054,0.1351777650828839,0.0,-0.0001068462097568,-0.0288714339304281,0.0066485985116968,-0.00876509764759,-0.022082219625922,-0.0400481723371709,0,2023-12-03,8.0,2.1972245773362196,1.7929540175680823,0.04612493505180008,0.34688161518925426,0.6069934102988022,-0.30075668013745416
45.47819519042969,46.04480030339198,44.97854459860675,437543000.0,-0.0272031571325288,0.0141956115805362,46.756243707125,47.27551046498768,0.1847356065385563,12.134771920175908,-0.0178067723073525,0.4576633633869199,-0.4754701356942724,0.1048310639886559,-0.0338020370379416,0.0,0.0,-0.0001068462097568,-0.0288714339304281,0.0066485985116968,-0.0546324045892748,-0.0474297347915854,1,2023-12-04,3.0,1.3862943611198906,2.4113923932499497,0.04820323128004085,0.08261006861775898,0.869186684809524,-0.03440683733771813
46.53755187988281,46.57152769132749,45.24334109197845,371718000.0,0.0230265694884052,0.0184735880575787,46.701570750314445,47.1771159869737,-0.1504423565226732,26.11933523478291,-0.0684229896932322,0.3524460927708895,-0.4208690824641217,0.1084094796893553,0.2081363494540261,-0.0272031571325288,0.0,0.0,-0.0001068462097568,-0.0288714339304281,-0.0042742730356774,-0.0252408225360035,0,2023-12-05,9.0,2.302585092994046,2.0698990012787437,0.1045984741435397,0.2636808207895749,0.6317207085067805,-0.15908234664603518
45.47520065307617,47.35805240480733,45.3842566412969,380590000.0,-0.023092417219033,0.0190835889835625,46.39497822600488,46.95019394245404,0.023867555512512,26.743690644026827,-0.1920457879067143,0.2435477166353687,-0.4355935045420831,0.1153507565384478,0.0680871790173012,0.0230265694884052,-0.0272031571325288,0.0,0.0,-0.0001068462097568,-0.0269005621684295,-0.0474924573167223,1,2023-12-06,8.0,2.1972245773362196,1.9815786223746983,0.14214700957057746,0.09244769828397985,0.7654052775154251,0.04969931128659762
46.56753540039063,46.60051618631754,45.57614082890342,350823000.0,0.0237364963433901,0.0198537777227803,46.43811751960132,46.89917280351225,-0.0782127749021256,36.7629014192815,-0.1995748860043704,0.1549231961074209,-0.3544980821117913,0.1146091133015313,0.2884158855656821,-0.023092417219033,0.0230265694884052,-0.0272031571325288,0.0,0.0,-0.0035262765518648,-0.0340346237428202,1,2023-12-07,4.0,1.6094379124341003,0.6931471805599453,0.18210869655013082,0.19931529066525394,0.6185759902000427,-0.017206594115123125
47.47697448730469,47.71183151295026,46.5215573196364,359224000.0,0.0193412127568415,0.0212339979026761,46.69783176152716,46.97621302801791,0.0239465485444227,48.33073484486736,-0.1306515469708742,0.0978082474917619,-0.2284597944626361,0.1107676380312185,0.4699545763077858,0.0237364963433901,-0.023092417219033,0.0230265694884052,-0.0272031571325288,0.0,0.0159343228849462,-0.0064997619585115,0,2023-12-08,7.0,2.0794415416798357,2.1144241541942375,0.3903517732169276,0.09297441652326036,0.5166738192365262,0.29737735669366727
47.47697448730469,47.71183151295026,46.5215573196364,359224000.0,0.0,0.0212339979026761,46.89261744297154,47.04298122258948,0.0,48.33073484486736,-0.0751628734036558,0.0632140233126783,-0.1383768967163341,0.1061988028893177,0.4862942875420242,0.0193412127568415,0.0237364963433901,-0.023092417219033,0.0230265694884052,-0.0272031571325288,0.0439502774572642,-0.0130832364718669,0,2023-12-09,8.0,2.1972245773362196,1.7927840651285774,0.3444238644870854,0.20130454144902712,0.4542716059057281,0.14311932303805827
47.47697448730469,47.71183151295026,46.5215573196364,359224000.0,0.0,0.0212339979026761,47.03870670405483,47.10084699121818,0.0,48.33073484486736,-0.0308322844446777,0.0444047617612071,-0.0752370462058849,0.0905274082344568,0.5176260116545145,0.0,0.0193412127568415,0.0237364963433901,-0.023092417219033,0.0230265694884052,0.0201863348945943,0.0158257799519878,0,2023-12-10,3.0,1.3862943611198906,1.9468805524577995,0.09993259514786043,0.17894510094375518,0.721122316156918,-0.07901250579589475
46.598514556884766,47.50196163403656,45.802004370558734,509728000.0,-0.0186761817149523,0.019430142191725,46.92865866726231,47.03386933330706,0.418969779302051,40.38321122970523,-0.0658255521092385,0.0223586989871179,-0.0881842510963565,0.0769131852670817,0.3245843035616337,0.0,0.0,0.0193412127568415,0.0237364963433901,-0.023092417219033,0.0247016810849982,-0.0028633701911229,1,2023-12-11,3.0,1.3862943611198906,1.7234946650127174,0.2032142156748732,0.017720868788244113,0.7790649264359508,0.18549334688662908
47.62788772583008,47.63688109924922,46.01787182835999,372387000.0,0.0218498021099222,0.0192369341001668,47.10346593190425,47.11307178564346,-0.2694397796471843,49.110659131533566,-0.010376542618772,0.0158116506659399,-0.026188193284712,0.0719369707533071,0.6310411388976338,-0.0186761817149523,0.0,0.0,0.0193412127568415,0.0237364963433901,0.0227702049576485,0.0191636343659604,1,2023-12-12,4.0,1.6094379124341003,1.9022176572978147,0.0459411242129717,0.16162577265182235,0.7924331401165248,-0.11568464843885065
48.05862808227539,48.56431952524785,47.57892173391864,447792000.0,0.0090032176922813,0.015322223366586,47.34225646949704,47.23914595852772,0.2024909569882944,49.73744695119111,0.0675457188080628,0.0261584642943645,0.0413872545136982,0.0679253041692963,0.7830912770985069,0.0218498021099222,-0.0186761817149523,0.0,0.0,0.0193412127568415,0.0122512776193486,0.0283808163176346,1,2023-12-13,2.0,1.0986122886681098,4.977850211991531,0.06968208167350884,0.18833542039114254,0.7419825232111669,-0.1186533387176337
48.32046127319336,48.6402654789673,47.39303060139569,391232000.0,0.0054334158337064,0.013637065694365,47.58680767042112,47.38332133381648,-0.1263086432986744,59.9156878270597,0.1487131500412601,0.0506694014437436,0.0980437485975165,0.0706147284375719,0.842060062795627,0.0090032176922813,0.0218498021099222,-0.0186761817149523,0.0,0.0,0.0177662286823736,0.0624973368195973,1,2023-12-14,8.0,2.1972245773362196,2.6445495868082283,0.2768456591503971,0.24137064687558768,0.48178369034908664,0.035475012274809425
48.860130310058594,49.37381622355242,48.09060027989247,479948000.0,0.0111066330372698,0.0125322406599795,47.90513833033049,47.58022919731543,0.2267605921805986,62.49049985646217,0.25366165152613,0.0912678514602209,0.1623938000659091,0.0767871834938494,0.9475720636024684,0.0054334158337064,0.0090032176922813,0.0218498021099222,-0.0186761817149523,0.0,0.0291331921987523,0.0499076194676193,0,2023-12-15,5.0,1.791759469228055,3.3179595673679274,0.5527368763821052,0.08005521941014793,0.36720789595487924,0.4726816569719573
48.860130310058594,49.37381622355242,48.09060027989247,479948000.0,0.0,0.0125322406599795,48.143886325262514,47.75088267901452,0.0,62.49049985646217,0.3329955298800797,0.1396133871441927,0.193382142735887,0.0821874168547209,0.9032941156114672,0.0111066330372698,0.0054334158337064,0.0090032176922813,0.0218498021099222,-0.0186761817149523,0.0485340739866928,0.0744346282890662,0,2023-12-16,7.0,2.0794415416798357,2.4023929763686596,0.2429337968038444,0.38622761099331576,0.37083858385333635,-0.14329381418947137
48.860130310058594,49.37381622355242,48.09060027989247,479948000.0,0.0,0.0125322406599795,48.322947321461534,47.89878236315373,0.0,62.49049985646217,0.3913568815262778,0.1899620860206097,0.201394795505668,0.0857094044689471,0.8784204136684425,0.0,0.0111066330372698,0.0054334158337064,0.0090032176922813,0.0218498021099222,0.0258722912786291,0.0492316136114159,1,2023-12-17,4.0,1.6094379124341003,2.574725581197698,0.5722981661829983,0.15896991830645651,0.26873187256020586,0.4133282478765418
50.04641342163086,50.40219497597293,49.119981479065736,412587000.0,0.0239891104510458,0.0096515284353746,48.75381384650387,48.18513317095068,-0.1403506213173093,77.03138719907903,0.5272539507588192,0.2574204589682516,0.2698334917905675,0.0995325787625799,1.0524131924294398,0.0,0.0,0.0111066330372698,0.0054334158337064,0.0090032176922813,0.0413616746602174,0.0541196856386296,0,2023-12-18,1.0,0.6931471805599453,6.78105762593618,0.0354334190487861,0.0336915329098701,0.93087500333786,0.0017418861389160017
49.573692321777344,49.66963433728467,48.86512588284418,464444000.0,-0.0094905470036456,0.0105706780034967,48.95878346532224,48.3702743910609,0.1256874307721764,69.30599837383544,0.5900074762289478,0.3239378624203909,0.2660696138085568,0.1066338830173279,0.9070413757468416,0.0239891104510458,0.0,0.0,0.0111066330372698,0.0054334158337064,0.0259358254363195,0.044162835924461,0,2023-12-19,9.0,2.302585092994046,1.6660550384524981,0.07041611474970469,0.277579403131899,0.6520044900127695,-0.2071632883821943
48.08160400390625,49.96845091462431,48.068611458987135,397894000.0,-0.0305606454657966,0.0170897026644161,48.73948859996824,48.33178500610695,-0.1432896108034553,65.71458799555646,0.5134226235194816,0.361834814640209,0.1515878088792726,0.1058443739117855,0.5998632474749624,-0.0094905470036456,0.0239891104510458,0.0,0.0,0.0111066330372698,-0.0159337746586417,0.0127352158205287,1,2023-12-20,14.0,2.70805020110221,2.6560184110023357,0.18982426143108908,0.2425523741166756,0.5676233606449651,-0.052728112685586526
48.96006774902344,49.06500313431384,48.389413683730325,300425000.0,0.0181053711492286,0.0183755262689346,48.79463338723204,48.415556038495815,-0.2449622261205245,64.80697678810887,0.5176461559243322,0.3929970828970337,0.1246490730272984,0.1072388648823132,0.7483231288292544,-0.0305606454657966,-0.0094905470036456,0.0239891104510458,0.0,0.0,0.002045378068594,0.0506787225857987,0,2023-12-21,8.0,2.1972245773362196,2.4858579820349647,0.1018830976935149,0.1263736532260127,0.771743238745571,-0.024490555532497807
48.800174713134766,49.35283451146827,48.43739367116176,252507000.0,-0.0032711289259664,0.017971228546245,48.79601871870772,48.46683852844768,-0.1595007073312806,59.02650735847102,0.502301089778328,0.4148578842732926,0.0874432055050353,0.1071810494688496,0.6965222990832906,0.0181053711492286,-0.0305606454657966,-0.0094905470036456,0.0239891104510458,0.0,-0.0012270863082713,0.0246134574359659,0,2023-12-22,6.0,1.9459101490553132,3.9085834908679526,0.3899324960747695,0.2689140762932027,0.3411534626780311,0.1210184197815668
48.800174713134766,49.35283451146827,48.43739367116176,252507000.0,0.0,0.017971228546245,48.79705771731448,48.51128335307262,0.0,59.02650735847102,0.4845543731137596,0.428797182041386,0.0557571910723735,0.1063880641183548,0.6772694276013994,-0.0032711289259664,0.0181053711492286,-0.0305606454657966,-0.0094905470036456,0.0239891104510458,-0.0249016587461879,0.0154300416064698,0,2023-12-23,11.0,2.4849066497880004,2.8993355513534613,0.05598714403823688,0.03252511242740385,0.9114877379651154,0.02346203161083303
48.800174713134766,49.35283451146827,48.43739367116176,252507000.0,0.0,0.017971228546245,48.79783696626955,48.54980220108091,0.0,59.02650735847102,0.4651282632128684,0.4360633982756825,0.0290648649371858,0.0959378654374666,0.6598775849038188,0.0,-0.0032711289259664,0.0181053711492286,-0.0305606454657966,-0.0094905470036456,-0.0156033890641382,0.0099277495971987,0,2023-12-24,2.0,1.0986122886681098,2.838376901134141,0.07947564052177708,0.015070081812036045,0.9054543049293475,0.06440555870974103
48.800174713134766,49.35283451146827,48.43739367116176,252507000.0,0.0,0.0145584236772575,48.79842140298585,48.58318520268809,0.0,67.06431523001487,0.4446077695502026,0.4377722725305866,0.006835497019616,0.0917656867503102,0.6411640069543485,0.0,0.0,-0.0032711289259664,0.0181053711492286,-0.0305606454657966,0.0149448156756613,-0.0012270863082713,1,2023-12-25,4.0,1.6094379124341003,1.1193342036195517,0.4932703735153937,0.03800298040871946,0.4687266482345675,0.45526739310667425
49.24889373779297,49.56969677808233,48.93008837769936,244200000.0,0.0091530121491464,0.0150003480520447,48.91103948668763,48.67194634070208,-0.0328980978745143,63.80658044451433,0.4592589543222658,0.4420696088889224,0.0171893454333433,0.0767278855454387,0.7382445107404986,0.0,0.0,0.0,-0.0032711289259664,0.0181053711492286,0.005899215463714,0.0079566596582396,1,2023-12-26,2.0,1.0986122886681098,3.293775007412398,0.04332020182022724,0.31213214424163715,0.6445476699277244,-0.26881194242140993
49.386810302734375,49.64965012045702,49.05501239405432,233648000.0,0.0027964854342025,0.0073894233610738,49.02998219069932,48.76726153563972,-0.0432104832104832,61.90642288550068,0.4765059737336301,0.448956881857864,0.027549091875766,0.0702033458967783,0.758734856030158,0.0091530121491464,0.0,0.0,0.0,-0.0032711289259664,0.012021178060285,0.0107793407290064,1,2023-12-27,13.0,2.6390573296152584,2.200117741404445,0.09899314756098317,0.5090122707660165,0.3919945583236042,-0.41001912320503336
49.49174880981445,49.85352719386826,49.38181539341571,246587000.0,0.0021225743461553,0.0038759472257752,49.1454238454781,48.86385983886302,0.0553781757173184,60.80385530773356,0.4929594912305859,0.4577574037324084,0.0352020874981774,0.0693183948745302,0.7627413817503406,0.0027964854342025,0.0091530121491464,0.0,0.0,0.0,0.0141715496049965,-0.0110830042333597,0,2023-12-28,3.0,1.3862943611198906,1.290400336969297,0.11687777962115933,0.13136990539467894,0.7517522936264321,-0.014492125773519604
49.49174880981445,49.96646094313931,48.72121986722186,389293000.0,0.0,0.0033619006100512,49.23200508656219,48.947578368323214,0.5787247502909723,56.47014413875085,0.5002326517626159,0.4662524533384499,0.0339801984241659,0.067368083595786,0.739087880514198,0.0021225743461553,0.0027964854342025,0.0091530121491464,0.0,0.0,0.0141715496049965,-0.0016529636612702,0,2023-12-29,3.0,1.3862943611198906,2.1334191484362734,0.09080548103251042,0.01467110435051639,0.8945234114508114,0.07613437668199403
49.49174880981445,49.96646094313931,48.72121986722186,389293000.0,0.0,0.0033619006100512,49.29694101737525,49.02013442718872,0.0,56.47014413875085,0.5002303399086472,0.4730480306524894,0.0271823092561577,0.0642692759718362,0.717983892496755,0.0,0.0021225743461553,0.0027964854342025,0.0091530121491464,0.0,0.0141715496049965,0.0293281564773428,0,2023-12-30,13.0,2.6390573296152584,3.324430759932968,0.16259807889092792,0.19755972488169887,0.639842165028545,-0.03496164599077095
49.49174880981445,49.96646094313931,48.72121986722186,389293000.0,0.0,0.0033619006100512,49.345642965485055,49.08301634487215,0.0,56.47014413875085,0.4945278979728229,0.4773440041165561,0.0171838938562667,0.0490705550471669,0.7244345839865798,0.0,0.0,0.0021225743461553,0.0027964854342025,0.0091530121491464,0.0049311782172098,0.0108594837637172,0,2023-12-31,9.0,2.302585092994046,1.5167205511094126,0.3254695080907653,0.026645165194145056,0.6478853192737952,0.29882434289662024
49.49174880981445,49.96646094313931,48.72121986722186,389293000.0,0.0,0.0033619006100512,49.3821694265674,49.13751400686446,0.0,42.493861983947205,0.4844245272484784,0.4787601087429406,0.0056644185055377,0.0427242244358665,0.7128085690852808,0.0,0.0,0.0,0.0021225743461553,0.0027964854342025,0.0021248286017423,0.0141715496049965,0,2024-01-01,6.0,1.9459101490553132,2.4860440919240405,0.06321045589908936,0.12945721580193645,0.8073323412312483,-0.06624675990284709
48.13856887817383,49.26487918925224,47.565920930034586,411254000.0,-0.0277222613867694,0.0108517718541636,49.07126928946901,49.00432132303904,0.0564125221876581,34.3162734155938,0.3630422960686346,0.4556165462080794,-0.0925742501394448,0.0420944413614536,0.0586586353356283,0.0,0.0,0.0,0.0,0.0021225743461553,-0.0273415258943584,-0.01355744807985,0,2024-01-02,2.0,1.0986122886681098,0.6931471805599453,0.046874998137354795,0.027100436389446203,0.9260245859622955,0.019774561747908592
47.53993606567383,48.15455817196312,47.29108765317692,320896000.0,-0.012513586504778,0.0109704266942898,48.688435983520215,48.80906995539035,-0.2197133644900718,42.64386668559297,0.2160508387787985,0.4077034047222233,-0.1916525659434247,0.0487526135556692,-0.1155739485162147,-0.0277222613867694,0.0,0.0,0.0,0.0,-0.039437134291637,-0.0258244699915334,1,2024-01-03,8.0,2.1972245773362196,0.6931471805599453,0.2637321520596742,0.05772604164667423,0.6785418018698692,0.206006110413
47.96867752075195,48.47036973426666,47.478975200634494,306535000.0,0.0089781291745546,0.012014869765456,48.50849636782815,48.697017630771896,-0.0447528171120861,34.66299992328166,0.1326260713496481,0.3526879380477082,-0.2200618666980601,0.0523511109759643,0.1108578947323043,-0.012513586504778,-0.0277222613867694,0.0,0.0,0.0,-0.0307742467318202,-0.01703881589094,1,2024-01-04,7.0,2.0794415416798357,1.296980572741114,0.029065546526260984,0.7182291383880619,0.2527053411166886,-0.6891635918618009
49.06700134277344,49.51672715055194,48.27648428603865,415039000.0,0.0226384921955797,0.0158514391910708,48.64812261156448,48.7463487923721,0.353969367282692,53.19901322559431,0.1533689536521763,0.3128241411686019,-0.1594551875164256,0.0523291968044656,0.5352878647651439,0.0089781291745546,-0.012513586504778,-0.0277222613867694,0.0,0.0,-0.008582187480851,-0.0036933295596028,0,2024-01-05,8.0,2.1972245773362196,0.6931471805599453,0.17636407003737983,0.24556119623593983,0.5780747379176319,-0.06919712619856
49.06700134277344,49.51672715055194,48.27648428603865,415039000.0,0.0,0.0158514391910708,48.75284229436672,48.78910246575895,0.0,53.19901322559431,0.1678727052720745,0.2838338539892964,-0.1159611487172219,0.0522929323226579,0.5312670627779371,0.0226384921955797,0.0089781291745546,-0.012513586504778,-0.0277222613867694,0.0,-0.008582187480851,-0.0064755945565334,0,2024-01-06,3.0,1.3862943611198906,0.6931471805599453,0.05156236762801804,0.07618924230337135,0.8722483913103739,-0.024626874675353308
49.06700134277344,49.51672715055194,48.27648428603865,415039000.0,0.0,0.0158514391910708,48.8313820564684,48.826155649360885,0.0,53.19901322559431,0.1773229641734559,0.2625316760261283,-0.0852087118526724,0.0482773499661638,0.5546291397256088,0.0,0.0226384921955797,0.0089781291745546,-0.012513586504778,-0.0277222613867694,0.0192866652714422,-0.008582187480851,1,2024-01-07,5.0,1.791759469228055,1.359588082594986,0.05819031620020622,0.7204929478345028,0.22131675231099673,-0.6623026316342966
52.2210807800293,52.24307051371221,49.44877695414858,642510000.0,0.0622995212773423,0.0288322697463199,49.67880673735863,49.278812333450006,0.5480713860625146,73.35238807509262,0.4343137151260166,0.296888083846106,0.1374256312799105,0.0763148435478451,1.3413754303823338,0.0,0.0,0.0226384921955797,0.0089781291745546,-0.012513586504778,0.0984676274677509,0.0551472121282892,1,2024-01-08,4.0,1.6094379124341003,1.9634982718060612,0.048020123705884134,0.5319418051636439,0.42003811399676066,-0.4839216814577597
53.10753631591797,54.29181377525728,51.65842135429988,773100000.0,0.0168325853053617,0.0242750640222076,50.53598913199846,49.789308864445736,0.2032497548676284,74.85512317478789,0.7014247027509057,0.377795407627066,0.3236292951238397,0.1031091375420314,1.244455736006478,0.0622995212773423,0.0,0.0,0.0226384921955797,0.0089781291745546,0.1071294657423662,0.0730583903995425,1,2024-01-09,17.0,2.8903717578961645,2.5385084066819954,0.17347705290803112,0.14179153752634027,0.6847313997067164,0.03168551538169084
54.31679916381836,54.56664645309511,53.45632503855136,533796000.0,0.0225147109279592,0.0213212180242275,51.48119163995344,50.39297423769542,-0.3095382227396197,77.90470959057797,0.9991716615174298,0.5020706584051388,0.497101003112291,0.1361084994868928,1.2003972017358984,0.0168325853053617,0.0622995212773423,0.0,0.0,0.0226384921955797,0.1069924323349365,0.0974920157407546,1,2024-01-10,20.0,3.044522437723423,2.1654985859305502,0.31445787205153647,0.10583857217376633,0.5797035487794135,0.20861929987777014
54.78850555419922,55.31218749470485,53.527279337957886,596759000.0,0.0086468633335705,0.0213476182484522,52.30802011851488,50.979045079895926,0.117953300511806,78.78552548381413,1.2586916214758048,0.653394851019272,0.6052967704565329,0.1631930223932325,1.101810941555396,0.0225147109279592,0.0168325853053617,0.0622995212773423,0.0,0.0,0.1166059480883365,0.107023026499609,0,2024-01-11,23.0,3.1780538303479458,1.6384793174778813,0.20015591077601264,0.07849778799841564,0.7213462820659411,0.121658122777597
54.67657470703125,54.93641799826661,54.29680960809761,352994000.0,-0.002045051918127,0.0226438455471974,52.90015876564397,51.47204903018064,-0.4084814807987814,77.83855016883318,1.4387462049001556,0.8104651217954487,0.6282810831047069,0.1816931245833817,0.9928686297891546,0.0086468633335705,0.0225147109279592,0.0168325853053617,0.0622995212773423,0.0,0.1143247643170675,0.1358163730501298,0,2024-01-12,22.0,3.1354942159291497,1.6896949257797973,0.11812339176688372,0.08199968281246059,0.7998769342450498,0.03612370895442313
54.67657470703125,54.93641799826661,54.29680960809761,352994000.0,0.0,0.0226438455471974,53.3442627509908,51.899319120427386,0.0,77.83855016883318,1.5634186425699426,0.9610558259503476,0.602362816619595,0.1951962074851072,0.9262820791550722,-0.002045051918127,0.0086468633335705,0.0225147109279592,0.0168325853053617,0.0622995212773423,0.0470211242342,0.150118810246159,0,2024-01-13,9.0,2.302585092994046,1.8479678157398476,0.3972396542460866,0.13967461563744818,0.46308572125436037,0.25756503860863844
54.67657470703125,54.93641799826661,54.29680960809761,352994000.0,0.0,0.0226438455471974,53.67734074000091,52.2696198653079,0.0,77.83855016883318,1.643279741683649,1.097500609097008,0.5457791325866412,0.2047996371220096,0.8756835592599572,0.0,-0.002045051918127,0.0086468633335705,0.0225147109279592,0.0168325853053617,0.0295445524299908,0.1398391102897793,0,2024-01-14,3.0,1.3862943611198906,1.290400336969297,0.08359469070464527,0.0481433554064557,0.8682619517995667,0.03545133529818957
54.67657470703125,54.93641799826661,54.29680960809761,352994000.0,0.0,0.0097260938176712,53.92714923175849,52.59054717753769,0.0,77.83855016883318,1.6871221442179305,1.2154249161211927,0.4716972280967377,0.2126168563499775,0.8349398864259788,0.0,0.0,-0.002045051918127,0.0086468633335705,0.0225147109279592,0.0066236514071422,0.1143247643170675,1,2024-01-15,11.0,2.4849066497880004,2.1483160803897285,0.16964984269878924,0.08111104514937914,0.7492391270055706,0.0885387975494101
56.34756088256836,56.80028329797536,54.866467668882784,449580000.0,0.0301035870385578,0.0128522734232143,54.53225214446096,53.09148233820844,0.2736193816325489,92.6214449086108,1.835543184203964,1.339448569737747,0.4960946144662166,0.2278745291073236,0.9233689953222396,0.0,0.0,0.0,-0.002045051918127,0.0086468633335705,0.0284558834485246,0.1483799568050676,0,2024-01-16,6.0,1.9459101490553132,3.420587678006274,0.3838652690424303,0.38099690246538476,0.23513781883826895,0.0028683665770455335
56.01876068115234,56.43650460830921,54.706563019184806,474394000.0,-0.0058523076180975,0.0121342376349166,54.9038792786338,53.48178611726763,0.0551937363761734,95.29147918099002,1.904680527849813,1.45249496136016,0.4521855664896526,0.2370977485077919,0.8509016501529515,0.0301035870385578,0.0,0.0,0.0,-0.002045051918127,0.0245477333083283,0.1416789114503889,1,2024-01-17,18.0,2.9444389791664403,2.397953014847631,0.08448426517631857,0.2257123548119416,0.6898033747677155,-0.14122808963562303
57.072113037109375,57.5648119047759,56.07272391506558,491650000.0,0.0186289624253999,0.0132506592932501,55.44593771825269,53.960496373246535,0.0363748276748863,95.58602335604348,2.0211703094965543,1.566230030987439,0.4549402785091152,0.2487468352750272,0.8840731230567703,-0.0058523076180975,0.0301035870385578,0.0,0.0,0.0,0.0438128822610766,0.0928941374751333,1,2024-01-18,21.0,3.091042453358316,2.3949632185530407,0.29940794792595427,0.18980437605946412,0.5107876749566719,0.10960357186649014
59.45465850830078,59.46365188180549,57.19004013784853,543501000.0,0.0408983709528437,0.0180623768081759,56.44811791576471,54.6930513245871,0.1054632360418996,96.08903732128422,2.2794645599473427,1.70887693677942,0.5705876231679228,0.2713368664008179,0.9808110835376642,0.0186289624253999,-0.0058523076180975,0.0301035870385578,0.0,0.0,0.0873881333436032,0.1195145290609231,0,2024-01-19,32.0,3.4965075614664802,2.5394490491384327,0.16164974458129686,0.08075412440474039,0.7575961174272731,0.08089562017655647
59.45465850830078,59.46365188180549,57.19004013784853,543501000.0,0.0,0.0180623768081759,57.199753063898726,55.3279322824156,0.0,96.08903732128422,2.4558550460846007,1.858272558640456,0.5975824874441447,0.2862816520330303,0.9186607313192136,0.0408983709528437,0.0186289624253999,-0.0058523076180975,0.0301035870385578,0.0,0.0873881333436032,0.0945906132831344,0,2024-01-20,37.0,3.6375861597263857,2.24808319704337,0.1265295596178278,0.17050609414854895,0.7029643365287264,-0.043976534530721145
59.45465850830078,59.46365188180549,57.19004013784853,543501000.0,0.0,0.0180623768081759,57.76347942499924,55.87816244586696,0.0,96.08903732128422,2.566065768316534,1.999831200575672,0.5662345677408622,0.2950575499609021,0.8709282920074164,0.0,0.0408983709528437,0.0186289624253999,-0.0058523076180975,0.0301035870385578,0.0551416525767245,0.0851666404641315,1,2024-01-21,21.0,3.091042453358316,2.210151912327322,0.10851160909373048,0.09077513842233477,0.8007132625458276,0.017736470671395707
59.617557525634766,60.29414590763177,59.03391464914335,452955000.0,0.0027361398718848,0.0177877271179516,58.22699895015812,56.37674845650267,-0.1665976695535058,94.67583589399506,2.6361650789315405,2.1270979762468456,0.5090671026846949,0.2919484073239945,0.8449115471176272,0.0,0.0,0.0408983709528437,0.0186289624253999,-0.0058523076180975,0.0642427072774076,0.0903674534309868,1,2024-01-22,9.0,2.302585092994046,2.30149440616609,0.04855725378265066,0.1780514296741103,0.7733913024390549,-0.12949417589145965
59.836421966552734,59.87339811111822,58.549206851244,294654000.0,0.0036644184941675,0.0161208801357046,58.62935470425677,56.83803825784268,-0.3494850481835944,94.20879224985175,2.6785036955956514,2.2373791201166067,0.4411245754790447,0.2791578969756196,0.830772549567937,0.0027361398718848,0.0,0.0,0.0408983709528437,0.0186289624253999,0.0484353703120463,0.0943703457498763,1,2024-01-23,23.0,3.1780538303479458,1.9295596848422303,0.22949880207122467,0.04810821842336961,0.7223929783278682,0.18139058364785504
61.32451629638672,62.81060746868792,59.90138636580081,560271000.0,0.024565164030978,0.015674929731088,59.30314510228926,57.43623532964856,0.9014539086521818,94.41347400344569,2.799859097406475,2.3498751155745805,0.4499839818318949,0.269548596995539,0.8933251577484311,0.0036644184941675,0.0027361398718848,0.0,0.0,0.0408983709528437,0.0314501476419191,0.1215866506813303,1,2024-01-24,19.0,2.995732273553991,1.373179956073249,0.1905925089171957,0.26418101286279316,0.5452264697065139,-0.07358850394559746
61.579349517822266,62.6806773302913,60.81281608866899,482777000.0,0.0041468766655252,0.0157525339784858,59.87219620617251,57.98865055473839,-0.1383152081760433,94.25555960500166,2.8833594658068904,2.456571985621043,0.4267874801858475,0.2610048903895073,0.876332612058177,0.024565164030978,0.0036644184941675,0.0027361398718848,0.0,0.0,0.0357363251733224,0.1262473892663824,0,2024-01-25,33.0,3.5263605246161616,2.036551201007084,0.24871824979617507,0.07130964754366721,0.6799721065002408,0.17740860225250787
60.99371719360352,61.74526054571479,60.53600059416135,390309000.0,-0.0095557171927365,0.0103244231549836,60.15257645303026,58.38932610658707,-0.191533565186411,88.7744699303699,2.8692040765441007,2.5390984038056543,0.3301056727384464,0.2414918091746797,0.816090452198483,0.0041468766655252,0.024565164030978,0.0036644184941675,0.0027361398718848,0.0,0.0258862589394548,0.0824553226131299,0,2024-01-26,28.0,3.367295829986474,1.6378107186343216,0.0889157265457827,0.2212415611007965,0.6898427066199594,-0.13232583455501382
60.99371719360352,61.74526054571479,60.53600059416135,390309000.0,0.0,0.0103244231549836,60.36286163817358,58.736578251522594,0.0,88.7744699303699,2.825416189497261,2.596361960943976,0.2290542285532852,0.2127243799017451,0.8061455123859613,-0.0095557171927365,0.0041468766655252,0.024565164030978,0.0036644184941675,0.0027361398718848,0.0230831272713079,0.0888087571370532,0,2024-01-27,22.0,3.1354942159291497,1.738101840248784,0.14788604892855528,0.36067622087916457,0.491437730772606,-0.21279017195060929
60.99371719360352,61.74526054571479,60.53600059416135,390309000.0,0.0,0.0103244231549836,60.52057552703106,59.03753011046672,0.0,88.7744699303699,2.7589109652925004,2.6288717618136808,0.1300392034788196,0.2016872743772439,0.7827547152730018,0.0,-0.0095557171927365,0.0041468766655252,0.024565164030978,0.0036644184941675,0.0193409831172339,0.0687131411087624,1,2024-01-28,5.0,1.791759469228055,1.7106664476064222,0.3656573512888349,0.025869996442389163,0.6084726389397179,0.33978735484644573
62.42683792114258,62.45082152019551,60.86979110422985,348733000.0,0.0232244157585893,0.0126614740038269,60.99714112555894,59.48943781855684,-0.1065207310105582,90.4539066572525,2.7896881728526566,2.6610350440214763,0.1286531288311803,0.1981048873662864,0.8694904067681513,0.0,0.0,-0.0095557171927365,0.0041468766655252,0.024565164030978,0.0179752192325211,0.0499906901731987,1,2024-01-29,11.0,2.4849066497880004,3.05792297037965,0.38119091574786934,0.10685505789762881,0.5119540398843329,0.2743358578502405
62.735652923583984,63.45421549320403,62.22196696017239,410735000.0,0.0049346354009124,0.0126218002306827,61.431769075065205,59.92226649922713,0.1777921791169749,88.87139709548538,2.8066448664594645,2.690157008509074,0.1164878579503905,0.1982166769610068,0.8569739537187304,0.0232244157585893,0.0,0.0,-0.0095557171927365,0.0041468766655252,0.0187774540461338,0.055184816423176,0,2024-01-30,7.0,2.0794415416798357,3.427798739150373,0.29698828956735024,0.23301533077715977,0.46999635500106035,0.06397295879019047
61.48941802978516,62.230965375095856,60.66292351979887,453795000.0,-0.0200648177507747,0.0133778370927575,61.44618131374519,60.13122003663487,0.1048364517267825,79.94538376279898,2.688530719022623,2.689831750611784,-0.0013010315891612,0.191921819011462,0.7267609583262568,0.0049346354009124,0.0232244157585893,0.0,0.0,-0.0095557171927365,0.0081270802795672,0.0342237189235608,1,2024-01-31,15.0,2.772588722239781,2.6592717729824122,0.2570283373710709,0.18806586365479333,0.5549057864764718,0.06896247371627756
62.98849487304688,63.15239614325578,61.61233723186135,369146000.0,0.0240869932001987,0.0161487123972872,61.83175970357061,60.51219001482313,-0.1865357705571899,80.87844483289997,2.6849370956326126,2.68885281961595,-0.0039157239833373,0.1874199183932291,0.8280028183259204,-0.0200648177507747,0.0049346354009124,0.0232244157585893,0.0,0.0,0.0327046419078151,0.0565426945906439,1,2024-02-01,17.0,2.8903717578961645,2.7302766931560067,0.1178798201268735,0.3270298108814037,0.5550903739030749,-0.20914999075453022
66.11958312988281,66.55930912654547,63.65108714697043,476578000.0,0.0485128795307067,0.0222477861196684,62.90371556014866,61.259842430164426,0.291028481955649,82.2642299663613,2.901297427189938,2.731341741130748,0.1699556860591902,0.196469784969218,1.0272988313790652,0.0240869932001987,-0.0200648177507747,0.0049346354009124,0.0232244157585893,0.0,0.0840392448948308,0.1050056296287607,0,2024-02-02,10.0,2.3978952727983707,2.1782127556912574,0.05931178262951373,0.36146570956199625,0.5792224896604854,-0.3021539269324825
66.11958312988281,66.55930912654547,63.65108714697043,476578000.0,0.0,0.0222477861196684,63.7076824525822,61.907807856793546,0.0,82.2642299663613,3.037747288926425,2.792622850689884,0.2451244382365418,0.197289989521425,0.9721928101399032,0.0485128795307067,0.0240869932001987,-0.0200648177507747,0.0049346354009124,0.0232244157585893,0.0591531676392915,0.078191678028427,0,2024-02-03,31.0,3.4657359027997265,2.265978680662772,0.18654200755892425,0.11372005545259686,0.6997379513742455,0.07282195210632739
66.11958312988281,66.55930912654547,63.65108714697043,476578000.0,0.0,0.0222477861196684,64.31065762190735,62.46937789320545,0.0,82.2642299663613,3.11003424853277,2.856105130258461,0.2539291182743088,0.1904458714446354,0.935374051936945,0.0,0.0485128795307067,0.0240869932001987,-0.0200648177507747,0.0049346354009124,0.0539395072594632,0.0737298079244328,1,2024-02-04,19.0,2.995732273553991,2.1889977237097447,0.3590734125593373,0.1257109822365259,0.5152155971827155,0.23336243032281137
69.28964233398438,69.45454244217241,67.16394292298222,680078000.0,0.0468304655731074,0.0258187532556468,65.55540379992661,63.37874648530931,0.427002505361137,86.26355693304023,3.384109560818977,2.9617060163705644,0.4224035444484131,0.2091542304124301,1.0877652399550608,0.0,0.0,0.0485128795307067,0.0240869932001987,-0.0200648177507747,0.12685474272046,0.1360127816779603,0,2024-02-05,16.0,2.833213344056216,2.254914767428849,0.12118634082635776,0.09086511839288312,0.7879485698317409,0.03032122243347464
68.18132019042969,69.71138308978904,66.25949848302591,683111000.0,-0.0161248039237279,0.0282828625457048,66.21188289755239,64.01908964599203,0.0044597825543539,79.33123289956131,3.4718624172745365,3.063737296551359,0.4081251207231773,0.2082794739835314,0.9522187694102344,0.0468304655731074,0.0,0.0,0.0485128795307067,0.0240869932001987,0.0824408541250103,0.1178416946455584,1,2024-02-06,34.0,3.5553480614894135,2.196705281261202,0.10483795369623762,0.15103523587637252,0.7441268313585666,-0.0461972821801349
70.05616760253906,70.17709586585252,67.55869397580136,495575000.0,0.0271266847935073,0.0248068381033111,67.17295407379905,64.82403337353163,-0.2745322502492274,79.87829647436232,3.650609748884904,3.181111787018068,0.4694979618668355,0.2181870973127332,1.0164525866406526,-0.0161248039237279,0.0468304655731074,0.0,0.0,0.0485128795307067,0.059537345613982,0.1485800640772545,0,2024-02-07,53.0,3.9889840465642745,2.3437497160241163,0.10295643229861859,0.1565301373665474,0.7405134288181423,-0.0535737050679288
69.59844207763672,70.75073737144197,69.41255872885704,414422000.0,-0.006555131477273,0.0263402342482191,67.77932607475847,65.46062120074565,-0.1637552338193008,77.0642409716856,3.712537847175632,3.287396999049581,0.425140848126051,0.228932224445797,0.9218707374054276,0.0271266847935073,-0.0161248039237279,0.0468304655731074,0.0,0.0,0.0526146533761437,0.1148801444268776,1,2024-02-08,41.0,3.7376696182833684,2.0400166569757565,0.2002489405749802,0.1069141842225541,0.6928368878620765,0.0933347563524261
72.08895111083984,72.14091368127717,70.1691190330097,436637000.0,0.0351586054449356,0.0238073827061845,68.85673233377881,66.34439852209154,0.0536047796690331,83.17992605512896,3.9174219741583594,3.4134019940713367,0.5040199800870218,0.2483420676517123,1.0018327824850242,-0.006555131477273,0.0271266847935073,-0.0161248039237279,0.0468304655731074,0.0,0.0902813916601839,0.1490906327004959,0,2024-02-09,50.0,3.9318256327243257,2.2944422439659196,0.17639674759932322,0.13356517693286285,0.6900380842726564,0.04283157066646037
72.08895111083984,72.14091368127717,70.1691190330097,436637000.0,0.0,0.0238073827061845,69.66478702804406,67.11033886725798,0.0,83.17992605512896,4.033300740607409,3.5373817433785515,0.4959189972288573,0.2595376721396072,0.9378981393785618,0.0351586054449356,-0.006555131477273,0.0271266847935073,-0.0161248039237279,0.0468304655731074,0.0404001042949893,0.17237979185167,0,2024-02-10,89.0,4.499809670330265,2.8000930879099872,0.18102704691662252,0.16734983520298208,0.651623109421569,0.013677211713640447
72.08895111083984,72.14091368127717,70.1691190330097,436637000.0,0.0,0.0238073827061845,70.270828048743,67.7741538330689,0.0,83.17992605512896,4.078125406735779,3.645530476049997,0.4325949306857821,0.264689866096112,0.8892310875214178,0.0,0.0351586054449356,-0.006555131477273,0.0271266847935073,-0.0161248039237279,0.0573123387680993,0.1444780710530535,1,2024-02-11,26.0,3.295836866004329,2.2071454321782755,0.2392240763790805,0.14474882798818997,0.6160270958578886,0.09447524839089053
72.20386505126953,74.56542046599529,71.2064736279646,613710000.0,0.0015927884392395,0.0184166184790446,70.75408729937463,68.36478199549565,0.4055382388574491,81.74031284714181,4.075937007563098,3.731611782352618,0.3443252252104809,0.2654314566765175,0.8557555414382024,0.0,0.0,0.0351586054449356,-0.006555131477273,0.0271266847935073,0.0306567932878565,0.092019362999234,0,2024-02-12,40.0,3.713572066704308,2.3944503648103823,0.09493441459647496,0.14303282205938997,0.7620327605095626,-0.04809840746291501
72.08395385742188,73.40514518374027,69.5774897432117,602580000.0,-0.0016621114985353,0.016215548601142,71.08655393888644,68.86067157708581,-0.0181356015055971,80.72534143781901,4.018207459897937,3.7889309178616815,0.2292765420362554,0.2668483702150597,0.813937631462969,0.0015927884392395,0.0,0.0,0.0351586054449356,-0.006555131477273,0.0357121755256042,0.0902058126383356,1,2024-02-13,51.0,3.9512437185814275,2.673572328363855,0.18898470768115208,0.14317728343828048,0.6678380094661572,0.0458074242428716
73.8548583984375,74.19065168292555,71.89405893388704,504917000.0,0.0242703286657532,0.0156796858552798,71.77863005377421,69.52656315326604,-0.1620747452620399,89.28690030236672,4.06845495762137,3.844835725813619,0.2236192318077505,0.2720903569064176,0.8684289733217443,-0.0016621114985353,0.0015927884392395,0.0,0.0,0.0351586054449356,0.024496226680875,0.1169891717762316,0,2024-02-14,49.0,3.912023005428146,2.5250200804637335,0.17533458070771998,0.17305028761916855,0.6516151199740026,0.0022842930885514368
72.61360931396484,73.92980608164119,72.35577132172895,420122000.0,-0.0169494338209752,0.0176106649744654,71.98737486882186,69.93816930802588,-0.1679384928612028,81.08981420283469,3.962441475223159,3.868356875695528,0.0940845995276311,0.264863724768973,0.7736199342156147,0.0242703286657532,-0.0016621114985353,0.0015927884392395,0.0,0.0,0.0072779281018851,0.0479720614512417,0,2024-02-15,56.0,4.04305126783455,2.119978714716466,0.1978102473761662,0.2033499022013571,0.5988398506388901,-0.005539654825190893
72.56863403320312,74.35654245789623,72.45670295069786,495327000.0,-0.0006195700130198,0.0120811993568365,72.13268965991718,70.28889793804952,0.1790075263851929,76.01804940810007,3.8306386791498426,3.860813236386391,-0.0301745572365481,0.2527631311579943,0.7481522847510108,-0.0169494338209752,0.0242703286657532,-0.0016621114985353,0.0015927884392395,0.0,0.0066540421933141,0.0643477396817737,0,2024-02-16,71.0,4.276666119016055,2.08559712380207,0.20892554110560355,0.11146608399773851,0.6796083673255808,0.09745945710786504
72.56863403320312,74.35654245789623,72.45670295069786,495327000.0,0.0,0.0120811993568365,72.24167575323867,70.59286275073667,0.0,76.01804940810007,3.683720378190429,3.825394664747199,-0.1416742865567695,0.2354703061578934,0.7284468685906468,-0.0006195700130198,-0.0169494338209752,0.0242703286657532,-0.0016621114985353,0.0015927884392395,0.0050519315229813,0.0358636008312422,0,2024-02-17,73.0,4.30406509320417,2.029624348372905,0.14087914191298997,0.1462878239034152,0.7128330338971057,-0.005408681990425213
72.56863403320312,74.35654245789623,72.45670295069786,495327000.0,0.0,0.0120811993568365,72.32341532322978,70.8562989217322,0.0,76.01804940810007,3.526633727829733,3.765642477363706,-0.2390087495339732,0.2211072551018111,0.7084484070545484,0.0,-0.0006195700130198,-0.0169494338209752,0.0242703286657532,-0.0016621114985353,0.006723828950059,0.0426761270353317,0,2024-02-18,38.0,3.6635616461296463,2.5296832735107895,0.08254026847617302,0.2814474054783105,0.6360123278439503,-0.19890713700213747
72.56863403320312,74.35654245789623,72.45670295069786,495327000.0,0.0,0.0120820181450342,72.38472000072312,71.08461026992833,0.0,67.77547637403178,3.363370583212884,3.685188098533542,-0.3218175153206579,0.2038022622612466,0.6900262365329185,0.0,0.0,-0.0006195700130198,-0.0169494338209752,0.0242703286657532,-0.0174155687672618,0.0066540421933141,0,2024-02-19,34.0,3.5553480614894135,2.8997400862482703,0.08655734318139292,0.11651834609816407,0.7969242999800287,-0.029961002916771146
69.40957641601562,71.91204456852859,67.69262359545532,704833000.0,-0.044507943668658,0.0210296678817957,71.64093410454625,70.86127242273997,0.4229650311814215,55.44725042261109,2.9451242573333047,3.5371753302934947,-0.59205107296019,0.1691360643909878,0.4285194522656574,0.0,0.0,0.0,-0.0006195700130198,-0.0169494338209752,-0.0441244131536789,-0.0371676193582642,0,2024-02-20,48.0,3.8918202981106265,2.085297390601013,0.09425721222117484,0.1783732824475351,0.7273694921485592,-0.08411607022636025
67.4307861328125,68.84592156210476,66.2075347659216,673755000.0,-0.028923165515722,0.0178986535268034,70.5883971116128,70.40387425074964,-0.0440927141606592,38.46294143127465,2.426023503555797,3.3149449649459557,-0.8889214613901584,0.143717802708696,0.1988632629272444,-0.044507943668658,0.0,0.0,0.0,-0.0006195700130198,-0.0707998430567102,-0.0646169060063756,1,2024-02-21,117.0,4.770684624465665,2.216707356101349,0.12816574884851373,0.18997499651763736,0.6818592639453249,-0.06180924766912363
78.49002075195312,78.52699308470093,74.17465795695503,865100000.0,0.1518698113475919,0.0645719408329275,72.56380302169788,71.48202711757678,0.2839978924089616,70.2269392617523,2.8738917885498125,3.226734329666727,-0.3528425411169142,0.1629066366375164,1.1380587102139854,-0.028923165515722,-0.044507943668658,0.0,0.0,0.0,0.081597053570565,0.0870612078206618,1,2024-02-22,236.0,5.4680601411351315,2.3396097992816656,0.14439163957567897,0.11288083504594347,0.7427275279418076,0.031510804529735495
78.76885223388672,82.34366290568272,77.5226123761237,829388000.0,0.0035461499734259,0.064464854459487,74.11506532474509,72.45360379975143,-0.0412807767888105,66.89585621690966,3.2142778076760123,3.224243025268584,-0.0099652175925717,0.1741560862718405,1.0632741632252858,0.1518698113475919,-0.028923165515722,-0.044507943668658,0.0,0.0,0.0854393676177884,0.0927376762613105,0,2024-02-23,260.0,5.564520407322694,1.8832368544462237,0.16170633804387596,0.12929688148905294,0.708996784783586,0.032409456554823024
78.76885223388672,82.34366290568272,77.5226123761237,829388000.0,0.0,0.064464854459487,75.2785120520305,73.29563692430281,0.0,66.89585621690966,3.444332064168904,3.2682608330486485,0.1760712311202557,0.177237256156534,0.9993323403418788,0.0035461499734259,0.1518698113475919,-0.028923165515722,-0.044507943668658,0.0,0.0854393676177884,0.0665358236683475,0,2024-02-24,129.0,4.867534450455582,1.9837630905675796,0.1948246684701692,0.15595236702146353,0.6492229670230389,0.038872301448705654
78.76885223388672,82.34366290568272,77.5226123761237,829388000.0,0.0,0.064464854459487,76.15109709749456,74.02539896558066,0.0,66.89585621690966,3.5853223555616864,3.331673137551256,0.2536492180104304,0.1878876075598498,0.933330439406768,0.0,0.0035461499734259,0.1518698113475919,-0.028923165515722,-0.044507943668658,0.1348412755291146,0.0847670702238199,1,2024-02-25,49.0,3.912023005428146,2.70778640468602,0.13194930794732346,0.1435630344104614,0.7244876568989539,-0.011613726463137936
79.04369354248047,80.59674521460998,78.45704646976243,503973000.0,0.0034831398874176,0.0643727607107247,76.87424620874103,74.6945049091673,-0.392355568202096,67.16152828356769,3.676851122944584,3.4007087346299216,0.2761423883146618,0.1910184562984229,0.9039343015710236,0.0,0.0,0.0035461499734259,0.1518698113475919,-0.028923165515722,0.1722196651659235,0.0892266968441866,0,2024-02-26,36.0,3.6109179126442243,1.9952917230616956,0.08743904159985066,0.13053838140691254,0.7820225672336967,-0.043099339807061876
78.65291595458984,79.4314469973946,77.1148623296948,391705000.0,-0.0049560784980275,0.0601628445144147,77.31891364520322,75.22229304855698,-0.2227659021415829,66.26088441117003,3.675487117467583,3.455664411197454,0.2198227062701288,0.1951376012699544,0.8361313286169384,0.0034831398874176,0.0,0.0,0.0035461499734259,0.1518698113475919,0.0020753619514448,0.0838417589423401,0,2024-02-27,57.0,4.060443010546419,1.9467910384712104,0.18038352564526464,0.11427782714268253,0.7053386399555234,0.0661056985025821
77.61556243896484,78.88478331880187,77.07788905731108,393110000.0,-0.0132767499150645,0.0583998680297766,77.39307584364363,75.54139563394469,0.0035868829859204,59.6601146617197,3.549780711730989,3.474487671304161,0.0752930404268279,0.1915090796870738,0.7394555575753713,-0.0049560784980275,0.0034831398874176,0.0,0.0,0.0035461499734259,-0.0146414447108793,0.0695469671298008,1,2024-02-28,58.0,4.07753744390572,1.9563017509333624,0.16110594807534032,0.14198590861070493,0.6969081402256145,0.01912003946463539
79.06365966796875,79.94112153625711,78.30212423623774,507289000.0,0.0184853925752135,0.0096581306619176,77.81072179972492,76.01103083848123,0.2904505100353591,66.39402150832886,3.5263571732341887,3.4848615716901667,0.0414956015440219,0.1970965887510395,0.8063872135489948,-0.0132767499150645,-0.0049560784980275,0.0034831398874176,0.0,0.0,0.0037426904889596,0.0895018312153137,1,2024-02-29,42.0,3.7612001156935624,1.4440365755844546,0.09030180033624717,0.15543081607538148,0.754267382644519,-0.06512901573913431
82.22872924804688,82.24972013852617,79.38646508056598,479135000.0,0.0392513986824803,0.0174707597349384,78.91522366180541,76.84005729308998,-0.0554989365036497,71.19180558345049,3.720303174552228,3.5319498922625794,0.1883532822896487,0.2131394552721136,0.9475425395748708,0.0184853925752135,-0.0132767499150645,-0.0049560784980275,0.0034831398874176,0.0,0.0439244309906512,0.1846885328214356,0,2024-03-01,34.0,3.5553480614894135,1.7225391221531847,0.08767037142489716,0.1911264608539283,0.7212031546853825,-0.10345608942903113
82.22872924804688,82.24972013852617,79.38646508056598,479135000.0,0.0,0.0174707597349384,79.74360005836579,77.55854688708423,0.0,71.19180558345049,3.829858552513059,3.591531624312676,0.2383269282003834,0.2243087112197548,0.892497676499853,0.0392513986824803,0.0184853925752135,-0.0132767499150645,-0.0049560784980275,0.0034831398874176,0.040294621402714,0.2194538127746006,0,2024-03-02,43.0,3.784189633918261,2.6015433576037768,0.13416629838303376,0.08864167621078951,0.777192029529694,0.04552462217224425
82.22872924804688,82.24972013852617,79.38646508056598,479135000.0,0.0,0.0174707597349384,80.36488235578605,78.18123786854592,0.0,71.19180558345049,3.8720474263853646,3.6476347847272135,0.2244126416581511,0.2317550175849694,0.8489541893523583,0.0,0.0392513986824803,0.0184853925752135,-0.0132767499150645,-0.0049560784980275,0.0454632005699766,0.0476329151180752,1,2024-03-03,35.0,3.58351893845611,2.301761338975462,0.23635922318785066,0.14297961232303055,0.6206611643931815,0.0933796108648201
85.1849136352539,87.64141180521226,83.66784349827213,615616000.0,0.0353196029138645,0.0205381597996647,81.56989017565301,79.11506130410699,0.2848487378296305,74.49930708503697,4.096796467556686,3.737467121293108,0.359329346263578,0.2472988536880718,0.94549746282246,0.0,0.0,0.0392513986824803,0.0184853925752135,-0.0132767499150645,0.0975236274586224,0.0814542959483033,1,2024-03-04,38.0,3.6635616461296463,1.968636030253063,0.10482239111440778,0.1531511447856958,0.7420264722615174,-0.04832875367128803
85.91552734375,86.04845558668288,83.36996636051644,520639000.0,0.0085402252027717,0.0194281632300549,82.65629946767726,80.02179010939273,-0.1542796158644349,85.39043084867623,4.284477334479149,3.846869163930316,0.4376081705488328,0.2643755251673659,0.919712260707218,0.0353196029138645,0.0,0.0,0.0392513986824803,0.0184853925752135,0.0866626678369806,0.0907297098686015,1,2024-03-05,64.0,4.174387269895637,2.112884966090328,0.17624099115734274,0.1571698441194397,0.6665891691980153,0.019071147037903025
88.64997100830078,89.67339555623481,86.98091470216241,582520000.0,0.0313311321340993,0.0166341835361697,84.15471735283313,81.17221422924713,0.118855867501282,94.06810142041952,4.600827054345757,3.9976607420134047,0.6031663123323523,0.2850980748472763,0.9719675713954462,0.0085402252027717,0.0353196029138645,0.0,0.0,0.0392513986824803,0.0780900035665628,0.1254444935299332,1,2024-03-06,53.0,3.9889840465642745,1.9434515290358039,0.19264048200166925,0.1570306102033806,0.6503289052860464,0.035609871798288645
92.6167221069336,92.71466639598265,89.55145092677502,608119000.0,0.0437740041722491,0.0190736542841053,86.27021854135825,82.69814861293867,0.0439452722653299,91.5908015800603,5.112684306504306,4.220665454911585,0.892018851592721,0.3171102859700963,1.0370697633723631,0.0313311321340993,0.0085402252027717,0.0353196029138645,0.0,0.0,0.1263304559596298,0.1717155152568694,0,2024-03-07,59.0,4.0943445622221,2.0990163671183657,0.2296156077013858,0.11124912494759735,0.6591352705310771,0.11836648275378846
87.47863006591797,97.3450634515258,86.45720334881955,1142269000.0,-0.0570751739398703,0.0339818487073496,86.57232142249818,83.33554614000258,0.8783642675200085,69.93793714354376,5.045571571373671,4.385646678204003,0.6599248931696682,0.3173431517912546,0.7995790606862924,0.0437740041722491,0.0313311321340993,0.0085402252027717,0.0353196029138645,0.0,0.063845092413316,0.1122108952250879,0,2024-03-08,106.0,4.672828834461906,2.316749103090498,0.1471333327106073,0.13486531538793903,0.7180013431199462,0.012268017322668273
87.47863006591797,97.3450634515258,86.45720334881955,1142269000.0,0.0,0.0339818487073496,86.79889858335312,83.88795733012464,0.0,69.93793714354376,4.935490977509232,4.495615538065048,0.4398754394441839,0.3129731373295129,0.7714110633986827,-0.0570751739398703,0.0437740041722491,0.0313311321340993,0.0085402252027717,0.0353196029138645,0.0269263221946238,0.1270759022677858,0,2024-03-09,217.0,5.384495062789089,2.39804642015698,0.15337884512087094,0.1714935501196154,0.6751276036758214,-0.018114704998744457
87.47863006591797,97.3450634515258,86.45720334881955,1142269000.0,0.0,0.0339818487073496,86.96883145399434,84.36671369489709,0.0,69.93793714354376,4.793000586561206,4.55509254776428,0.2379080387969256,0.3040627952085663,0.7466756787843905,0.0,-0.0570751739398703,0.0437740041722491,0.0313311321340993,0.0085402252027717,0.018193483419056,0.1064328470663797,0,2024-03-10,80.0,4.394449154672439,1.8507762871913425,0.15212168288153463,0.18353623039000974,0.6643420802520066,-0.03141454750847511
85.72562408447266,88.74691405918401,84.11852931570184,678364000.0,-0.0202427573190288,0.0332474659455305,86.65802961161393,84.5479017468405,-0.4061258775297237,64.32637037279375,4.486900793577092,4.541454196926843,-0.0545534033497503,0.2710726355553186,0.6586521288777762,0.0,0.0,-0.0570751739398703,0.0437740041722491,0.0313311321340993,-0.0329875677404823,0.0425264365435738,1,2024-03-11,61.0,4.127134385045092,2.457993305218882,0.1788257854449058,0.15002200832689389,0.6711522082314674,0.02880377711801191
91.86116790771484,91.90813847414768,86.10141744907258,668075000.0,0.0691266144152962,0.0422374237163291,87.95881418563916,85.52300390162374,-0.0151673732686286,72.72179855880941,4.685391337183489,4.5702416249781725,0.1151497122053166,0.2295255281319891,0.9412966170266144,-0.0202427573190288,0.0,0.0,-0.0570751739398703,0.0437740041722491,-0.0081578594235541,0.1171420104354434,0,2024-03-12,63.0,4.1588830833596715,2.32804659246681,0.09141564324579787,0.18038648734383161,0.7281978640382574,-0.08897084409803374
90.83673095703124,91.45238079004136,88.38511175577527,635713000.0,-0.0112146630461105,0.0416391982290916,88.67829337848718,86.23150084234474,-0.0484406690865546,72.75413051955981,4.705787632123318,4.597350826407202,0.1084368057161162,0.2338498522734022,0.8464048302120952,0.0691266144152962,-0.0202427573190288,0.0,0.0,-0.0570751739398703,0.0383876712356245,0.1046836280665111,0,2024-03-13,78.0,4.3694478524670215,2.1387050279116524,0.19704486231362983,0.12719555706263308,0.6757595836403302,0.06984930525099675
87.89439392089844,90.5948732884495,86.55115025815236,602318000.0,-0.0329277050291858,0.0392949884953083,88.48231851409,86.45321991948524,-0.0525315669177758,64.45458650657827,4.433424081035696,4.564565477332901,-0.1311413962972052,0.2282591125602964,0.6767390438830809,-0.0112146630461105,0.0691266144152962,-0.0202427573190288,0.0,0.0,0.004752747667255,0.0318070438768773,0,2024-03-14,55.0,4.02535169073515,1.6601819427366515,0.1663418815086124,0.06958634841615308,0.7640717728868529,0.09675553309245932
87.7874526977539,89.49548835416286,86.20834970674177,642086000.0,-0.0012174420796632,0.0326546793629772,88.30860206000597,86.6311176232544,0.066024923711395,60.11105334984942,4.160979559322627,4.483848293730847,-0.3228687344082201,0.2203012755225078,0.6523371031808664,-0.0329277050291858,-0.0112146630461105,0.0691266144152962,-0.0202427573190288,0.0,0.003530263695296,0.0217879749083571,0,2024-03-15,72.0,4.290459441148391,2.178765503255983,0.12889987209370712,0.22680176565766286,0.6442983665908457,-0.09790189356395573
87.7874526977539,89.49548835416286,86.20834970674177,642086000.0,0.0,0.0326546793629772,88.17831471944295,86.78529563318767,0.0,60.11105334984942,3.900107303743184,4.367100095733314,-0.4669927919901306,0.2099904189554942,0.6338245300303816,-0.0012174420796632,-0.0329277050291858,-0.0112146630461105,0.0691266144152962,-0.0202427573190288,0.0240514856007296,-0.0097294821502661,0,2024-03-16,57.0,4.060443010546419,2.2572599450108113,0.21202206820565497,0.19646968196840625,0.5915082473810462,0.015552386237248722
87.7874526977539,89.49548835416286,86.20834970674177,642086000.0,0.0,0.0326546793629772,88.0805992140207,86.91891657512984,0.0,60.11105334984942,3.651274541636852,4.223934984914022,-0.5726604432771705,0.1981607944098297,0.6153849743239778,0.0,-0.0012174420796632,-0.0329277050291858,-0.0112146630461105,0.0691266144152962,-0.0443464338930836,-0.0521425213430022,1,2024-03-17,24.0,3.2188758248682006,2.0348553392522306,0.06726976468480364,0.26605073297925963,0.6666794973731038,-0.198780968294456
88.40511322021484,92.3528823706334,87.03588315502401,668976000.0,0.0070112271701299,0.0313682535173245,88.16172771556923,87.11707612780785,0.0418791252262158,56.402031526150346,3.46398219657452,4.071944427246122,-0.6079622306716024,0.1822789756948951,0.6329958416485831,0.0,0.0,-0.0012174420796632,-0.0329277050291858,-0.0112146630461105,-0.0267691022254713,0.0105909655146489,1,2024-03-18,19.0,2.995732273553991,2.1478832534264045,0.2284771382074895,0.09437158558959534,0.6771512658745727,0.13410555261789414
89.34757232666016,90.49292195267432,84.96204715287253,672171000.0,0.0106042610291259,0.0145093552289077,88.45818886834196,87.41447562098816,0.0047759560881108,56.76620425033955,3.352949522221323,3.9281454462411625,-0.5751959240198397,0.1568541397178352,0.6796176419184277,0.0070112271701299,0.0,0.0,-0.0012174420796632,-0.0329277050291858,0.0165332319950863,0.0213645579421382,1,2024-03-19,42.0,3.7612001156935624,2.9063426065977818,0.2107696918421323,0.1300221407652034,0.6592081672768099,0.08074755107692888
90.32102966308594,90.35901024319512,88.17323967680368,479063000.0,0.0108362490858707,0.0150561016100862,88.92389906702796,87.80201615993452,-0.2872899901959471,53.54027572995184,3.305402576021635,3.803596872197257,-0.4981942961756225,0.1346107695618148,0.7428255231637285,0.0106042610291259,0.0070112271701299,0.0,0.0,-0.0012174420796632,0.0288603540423362,0.0324925023977413,1,2024-03-20,84.0,4.442651256490317,2.4480398398936556,0.20460873425338655,0.16938422364112118,0.6260070403742902,0.035224510612265364
91.3834228515625,92.59574371140432,90.3540050520513,480372000.0,0.0116937728283396,0.0057846566449424,89.5387800131616,88.2795370521516,0.0027324172394862,47.0204876380032,3.315231603851672,3.70592381852814,-0.3906922146764686,0.127148376562072,0.8098280483890534,0.0108362490858707,0.0106042610291259,0.0070112271701299,0.0,0.0,0.0409622337054165,0.0659989218802856,1,2024-03-21,46.0,3.8501476017100584,2.2410856534948334,0.21780633562769183,0.1222437971571588,0.6599498687904229,0.09556253847053303
94.23580932617188,94.72453187599704,90.78275659770236,586719000.0,0.0307361580418558,0.0103500666285574,90.71303734141416,89.07370668868764,0.2213846768754215,68.35130662955837,3.512692793387046,3.667277613499922,-0.1545848201128756,0.1264106141524499,1.0107785623382564,0.0116937728283396,0.0108362490858707,0.0106042610291259,0.0070112271701299,0.0,0.0734541945375635,0.02585032906225,0,2024-03-22,40.0,3.713572066704308,2.3731136561040116,0.14096272738321652,0.1902052983023141,0.6688319874151919,-0.04924257091909759
94.23580932617188,94.72453187599704,90.78275659770236,586719000.0,0.0,0.0103500666285574,91.5937303376036,89.76198704035221,0.0,68.35130662955837,3.627368166460201,3.6592957240919777,-0.0319275576317767,0.119446911849749,0.9805185210394992,0.0307361580418558,0.0116937728283396,0.0108362490858707,0.0106042610291259,0.0070112271701299,0.0659542858277091,0.0374196465827079,0,2024-03-23,46.0,3.8501476017100584,2.093772546035029,0.18814515607279586,0.08183632797633844,0.7300185181914284,0.10630882809645742
94.23580932617188,94.72453187599704,90.78275659770236,586719000.0,0.0,0.0103500666285574,92.25425008474566,90.3584966784615,0.0,68.35130662955837,3.675876015261565,3.6626117823258952,0.0132642329356698,0.1217142256051386,0.9276758572272168,0.0,0.0307361580418558,0.0116937728283396,0.0108362490858707,0.0106042610291259,0.0547103505133863,0.0721481214260431,1,2024-03-24,27.0,3.332204510175204,2.4806271253223753,0.16400238400743855,0.20876410261236136,0.6272334950273941,-0.04476171860492281
94.94840240478516,96.71140716240863,93.45724736719572,552136000.0,0.0075333606557544,0.0103257311895198,92.92778816475554,90.970484108638,-0.0589430374676804,76.54768995075432,3.728835447057861,3.675856515272288,0.0529789317855726,0.1259138868201591,0.934358160884188,0.0,0.0,0.0307361580418558,0.0116937728283396,0.0108362490858707,0.051232506526555,0.0815714488457239,0,2024-03-25,25.0,3.258096538021482,2.5708833806989513,0.13217794068350472,0.07609052512599775,0.7917315326794971,0.05608741555750697
92.50879669189452,96.32064875325118,92.44983185631352,513648000.0,-0.0260298721008493,0.0171293195461767,92.82304029654028,91.1755924530722,-0.0697074633785879,52.36805604375126,3.533221606587233,3.647329533535278,-0.1141079269480447,0.1270919786599524,0.6998145850887832,0.0075333606557544,0.0,0.0,0.0307361580418558,0.0116937728283396,0.0123148576100067,0.0537815353908932,0,2024-03-26,32.0,3.4965075614664802,2.36315889063592,0.17785896715082405,0.10876993140137294,0.713371115975883,0.06908903574945112
90.1990966796875,93.18740810778952,89.07273343467564,586067000.0,-0.0252843269877334,0.0202270362897171,92.16705439232707,91.0453930166209,0.1409895492633086,47.86880296372457,3.155448692349154,3.548953365298053,-0.3935046729488993,0.1247734772315982,0.5090951861534622,-0.0260298721008493,0.0075333606557544,0.0,0.0,0.0307361580418558,-0.0428362920141364,0.0274713971965527,1,2024-03-27,30.0,3.4339872044851463,2.3440536453460035,0.15161719705211965,0.1461811213995133,0.7022016827156093,0.0054360756526063425
90.3050308227539,91.24849853375164,89.14268488587938,435212000.0,0.0011737588131017,0.0195770308539788,91.7015484999338,90.94667805743865,-0.2574023106573139,59.94230344436102,2.83196382004428,3.4055554562472987,-0.5735916362030191,0.1215481341501892,0.5060957075984384,-0.0252843269877334,-0.0260298721008493,0.0075333606557544,0.0,0.0,-0.0417121530713726,0.021491037490178,0,2024-03-28,37.0,3.6375861597263857,2.2051781677717965,0.11138054140632714,0.3202354529861183,0.5683840100333635,-0.20885491157979114
90.3050308227539,91.24849853375164,89.14268488587938,435212000.0,0.0,0.0136360005164808,91.35241908063882,90.86112509281402,0.0,60.47577565768839,2.546248164306334,3.233693997859106,-0.687445833552772,0.1179067871536309,0.4930125639955452,0.0011737588131017,-0.0252843269877334,-0.0260298721008493,0.0075333606557544,0.0,-0.0417121530713726,0.0107161109268107,0,2024-03-29,24.0,3.2188758248682006,2.0923590133685575,0.07628646685659912,0.22171755703346865,0.7019959818707716,-0.14543109017686953
90.3050308227539,91.24849853375164,89.14268488587938,435212000.0,0.0,0.0136360005164808,91.0905720161676,90.78697919013936,0.0,60.47577565768839,2.2933797939782465,3.0456311570829344,-0.7522513631046879,0.1138127494524885,0.4790553492631929,0.0,0.0011737588131017,-0.0252843269877334,-0.0260298721008493,0.0075333606557544,-0.0489041570413746,-0.0001771330596175,0,2024-03-30,8.0,2.1972245773362196,3.931608713862849,0.3055429025410777,0.08396882500182996,0.6104883109518218,0.22157407753924774
90.3050308227539,91.24849853375164,89.14268488587938,435212000.0,0.0,0.0136360005164808,90.89418671781418,90.72271940782127,0.0,60.47577565768839,2.0691281671516464,2.850330559096677,-0.7812023919450306,0.1021490124613126,0.4520225514384443,0.0,0.0,0.0011737588131017,-0.0252843269877334,-0.0260298721008493,-0.0238222304034543,-0.0118007401688188,1,2024-03-31,22.0,3.1354942159291497,2.8834257773690926,0.3697109774014571,0.09182585564869826,0.5384631684064741,0.2778851217527588
90.31202697753906,92.17297617207028,89.15368416261286,452441000.0,7.746948016831075e-05,0.0126503763954107,90.7486467827454,90.667960417117,0.0395876032829978,58.35960520286699,1.8704107377729144,2.6543465948319245,-0.78393585705901,0.1016517430668358,0.4609094303158776,0.0,0.0,0.0,0.0011737588131017,-0.0252843269877334,0.0012520114059744,-0.0416379121343533,0,2024-04-01,4.0,1.6094379124341003,1.4259456186640502,0.07603083397767355,0.2644375898256701,0.6595315648467548,-0.18840675584799657
89.40155792236328,90.04319416490718,87.57059032830745,433064000.0,-0.0101325322218149,0.0098030042117024,90.41187456764987,90.49910675114982,-0.0428276836095755,50.23732988451466,1.6207752119177457,2.447632318249089,-0.8268571063313432,0.1024781950807506,0.3708603019740694,7.746948016831075e-05,0.0,0.0,0.0,0.0011737588131017,-0.0100046796082038,-0.051299515952329,0,2024-04-02,16.0,2.833213344056216,2.7577035101086174,0.16878610933293775,0.08013737669785508,0.7510765251508147,0.08864873263508267
88.913818359375,90.323026734509,88.35014110939444,370067000.0,-0.0054705408981831,0.004174399636289,90.03736051558116,90.28773496557986,-0.145468106330704,43.53767952642024,1.3678134506028812,2.231668544719847,-0.8638550941169663,0.1001286303047786,0.3085540904029075,-0.0101325322218149,7.746948016831075e-05,0.0,0.0,0.0,-0.0154057027687583,-0.0564752508080684,0,2024-04-03,14.0,2.70805020110221,1.9735574114894596,0.1961350761061316,0.150051629805696,0.6538132953697008,0.04608344630043559
85.85652923583984,90.58286493111729,85.83154181638737,434965000.0,-0.034989929103267,0.01286047296166,88.99215269564583,89.69690753494785,0.1753682441287658,28.54918649763141,0.9101501069476684,1.967364857165412,-1.0572147502177434,0.1074557101279317,0.0171482388816636,-0.0054705408981831,-0.0101325322218149,7.746948016831075e-05,0.0,0.0,-0.0492608390295038,-0.0957559362629897,1,2024-04-04,29.0,3.4011973816621555,2.1090271139619365,0.1405210489626105,0.34132618813634685,0.5181527641689151,-0.20080513917373635
87.95836639404297,88.4310991932804,85.87753991776991,399678000.0,0.0241859549173291,0.0175253214141954,88.73370612024512,89.46510204949388,-0.0811260676146357,24.128923202113967,0.7088778006704786,1.7156674458664252,-1.0067896451959466,0.1070059269075787,0.2311717322506992,-0.034989929103267,-0.0054705408981831,-0.0101325322218149,7.746948016831075e-05,0.0,-0.0259859767205755,-0.0491891631993335,0,2024-04-05,25.0,3.258096538021482,1.825605480650024,0.2757317031396607,0.1540178586815022,0.5702504331413559,0.12171384445815853
87.95836639404297,88.4310991932804,85.87753991776991,399678000.0,0.0,0.0175253214141954,88.53987118869458,89.26420396210042,0.0,24.128923202113967,0.5431074433231657,1.481155445357773,-0.9380480020346076,0.1065530078260351,0.2291690145128472,0.0241859549173291,-0.034989929103267,-0.0054705408981831,-0.0101325322218149,7.746948016831075e-05,-0.0260614301579285,-0.0248420479597678,0,2024-04-06,14.0,2.70805020110221,1.927811518495091,0.14227813439573747,0.42507750310513803,0.4326443487268196,-0.2827993687094006
87.95836639404297,88.4310991932804,85.87753991776991,399678000.0,0.0,0.0175253214141954,88.39449499003167,89.09009228635944,0.0,24.128923202113967,0.4070411241100515,1.266332581108229,-0.8592914569981775,0.1075986699155277,0.2340274827883102,0.0,0.0241859549173291,-0.034989929103267,-0.0054705408981831,-0.0101325322218149,-0.0161428006609637,-0.0259859767205755,0,2024-04-07,5.0,1.791759469228055,4.99486792154627,0.27348597131926866,0.1682278746419243,0.558286139937484,0.10525809667734437
87.08385467529297,88.77989605626742,86.68307988880372,283220000.0,-0.0099920920732345,0.0175709107865355,88.066834911347,88.82259393821724,-0.2913795605462397,18.014906200160095,0.2260361941811481,1.058273303722813,-0.8322371095416647,0.1125527053622872,0.1706214422500482,0.0,0.0,0.0241859549173291,-0.034989929103267,-0.0054705408981831,-0.0205813192802677,-0.0356699523616054,0,2024-04-08,11.0,2.4849066497880004,1.3345686665413814,0.13499407350526546,0.15028283418935007,0.7147230968776692,-0.015288760684084607
85.30583953857422,87.5855584540804,82.97516214642668,501700000.0,-0.0206285903060865,0.0184860188806961,87.37658606815381,88.35369335159817,0.7714144481321941,19.039492514563577,-0.0601886614749673,0.8345809106832569,-0.8947695721582243,0.1238247553173118,0.0630108590768964,-0.0099920920732345,0.0,0.0,0.0241859549173291,-0.034989929103267,-0.0064140689376451,-0.0553589455496875,1,2024-04-09,19.0,2.995732273553991,2.1001651717519234,0.2519045069592412,0.14556248076453798,0.6025329970002925,0.10634202619470323
86.98991394042969,87.35071040768491,83.66179013581636,431929000.0,0.0195492692259502,0.0210097133381508,87.27991803622278,88.17185609677571,-0.1390691648395455,35.42190571514918,-0.1494108763113786,0.6377825532843299,-0.7871934295957085,0.1273599102518263,0.2402522021960916,-0.0206285903060865,-0.0099920920732345,0.0,0.0,0.0241859549173291,-0.0110103506160486,-0.0367102126218301,1,2024-04-10,22.0,3.1354942159291497,2.531011788112038,0.18885287792418579,0.13355799921267403,0.6775891239276028,0.05529487871151176
90.56488800048828,90.687819723934,86.87697442257391,431637000.0,0.0402744080538862,0.0212420408275558,88.10116052728915,88.49092701727072,-0.0006760370338643,50.89755063018279,0.0675714829674518,0.5237403392209543,-0.4561688562535024,0.1197895283546321,0.5727390793726896,0.0195492692259502,-0.0206285903060865,-0.0099920920732345,0.0,0.0,0.029633583629423,0.0027998599014071,0,2024-04-11,26.0,3.295836866004329,2.7288267529781676,0.2115248655920915,0.13021529399485768,0.658259854455179,0.08130957159723382
88.13626861572266,90.1241530507074,87.48064030544892,426805000.0,-0.0271824644943021,0.0233376865067137,88.10993754939753,88.44363923039765,-0.0111945917518655,43.5852616091456,0.0430658422163787,0.4276054398200392,-0.3845395976036604,0.1115843080724377,0.3656557661711161,0.0402744080538862,0.0195492692259502,-0.0206285903060865,-0.0099920920732345,0.0,0.0020225730532863,-0.0141528776012986,0,2024-04-12,18.0,2.9444389791664403,2.430429734241451,0.141212892896491,0.09033592444292766,0.7684511816306638,0.050876968453563334
88.13626861572266,90.1241530507074,87.48064030544892,426805000.0,0.0,0.0233376865067137,88.11652031597882,88.40265648177432,0.0,43.5852616091456,0.023375487300683,0.346759449316168,-0.3233839620154849,0.1006589862748267,0.3845418233091902,-0.0271824644943021,0.0402744080538862,0.0195492692259502,-0.0206285903060865,-0.0099920920732345,0.0120850638083693,-0.0087449820286608,0,2024-04-13,18.0,2.9444389791664403,3.2449686415909103,0.06606469066111971,0.2359991340352133,0.6979361672320877,-0.16993444337409358
88.13626861572266,90.1241530507074,87.48064030544892,426805000.0,0.0,0.0233376865067137,88.12145739091477,88.36713809963409,0.0,43.5852616091456,0.0076821837365201,0.2789439962002384,-0.2712618124637183,0.0807285705980691,0.4029812352918566,0.0,-0.0271824644943021,0.0402744080538862,0.0195492692259502,-0.0206285903060865,0.0331797810379506,0.026552894697392,0,2024-04-14,10.0,2.3978952727983707,2.7584145442815027,0.1708070666019901,0.20358717341293286,0.6256057576336844,-0.03278010681094276
85.9524917602539,90.56188993656951,85.8805337738884,443077000.0,-0.025089401554171,0.0250787964124959,87.57921598324955,88.0451852543834,0.0381251391150525,38.576423666296826,-0.1789051073410235,0.1873741754919861,-0.3662792828330096,0.0759767269196442,0.1205217140126989,0.0,0.0,-0.0271824644943021,0.0402744080538862,0.0195492692259502,-0.0119257754512345,-0.0228048190981967,1,2024-04-15,14.0,2.70805020110221,2.3426487135954632,0.20764363807614558,0.1668075556284852,0.6255488083443196,0.04083608244766038
87.36569213867188,88.06829089560239,86.01545628049773,370453000.0,0.0163079449187728,0.024348814253227,87.52583502210513,87.95458617228853,-0.1639083048770304,44.80223178058988,-0.2103189934414615,0.1078355417052965,-0.3181545351467581,0.0746837962583598,0.3489464705111135,-0.025089401554171,0.0,0.0,-0.0271824644943021,0.0402744080538862,-0.0353249027570061,-0.006738122587634,0,2024-04-16,27.0,3.332204510175204,1.5936786253292499,0.1597129009398224,0.2816878677355482,0.5585992331931952,-0.12197496679572581
83.98759460449219,88.7249183584023,83.90263584788114,495400000.0,-0.0394335624817601,0.0277942271835369,86.64127491770189,87.42565396324902,0.3372816524633355,39.040364401221545,-0.5020120807944153,-0.0141339827946458,-0.4878780979997695,0.0840847940621098,-0.0482715632279776,0.0163079449187728,-0.025089401554171,0.0,0.0,-0.0271824644943021,-0.0470711328762831,-0.04514376462794,1,2024-04-17,14.0,2.70805020110221,1.4698804998238277,0.2503914309776225,0.14155252310777364,0.6080560457473537,0.10883890786984887
84.62323760986328,86.14138561304675,82.35552028108327,447260000.0,0.0075398004778749,0.0207700050009819,86.13676559074224,87.05199844946425,-0.0971740008074283,46.92488150378526,-0.6741190510180388,-0.1461309964393244,-0.5279880545787144,0.087540595165856,0.0913810064137031,-0.0394335624817601,0.0163079449187728,-0.025089401554171,0.0,0.0,-0.0398590848130446,-0.028255720587984,0,2024-04-18,20.0,3.044522437723423,2.070717435327885,0.09194805298241476,0.46446599215316653,0.4435859441878258,-0.37251793917075177
76.15702056884766,84.27643922651326,75.56336143765269,875198000.0,-0.1054116360993557,0.0419724663440374,83.6418293352686,85.5993347320487,0.9567991772123596,27.66345920025323,-1.4766461671316051,-0.4122340305777806,-1.0644121365538246,0.1446518421634366,-0.3654345392590835,0.0075398004778749,-0.0394335624817601,0.0163079449187728,-0.025089401554171,0.0,-0.1359173497474116,-0.1072472766133387,0,2024-04-19,16.0,2.833213344056216,1.7101916766011986,0.27243141112662334,0.13143791287851078,0.5961306834169788,0.14099349824811255
76.15702056884766,84.27643922651326,75.56336143765269,875198000.0,0.0,0.0419724663440374,81.77062714366336,84.34035951028856,0.0,27.66345920025323,-2.0885788516407477,-0.747502994790374,-1.3410758568503731,0.1798874607345539,-0.15607590601891,-0.1054116360993557,0.0075398004778749,-0.0394335624817601,0.0163079449187728,-0.025089401554171,-0.1139637838392005,-0.1245304527947958,0,2024-04-20,49.0,3.912023005428146,2.3924019967452157,0.06795051391004332,0.45410552306992186,0.477943946277679,-0.38615500915987855
76.15702056884766,84.27643922651326,75.56336143765269,875198000.0,0.0,0.0419724663440374,80.36722549995943,83.24924765142978,0.0,27.66345920025323,-2.5442118226762176,-1.1068447603675429,-1.4373670623086747,0.2046117144981314,-0.0411758880535767,0.0,-0.1054116360993557,0.0075398004778749,-0.0394335624817601,0.0163079449187728,-0.1282960312617127,-0.159088889190289,1,2024-04-21,25.0,3.258096538021482,2.3383951498571447,0.18945737362159548,0.2635428149565931,0.5469997948690408,-0.07408544133499761
79.47313690185547,80.02782409829473,76.35689973345642,596341000.0,0.0426217949176928,0.048181080495097,80.14370335043344,82.74576621815321,-0.3186216147660301,36.81383989518243,-2.6076618580603395,-1.4070081799061025,-1.2006536781542372,0.2110855964319155,0.1844938789779353,0.0,0.0,-0.1054116360993557,0.0075398004778749,-0.0394335624817601,-0.0537514822742078,-0.0982924719860646,1,2024-04-22,16.0,2.833213344056216,2.6156826491383622,0.08478298433111679,0.2858175424478162,0.6293994956784931,-0.2010345581166994
82.37651062011719,82.72231614993429,80.21873169463018,438559000.0,0.0358812670333313,0.0505529276174621,80.70190516785438,82.69653213841508,-0.2645835184902597,45.11519500263989,-2.3960483201317544,-1.6048162079512327,-0.7912321121805217,0.2094837451877529,0.3626598556993013,0.0426217949176928,0.0,0.0,-0.1054116360993557,0.0075398004778749,-0.026549764027041,-0.0653505995439654,0,2024-04-23,18.0,2.9444389791664403,2.097333199997456,0.2453819039232983,0.2900309709481951,0.4645871391380884,-0.044649067024896766
79.63206481933594,84.03457921776213,79.13834013698539,512208000.0,-0.0338834948848509,0.0500258611380109,80.43444508072477,82.2879364958712,0.1679340750047313,38.14949890146619,-2.421878993097522,-1.7682287649804906,-0.6536502281170313,0.2168436802155219,0.2340473926767599,0.0358812670333313,0.0426217949176928,0.0,0.0,-0.1054116360993557,0.0456299921469061,-0.0964892652021083,1,2024-04-24,23.0,3.1780538303479458,1.7481134484287808,0.14685344049318763,0.24837696797854658,0.6047696033839737,-0.10152352748535895
82.58538818359375,83.2759926322814,78.178871245499,424641000.0,0.0364159302729369,0.0526070682692946,80.97218085644201,82.32759672090087,-0.170959844438197,36.88566420878433,-2.178924192225665,-1.8503678504295256,-0.3285563417961394,0.2148789002149062,0.4087620762914215,-0.0338834948848509,0.0358812670333313,0.0426217949176928,0.0,0.0,0.0844093895313919,-0.039174007730363,1,2024-04-25,22.0,3.1354942159291497,2.074681012190147,0.14532068172374032,0.20319129797624194,0.6514880107850965,-0.05787061625250162
87.6855239868164,88.28118855401848,83.3399763925944,551011000.0,0.0599240565148015,0.032482489614691,82.6505166390356,83.04198702302294,0.2975925546520472,49.31900021670271,-1.5568955041946282,-1.7916733811825465,0.234777876987918,0.2143716752983449,0.6917635865904254,0.0364159302729369,-0.0338834948848509,0.0358812670333313,0.0426217949176928,0.0,0.151378078237012,0.0036608403174656,0,2024-04-26,21.0,3.091042453358316,1.548497698321805,0.15192233959655765,0.4109415863050576,0.4371360641629427,-0.25901924670849996
87.6855239868164,88.28118855401848,83.3399763925944,551011000.0,0.0,0.032482489614691,83.90926847598081,83.66112528486207,0.0,49.31900021670271,-1.051808691586885,-1.643700443263414,0.5918917516765292,0.2138608450113276,0.6930102867215883,0.0599240565148015,0.0364159302729369,-0.0338834948848509,0.0358812670333313,0.0426217949176928,0.1033353835661821,0.0440294712539182,0,2024-04-27,18.0,2.9444389791664403,3.5362639721386238,0.07357178540088673,0.28139173997731187,0.6450364753810975,-0.20781995457642516
87.6855239868164,88.28118855401848,83.3399763925944,551011000.0,0.0,0.032482489614691,84.85333235368971,84.19771177845598,0.0,49.31900021670271,-0.6440989815200027,-1.443780150914732,0.7996811693947292,0.2148372662659599,0.690402183263325,0.0,0.0599240565148015,0.0364159302729369,-0.0338834948848509,0.0358812670333313,0.0644481457970702,0.0361872987071367,1,2024-04-28,8.0,2.1972245773362196,2.2411601507514347,0.07746986822878077,0.31050428314392303,0.6120258414601227,-0.23303441491514226
87.70751190185547,87.94237235498613,85.21791179771557,388971000.0,0.0002507273455053,0.0315280426788223,85.56687724073115,84.66568512824259,-0.2940776136955524,52.83685091962047,-0.3155741159485927,-1.218138943921504,0.9025648279729112,0.217435383805213,0.6825113746079533,0.0,0.0,0.0599240565148015,0.0364159302729369,-0.0338834948848509,0.1014094900193858,0.1516667963994982,0,2024-04-29,4.0,1.6094379124341003,2.0415540671480357,0.25093109158721166,0.01972607258304272,0.7293428381593263,0.23120501900416895
86.353271484375,88.76890816331654,86.25133163329888,363709000.0,-0.0155608600326805,0.0315957990290458,85.7634758016421,84.89069664239358,-0.0649457157474464,48.36037702185158,-0.1626171278959418,-1.0070345807163916,0.8444174528204498,0.2167091624054082,0.6108290560164235,0.0002507273455053,0.0,0.0,0.0599240565148015,0.0364159302729369,0.0456240914240779,0.1338845826605008,0,2024-04-30,16.0,2.833213344056216,2.373840194507922,0.06842389475529204,0.36288008423978196,0.5686960548111705,-0.2944561894844899
82.99414825439453,85.9514784070707,81.20915281271795,559863000.0,-0.0396765878504198,0.0328865434293008,85.0711439148302,84.6378235239937,0.539315771674608,48.39011664925479,-0.3088900914668642,-0.8674056828664862,0.558515591399622,0.206420252856843,0.4448765454579023,-0.0155608600326805,0.0002507273455053,0.0,0.0,0.0599240565148015,-0.053502283149123,0.0897767222834822,1,2024-05-01,24.0,3.2188758248682006,1.8693647653771908,0.24487594546686964,0.2884406670742863,0.46668339717286056,-0.043564721607416645
85.76860046386719,86.18836175340402,83.15307206256357,377898000.0,0.0328828752018613,0.0323632315657005,85.24550805208945,84.7885937826435,-0.3250170130907025,51.7357445797943,-0.1986474782215594,-0.733654041937501,0.5350065637159415,0.2024651879548244,0.6141592981285153,-0.0396765878504198,-0.0155608600326805,0.0002507273455053,0.0,0.0,-0.0218613453600098,0.0792149876981229,1,2024-05-02,15.0,2.772588722239781,2.3034740635005657,0.1159193423979819,0.30540160169811653,0.5786790588638859,-0.18948225930013463
88.7389144897461,89.23063371341577,86.9909005732954,398341000.0,0.0340455358422791,0.0259372475053336,86.1188596615036,85.31530321025718,0.0540966080794287,72.87823994202246,0.1269368559093635,-0.561535862368128,0.6884727182774916,0.2040229552301729,0.7850909938057672,0.0328828752018613,-0.0396765878504198,-0.0155608600326805,0.0002507273455053,0.0,0.0120132771640626,0.077235656399303,0,2024-05-03,16.0,2.833213344056216,1.3666608161635643,0.19217528165269543,0.32750367140485026,0.4803210463357216,-0.13532838975215483
88.7389144897461,89.23063371341577,86.9909005732954,398341000.0,0.0,0.0259372475053336,86.77387336856422,85.77178471418904,0.0,72.87823994202246,0.3805777233235119,-0.3731131452298,0.7536908685533119,0.2055561099557709,0.7811156155954992,0.0340455358422791,0.0328828752018613,-0.0396765878504198,-0.0155608600326805,0.0002507273455053,0.0117595695685082,0.1143615915406839,0,2024-05-04,13.0,2.6390573296152584,2.3686869916956805,0.20618848364235481,0.12058722799069731,0.6732243073983528,0.0856012556516575
88.7389144897461,89.23063371341577,86.9909005732954,398341000.0,0.0,0.0259372475053336,87.26513364885969,86.16740201759664,0.0,72.87823994202246,0.574962132570235,-0.183498089669793,0.7584602222400281,0.2106250051250308,0.7660237060000177,0.0,0.0340455358422791,0.0328828752018613,-0.0396765878504198,-0.0155608600326805,0.0276265503826655,0.0745110780671343,1,2024-05-05,3.0,1.3862943611198906,4.925800027092193,0.08169907400609991,0.020545096280110326,0.8977558314521309,0.061153977725989586
92.08802795410156,92.16798466023728,89.00476895897276,376203000.0,0.0370464317750984,0.0291257580939036,88.47085722517016,86.95681880913064,-0.0555754993836938,72.91074715967586,0.9878710813295442,0.0507757445300743,0.9370953367994698,0.2244160805387557,0.913590858821298,0.0,0.0,0.0340455358422791,0.0328828752018613,-0.0396765878504198,0.109572540847487,0.0502078765925728,0,2024-05-06,3.0,1.3862943611198906,2.861741867269355,0.07721110346255468,0.2621205210004488,0.6606684025484901,-0.18490941753789414
90.50292205810548,91.72922732116892,88.96079315014337,437342000.0,-0.0173628070517812,0.0293649837112431,88.97887343340399,87.42963257566062,0.1625159820628756,65.50117574601441,1.1736702593796906,0.2753546474999976,0.8983156118796929,0.2330088723101104,0.7998591677557263,0.0370464317750984,0.0,0.0,0.0340455358422791,0.0328828752018613,0.0551987740109245,0.0321307091888127,0,2024-05-07,13.0,2.6390573296152584,1.2814475892628236,0.1131704688334674,0.03938804365074715,0.8474415015704866,0.07378242518272025
90.36101531982422,91.14257199813076,89.36957035953105,325721000.0,-0.0015692101969916,0.0219224634421723,89.32440890500905,87.82048360821577,-0.2552258872918677,72.72148546599836,1.2945440606742693,0.479192530134852,0.8153515305394172,0.2400494619416171,0.7690356544146867,-0.0173628070517812,0.0370464317750984,0.0,0.0,0.0340455358422791,0.0182794756889386,0.0305123492608663,0,2024-05-08,15.0,2.772588722239781,2.0611372381447026,0.19607247000415992,0.2742573536261934,0.5296701775364876,-0.07818488362203349
88.69694519042969,91.0206307579062,88.18123739175036,378013000.0,-0.0185874789922656,0.0224348859637135,89.16754297636422,87.93734515251096,0.1605423046103873,63.69048799112383,1.241746782868745,0.6317033806816307,0.6100434021871143,0.22088946267828,0.6689269913720753,-0.0015692101969916,-0.0173628070517812,0.0370464317750984,0.0,0.0,-0.0004729525885879,0.011281055261052,1,2024-05-09,11.0,2.4849066497880004,2.6126423958999014,0.2687557675932309,0.5552894806817127,0.17595474512810905,-0.2865337130884818
89.82730865478516,91.34945233112953,89.17667483195356,335325000.0,0.0126635854344071,0.0189780510906061,89.33248439596946,88.18934028614753,-0.1129273331869539,55.83571006876596,1.2764018782361577,0.760643080192536,0.5157587980436215,0.197914069220125,0.7132377562139696,-0.0185874789922656,-0.0015692101969916,-0.0173628070517812,0.0370464317750984,0.0,0.0122651282280992,0.0402305217937082,0,2024-05-10,14.0,2.70805020110221,1.7376697804455046,0.06619308685102479,0.3295267901260487,0.6042801192735987,-0.2633337032750239
89.82730865478516,91.34945233112953,89.17667483195356,335325000.0,0.0,0.0189780510906061,89.45619046067338,88.40773606863254,0.0,55.83571006876596,1.2890074158802918,0.8663159473300872,0.4226914685502045,0.166607906271593,0.7040885402331687,0.0126635854344071,-0.0185874789922656,-0.0015692101969916,-0.0173628070517812,0.0370464317750984,-0.0245495462281285,0.0823330384624896,0,2024-05-11,14.0,2.70805020110221,2.6699398919318673,0.3445768371922178,0.09888966087951255,0.556533511909954,0.24568717631270526
89.82730865478516,91.34945233112953,89.17667483195356,335325000.0,0.0,0.0189780510906061,89.54897000920133,88.5970124134529,0.0,55.83571006876596,1.2841940061612576,0.9498915590963212,0.3343024470649363,0.1475226584630464,0.6889695261089674,0.0,0.0126635854344071,-0.0185874789922656,-0.0015692101969916,-0.0173628070517812,-0.0074651004404758,0.047321609178266,1,2024-05-12,3.0,1.3862943611198906,2.603180441551137,0.04240568391881557,0.7873152020038982,0.1702791359441633,-0.7449095180850825
90.34801483154295,90.94667600491071,88.47906681215352,289680000.0,0.005780010451488,0.0114834264592507,89.74873121478674,88.83047940253158,-0.1361216730038023,57.004211075078885,1.3073259413516922,1.0213784355473956,0.2859475058042966,0.139378618037,0.7090844228218973,0.0,0.0,0.0126635854344071,-0.0185874789922656,-0.0015692101969916,-0.0001438727556926,0.0181329730147059,1,2024-05-13,4.0,1.6094379124341003,1.9458060040840093,0.17887332035488476,0.06472595902874145,0.7564007367587231,0.11414736132614331
91.30448150634766,91.5993133075769,88.88384272491611,296507000.0,0.0105308270822926,0.0103402332499855,90.13766878767696,89.16034634970705,0.023567384700359,63.41673382286723,1.3868502869542283,1.0944728058287625,0.292377481125466,0.1122174881359063,0.7955727541759688,0.005780010451488,0.0,0.0,0.0126635854344071,-0.0185874789922656,0.0293982651862436,0.0289114086120358,1,2024-05-14,8.0,2.1972245773362196,2.0160908672533724,0.0786180894241905,0.3005118590299003,0.6208700473720804,-0.22189376960570978
94.57662963867188,94.80850105677926,91.54734077306348,417735000.0,0.0352105296503364,0.0162938152633324,91.2474090004257,89.88251745490237,0.4088537538742762,81.53472386378412,1.6943771860937176,1.2144536818817533,0.4799235042119643,0.110402801435894,1.0704850077049637,0.0105308270822926,0.005780010451488,0.0,0.0,0.0126635854344071,0.0528716829548885,0.0657852891540649,0,2024-05-15,12.0,2.5649493574615367,2.31693501573432,0.21436714403715823,0.2622736403369692,0.5233592014645211,-0.047906496299810974
94.3057861328125,95.7649618311796,94.04992617640087,323952000.0,-0.0028678550132319,0.013010040195281,92.0120032835224,90.47228661195706,-0.2245035728392401,76.91244279531185,1.894402172859884,1.3504433800773796,0.5439587927825045,0.121223959544012,0.9620395623925008,0.0352105296503364,0.0105308270822926,0.005780010451488,0.0,0.0,0.0498565252048077,0.02408302390639,0,2024-05-16,14.0,2.70805020110221,2.0495761835361366,0.2039088987072415,0.26014271765243574,0.5359484098658349,-0.05623381894519425
92.42682647705078,94.68655257434128,91.75420961084316,359691000.0,-0.0201252801872398,0.0167385484035431,92.1157090819045,90.73289192730287,0.1103218995406727,62.4847357187281,1.8796397577827548,1.4562826556184547,0.4233571021643001,0.1234859503257069,0.7610017079460977,-0.0028678550132319,0.0352105296503364,0.0105308270822926,0.005780010451488,0.0,0.0289390594151697,0.0212579259895069,0,2024-05-17,23.0,3.1780538303479458,1.7968420287187041,0.1851145801671345,0.1671532669552035,0.6477321470360157,0.017961313211931007
92.42682647705078,94.68655257434128,91.75420961084316,359691000.0,0.0,0.0167385484035431,92.19348843069108,90.95874986726928,0.0,62.4847357187281,1.8466533669641196,1.5343567978875876,0.3122965690765318,0.124745343459851,0.736516783631055,-0.0201252801872398,-0.0028678550132319,0.0352105296503364,0.0105308270822926,0.005780010451488,0.0230089354966329,0.0228617523819849,0,2024-05-18,15.0,2.772588722239781,1.7004463515013413,0.13082181481733185,0.26463745550185064,0.6045407308942498,-0.1338156406845188
92.42682647705078,94.68655257434128,91.75420961084316,359691000.0,0.0,0.0167385484035431,92.251822942281,91.15449341524014,0.0,62.4847357187281,1.7997648457590287,1.587438407461876,0.2123264382971528,0.1250914294053317,0.7142879702492023,0.0,-0.0201252801872398,-0.0028678550132319,0.0352105296503364,0.0105308270822926,0.0122923316817158,0.0420519700944959,1,2024-05-19,18.0,2.9444389791664403,2.1150763850403598,0.19803947506428568,0.37683924842909017,0.42512128880831135,-0.1787997733648045
94.72654724121094,95.14630855060346,93.38730659931326,318764000.0,0.024577024455281,0.0184752411516963,92.87050401701347,91.63076725870292,-0.1137837755184311,59.61539103153675,1.92597219243153,1.6551451644558068,0.2708270279757232,0.1266858834470587,0.8748021259853598,0.0,0.0,-0.0201252801872398,-0.0028678550132319,0.0352105296503364,0.001585144269909,0.0545406364700742,1,2024-05-20,24.0,3.2188758248682006,1.29220961931181,0.1836512745282345,0.07138812984773078,0.7449605969480083,0.1122631446805037
95.33219909667967,95.3461911389766,93.12744211033532,328946000.0,0.0063733336901104,0.0184005188736524,93.48592778693003,92.12429150376649,0.0319421264634651,68.9519613261819,2.051218299321377,1.734359791428921,0.3168585078924559,0.1089834918478906,0.9315961760784188,0.024577024455281,0.0,0.0,-0.0201252801872398,-0.0028678550132319,0.0108838811058917,0.0612830388033815,0,2024-05-21,22.0,3.1354942159291497,1.8451204057942292,0.24375043628257342,0.14756472145217658,0.6086848519947149,0.09618571483039684
94.8964385986328,95.96583473980164,93.19640167904086,548648000.0,-0.0045814475205358,0.0133993948235035,93.83855548985574,92.49391111641532,0.667896858450931,67.39750995473761,2.0912083627177083,1.805729505686679,0.2854788570310296,0.1001192871492975,0.870084425024196,0.0063733336901104,0.024577024455281,0.0,0.0,-0.0201252801872398,0.0267196464026082,0.0564319472525756,1,2024-05-22,43.0,3.784189633918261,2.5963706739723786,0.1542451210021338,0.2838038277852176,0.5619510557545737,-0.12955870678308382
103.74046325683594,106.26003756449909,101.46274160839002,835065000.0,0.0891060574966739,0.0358509898683932,96.3140324316008,93.99345140180476,0.5220414546302912,87.20945329324638,2.804214415175849,2.0054264875845127,0.7987879275913365,0.1509988514153882,1.3244096465614774,-0.0045814475205358,0.0063733336901104,0.024577024455281,0.0,0.0,0.122406418255573,0.1482317951342224,1,2024-05-23,109.0,4.700480365792417,2.5103415154296616,0.13530979257673245,0.1899765620556922,0.6747136464135084,-0.05466676947895974
106.40895080566406,106.41494412748668,102.94190563238328,429494000.0,0.025397463012865,0.0326995254954683,98.8377620251166,95.64885132231932,-0.4856759653440151,88.11386447501192,3.543751332932189,2.313091456654048,1.2306598762781409,0.197732819255946,1.220511258316838,0.0891060574966739,-0.0045814475205358,0.0063733336901104,0.024577024455281,0.0,0.1512777714172084,0.1654296596412556,0,2024-05-24,153.0,5.0369526024136295,2.2828288163977826,0.19773195534073137,0.17160525128373438,0.6306627917255164,0.02612670405699699
106.40895080566406,106.41494412748668,102.94190563238328,429494000.0,0.0,0.0326995254954683,100.73055922025348,97.08353125343196,0.0,88.11386447501192,4.082775968405883,2.6670283590044157,1.415747609401468,0.2276135786876113,1.0787586838173562,0.025397463012865,0.0891060574966739,-0.0045814475205358,0.0063733336901104,0.024577024455281,0.1233276616185021,0.1251082980245472,0,2024-05-25,27.0,3.332204510175204,2.4155421302341575,0.24374952320973442,0.10827775950037247,0.6479727401758045,0.13547176370936195
106.40895080566406,106.41494412748668,102.94190563238328,429494000.0,0.0,0.0326995254954683,102.15015711660612,98.32692052706292,0.0,88.11386447501192,4.458561355533064,3.025334958310145,1.433226397222919,0.2531954449293697,0.9865000354926066,0.0,0.025397463012865,0.0891060574966739,-0.0045814475205358,0.0063733336901104,0.1161910856346768,0.1283395767021808,0,2024-05-26,15.0,2.772588722239781,2.6025393908761805,0.07964129937232824,0.043752188892330846,0.8766065280733586,0.03588911047999739
106.40895080566406,106.41494412748668,102.94190563238328,429494000.0,0.0,0.0334525555867434,103.2148555388706,99.40452456420977,0.0,87.82236269771884,4.702170290113813,3.3607020246708785,1.3414682654429342,0.2697919675612734,0.9219153798323636,0.0,0.0,0.025397463012865,0.0891060574966739,-0.0045814475205358,0.1213165886627605,0.1512777714172084,1,2024-05-27,9.0,2.302585092994046,2.354922658994326,0.25543487004949145,0.0780991030907526,0.6664660440498916,0.17733576695873884
113.83676147460938,114.87417806167193,109.82102986026251,652728000.0,0.0674758078497086,0.037998200549201,105.8703320228053,101.32882281892972,0.5197604623114642,90.66698318792908,5.431977909999048,3.774957201736513,1.657020708262536,0.3103263322335949,1.070743845539701,0.0,0.0,0.0,0.025397463012865,0.0891060574966739,0.097322663701409,0.2316420006357633,1,2024-05-28,11.0,2.4849066497880004,1.3330365934134492,0.06867923706108708,0.04942424641642587,0.8818965110355117,0.019254990644661213
114.76023864746094,115.42686229387073,110.83845570707368,557442000.0,0.0080795653138119,0.0366124846488521,108.0928086789692,103.11967826273388,-0.1459811743942346,89.80244311671305,6.015529319310417,4.223071625251293,1.7924576940591237,0.3372275405653974,1.0067438159856028,0.0674758078497086,0.0,0.0,0.0,0.025397463012865,0.0784829450771384,0.2416334415198757,0,2024-05-29,15.0,2.772588722239781,2.005171090497962,0.29453651809517584,0.08793343362937343,0.6175300592371464,0.2066030844658024
110.43768310546876,115.75368367922724,109.60115714782084,484553000.0,-0.0383936625668243,0.0320891352000287,108.67902728559407,104.0954122417652,-0.1307562042329068,77.42918283233386,6.05935543072809,4.590328386346653,1.4690270443814368,0.3421274252673573,0.8363111508345962,0.0080795653138119,0.0674758078497086,0.0,0.0,0.0,0.0378608403644766,0.1658577908920411,0,2024-05-30,8.0,2.1972245773362196,2.0275288112137178,0.06939034804845319,0.09675798524864712,0.8338516575024446,-0.02736763720019393
109.57115936279295,112.6534193153438,106.879677688503,613263000.0,-0.0078772126941274,0.0317066663273247,108.9020603048938,104.82551185790224,0.2656262576023676,80.1900496015219,5.955515243041546,4.863365757685632,1.0921494853559146,0.3395536356524185,0.7809392170987346,-0.0383936625668243,0.0080795653138119,0.0674758078497086,0.0,0.0,0.0297175052773905,0.1493615001126016,0,2024-05-31,15.0,2.772588722239781,1.3284116349233988,0.08700203104717374,0.17240982495498322,0.7405881300825872,-0.08540779390780948
109.57115936279295,112.6534193153438,106.879677688503,613263000.0,0.0,0.0317066663273247,109.0693350693686,105.45826485855432,0.0,80.1900496015219,5.806289851058736,5.051950576360253,0.7543392746984834,0.3322214340242617,0.7549175301881447,-0.0078772126941274,-0.0383936625668243,0.0080795653138119,0.0674758078497086,0.0,0.0297175052773905,0.1546393203039715,0,2024-06-01,13.0,2.6390573296152584,1.4338569882842516,0.1878143331950007,0.14361773176670448,0.6685679355653535,0.044196601428296234
109.57115936279295,112.6534193153438,106.879677688503,613263000.0,0.0,0.0317066663273247,109.1947911427247,106.00665079245282,0.0,80.1900496015219,5.623206824849319,5.166201826058066,0.4570049987912528,0.3217370290278574,0.731448810668838,0.0,-0.0078772126941274,-0.0383936625668243,0.0080795653138119,0.0674758078497086,-0.0374712180543524,0.0562046468938706,1,2024-06-02,1.0,0.6931471805599453,0.6931471805599453,0.0512598492205143,0.0239285286515951,0.924811601638794,0.0273313205689192
114.93514251708984,114.93514251708984,111.93983111247248,438392000.0,0.0477937957702498,0.0355666309044987,110.629878986316,107.19711635573776,-0.2851484599592671,82.11968135223762,5.843579670471328,5.301677394940719,0.5419022755306093,0.3212792573843653,0.8553187038037657,0.0,0.0,-0.0078772126941274,-0.0383936625668243,0.0080795653138119,0.0015240807416425,0.0801266401639206,1,2024-06-03,7.0,2.0794415416798357,3.070847175128366,0.4721559221786664,0.2932378575558934,0.23460618028885868,0.17891806462277304
116.37132263183594,116.53423270815344,113.98067349692546,403324000.0,0.0124181446456598,0.0257247864136752,112.06523989769596,108.42034385921752,-0.0799923356265625,82.57959650844793,6.064210032514225,5.454183922455421,0.6100261100588042,0.3271891823791449,0.855410549019776,0.0477937957702498,0.0,0.0,-0.0078772126941274,-0.0383936625668243,0.0537283955939253,0.0936234381670229,1,2024-06-04,12.0,2.5649493574615367,2.5790084365831123,0.20124315969706624,0.02878591513234164,0.7699709427164633,0.1724572445647246
122.3709487915039,122.37993877462908,117.40175277551737,528402000.0,0.0502708596312805,0.0313919201242133,114.64166712114796,110.28042451685572,0.3101179200841011,86.29137798112437,6.646563428247674,5.692659823613872,0.953903604633802,0.3443474411799702,0.9595556780598398,0.0124181446456598,0.0477937957702498,0.0,0.0,-0.0078772126941274,0.116817139684819,0.1500061589272827,0,2024-06-05,16.0,2.833213344056216,2.6575395973583738,0.18913780873364597,0.19674940270146973,0.6141127738768786,-0.007611593967823765
120.92975616455078,125.51616477932996,118.25326519915949,664696000.0,-0.0118471459727778,0.02579177548006,116.21368938199866,111.70033540321506,0.2579361925200889,78.22559125619094,6.9121119654528655,5.936550251981672,0.975561713471194,0.3416925996605464,0.8786200865299312,0.0502708596312805,0.0124181446456598,0.0477937957702498,0.0,0.0,0.1036641107734308,0.1364622548098066,0,2024-06-06,20.0,3.044522437723423,2.423100295601267,0.40078568030982786,0.05855554138273532,0.5406587788879671,0.34223013892709253
120.81982421875,121.62337164710613,117.95544321860926,412386000.0,-0.0009094696520578,0.0249748362919195,117.3652230911865,112.9162672452864,-0.379587059347431,75.83401125783215,7.032622807011833,6.155764762987705,0.8768580440241287,0.3301391122677498,0.8440395964873336,-0.0118471459727778,0.0502708596312805,0.0124181446456598,0.0477937957702498,0.0,0.1026608180599093,0.0613427741063958,0,2024-06-07,21.0,3.091042453358316,2.761351132447101,0.2945885780216251,0.11327755550178596,0.5921338633921504,0.1813110225198391
120.81982421875,121.62337164710613,117.95544321860926,412386000.0,0.0,0.0249748362919195,118.22887337307736,113.9700748417482,0.0,75.83401125783215,7.046896283367005,6.3339910670635655,0.7129052163034393,0.3097906205084099,0.8202105106418784,-0.0009094696520578,-0.0118471459727778,0.0502708596312805,0.0124181446456598,0.0477937957702498,0.0512000209229752,0.0528021346304783,0,2024-06-08,13.0,2.6390573296152584,1.5763082715292158,0.12418312071788214,0.24275201369611166,0.6330648560122762,-0.11856889297822952
120.81982421875,121.62337164710613,117.95544321860926,412386000.0,0.0,0.0249748362919195,118.87661108449552,114.8833747586818,0.0,75.83401125783215,6.9777726960855375,6.462747392867961,0.5150253032175769,0.2894833375962258,0.7981318594815744,0.0,-0.0009094696520578,-0.0118471459727778,0.0502708596312805,0.0124181446456598,0.0382267854855253,0.0940090449323012,1,2024-06-09,13.0,2.6390573296152584,1.0392863859699657,0.08799718061624491,0.1489897653928321,0.7630130476732496,-0.060992584776587186
121.72130584716795,123.0305645078952,116.94400320335374,313434100.0,0.0074336734512168,0.0200320059122124,119.58778477516364,115.79509890381328,-0.2399497073130513,76.59063176931178,6.916010326595384,6.553399979613445,0.3626103469819384,0.2647215823921355,0.8081666548214078,0.0,0.0,-0.0009094696520578,-0.0118471459727778,0.0502708596312805,-0.0053088004199657,0.1108881803846353,0,2024-06-10,13.0,2.6390573296152584,2.254406239411137,0.2784732239528533,0.21366362276537992,0.5078631446750697,0.06480960118747336
120.85173797607422,122.81079255068148,118.682777888368,222551200.0,-0.0071695649461043,0.0207007134307101,119.90377307539129,116.46931744678142,-0.2899585590719069,65.77496729085965,6.719438835692827,6.586607750829322,0.132831084863505,0.2248539945577317,0.7739984774700734,0.0074336734512168,0.0,0.0,-0.0009094696520578,-0.0118471459727778,-0.000645152946231,0.1029520786207158,1,2024-06-11,21.0,3.091042453358316,1.1922395496225253,0.23544704967941596,0.1485412684775552,0.6160116815239696,0.08690578120186077
125.1396713256836,126.81886214949532,122.51094129451408,299595000.0,0.0348659958011353,0.0152313897400545,121.21274763796436,117.62536463063503,0.3461846083058639,70.27314026815414,6.830912392524979,6.635468679168454,0.195443713356525,0.2231696642134881,0.8989821588217071,-0.0071695649461043,0.0074336734512168,0.0,0.0,-0.0009094696520578,0.0357544561487881,0.1420858559262194,1,2024-06-12,12.0,2.5649493574615367,1.5967834457294872,0.2710102927172241,0.11309812861509211,0.6158916111273385,0.157912164102132
129.5475311279297,129.7374419918796,127.09871503024355,260704500.0,0.0346173654214981,0.0175334730158508,123.29644351045567,119.21498683027434,-0.1298102438291694,87.2014472046553,7.192028213099434,6.74678058595465,0.4452476271447834,0.2366953055755187,0.9907689644795094,0.0348659958011353,-0.0071695649461043,0.0074336734512168,0.0,0.0,0.0722373746660793,0.1271359506833786,1,2024-06-13,13.0,2.6390573296152584,1.735243686047452,0.3100264384752147,0.04615650807608739,0.6438170712433964,0.2638699303991273
131.8164520263672,132.7759808624214,128.2581700274141,309320400.0,0.0173625904361918,0.0170200770421022,125.42644563943357,120.8951821897534,0.1864789445521653,91.06316217902406,7.573989816979292,6.912222432159579,0.6617673848197132,0.2496321538229567,0.9943882798429052,0.0346173654214981,0.0348659958011353,-0.0071695649461043,0.0074336734512168,0.0,0.0910167505930754,0.1327228138791119,0,2024-06-14,9.0,2.302585092994046,1.3929027015942739,0.19273622204216898,0.06512793076869522,0.7421358115634531,0.12760829127347376
131.8164520263672,132.7759808624214,128.2581700274141,309320400.0,0.0,0.0170200770421022,127.02394723616698,122.3513515013019,0.0,91.06316217902406,7.786934209569154,7.087164787641495,0.6997694219276589,0.2538945226059865,0.9386956627188028,0.0173625904361918,0.0346173654214981,0.0348659958011353,-0.0071695649461043,0.0074336734512168,0.0829365583037251,0.0771874642482062,0,2024-06-15,16.0,2.833213344056216,1.9195826857899778,0.09205707206494108,0.08426057966706672,0.8236823412561665,0.0077964923978743605
131.8164520263672,132.7759808624214,128.2581700274141,309320400.0,0.0,0.0170200770421022,128.222073433717,123.61336490464394,0.0,91.06316217902406,7.865030993398037,7.242738028792804,0.6222929646052329,0.250442126567126,0.8977153292496723,0.0,0.0173625904361918,0.0346173654214981,0.0348659958011353,-0.0071695649461043,0.0907286418376847,0.0900249550408647,0,2024-06-16,5.0,1.791759469228055,1.1536641991587544,0.09668878980813779,0.15407523081124844,0.7492359761750259,-0.05738644100311065
130.91688537597656,133.66556033801308,129.5175660413327,288504400.0,-0.0068477809058897,0.0185114327095255,128.8957764192819,124.58716763415497,-0.0672959171137759,85.323044910114,7.764827646869293,7.3471559524081025,0.4176716944611902,0.2567673638671375,0.828606329552041,0.0,0.0,0.0173625904361918,0.0346173654214981,0.0348659958011353,0.0461661277282519,0.0835712286664591,1,2024-06-17,7.0,2.0794415416798357,2.149655748172689,0.21639150273256005,0.10997017982541352,0.6736383141107299,0.10642132290714654
135.51466369628906,136.2643022594959,130.6270208742377,294335100.0,0.034517194559625,0.0186207432097097,130.5504982385337,126.04416710910618,0.0202100903833701,87.1227225464279,7.964607026031302,7.470646167132743,0.4939608588985598,0.2719873967104345,0.9150660300991376,-0.0068477809058897,0.0,0.0,0.0173625904361918,0.0346173654214981,0.0460613376141205,0.121626062383052,0,2024-06-18,13.0,2.6390573296152584,2.297710899058437,0.21734850500350336,0.37754925154375907,0.40510225619058315,-0.1602007465402557
135.51466369628906,136.2643022594959,130.6270208742377,294335100.0,0.0,0.0174731293360147,131.7915396029725,127.30689998739724,0.0,83.21765074952982,8.030364579209163,7.582589849548027,0.4477747296611358,0.2722114643200246,0.8730556615484438,0.034517194559625,-0.0068477809058897,0.0,0.0,0.0173625904361918,0.0280557670387162,0.121626062383052,0,2024-06-19,20.0,3.044522437723423,2.72601681144095,0.6386084049114239,0.061190586478000186,0.30020101400133953,0.5774178184334238
130.71697998046875,140.69216665961412,129.45759262565218,517768400.0,-0.0360453257450647,0.0217083573771549,131.5228996973466,127.76157731980676,0.7591119781500746,71.1471856690562,7.607648695346228,7.587601618707668,0.0200470766385603,0.254876120291964,0.7098951734804827,0.0,0.034517194559625,-0.0068477809058897,0.0,0.0,-0.0083409318715277,0.0739038582497271,0,2024-06-20,20.0,3.044522437723423,1.1966645018519002,0.10208454609889481,0.32343538044300707,0.5744800612629198,-0.22135083434411226
126.50900268554688,130.5670512631637,124.24010000634736,649445800.0,-0.0327210547702555,0.0236888921193705,130.26942544439666,127.59456736857211,0.2543171811952989,60.44316348480774,6.854085085370414,7.4408983120402175,-0.5868132266698032,0.2286294528583708,0.5554245528109453,-0.0360453257450647,0.0,0.034517194559625,-0.0068477809058897,0.0,-0.0402639371583045,0.0468116123459694,0,2024-06-21,26.0,3.295836866004329,2.4622713704968855,0.1470723910057854,0.18392126884593732,0.6690063387471492,-0.03684887784015192
126.50900268554688,130.5670512631637,124.24010000634736,649445800.0,0.0,0.0236888921193705,129.3293197546842,127.44982541083542,0.0,60.44316348480774,6.185577013903654,7.189834052412905,-1.0042570385092515,0.1959299215560786,0.5298721913759395,-0.0327210547702555,-0.0360453257450647,0.0,0.034517194559625,-0.0068477809058897,-0.0336693214001448,0.0109424241358242,0,2024-06-22,15.0,2.772588722239781,1.9767431676033953,0.20289654938592172,0.04789991041030945,0.7492035420508946,0.15499663897561228
126.50900268554688,130.5670512631637,124.24010000634736,649445800.0,0.0,0.0236888921193705,128.62424048739987,127.32438238079696,0.0,60.44316348480774,5.591326222710009,6.870132486472326,-1.2788062637623172,0.1775314479884959,0.5070186293079286,0.0,-0.0327210547702555,-0.0360453257450647,0.0,0.034517194559625,-0.0664552511521954,-0.0234549312976272,0,2024-06-23,4.0,1.6094379124341003,2.5815998935620033,0.05996579075626457,0.28933410940312726,0.65070009790309,-0.2293683186468627
118.0530776977539,124.40001580098117,117.98311173916277,476060900.0,-0.0691791387810304,0.0337118185842605,125.98144978998836,126.08820842305788,-0.2669736258206612,44.728529151726505,4.387479578472707,6.373601904872403,-1.986122326399696,0.1727678351564107,0.1162529830992642,0.0,0.0,-0.0327210547702555,-0.0360453257450647,0.0,-0.1288538488917293,-0.1044131754195614,1,2024-06-24,9.0,2.302585092994046,1.2553055648116882,0.21562408626765162,0.23458989676236905,0.5497859895632041,-0.018965810494717433
126.02922058105467,126.43902662016784,119.262487096698,414192600.0,0.065379455109167,0.0421858929286283,125.99339248775496,126.08034337745744,-0.1299587930871869,56.17841147189974,4.030568624778326,5.904995248853588,-1.8744266240752625,0.1699066141455281,0.472605548313786,-0.0691791387810304,0.0,0.0,-0.0327210547702555,-0.0360453257450647,-0.0358619010331671,-0.0439037112313938,1,2024-06-25,10.0,2.3978952727983707,2.076101026092087,0.1031563975399355,0.3242722674420233,0.5725713339971358,-0.2211158699020878
126.3390884399414,128.0582531537486,122.54091663746888,362975900.0,0.0024556808721892,0.0422965331278447,126.07981647580158,126.11484271912198,-0.1236543096134503,51.58143807554851,3.7297239332790753,5.469940985738686,-1.7402170524596103,0.1642566917523093,0.473614103723276,0.065379455109167,-0.0691791387810304,0.0,0.0,-0.0327210547702555,-0.001343100032397,-0.0415529586953997,0,2024-06-26,8.0,2.1972245773362196,1.432966902597432,0.03726895444514126,0.16187013030305636,0.8008608897012018,-0.12460117585791511
123.93024444580078,126.34908399185862,122.8607604065947,252571700.0,-0.0192506077848745,0.0410313499293815,125.54242346830138,125.82356294934584,-0.3041639954608557,42.181426160267655,3.259356931195456,5.02782417483004,-1.7684672436345847,0.1594487869528008,0.3462608327319408,0.0024556808721892,0.065379455109167,-0.0691791387810304,0.0,0.0,-0.020383989953315,-0.0533669962443045,0,2024-06-27,11.0,2.4849066497880004,2.3762776375123114,0.407542587034185,0.08137889018823233,0.5110785276499297,0.3261636968459527
123.48046875,127.648457456266,122.69084852465332,315516700.0,-0.0036358667373459,0.0395098900480878,125.02693478872604,125.51115038943306,0.2492163611362634,37.77842704129868,2.817812564300297,4.585821852724092,-1.7680092884237943,0.1549074514664905,0.312336254779298,-0.0192506077848745,0.0024556808721892,0.065379455109167,-0.0691791387810304,0.0,-0.0239392760298225,-0.0888036365810543,0,2024-06-28,10.0,2.3978952727983707,1.3932034134167797,0.16220918811100027,0.04447558901263767,0.7933152173758198,0.11773359909836259
123.48046875,127.648457456266,122.69084852465332,315516700.0,0.0,0.0395098900480878,124.64031827904452,125.24039283750864,0.0,37.77842704129868,2.439761421413195,4.156609766461912,-1.7168483450487173,0.1501261131221365,0.2996013019483164,-0.0036358667373459,-0.0192506077848745,0.0024556808721892,0.065379455109167,-0.0691791387810304,0.045974159743142,-0.0888036365810543,0,2024-06-29,8.0,2.1972245773362196,1.8582985156608962,0.377244103266836,0.3539025926530132,0.2688532917847058,0.02334151061382278
123.48046875,127.648457456266,122.69084852465332,315516700.0,0.0,0.0395098900480878,124.35035589678338,125.0057362925075,0.0,37.77842704129868,2.1157639570838427,3.7484406045862975,-1.6326766475024557,0.1471018926451419,0.2909291116088967,0.0,-0.0036358667373459,-0.0192506077848745,0.0024556808721892,0.065379455109167,-0.0202234991163455,-0.055360147025658,1,2024-06-30,3.0,1.3862943611198906,2.2762373572138945,0.4149914197046409,0.034517993058512206,0.550490593603201,0.38047342664612865
124.24010467529295,124.7798377464592,118.77273936918628,284885500.0,0.006133025576897,0.0268612492574587,124.32279309141076,124.90365207687891,-0.0970826583822662,40.17069057733472,1.8984062573382372,3.3784337351366864,-1.480027477798449,0.140890470768061,0.3148406429138375,0.0,0.0,-0.0036358667373459,-0.0192506077848745,0.0024556808721892,-0.0166138903689039,-0.017934676284608,0,2024-07-01,4.0,1.6094379124341003,3.8547647906045355,0.36549481261735095,0.09986871779375546,0.5346364405836348,0.2656260948235955
122.61087799072266,123.35052684202404,120.9716689903923,218374000.0,-0.0132002743052525,0.0090708021191173,123.89481431623877,124.59794886539142,-0.2334674807949158,29.18413808738127,1.576510702844331,3.018049128678216,-1.4415384258338846,0.1443651890170156,0.2374364173032726,0.006133025576897,0.0,0.0,-0.0036358667373459,-0.0192506077848745,-0.0106460409319626,-0.0308130220938779,1,2024-07-02,11.0,2.4849066497880004,1.0557820938839702,0.32651159782915873,0.08308725861741464,0.5904011390775287,0.24342433921174408
128.21817016601562,128.21817016601562,121.30150730962696,215749000.0,0.0447175203479231,0.0206727871379224,124.97565327868296,125.08064503880796,-0.0120206618003975,40.03275841440603,1.7536527558671224,2.765169854115997,-1.0115170982488748,0.1437344209215231,0.5460495038754402,-0.0132002743052525,0.006133025576897,0.0,0.0,-0.0036358667373459,0.0383680226028912,0.0135102438892598,0,2024-07-03,7.0,2.0794415416798357,1.842516934960449,0.20210317708058348,0.18434356582210637,0.6135532848653765,0.01775961125847711
128.21817016601562,128.21817016601562,121.30150730962696,215749000.0,0.0,0.01852680300507,125.78628250051614,125.49898172243566,0.0,46.07163281441906,1.872454617855169,2.586626806863832,-0.7141721890086625,0.1403375793995081,0.5573099073165056,0.0447175203479231,-0.0132002743052525,0.006133025576897,0.0,0.0,0.0383680226028912,0.0861061199462072,0,2024-07-04,8.0,2.1972245773362196,2.061100044490603,0.09796543871689078,0.08735509178960456,0.8146794691504136,0.010610346927286227
125.76936340332033,128.78791231292527,125.61943416430904,214176700.0,-0.0192834869554065,0.0205555324489478,125.7820527262172,125.53503261322028,-0.007287635168645,48.76913537047824,1.7488480771708907,2.419071060925244,-0.670222983754353,0.1366835605894872,0.4352257312742044,0.0,0.0447175203479231,-0.0132002743052525,0.006133025576897,0.0,0.0185364914507608,-0.0020618803840594,0,2024-07-05,6.0,1.9459101490553132,1.812756103038149,0.3572695554103142,0.04846376235183216,0.5942666749991234,0.30880579305848205
125.76936340332033,128.78791231292527,125.61943416430904,214176700.0,0.0,0.0205555324489478,125.77888039549296,125.56627671856695,0.0,48.76913537047824,1.6320754532482198,2.261671939389839,-0.6295964861416192,0.1321669055594029,0.4509235810847957,-0.0192834869554065,0.0,0.0447175203479231,-0.0132002743052525,0.006133025576897,0.0123088976142133,-0.004509491430215,0,2024-07-06,6.0,1.9459101490553132,0.876249228671297,0.29976961800865976,0.021156623110996278,0.6790737657402621,0.2786129948976635
125.76936340332033,128.78791231292527,125.61943416430904,214176700.0,0.0,0.0205555324489478,125.7765011474498,125.59335494320074,0.0,48.76913537047824,1.521987779767514,2.113735107465374,-0.5917473276978602,0.1285199930316533,0.4652800243874875,0.0,-0.0192834869554065,0.0,0.0447175203479231,-0.0132002743052525,0.0257602381155499,0.014839952634192,1,2024-07-07,6.0,1.9459101490553132,0.6931471805599453,0.07813551339010393,0.16716229636222119,0.7547022042175136,-0.08902678297211726
128.13819885253906,130.70696731901708,126.9787619894619,237677300.0,0.0186595795691623,0.0214382602757122,126.36692557372211,125.93266746444586,0.109725287577967,71.04712670434697,1.607359093875388,2.012459904747377,-0.4051008108719887,0.1103118088825873,0.656450498068692,0.0,0.0,-0.0192834869554065,0.0,0.0447175203479231,-0.0006237127965016,0.0377203791797158,1,2024-07-08,3.0,1.3862943611198906,2.0165778184106524,0.04927705882859033,0.6608021413078928,0.2899207698462615,-0.6115250824793025
131.3166961669922,133.7555228326683,128.58800070420872,285366600.0,0.0245025736524405,0.0210073806903004,127.60436822203962,126.6505379581187,0.2006472641686858,63.79765091130912,1.9094833098550053,1.9918645857689024,-0.0823812759138971,0.093973507560128,0.970682659856379,0.0186595795691623,0.0,0.0,-0.0192834869554065,0.0,0.0241660444612852,0.0634612704042896,1,2024-07-09,8.0,2.1972245773362196,1.7685828755576016,0.15831313094779395,0.21679536968759594,0.6248914834064107,-0.05848223873980199
134.84500122070312,135.03491211498738,132.35619546389498,248978600.0,0.0265140460420482,0.0166364482745186,129.4145264717055,127.74313305979663,-0.1275131707775191,69.00404290201205,2.4058900553219047,2.074669679679503,0.3312203756424017,0.1087929872291888,1.1483115552271603,0.0245025736524405,0.0186595795691623,0.0,0.0,-0.0192834869554065,0.0721609585339064,0.0920350609756097,0,2024-07-10,10.0,2.3978952727983707,1.9340822993201947,0.2735959536724938,0.02760366359202481,0.6988004040893998,0.24599229008046897
127.33861541748048,136.08439171293904,126.98878558577708,374782700.0,-0.0572761783015561,0.0297130590279493,128.89554870814925,127.68919737415447,0.5052807751348911,56.20227942536223,2.1685951615665715,2.093454776056917,0.0751403855096546,0.1091377622708175,0.5971789974715962,0.0265140460420482,0.0245025736524405,0.0186595795691623,0.0,0.0,0.0124772199818474,0.0249396984193275,1,2024-07-11,16.0,2.833213344056216,1.7017747928953768,0.3056965647897056,0.13645123271982987,0.5578522255344933,0.16924533206987571
129.177734375,131.85643576222122,127.15870339191848,252680500.0,0.0143394405240403,0.0289700653905303,128.96609512486194,127.88766897426724,-0.3257946538087271,59.86843531107657,2.1046773677818607,2.0956992944019057,0.0089780733799549,0.1112975292281925,0.7166919462484312,-0.0572761783015561,0.0265140460420482,0.0245025736524405,0.0186595795691623,0.0,0.0271001687489633,0.0535585136644582,0,2024-07-12,13.0,2.6390573296152584,1.0754405112965608,0.20514879801113078,0.08592183067190998,0.7089293844876776,0.11922696733922081
129.177734375,131.85643576222122,127.15870339191848,252680500.0,0.0,0.0289700653905303,129.01900493739646,128.05967769436492,0.0,59.86843531107657,2.0306143969501704,2.0826823149115588,-0.0520679179613883,0.1132412207393417,0.7034155798377136,0.0143394405240403,-0.0572761783015561,0.0265140460420482,0.0245025736524405,0.0186595795691623,0.0081126122559067,0.0074838395193281,0,2024-07-13,14.0,2.70805020110221,2.294545068180152,0.11179450236465575,0.14784724567685514,0.7403582265120491,-0.03605274331219939
129.177734375,131.85643576222122,127.15870339191848,252680500.0,0.0,0.0289700653905303,129.05868729679736,128.2087519184496,0.0,59.86843531107657,1.9494469480427057,2.056035241537788,-0.1065882934950823,0.0964167316971126,0.692375156476476,0.0,0.0143394405240403,-0.0572761783015561,0.0265140460420482,0.0245025736524405,-0.0162885745257566,0.0074838395193281,0,2024-07-14,7.0,2.0794415416798357,0.9366826223082917,0.0439217149213063,0.13509025527662818,0.8209880172957628,-0.09116854035532188
128.37811279296875,131.32668826604316,127.11871779694197,208326200.0,-0.0062093263266082,0.02836549191032,128.8885436708402,128.2313333683855,-0.1755351125235228,57.15767533551048,1.7998508211521198,2.0047983574606545,-0.2049475363085346,0.0967339171813454,0.6168853320579796,0.0,0.0,0.0143394405240403,-0.0572761783015561,0.0265140460420482,-0.0479579396284027,0.0207423280126068,0,2024-07-15,3.0,1.3862943611198906,1.9429818725367358,0.061509617546885935,0.29989934102289934,0.6385910633165283,-0.2383897234760134
126.29910278320312,128.97780386568002,124.51996185494664,214769500.0,-0.0163269901348407,0.0267004118091235,128.24118344893094,127.9737026236945,0.0309288990055018,56.2819197693811,1.496287805616646,1.9030962470918529,-0.4068084414752069,0.096748891071472,0.4477504281990452,-0.0062093263266082,0.0,0.0,0.0143394405240403,-0.0572761783015561,-0.0081633731517285,0.004211990627511,0,2024-07-16,3.0,1.3862943611198906,0.8283022165960001,0.09024095988993715,0.20608741474239095,0.7036716447785597,-0.1158464548524538
117.93313598632812,121.7912763806817,116.66375138152576,390086200.0,-0.068535105798406,0.0314189750070234,125.66417158328024,126.634960405379,0.816301662945623,33.98695465631249,0.5740312506103038,1.6372832477955432,-1.0632519971852394,0.1144322143404929,-0.1008781581186441,-0.0163269901348407,-0.0062093263266082,0.0,0.0,0.0143394405240403,-0.0870474965602745,-0.0623063296572693,1,2024-07-17,12.0,2.5649493574615367,1.362402195579997,0.16538384246820112,0.4641888294413545,0.3704273270620398,-0.2988049869731534
121.0316390991211,122.34101295266512,116.50382347473696,320979500.0,0.0259341718962718,0.0303088458604815,124.50603846224044,125.88785089787794,-0.1771575103143868,39.79564267367502,0.0920979444251628,1.3282461871214672,-1.2361482426963044,0.1193068557167932,0.1364997377694277,-0.068535105798406,-0.0163269901348407,-0.0062093263266082,0.0,0.0,-0.0630611406469707,-0.0554601189735479,0,2024-07-18,13.0,2.6390573296152584,1.898316941933504,0.20922581426852307,0.4213879225566092,0.36938625309101436,-0.2121621082880861
117.8731689453125,121.54139851435872,117.31344125378136,217223800.0,-0.0264427846097929,0.0293707911160931,122.84782108300848,124.81922663753588,-0.3232471232586504,39.00946848461345,-0.5384924125128805,0.9548984671945976,-1.4933908797074782,0.1329518285651733,0.0015983919210041,0.0259341718962718,-0.068535105798406,-0.0163269901348407,-0.0062093263266082,0.0,-0.0875117177459592,-0.1023748511353338,0,2024-07-19,13.0,2.6390573296152584,2.864399223813577,0.23697168754264336,0.4169821901884667,0.34604608567147216,-0.18001050264582336
117.8731689453125,121.54139851435872,117.31344125378136,217223800.0,0.0,0.0293707911160931,121.60415804858448,123.89308561190612,0.0,39.00946848461345,-1.0264080207975184,0.5586371695961745,-1.5850451903936928,0.1448513147246664,0.0568902241038569,-0.0264427846097929,0.0259341718962718,-0.068535105798406,-0.0163269901348407,-0.0062093263266082,-0.0818281529391014,-0.125861782948947,0,2024-07-20,7.0,2.0794415416798357,1.492325264501073,0.060310351629483595,0.6601054717417729,0.27958419528011896,-0.5997951201122893
117.8731689453125,121.54139851435872,117.31344125378136,217223800.0,0.0,0.0293707911160931,120.67141077276648,123.0904300563603,0.0,39.00946848461345,-1.3969811267664198,0.1675135103236556,-1.5644946370900754,0.15591562039143,0.1035429066960714,0.0,-0.0264427846097929,0.0259341718962718,-0.068535105798406,-0.0163269901348407,-0.0667141226834686,-0.0743328835572417,1,2024-07-21,5.0,1.791759469228055,1.2793859310432292,0.059841966718719615,0.042944137717499165,0.8972138767539162,0.01689782900122045
123.48046875,124.01021213043964,119.8022417845173,258068900.0,0.0464737888230795,0.0371463499475626,121.37367526707486,123.14243521551226,0.1880323426806822,44.05312828881104,-1.2240902011343169,-0.1108072319679388,-1.113282969166378,0.1550817963863086,0.3870031269937089,0.0,0.0,-0.0264427846097929,0.0259341718962718,-0.068535105798406,0.0470379483872536,-0.0441040838234627,0,2024-07-22,6.0,1.9459101490553132,2.8667305694510934,0.05999417417290035,0.12078196177140267,0.8192238616928276,-0.06078778759850232
122.53091430664062,124.62990831594026,122.04115259647224,173911000.0,-0.007719635954285,0.0368718575731805,121.6629850269663,123.0608990943294,-0.326106322768842,38.10553749373551,-1.1504325346405864,-0.3187322925024683,-0.8317002421381181,0.1557587599798675,0.3531824697864205,0.0464737888230795,0.0,0.0,-0.0264427846097929,0.0259341718962718,0.0123874651180397,-0.0514548432089991,0,2024-07-23,12.0,2.5649493574615367,1.2741586420525624,0.41173120755509707,0.04706549024282913,0.5412033209076437,0.36466571731226793
114.1949462890625,119.8921965766103,113.38533904444206,327776900.0,-0.0704563167516534,0.0374323420000139,119.79597534249037,121.87877205362712,0.884739320687018,25.26341032935521,-1.7445907000760457,-0.6039039740171839,-1.1406867260588618,0.1742673356008353,0.0167001176683007,-0.007719635954285,0.0464737888230795,0.0,0.0,-0.0264427846097929,-0.0312049187203622,-0.1159858404269795,0,2024-07-24,7.0,2.0794415416798357,1.5980282281999212,0.10051120711604478,0.2198441359532785,0.6796446424039488,-0.11933292883723373
112.22588348388672,116.57378540069556,106.24876991914482,460067000.0,-0.0173933860112965,0.0350478258084278,117.90345237783944,120.5917202443284,0.4035979960759894,29.12754597120761,-2.3472940939204108,-0.9525819979978292,-1.3947120959225816,0.1966018296792062,0.0162811085657737,-0.0704563167516534,-0.007719635954285,0.0464737888230795,0.0,0.0,-0.04790984676119,-0.1258176254322277,1,2024-07-25,4.0,1.6094379124341003,1.3037339394022465,0.15478873323290218,0.06536790107241998,0.7798434121428522,0.0894208321604822
113.00550842285156,116.14399449340688,111.52622597755057,293399100.0,0.0069229075582804,0.0348326450261467,116.67896638909248,119.58022533479816,-0.3622687565072043,26.99088243556505,-2.7305555145486125,-1.308176701307986,-1.4223788132406263,0.2124726783646901,0.1041813905901641,-0.0173933860112965,-0.0704563167516534,-0.007719635954285,0.0464737888230795,0.0,-0.0412957466573186,-0.1052548598319854,0,2024-07-26,7.0,2.0794415416798357,2.333876398669634,0.3519156760638159,0.4317460555527249,0.21633824922556585,-0.07983037948890898
113.00550842285156,116.14399449340688,111.52622597755057,293399100.0,0.0,0.0348326450261467,115.76060189753224,118.70359641320528,0.0,26.99088243556505,-2.9997141145901054,-1.64648418396441,-1.3532299306256954,0.2255209045810185,0.1481988038142251,0.0069229075582804,-0.0173933860112965,-0.0704563167516534,-0.007719635954285,0.0464737888230795,-0.0848309083467779,-0.0417832318479839,0,2024-07-27,5.0,1.791759469228055,2.223085705302248,0.040896316187290775,0.5981168247954851,0.36098689249962895,-0.5572205086081944
113.00550842285156,116.14399449340688,111.52622597755057,293399100.0,0.0,0.0348326450261467,115.07182852886208,117.9438513478248,0.0,26.99088243556505,-3.176408583402207,-1.9524690638519693,-1.2239395195502374,0.2335905884745473,0.1847987163395227,0.0,0.0069229075582804,-0.0173933860112965,-0.0704563167516534,-0.007719635954285,-0.0777387970839031,-0.0663143186030587,0,2024-07-28,2.0,1.0986122886681098,4.487055790556659,0.08004667142416301,0.2571764558153179,0.6627768909625142,-0.1771297843911549
111.53620910644533,116.22395093081532,111.24635559929368,248152100.0,-0.0130872810980193,0.0260348591427625,114.18792367325788,117.0894990489742,-0.1542165603098305,26.486168660325305,-3.395855094653186,-2.241146270012213,-1.154708824640973,0.2358196480872162,0.1683942343101375,0.0,0.0,0.0069229075582804,-0.0173933860112965,-0.0704563167516534,-0.0232824417280875,-0.0537608337467132,0,2024-07-29,5.0,1.791759469228055,2.713717295596932,0.07622110456898679,0.04343999990662282,0.8803388850856165,0.03278110466236397
103.68000030517578,111.93601308136988,102.49057150448816,486833300.0,-0.073040047983697,0.0337489477734944,111.56094283123736,115.3015658831344,0.9618342943702674,22.807014647388257,-4.155793033829696,-2.6240756227757096,-1.531717411053986,0.2461519631079542,-0.0360447284724043,-0.0130872810980193,0.0,0.0,0.0069229075582804,-0.0173933860112965,-0.0761489498983355,-0.1204105121388707,1,2024-07-30,7.0,2.0794415416798357,1.319596717989963,0.15127774789901643,0.3823555692640088,0.4663666589593341,-0.2310778213649924
116.96358489990234,118.28294826345072,110.82654541521488,473174200.0,0.1205534106333029,0.0581774946712583,112.9116033484036,115.52316841870346,-0.0280570371829536,48.95764177576154,-3.6441673713962928,-2.8280939724998264,-0.8160733988964664,0.2396877436487481,0.4313226026080811,-0.073040047983697,-0.0130872810980193,0.0,0.0,0.0069229075582804,0.0350255180680236,-0.0077166335099734,0,2024-07-31,17.0,2.8903717578961645,2.913907937916796,0.19930793718048703,0.4338390745084641,0.36685298394340154,-0.23453113732797706
109.1573715209961,120.1020993651303,106.75852653969832,523462300.0,-0.0690720297712228,0.0642239921599131,111.97304539155172,114.67439549900917,0.1062781952185896,38.407496622170186,-3.824509958161556,-3.0273771696321727,-0.7971327885293835,0.2379466032127389,0.1876985484727321,0.1205534106333029,-0.073040047983697,-0.0130872810980193,0.0,0.0,-0.0340526488979302,-0.1159948401070829,0,2024-08-01,10.0,2.3978952727983707,2.7322940923238814,0.08418159255155601,0.32515260082573294,0.5906657900520784,-0.24097100827417695
107.21829986572266,108.66760564065456,101.3211493614294,482027500.0,-0.0179236746390473,0.0642088502794415,110.78435901009443,113.68024941457097,-0.0791552705896871,39.344254539977584,-4.076903627322409,-3.23728246117022,-0.8396211661521886,0.2354720528321074,0.1508743850013822,-0.0690720297712228,0.1205534106333029,-0.073040047983697,-0.0130872810980193,0.0,-0.0512117385948474,-0.1249693967238119,0,2024-08-02,16.0,2.833213344056216,1.9107777732863784,0.28778926872602406,0.11022203247112612,0.6019886929811072,0.17756723625489795
107.21829986572266,108.66760564065456,101.3211493614294,482027500.0,0.0,0.0642088502794415,109.8928442240015,112.8186561413912,0.0,39.344254539977584,-4.228187514815119,-3.4354634718992,-0.7927240429159186,0.2262487741389853,0.1751298116517757,-0.0179236746390473,-0.0690720297712228,0.1205534106333029,-0.073040047983697,-0.0130872810980193,-0.0387130715246187,-0.0610941784208191,0,2024-08-03,20.0,3.044522437723423,1.9724497754537134,0.08137556737523598,0.49378744058786245,0.4248370263376983,-0.41241187321262646
107.21829986572266,108.66760564065456,101.3211493614294,482027500.0,0.0,0.0642088502794415,109.2242081344318,112.07194197130204,0.0,39.344254539977584,-4.298530303992422,-3.608076838317845,-0.6904534656745773,0.2123257606638537,0.1940881862976755,0.0,-0.0179236746390473,-0.0690720297712228,0.1205534106333029,-0.073040047983697,0.0341271175745765,-0.0446205764901199,0,2024-08-04,5.0,1.791759469228055,1.9172066643501355,0.11277062710490064,0.7015259231508215,0.18570347799577852,-0.5887552960459209
100.4015884399414,103.36016867781126,90.6462974352404,552842400.0,-0.0656889135230059,0.0679400082739924,107.0185532108092,110.5158948337873,0.1469104978450399,27.46436346369059,-4.848439323165252,-3.856149335287326,-0.9922899878779256,0.2199687045233839,-0.0200765752624938,0.0,0.0,-0.0179236746390473,-0.0690720297712228,0.1205534106333029,-0.141599596781637,-0.1115336779491135,1,2024-08-05,10.0,2.3978952727983707,2.805972086581618,0.06589612993967343,0.6814196604054457,0.25268421545808506,-0.6155235304657722
104.19976806640624,107.65809998114992,100.50155392872522,409012100.0,0.0371318752191308,0.0649558380221022,106.31385692470846,109.6737445981365,-0.2601651031107599,33.043649106642306,-4.921038164871376,-4.069127101204137,-0.8519110636672398,0.2292396358453677,0.1715327627739836,-0.0656889135230059,0.0,0.0,-0.0179236746390473,-0.0690720297712228,-0.0454170285113201,-0.0779231072833671,0,2024-08-06,24.0,3.2188758248682006,2.2951008070689847,0.15328837951365154,0.3901599644248922,0.45655164407924864,-0.23687158491124066
98.86234283447266,108.74757662368852,98.64244762367623,411440400.0,-0.0525814973608389,0.0398170413541138,104.4509784021495,108.23222436298131,0.0059369881722326,34.98434158989386,-5.347614903628767,-4.324824661689063,-1.0227902419397037,0.245252348582975,0.0353856690826505,0.0371318752191308,-0.0656889135230059,0.0,0.0,-0.0179236746390473,-0.077934056422409,-0.125154656492116,1,2024-08-07,13.0,2.6390573296152584,1.535549296777674,0.10652042073884119,0.3235305704942828,0.5699490275029763,-0.2170101497554416
104.91941833496094,105.44916171874117,97.47300376138202,391910000.0,0.0594642049866274,0.0448922281317316,104.56808838535235,107.7905168925786,-0.0474683575069438,43.37503138941484,-5.137700457845554,-4.487399820920362,-0.6503006369251922,0.246166523646326,0.2799421534144359,-0.0525814973608389,0.0371318752191308,-0.0656889135230059,0.0,0.0,-0.0214411302328126,-0.0593241497491598,0,2024-08-08,13.0,2.6390573296152584,1.5852258300193147,0.10767251340151524,0.10514041677729383,0.7871870527127605,0.0025320966242214082
104.69951629638672,106.54862317361376,103.38015276837264,290844200.0,-0.0020981131273259,0.0445688314274713,104.60094536311097,107.378383479753,-0.2578801255390268,42.39150474163349,-4.932230322968962,-4.5763659213300825,-0.3558644016388799,0.245092214292757,0.2938926604682895,0.0594642049866274,-0.0525814973608389,0.0371318752191308,-0.0656889135230059,0.0,-0.0234921051023043,0.0098332946393717,0,2024-08-09,9.0,2.302585092994046,1.200585955356378,0.1017601734124604,0.11832431655718612,0.7799155314724598,-0.01656414314472572
104.69951629638672,106.54862317361376,103.38015276837264,290844200.0,0.0,0.0445688314274713,104.6255880964299,107.0212011886375,0.0,42.39150474163349,-4.715041695097341,-4.604101076083534,-0.1109406190138067,0.2414724598818531,0.3144318512537827,-0.0020981131273259,0.0594642049866274,-0.0525814973608389,0.0371318752191308,-0.0656889135230059,0.0428073691186297,-0.104853733869488,0,2024-08-10,8.0,2.1972245773362196,2.416215559958652,0.488766043271274,0.04711587007954651,0.4641180672604101,0.4416501731917275
104.69951629638672,106.54862317361376,103.38015276837264,290844200.0,0.0,0.0445688314274713,104.6440701464191,106.71164320300409,0.0,42.39150474163349,-4.491146995823598,-4.581510260031547,0.0903632642079488,0.2146327700967308,0.3296826177143885,0.0,-0.0020981131273259,0.0594642049866274,-0.0525814973608389,0.0371318752191308,0.0047960589476743,-0.0408387923096144,1,2024-08-11,2.0,1.0986122886681098,2.2271736481267537,0.04822090564010957,0.24148145358849185,0.7102976562950015,-0.19326054794838227
108.96746063232422,111.01647580125626,106.20879614847053,325559900.0,0.0399548133873191,0.0372442674464488,105.72491776789538,107.01241886024675,0.1193618439013053,47.76172466815535,-3.9240869625192554,-4.450025600529089,0.5259386380098343,0.1792248872500411,0.5502982803646349,0.0,0.0,-0.0020981131273259,0.0594642049866274,-0.0525814973608389,0.1022140231369064,0.0163140132681842,1,2024-08-12,3.0,1.3862943611198906,1.1945063128187035,0.12169389188249792,0.13188071696699394,0.7464254199743735,-0.010186825084496018
116.08402252197266,116.1739831093698,111.52622277964618,312646700.0,0.063264949638114,0.0413070381530951,108.3146939564147,108.22196601514356,-0.0396645901414762,60.94936228056422,-2.867387276140533,-4.133497935651378,1.2661106595108444,0.1843868206111691,0.90118474957581,0.0399548133873191,0.0,0.0,-0.0020981131273259,0.0594642049866274,0.1064112283902309,0.0826885211512697,1,2024-08-13,5.0,1.791759469228055,1.6807601008122295,0.10606073645316458,0.09701747879777647,0.7969217549889579,0.009043257655388104
118.02310180664062,118.54284787534029,114.0150319977807,339246400.0,0.0165661223355699,0.0286659225529128,110.74179591897118,109.52878412067648,0.0850791004670767,51.169492099214445,-1.852127495999753,-3.677223847721053,1.8250963517213004,0.1988596972880855,0.947514424047436,0.063264949638114,0.0399548133873191,0.0,0.0,-0.0020981131273259,0.1272554638412757,0.1007738600075698,1,2024-08-14,6.0,1.9459101490553132,1.388878392209218,0.08446647398984237,0.27141044338743103,0.6441231103418977,-0.18694396939758867
122.80079650878906,123.180610648127,117.41339446628128,318086700.0,0.0396831185939037,0.025542405545309,113.75654606642564,111.29838577242484,-0.0623726589287314,66.13856085706956,-0.6544625353648001,-3.0726715852498026,2.4182090498850024,0.2282700071008727,1.0606463100718369,0.0165661223355699,0.063264949638114,0.0399548133873191,0.0,0.0,0.1728879067708457,0.2230961523307622,1,2024-08-15,12.0,2.5649493574615367,2.748515145756496,0.052190587050403366,0.3535155251268544,0.5942938790788035,-0.30132493807645105
124.51995849609376,124.93975424016854,121.12159565561768,302589900.0,0.0139025103422564,0.0236197392831407,116.44739917384268,113.06126213558068,-0.0487187927065168,70.57285047036737,0.4284783477138489,-2.372441598657072,2.800919946370921,0.2590643403822389,1.0317337416023369,0.0396831185939037,0.0165661223355699,0.063264949638114,0.0399548133873191,0.0,0.1893078678950024,0.1950118585363596,0,2024-08-16,9.0,2.302585092994046,1.9592145525763907,0.1267965589795087,0.1870730974700238,0.6861303410254785,-0.06027653849051509
124.51995849609376,124.93975424016854,121.12159565561768,302589900.0,0.0,0.0236197392831407,118.46553900440544,114.58908831698244,0.0,70.57285047036737,1.27205336040835,-1.6435426068439878,2.915595967252337,0.2843992338435495,0.9634312213680908,0.0139025103422564,0.0396831185939037,0.0165661223355699,0.063264949638114,0.0399548133873191,0.1427260741281881,0.2595287035082729,0,2024-08-17,6.0,1.9459101490553132,1.2600134108369712,0.12843711399991442,0.10192492843307062,0.7696379297822136,0.0265121855668438
124.51995849609376,124.93975424016854,121.12159565561768,302589900.0,0.0,0.0236197392831407,119.97914387732752,115.91320434086396,0.0,70.57285047036737,1.918477619808229,-0.9311385615135443,2.8496161813217733,0.3060330660880017,0.9089763782791452,0.0,0.0139025103422564,0.0396831185939037,0.0165661223355699,0.063264949638114,0.072670948084387,0.1868151813285603,1,2024-08-18,5.0,1.791759469228055,1.5619082649306821,0.06184651069282741,0.21099267121840365,0.7271607908655849,-0.14914616052557625
129.9373321533203,129.9373321533203,123.360502280311,318333600.0,0.0425862616058717,0.023920764355307,122.46869094632572,117.78308804919148,0.0520298265077585,86.32897214012648,2.8352275436204053,-0.1778653404867545,3.01309288410716,0.3328835043680036,0.9816891067285868,0.0,0.0,0.0139025103422564,0.0396831185939037,0.0165661223355699,0.1009482903287779,0.2410499756798263,0,2024-08-19,5.0,1.791759469228055,1.8278118339942437,0.15335882207971843,0.02468139845906335,0.8219597535727793,0.1286774236206551
127.18868255615234,129.81742012912812,125.82933728380516,300087400.0,-0.0213806005355784,0.0228067054877922,123.64868884878236,119.03716731678628,-0.0573178577442029,79.02577079759139,3.301903128102353,0.5180883532310671,2.783814774871286,0.3509929201225111,0.8721978930834613,0.0425862616058717,0.0,0.0,0.0139025103422564,0.0396831185939037,0.0357317393055283,0.2147972316901882,1,2024-08-20,12.0,2.5649493574615367,2.6309079265316715,0.35132009197829284,0.05320658240064981,0.5954733171105809,0.29811350957764304
128.43804931640625,129.2876456264653,126.5989400526864,257883600.0,0.0097750082649858,0.0227766813014823,124.84602896568832,120.29061825006892,-0.1406383606909187,91.64089899854665,3.729568206470546,1.1603843238789628,2.569183882591583,0.3685113210616504,0.8583165368978023,-0.0213806005355784,0.0425862616058717,0.0,0.0,0.0139025103422564,0.0314655647788013,0.2267301116541908,0,2024-08-21,4.0,1.6094379124341003,0.6931471805599453,0.09531749598681925,0.09513710136525327,0.8095454126596451,0.00018039462156597963
123.68036651611328,130.68699047324503,123.0406755475636,376189100.0,-0.0377461333400958,0.0257456926610271,124.55461335329456,120.74258468554152,0.4587554229892867,77.41753060205542,3.642600985151944,1.656827656133559,1.9857733290183848,0.3704157016250934,0.7220701995687676,0.0097750082649858,-0.0213806005355784,0.0425862616058717,0.0,0.0,-0.006742629776951,0.135021095273873,1,2024-08-22,11.0,2.4849066497880004,1.9937161320691175,0.07078309989630785,0.1308065151537572,0.7984103932626389,-0.060023415257449364
129.30763244628906,129.53753255606168,125.15963905002394,323230300.0,0.0444937647519201,0.0304614232674363,125.7428681265432,121.8845910536412,-0.1407770719566303,81.05455718322605,3.981851857635405,2.121832496433929,1.8600193612014768,0.3797113215881613,0.817790330374228,-0.0377461333400958,0.0097750082649858,-0.0213806005355784,0.0425862616058717,0.0,0.0384490487149133,0.1139141256223561,0,2024-08-23,11.0,2.4849066497880004,2.375764602718599,0.2405316419365456,0.36348268417469476,0.39598568795694344,-0.12295104223814915
129.30763244628906,129.53753255606168,125.15963905002394,323230300.0,0.0,0.0304614232674363,126.63405920647966,122.87432990599424,0.0,81.05455718322605,4.202269471602392,2.537919891467621,1.6643495801347703,0.3844966450837564,0.7862006270292626,0.0444937647519201,-0.0377461333400958,0.0097750082649858,-0.0213806005355784,0.0425862616058717,-0.0048461800515361,0.0956128966864138,0,2024-08-24,12.0,2.5649493574615367,0.784698204615621,0.16062371326908953,0.14554267557131909,0.6938335896226795,0.015081037697770444
129.30763244628906,129.53753255606168,125.15963905002394,323230300.0,0.0,0.0304614232674363,127.302452516432,123.73210357803356,0.0,81.05455718322605,4.327072223609534,2.895750357896004,1.4313218657135298,0.3687635451039736,0.7615210218707673,0.0,0.0444937647519201,-0.0377461333400958,0.0097750082649858,-0.0213806005355784,0.0166598933769224,0.0529869196494527,0,2024-08-25,5.0,1.791759469228055,1.1269579206338498,0.21736551063370715,0.2463551566144118,0.5362793262382762,-0.028989645980704637
126.39906311035156,131.19674560847827,124.31007385741808,331964700.0,-0.0227502434256522,0.026974780080336,127.0766051649119,124.08769818234263,0.0270222191422029,72.77961570879675,4.143518168057625,3.1453039199283284,0.9982142481292966,0.353620137602676,0.6747172420481602,0.0,0.0,0.0444937647519201,-0.0377461333400958,0.0097750082649858,-0.015875250495526,0.0150907905604285,1,2024-08-26,2.0,1.0986122886681098,3.268345798795653,0.03953182777079768,0.06753383008777533,0.8929343699686106,-0.02800200231697765
128.23817443847656,129.1377346219971,123.82029866993176,303134600.0,0.0144452031085086,0.0265097684761708,127.36699748330308,124.64109501649382,-0.0868468846235759,68.42433961491676,4.099198165888097,3.3360827691202823,0.763115396767815,0.317491163482391,0.7019060656220222,-0.0227502434256522,0.0,0.0,0.0444937647519201,-0.0377461333400958,0.0368515072420123,0.0298604013950056,0,2024-08-27,7.0,2.0794415416798357,1.4807798585835141,0.36553322870077987,0.023590345486025652,0.6108764302748928,0.3419428832147542
125.54946899414062,128.26815944285755,122.580899020736,448101100.0,-0.0211894165348478,0.027403703092181,126.91261536101246,124.76221154684671,0.4782248545695542,61.155600507335926,3.8032763832625136,3.4295214919487287,0.3737548913137849,0.2923514337575566,0.6127121448793178,0.0144452031085086,-0.0227502434256522,0.0,0.0,0.0444937647519201,-0.0290637403303279,0.008267835216787,0,2024-08-28,16.0,2.833213344056216,1.7233184754142779,0.26327901720104857,0.5282542345284368,0.20846676300018832,-0.2649752173273882
117.53331756591795,124.37002462838784,116.65374447412272,453023300.0,-0.0659780090143596,0.0344885499815279,124.56779091223883,123.79835901605622,0.0109845746863821,42.8764017491543,2.8886215805692927,3.3213415096728416,-0.4327199291035488,0.2627010904763153,0.3550469167771625,-0.0211894165348478,0.0144452031085086,-0.0227502434256522,0.0,0.0,-0.0910566117221411,-0.095461515038389,1,2024-08-29,23.0,3.1780538303479458,2.42511970428276,0.13653857502152322,0.577899506874798,0.28556190587404146,-0.44136093185327474
119.3124771118164,121.69132742002542,117.1635116938346,333751600.0,0.0150240625090966,0.0283710101808837,123.25396246213325,123.20024142882426,-0.2632793942386627,42.9689507099809,2.281020185191068,3.113277244776487,-0.8322570595854195,0.2258665917349731,0.3701768111970369,-0.0659780090143596,-0.0211894165348478,0.0144452031085086,-0.0227502434256522,0.0,-0.0772974892926322,-0.0619253638456289,0,2024-08-30,23.0,3.1780538303479458,1.8170406048354522,0.2483581908621923,0.38765543048803797,0.3639863681311679,-0.13929723962584567
119.3124771118164,121.69132742002542,117.1635116938346,333751600.0,0.0,0.0283710101808837,122.26859112455402,122.6818728532232,0.0,42.9689507099809,1.778984673881169,2.846418730597424,-1.0674340567162548,0.1796181603032584,0.3048160816057929,0.0150240625090966,-0.0659780090143596,-0.0211894165348478,0.0144452031085086,-0.0227502434256522,-0.0560651782074387,-0.0710503799548454,0,2024-08-31,7.0,2.0794415416798357,2.2572399829959577,0.11099571186164249,0.36902064548322844,0.5199836128749039,-0.25802493362158596
119.3124771118164,121.69132742002542,117.1635116938346,333751600.0,0.0,0.0283710101808837,121.52956262136962,122.2326200877023,0.0,42.9689507099809,1.3653786787080977,2.5502107202195585,-1.184832041511461,0.144766937418354,0.2300600869616651,0.0,0.0150240625090966,-0.0659780090143596,-0.0211894165348478,0.0144452031085086,-0.069602498364809,-0.0353159480953496,0,2024-09-01,7.0,2.0794415416798357,2.0928161082226815,0.3392923350133387,0.21156104005305332,0.44914660534176953,0.1277312949602854
119.3124771118164,121.69132742002542,117.1635116938346,333751600.0,0.0,0.0281688151180367,120.97529124398132,121.84326769091751,0.0,33.196317290639485,1.025768526607166,2.24532228149708,-1.219553754889914,0.1363816980338757,0.2043150320791784,0.0,0.0,0.0150240625090966,-0.0659780090143596,-0.0211894165348478,-0.0496775648060709,-0.0772974892926322,0,2024-09-02,5.0,1.791759469228055,1.5828504557484884,0.03802998885601566,0.11496066627981233,0.8470093280042365,-0.07693067742379667
107.9479522705078,116.15399476413344,107.238295351223,477155100.0,-0.1000967221114549,0.042444223908793,117.71845650061294,119.99055896819624,0.4296713483920376,26.086908699005537,-0.1585692554179871,1.7645439741140667,-1.9231132295320537,0.1761363014018747,-0.2278602671399676,0.0,0.0,0.0,0.0150240625090966,-0.0659780090143596,-0.0815544519113421,-0.1651849915715801,0,2024-09-03,8.0,2.1972245773362196,1.8240108382927276,0.11420223960220303,0.27950595973740616,0.6062917803343754,-0.1653037201352031
106.1588134765625,113.21540862229496,104.069824367125,372470300.0,-0.0167129743258633,0.042537894036066,114.82854574460032,118.1463262359784,-0.2193936520850348,22.67713178860319,-1.2273854926422416,1.1661580807628051,-2.3935435734050468,0.2190555417448902,-0.1247338408267709,-0.1000967221114549,0.0,0.0,0.0,0.0150240625090966,-0.1102454994956365,-0.1790212884714439,1,2024-09-04,12.0,2.5649493574615367,2.6622348084188117,0.11716490056800707,0.3874916978000599,0.4953434103972109,-0.2703267972320528
107.15833282470705,109.5971593888533,104.70951657024186,306850700.0,0.0093712735271816,0.0395646335465266,112.910992514627,116.68126044780888,-0.1761740466286842,27.6802543506259,-1.9710560952577796,0.5387152455586883,-2.509771340816468,0.2486756690305927,0.0072646338661456,-0.0167129743258633,-0.1000967221114549,0.0,0.0,0.0,-0.1018681749077997,-0.1522220957353661,0,2024-09-05,15.0,2.772588722239781,2.762657365803133,0.11406598717698024,0.4558449781843248,0.4300890456516756,-0.34177899100734455
102.78044891357422,108.09788494505916,100.90134998938431,413638100.0,-0.0417123374740425,0.0386187009812826,110.3783566143638,114.82781890991092,0.3480109382184886,12.912285597196115,-2.8804747301579567,-0.1451227495846407,-2.735351980573316,0.2876995326226527,-0.0242323541571321,0.0093712735271816,-0.0167129743258633,-0.1000967221114549,0.0,0.0,-0.1385607658011225,-0.1985190886908322,0,2024-09-06,9.0,2.302585092994046,2.004589371845175,0.0790934393358739,0.23363642162988374,0.6872701392515655,-0.15454298229400984
102.78044891357422,108.09788494505916,100.90134998938431,413638100.0,0.0,0.0386187009812826,108.4788796891664,113.22150291039937,0.0,12.912285597196115,-3.560156284793038,-0.8281294566263203,-2.7320268281667177,0.3188860179896846,0.0511684371504743,-0.0417123374740425,0.0093712735271816,-0.0167129743258633,-0.1000967221114549,0.0,-0.1385607658011225,-0.1813549691845294,0,2024-09-07,7.0,2.0794415416798357,2.637427368424376,0.38852733688446967,0.0681374150459271,0.543335239750145,0.32038992183854254
102.78044891357422,108.09788494505916,100.90134998938431,413638100.0,0.0,0.0386187009812826,107.05427199526837,111.82936237748936,0.0,12.912285597196115,-4.052098741731712,-1.4729233136473987,-2.579175428084313,0.3368906554252461,0.1042780946175128,0.0,-0.0417123374740425,0.0093712735271816,-0.0167129743258633,-0.1000967221114549,-0.0478703231348409,-0.1255207370801022,1,2024-09-08,5.0,1.791759469228055,3.0247254276040283,0.08271684469993071,0.22309445962311114,0.6941887254781106,-0.14037761492318043
106.41869354248048,106.4986568208146,103.640034438972,273912000.0,0.0347861033965236,0.0437188409400946,106.8953773820714,111.10793986615484,-0.3377979446284083,22.623959966022294,-4.10111563940076,-1.9985617787980712,-2.102553860602689,0.3445545562142592,0.225128469762086,0.0,0.0,-0.0417123374740425,0.0093712735271816,-0.0167129743258633,0.0024480309962708,-0.1080673528993303,1,2024-09-09,3.0,1.3862943611198906,2.2847848340850074,0.0828615508533298,0.044126605502991634,0.8730118548195493,0.03873494535033817
108.0478973388672,109.34727382600164,104.8994140244394,268283700.0,0.0151933700238954,0.0243168409095083,107.18350737127034,110.69993419584982,-0.0205478401822483,22.176311668037684,-3.9628178559322578,-2.3914129942249085,-1.5714048617073493,0.3431723502217159,0.2878401418898818,0.0347861033965236,0.0,0.0,-0.0417123374740425,0.0093712735271816,0.0083014030800137,-0.0944124206087211,1,2024-09-10,8.0,2.1972245773362196,2.3089635503827486,0.12444179475952989,0.5342727805090753,0.34128541469106694,-0.40983098574954546
116.8536605834961,117.13352442144716,107.36822866067496,441422400.0,0.0783477650074111,0.0367215454179178,109.60104567432676,111.520431047536,0.645356762263231,39.74540967816059,-3.1068505262252017,-2.5345005006249672,-0.5723500256002345,0.3393142935902449,0.5168086213189681,0.0151933700238954,0.0347861033965236,0.0,0.0,-0.0417123374740425,0.1369249873753297,-0.0206082095338274,1,2024-09-11,5.0,1.791759469228055,2.4754868724175574,0.09374876758837081,0.5914661437295253,0.3147850610131444,-0.4977173761411545
119.0927734375,120.7421209186122,115.33426173002456,366052700.0,0.018980410397306,0.0367118256873162,111.97397761512008,112.5300766995312,-0.1707428077958889,52.12909236319972,-2.222196458742431,-2.47203969224846,0.249843233506029,0.3248507643310568,0.5908102159590898,0.0783477650074111,0.0151933700238954,0.0347861033965236,0.0,0.0,0.1587103840891224,-0.0018414140719792,0,2024-09-12,6.0,1.9459101490553132,1.6271408704556105,0.5353394386975029,0.09515812084019107,0.3695024646255144,0.44018131785731185
119.0527801513672,119.91243980632908,117.55337484057826,238358300.0,-0.0003358726283659,0.028442450196446,113.74367824918184,113.39977049310932,-0.3488415739045225,49.62776410223884,-1.5069575915600666,-2.279023272110781,0.7720656805507149,0.3083302765713306,0.6094151082035242,0.018980410397306,0.0783477650074111,0.0151933700238954,0.0347861033965236,0.0,0.1583212703368908,0.1028720568319043,0,2024-09-13,8.0,2.1972245773362196,2.4802289810508875,0.444071921475781,0.31941034943415736,0.2365177172092374,0.12466157204162365
119.0527801513672,119.91243980632908,117.55337484057826,238358300.0,0.0,0.028442450196446,115.07095372472818,114.15350511421038,0.0,49.62776410223884,-0.9294119538352988,-2.009101008455685,1.079689054620386,0.2893815488100467,0.632554813587385,-0.0003358726283659,0.018980410397306,0.0783477650074111,0.0151933700238954,0.0347861033965236,0.11872055734121,0.1214592199417468,0,2024-09-14,7.0,2.0794415416798357,2.0639475766694924,0.7272880720991982,0.030584283116869004,0.24212765422520943,0.6967037889823292
119.0527801513672,119.91243980632908,117.55337484057826,238358300.0,0.0,0.028442450196446,116.06641033138794,114.80674178583128,0.0,49.62776410223884,-0.4663273436083841,-1.7005462754862248,1.2342189318778407,0.2765165395440981,0.6507908041163706,0.0,-0.0003358726283659,0.018980410397306,0.0783477650074111,0.0151933700238954,0.1018518923879261,0.1109988090811142,0,2024-09-15,8.0,2.1972245773362196,1.6544329331445413,0.09603943257863835,0.10857803712817145,0.7953825201581444,-0.012538604549533094
116.73370361328124,118.13315013570288,114.31466480568342,248772300.0,-0.0196716222704719,0.0313418237454911,116.23323365186128,115.06367002949128,0.0436905280831421,46.53413589800749,-0.2831950526669828,-1.4170760309223764,1.1338809782553936,0.2540092777003402,0.6046080080640753,0.0,0.0,-0.0003358726283659,0.018980410397306,0.0783477650074111,-0.0010265572307778,0.1357578688086875,0,2024-09-16,2.0,1.0986122886681098,0.8958797346140275,0.20917697376711666,0.4610597194244345,0.3297632698004313,-0.25188274565731783
115.54417419433594,118.75290839853,114.78448096424104,231925900.0,-0.0102423857946822,0.0325264889128027,116.06096878747994,115.12773725147058,-0.0677181502924562,64.05278240721923,-0.2313792791938027,-1.1799366805766618,0.948557401382859,0.2361727112746505,0.5872266357985881,-0.0196716222704719,0.0,0.0,-0.0003358726283659,0.018980410397306,-0.0297969317594771,0.1241843698454212,0,2024-09-17,3.0,1.3862943611198906,2.3485921922931707,0.030719645977749968,0.615040699476089,0.3542396262097803,-0.584321053498339
113.3250503540039,117.65332766764698,113.17510830529989,310318900.0,-0.0193926762399532,0.0135031741097198,115.37698917911092,114.88737899847504,0.3380088209208201,63.04971264854874,-0.3651701985881033,-1.0169833841789502,0.6518131855908469,0.2338726002805081,0.512241503432848,-0.0102423857946822,-0.0196716222704719,0.0,0.0,-0.0003358726283659,-0.048110844535347,0.1025934557777268,1,2024-09-18,3.0,1.3862943611198906,2.7041759211595457,0.2627229918271771,0.023730557326494536,0.7135464898205076,0.23899243450068258
117.82327270507812,119.6125639674696,117.2035157611041,293506400.0,0.0389255717089806,0.0198614381100786,115.98856006060272,115.27883149268878,-0.0541781373935006,67.22588007102922,-0.1069981080154605,-0.8349863289462522,0.7279882209307917,0.2316602046850211,0.6871585600964598,-0.0193926762399532,-0.0102423857946822,-0.0196716222704719,0.0,0.0,-0.0103274148216095,0.107167066076085,0,2024-09-19,5.0,1.791759469228055,2.0688639608963166,0.07412893841459435,0.21136244818693273,0.7145086379336539,-0.1372335097723384
115.95401763916016,118.57298181753792,115.3442588328446,382462400.0,-0.0159921000116634,0.0205731974244754,115.97992445524208,115.3688563122183,0.3030802735476978,73.15415614237125,-0.052621539656954,-0.6785133710883926,0.6258918314314386,0.2273662782255547,0.624616382566255,0.0389255717089806,-0.0193926762399532,-0.0102423857946822,-0.0196716222704719,0.0,-0.026028476682923,0.0731723660988723,0,2024-09-20,3.0,1.3862943611198906,1.3647815207407001,0.520655278702308,0.0571761503268114,0.42216856338923636,0.4634791283754966
115.95401763916016,118.57298181753792,115.3442588328446,382462400.0,0.0,0.0205731974244754,115.9734477512216,115.44687782247722,0.0,73.15415614237125,-0.0094191394939429,-0.5446945247695026,0.5352753852755597,0.2227946711144415,0.6340573362719867,-0.0159921000116634,0.0389255717089806,-0.0193926762399532,-0.0102423857946822,-0.0196716222704719,-0.0066791847597336,-0.0076988854251006,0,2024-09-21,5.0,1.791759469228055,1.745166411305513,0.22344335120963243,0.4662491833922222,0.3103074484340519,-0.24280583218258978
115.95401763916016,118.57298181753792,115.3442588328446,382462400.0,0.0,0.0205731974244754,115.96859022320623,115.5144964647016,0.0,73.15415614237125,0.0245362354428237,-0.4308483727270373,0.4553846081698611,0.2179261805107845,0.644110903847982,0.0,-0.0159921000116634,0.0389255717089806,-0.0193926762399532,-0.0102423857946822,0.0035470714787826,-0.0263555521274938,1,2024-09-22,3.0,1.3862943611198906,1.9583102436173434,0.055681961033317726,0.01976770212819647,0.9245502886561384,0.03591425890512126
116.21392059326172,116.94362697511984,114.81447398076048,206228500.0,0.0022389229507733,0.0193825414268288,116.02992281572013,115.60775301517629,-0.4607875179364037,69.5363903845194,0.0715928333934954,-0.3303601315029308,0.4019529648964262,0.2157411445112736,0.6387359783993668,0.0,0.0,-0.0159921000116634,0.0389255717089806,-0.0193926762399532,0.0254918946008282,-0.0238453865125708,1,2024-09-23,3.0,1.3862943611198906,1.9583102436173434,0.055681961033317726,0.01976770212819647,0.9245502886561384,0.03591425890512126
120.82209014892578,121.75172180406904,115.33426088161052,354966800.0,0.0388864984464913,0.023731784917503,117.22796464902152,116.30299796634289,0.7212305767631535,72.77189977931778,0.4752479349930638,-0.1692385182037319,0.6444864531967958,0.2156276208794516,0.7961488963638241,0.0022389229507733,0.0,0.0,-0.0159921000116634,0.0389255717089806,0.025451826069659,0.0148615596822605,1,2024-09-24,1.0,0.6931471805599453,2.0794415416798357,0.0201333370059728,0.0483911707997322,0.9314755797386168,-0.0282578337937594
123.4610366821289,124.89047006468223,121.5617884105282,284692900.0,0.0216064795833182,0.0212390942184702,118.78623265729836,117.25740312844768,-0.1979731625605549,65.0982032963393,0.9966002544506124,0.0639292363271369,0.9326710181234756,0.2205242855002106,0.859812190049085,0.0388864984464913,0.0022389229507733,0.0,0.0,-0.0159921000116634,0.0647413448521465,0.0370277495843183,1,2024-09-25,3.0,1.3862943611198906,1.2296264847046452,0.408877846471701,0.02051519647786532,0.5706069435323796,0.3883626499938357
123.9908218383789,127.61937987933592,121.7517120835012,302582900.0,0.0042819315957626,0.0177304189074841,120.08737995256853,118.15519228977186,0.0628396422952592,62.140708059992775,1.4359719672939804,0.3383377825205056,1.0976341847734747,0.2089065009340835,0.8543266876429505,0.0216064795833182,0.0388864984464913,0.0022389229507733,0.0,0.0,0.0693102693882385,0.0621681485335139,0,2024-09-26,9.0,2.302585092994046,1.0012125941421433,0.04669103914728525,0.09335722036373151,0.8599517345428467,-0.04666618121644626
121.35187530517578,123.98082995705606,119.21272426875332,271009200.0,-0.0215131596908511,0.0190149271533864,120.40350379072032,118.58141669182572,-0.104347271441975,55.04830573922774,1.553330457986462,0.581336317613697,0.971994140372765,0.1845842507539825,0.7317364024742005,0.0042819315957626,0.0216064795833182,0.0388864984464913,0.0022389229507733,0.0,0.0465517088231761,0.0502639025406141,0,2024-09-27,8.0,2.1972245773362196,2.220212305049368,0.5388090939953947,0.16685636966260498,0.29433453991181463,0.3719527243327897
121.35187530517578,123.98082995705606,119.21272426875332,271009200.0,0.0,0.0190149271533864,120.6405966693342,118.95081117360571,0.0,55.04830573922774,1.6275762218283063,0.7905842984566188,0.8369919233716875,0.1506199374069286,0.7291877629332681,-0.0215131596908511,0.0042819315957626,0.0216064795833182,0.0388864984464913,0.0022389229507733,0.0442111812912364,0.0708301026657189,0,2024-09-28,6.0,1.9459101490553132,0.876249228671297,0.09420448413855595,0.018950118691741378,0.8868454017111013,0.07525436544681458
121.35187530517578,123.98082995705606,119.21272426875332,271009200.0,0.0,0.0190149271533864,120.8184163282946,119.27095305781508,0.0,55.04830573922774,1.6671981026522218,0.9659070592957396,0.7012910433564823,0.1247361529824534,0.724288827778749,0.0,-0.0215131596908511,0.0042819315957626,0.0216064795833182,0.0388864984464913,0.0043848368754173,0.0299482650505733,1,2024-09-29,7.0,2.0794415416798357,2.458916964886857,0.2618202931113703,0.08569611207380978,0.6524836111865446,0.1761241810375605
121.39186096191406,121.45183473616017,118.1031642748816,226553700.0,0.0003294474882429,0.0190997520260528,120.96177748669946,119.5537407783616,-0.1640368666451176,61.36586855106836,1.682431217195358,1.1092118908756632,0.5732193263196947,0.0976917602298576,0.7306889407925922,0.0,0.0,-0.0215131596908511,0.0042819315957626,0.0216064795833182,-0.0167597468466288,0.0468965494552853,0,2024-09-30,3.0,1.3862943611198906,0.6931471805599453,0.06530678272247314,0.37067054460446036,0.5640226602554321,-0.3053637618819872
116.95362091064452,122.3914669216292,115.74410147280145,302094500.0,-0.0372463794941719,0.0190792737476573,119.95973834268572,119.20705812933268,0.3334344131214806,52.96843390723794,1.321145348805146,1.1515985824615598,0.1695467663435863,0.0975766058155014,0.3473989761835852,0.0003294474882429,0.0,0.0,-0.0215131596908511,0.0042819315957626,-0.056755821305123,0.0086206868191067,1,2024-10-01,3.0,1.3862943611198906,1.110734836725068,0.20671237768901465,0.045987489548181604,0.747300105402613,0.16072488814083305
118.8028793334961,119.33266799005564,115.0943511112096,221845900.0,0.0156881897123748,0.017810866029911,119.67052359038831,119.15316762322114,-0.265640718384479,61.719430956573525,1.1705500229855232,1.1553888705663524,0.0151611524191708,0.0975470321521861,0.5082867771636514,-0.0372463794941719,0.0003294474882429,0.0,0.0,-0.0215131596908511,-0.021004998606486,0.0245688916377297,1,2024-10-02,2.0,1.0986122886681098,0.6931471805599453,0.0678796377032995,0.10219620075076814,0.8299241662025452,-0.03431656304746865
122.80130004882812,124.31070361178112,120.29229289145832,277118000.0,0.0331019589250666,0.0230173877817445,120.45321770499828,119.63958527996874,0.2491463669150522,60.88287961314805,1.3581849669654673,1.1959480898461754,0.1622368771192919,0.1021524936279967,0.8216827986123424,0.0156881897123748,-0.0372463794941719,0.0003294474882429,0.0,0.0,0.0119439830658349,0.0566832219577346,1,2024-10-03,6.0,1.9459101490553132,2.220693451783157,0.3878507639597953,0.06231713697239926,0.5498321244948104,0.325533626987396
124.87047576904295,124.99043094258552,121.78170440742984,243678100.0,0.0167094038608138,0.0219535685150422,121.55753222100944,120.33703734517864,-0.1206702559920323,69.3240937320185,1.654776960961584,1.2877138640692571,0.3670630968923269,0.1113536930613901,0.928372827637311,0.0331019589250666,0.0156881897123748,-0.0372463794941719,0.0003294474882429,0.0,0.02899502339802,0.0335069987212366,0,2024-10-04,3.0,1.3862943611198906,0.9241962407465937,0.10607578931376335,0.25293135410174716,0.6409928663633764,-0.1468555647879838
124.87047576904295,124.99043094258552,121.78170440742984,243678100.0,0.0,0.0219535685150422,122.38576810801784,120.94149580169388,0.0,69.3240937320185,1.868291748725369,1.4038294410004797,0.4644623077248893,0.118933842305805,0.8796235854448743,0.0167094038608138,0.0331019589250666,0.0156881897123748,-0.0372463794941719,0.0003294474882429,0.028656079407336,0.0114160639242233,0,2024-10-05,5.0,1.791759469228055,1.6304972151560482,0.04400049543240331,0.3182880009434013,0.6377115084100305,-0.274287505510998
124.87047576904295,124.99043094258552,121.78170440742984,243678100.0,0.0,0.0219535685150422,123.00694502327411,121.46535979734044,0.0,69.3240937320185,2.014284340292704,1.5259204208589248,0.4883639194337794,0.1229625946122949,0.83834059249041,0.0,0.0167094038608138,0.0331019589250666,0.0156881897123748,-0.0372463794941719,0.0676922595192424,0.0070945084291051,1,2024-10-06,5.0,1.791759469228055,0.6931471805599453,0.07736750207841393,0.1022991526871919,0.8203333377838133,-0.024931650608777972
127.66936492919922,130.58820542607234,124.90045886173723,346250200.0,0.0221668292701919,0.0228639314712216,124.1725499997554,122.29256048158828,0.4209327797614968,72.36533769472075,2.328984402412999,1.6865332171697398,0.6424511852432593,0.1302552993023936,0.9574986931358186,0.0,0.0,0.0167094038608138,0.0331019589250666,0.0156881897123748,0.0746319082958728,0.0520592665596326,1,2024-10-07,5.0,1.791759469228055,2.1212774049077505,0.0361908692145481,0.49359859133286127,0.4702105592520846,-0.45740772211831315
132.83731079101562,133.4270732055081,129.36868536610157,285722500.0,0.0396813168287113,0.0151121461301452,126.33874019757044,123.69852718951194,-0.1748091409044673,72.95645230271646,2.9612609368981424,1.9414787611154205,1.019782175782722,0.146225298591979,1.1402980505222666,0.0221668292701919,0.0,0.0,0.0167094038608138,0.0331019589250666,0.0817256066360616,0.0946457189636027,0,2024-10-08,8.0,2.1972245773362196,1.5477467043151507,0.23511755903823633,0.03961042214623227,0.7252720180847428,0.19550713689200405
132.59739685058594,134.46666574879316,131.3279114002274,246191600.0,-0.0018077063688764,0.0169325621150235,127.90340436082433,124.8850431443218,-0.1383541723175458,69.21780492384426,3.40374929274941,2.2339328674422183,1.1698164253071917,0.1635527671419208,1.020038208956274,0.0396813168287113,0.0221668292701919,0.0,0.0,0.0167094038608138,0.0618794877968951,0.0926687083914434,1,2024-10-09,9.0,2.302585092994046,1.8549651714555226,0.21985180454770947,0.12985057834366592,0.6502975823094428,0.09000122620404355
134.7565460205078,134.94647312682827,130.94805910825556,242311300.0,0.0161523416464129,0.0151458004526477,129.6166897757452,126.20124352781328,-0.0157613013604038,71.19243281982952,3.883878858122386,2.563922065578252,1.319956792544135,0.1787253112481764,1.027645170224875,-0.0018077063688764,0.0396813168287113,0.0221668292701919,0.0,0.0,0.0791705980983836,0.1100953964515532,0,2024-10-10,6.0,1.9459101490553132,3.078685103502013,0.5815885030009681,0.09858451577256455,0.31982697921000997,0.48300398722840354
134.74656677246094,135.72617401836632,133.60701929174726,170209500.0,-7.405664408115913e-05,0.0158241574760716,130.89915902492413,127.34061996043296,-0.2975585538107385,79.41178737098507,4.214991952423716,2.894136042947345,1.3208559094763714,0.187166052551149,0.9591454977763724,0.0161523416464129,-0.0018077063688764,0.0396813168287113,0.0221668292701919,0.0,0.0790906813047187,0.1521367677483935,0,2024-10-11,9.0,2.302585092994046,2.112353037076569,0.589139080998191,0.15260159305089924,0.2582593075679336,0.43653748794729175
134.74656677246094,135.72617401836632,133.60701929174726,170209500.0,0.0,0.0158241574760716,131.86101096180835,128.32807953537005,0.0,79.41178737098507,4.426376947076605,3.200584223773197,1.225792723303408,0.190054656735412,0.90922407452018,-7.405664408115913e-05,0.0161523416464129,-0.0018077063688764,0.0396813168287113,0.0221668292701919,0.0554338297773038,0.1342028705736053,0,2024-10-12,3.0,1.3862943611198906,0.9634572526320548,0.06057139723603061,0.05489255480023704,0.8845360536188381,0.005678842435793571
134.74656677246094,135.72617401836632,133.60701929174726,170209500.0,0.0,0.0158241574760716,132.5823999144715,129.18387783364884,0.0,79.41178737098507,4.541548929245394,3.4687771648676367,1.0727717643777577,0.1886251567108303,0.8702876552183344,0.0,-7.405664408115913e-05,0.0161523416464129,-0.0018077063688764,0.0396813168287113,0.0143728894395418,0.0972731291841628,1,2024-10-13,5.0,1.791759469228055,2.502864351784384,0.5833314752890744,0.027412227223659276,0.389256324026239,0.555919248065415
138.01527404785156,139.54466630986312,136.24597143489578,232347700.0,0.0239686295716123,0.0160514845268263,133.94061844781652,130.36139732887588,0.3650689297600897,81.96849608108386,4.840779422380365,3.743177616370183,1.0976018060101822,0.2014241397209454,0.938723459504728,0.0,0.0,-7.405664408115913e-05,0.0161523416464129,-0.0018077063688764,0.0408596045318343,0.1052674637287429,0,2024-10-14,2.0,1.0986122886681098,3.0342127941220554,0.1631118490005917,0.2887346227963876,0.5481535359268237,-0.12562277379579592
131.54783630371094,138.5150744275185,128.68896947491228,377831000.0,-0.0479938008978859,0.0228344710231629,133.34242291179012,130.51958919218723,0.6261447821519215,76.0342489971558,4.50413273031954,3.895368639160055,0.6087640911594856,0.2018146262818853,0.6688230583919595,0.0239686295716123,0.0,0.0,-7.405664408115913e-05,0.0161523416464129,-0.023811160285368,0.0534742940118064,1,2024-10-15,8.0,2.1972245773362196,1.9447599728751945,0.3906361788708302,0.039815771076229425,0.5695480160367857,0.3508204077946008
135.66619873046875,136.56583584893667,131.527840530584,264879700.0,0.0308268879666294,0.0258660519146202,133.9233668664598,131.20580379729142,-0.2989466189910303,77.82911384595704,4.517579387616465,4.019810788851337,0.4977685987651279,0.207737492756465,0.7963987642993013,-0.0479938008978859,0.0239686295716123,0.0,0.0,-7.405664408115913e-05,0.0068249008493161,0.0864553682120443,1,2024-10-16,7.0,2.0794415416798357,2.2860770477602856,0.18347365178544364,0.49262407809232933,0.32390224955401314,-0.3091504263068857
136.87571716308594,140.83415423256426,136.81574338597488,306435900.0,0.0088758924973258,0.0254040762865093,134.66145444061632,131.96179224606402,0.1568870698660562,75.58140373356409,4.573117932686159,4.130472217618301,0.442645715067858,0.2100088281010394,0.8074712816055857,0.0308268879666294,-0.0479938008978859,0.0239686295716123,0.0,0.0,0.0158011476034145,0.072110895507252,1,2024-10-17,8.0,2.1972245773362196,1.3031418018667127,0.08817229707153049,0.37049263309017344,0.5413350425860826,-0.2823203360186429
137.94529724121094,138.8449343829922,137.22558142668973,176090200.0,0.0077838696637059,0.0254588976510743,135.48241514076497,132.7595929120836,-0.4253604097953275,74.6606493716923,4.649838361036387,4.234345446301918,0.415492914734469,0.2112862632950681,0.812427532935905,0.0088758924973258,0.0308268879666294,-0.0479938008978859,0.0239686295716123,0.0,0.0237388643389446,0.0384529498510504,0,2024-10-18,14.0,2.70805020110221,1.7903723286898188,0.07166235285912566,0.17324645923098905,0.7550911593680895,-0.1015841063718634
137.94529724121094,138.8449343829922,137.22558142668973,176090200.0,0.0,0.0254588976510743,136.09813566587647,133.45102015596726,0.0,74.6606493716923,4.656957347794702,4.318867826600475,0.3380895211942265,0.2092742733572297,0.782979995086066,0.0077838696637059,0.0088758924973258,0.0308268879666294,-0.0479938008978859,0.0239686295716123,-0.0005070221910102,0.0403318656146103,0,2024-10-19,12.0,2.5649493574615367,0.9304648591830594,0.08890286226555122,0.10181827214252114,0.8092788850972894,-0.012915409876969916
137.94529724121094,138.8449343829922,137.22558142668973,176090200.0,0.0,0.0254588976510743,136.55992605971008,134.0502571006664,0.0,74.6606493716923,4.609464162516503,4.376987093783681,0.2324770687328214,0.2040998795976982,0.7573801465338881,0.0,0.0077838696637059,0.0088758924973258,0.0308268879666294,-0.0479938008978859,0.0486322019218155,0.0236630524814567,1,2024-10-20,3.0,1.3862943611198906,2.2910546114041725,0.3016941965688263,0.0336742562168546,0.6646315545238682,0.2680199403519717
143.6530303955078,143.6530303955078,137.94528751258602,264554500.0,0.0405436711218722,0.0283074557740083,138.33320214365952,135.33062687331193,0.5023805981252789,77.16616972503832,4.975042640347681,4.4965982030964815,0.4784444372511993,0.1927850537793896,0.9410591203790288,0.0,0.0,0.0077838696637059,0.0088758924973258,0.0308268879666294,0.0588711981302483,0.0660978890696839,0,2024-10-21,5.0,1.791759469228055,2.097453239208142,0.0700368786628155,0.027455179803748796,0.902507920194802,0.042581698859066694
143.5330810546875,144.3627538949317,141.72380093133486,226311600.0,-0.0008353422607355,0.0165731530653602,139.63317187141652,136.42428743082868,-0.1445558476608789,71.94424512908748,5.195200273678779,4.636318617212941,0.5588816564658377,0.1793777728656803,0.9130506802121906,0.0405436711218722,0.0,0.0,0.0077838696637059,0.0088758924973258,0.04863802016591,0.0652077043051038,0,2024-10-22,3.0,1.3862943611198906,0.6931471805599453,0.1026873017350832,0.027193204810221933,0.8701194922129314,0.07549409692486127
139.50466918945312,142.37352650102258,137.40551088320953,285930000.0,-0.0284674670361216,0.0203430882449959,139.60104620092568,136.83500499864527,0.2634350161458803,62.2648431221778,4.98712909374936,4.706480712520225,0.2806483812291347,0.1651401000674524,0.7268537593165907,-0.0008353422607355,0.0405436711218722,0.0,0.0,0.0077838696637059,0.0113042777059335,0.035311492759789,1,2024-10-23,10.0,2.3978952727983707,2.651846437370832,0.1708985707642988,0.11518361099966143,0.7139178153923027,0.05571495976463736
140.35433959960938,141.293969386979,138.40511570705533,172354900.0,0.0060721505769293,0.0202581848225907,139.7893695505966,137.30424961210716,-0.3972129542195642,60.424448979568645,4.835056958788613,4.732195961773903,0.1028609970147096,0.154154095370104,0.7452499822420946,-0.0284674670361216,-0.0008353422607355,0.0405436711218722,0.0,0.0,0.017463751259211,0.0169478745587741,1,2024-10-24,2.0,1.0986122886681098,1.1512925464970227,0.16647429370780575,0.02409895021498312,0.8094267144999354,0.14237534349282263
141.48388671875,144.0728716327459,140.74418981710016,205122100.0,0.0080156136495666,0.0202663775249298,140.21299884263496,137.86153455965953,0.1901146993790139,62.04429857319074,4.750918082397106,4.735940385898544,0.0149776964985628,0.1404536399685139,0.7831678401696025,0.0060721505769293,-0.0284674670361216,-0.0008353422607355,0.0405436711218722,0.0,0.0256521211546014,0.0755318422121305,0,2024-10-25,7.0,2.0794415416798357,1.3923045345371317,0.47998619400045206,0.02094642711836843,0.4990673928534271,0.45903976688208364
141.48388671875,144.0728716327459,140.74418981710016,205122100.0,0.0,0.0202663775249298,140.5307208116637,138.34451484753828,0.0,62.04429857319074,4.630855793686976,4.714923467456231,-0.0840676737692547,0.1206099926046347,0.7774482879367162,0.0080156136495666,0.0060721505769293,-0.0284674670361216,-0.0008353422607355,0.0405436711218722,-0.0150998810869892,0.0428823689520436,0,2024-10-26,10.0,2.3978952727983707,1.9913106523508162,0.10221210380355758,0.20193972520624975,0.6958481907071591,-0.09972762140269217
141.48388671875,144.0728716327459,140.74418981710016,205122100.0,0.0,0.0202663775249298,140.76901228843528,138.76309776369985,0.0,62.04429857319074,4.4840166125758,4.668742096480145,-0.1847254839043444,0.1054419049906707,0.7681571288720683,0.0,0.0080156136495666,0.0060721505769293,-0.0284674670361216,-0.0008353422607355,-0.014276808669332,0.0336668157886141,0,2024-10-27,3.0,1.3862943611198906,1.785528758224004,0.06049500743359121,0.05839302831218606,0.8811119969718854,0.0021019791214051467
140.4643096923828,143.08326638426843,139.99449475491215,173586700.0,-0.0072324028573191,0.0121965788488106,140.69283663942215,138.98992602085758,-0.1537396506763532,54.76099508060171,4.236537985811793,4.582301274346475,-0.3457632885346813,0.1014490806989936,0.6778562082142633,0.0,0.0,0.0080156136495666,0.0060721505769293,-0.0284674670361216,0.0068789131468169,0.0182609519972771,1,2024-10-28,5.0,1.791759469228055,2.817913850435154,0.05015455986719069,0.12303162562599061,0.8268137858299366,-0.07287706575879993
141.19400024414062,142.20359433012132,138.8449258203989,157593600.0,0.0051814000049634,0.012596993302436,140.81812754060178,139.283802583962,-0.0921332106664853,74.13708446381676,4.0525737725521935,4.476355773987619,-0.4237820014354252,0.0961771859834394,0.7095493035466202,-0.0072324028573191,0.0,0.0,0.0080156136495666,0.0060721505769293,0.0059824345077363,0.023550661515115,0,2024-10-29,4.0,1.6094379124341003,1.9090674008448434,0.5247950328648094,0.03514863210833102,0.44005637510892665,0.4896464007564784
139.28475952148438,140.27437255912164,136.75576367804047,179418100.0,-0.0136143657660677,0.0078024679768319,140.4347855358224,139.28393017563167,0.1384859537443143,60.17998464927719,3.709954986310095,4.3230756164521145,-0.6131206301420198,0.0928748854940434,0.5507742780331026,0.0051814000049634,-0.0072324028573191,0.0,0.0,0.0080156136495666,-0.0155433049534268,0.0097100974593664,0,2024-10-30,10.0,2.3978952727983707,1.6307051154388312,0.2233445746054117,0.07039472718828972,0.7062606669186872,0.15294984741712198
132.70736694335938,137.55545044959692,132.05763071180766,270039600.0,-0.0483740116291467,0.0192372045324033,138.50293088770667,138.40705507799538,0.5050856073049486,40.99350171935736,2.874550489588387,4.033370591079369,-1.1588201014909822,0.0975037938638504,0.068990198624175,-0.0136143657660677,0.0051814000049634,-0.0072324028573191,0.0,0.0,-0.0620319386110526,-0.0761951448014195,1,2024-10-31,6.0,1.9459101490553132,0.8086717106532695,0.08895237823682167,0.20738479042691843,0.7036628238856791,-0.11843241219009676
135.34632873535156,137.25557537634637,134.5166711244238,207127800.0,0.0196904358892247,0.0212575015256416,137.71378034961788,137.99895823230955,-0.2329724973670528,44.741096426714485,2.397788357448661,3.706254144353228,-1.3084657869045668,0.0965341913250091,0.2598087469270239,-0.0483740116291467,-0.0136143657660677,0.0051814000049634,-0.0072324028573191,0.0,-0.0433799079579926,-0.0570373899813152,0,2024-11-01,3.0,1.3862943611198906,1.81557912388877,0.14571920258370344,0.02218504916831836,0.8320956968871038,0.12353415341538508
135.34632873535156,137.25557537634637,134.5166711244238,207127800.0,0.0,0.0212575015256416,137.1219174460513,137.6452742993818,0.0,44.741096426714485,1.996931548992194,3.3643896252810213,-1.367458076288827,0.0955473452138252,0.2551158264304813,0.0196904358892247,-0.0483740116291467,-0.0136143657660677,0.0051814000049634,-0.0072324028573191,-0.0364361663702306,-0.0298078944472773,0,2024-11-02,8.0,2.1972245773362196,2.4797131962704118,0.11304774739273336,0.3574055437403379,0.5295467235545734,-0.24435779634760452
135.34632873535156,137.25557537634637,134.5166711244238,207127800.0,0.0,0.0212575015256416,136.67802026837637,137.33874822417778,0.0,44.741096426714485,1.6601128922357873,3.0235342786719746,-1.3634213864361873,0.0978708808309269,0.2705471030707937,0.0,0.0196904358892247,-0.0483740116291467,-0.0136143657660677,0.0051814000049634,-0.04141586397919,-0.0356811971652906,1,2024-11-03,4.0,1.6094379124341003,3.705836825784905,0.26530853074994054,0.05138400260206259,0.6833075008287882,0.21392452814787793
135.99607849121094,138.90492874894582,135.51627301400697,187528200.0,0.004789159235307,0.0216548606519421,136.507534824085,137.15972559311552,-0.0946256369256082,30.5188341566208,1.429136855162028,2.704654793969985,-1.2755179388079574,0.0876364723682399,0.2793244012599996,0.0,0.0,0.0196904358892247,-0.0483740116291467,-0.0136143657660677,-0.0236112051424131,-0.0387875139339933,1,2024-11-04,1.0,0.6931471805599453,0.6931471805599453,0.0525588653981685,0.025473440065979902,0.9219676852226257,0.0270854253321886
139.8545379638672,140.31434706066804,137.27555894461494,160537400.0,0.0279768172188286,0.0248521219895498,137.34428560903055,137.51903390921575,-0.1439292863686635,42.13674048376544,1.5396836005137118,2.471660555278731,-0.9319769547650192,0.0853413592988577,0.5815936465729127,0.004789159235307,0.0,0.0,0.0196904358892247,-0.0483740116291467,0.0538566259366617,-0.0115161435882923,1,2024-11-05,5.0,1.791759469228055,2.727802402894622,0.657477190595308,0.10652325241481736,0.23599957764399096,0.5509539381804907
145.55227661132812,146.4319326348536,141.90372967757455,242043900.0,0.0399324435917873,0.0284348336596434,139.39628335960495,138.59013293616408,0.5077103528523572,62.06624231124728,2.0632685084868285,2.3899821459203507,-0.3267136374335222,0.0939474432402865,0.9760552103317688,0.0279768172188286,0.004789159235307,0.0,0.0,0.0196904358892247,0.0754061670629624,0.0287551465183135,1,2024-11-06,2.0,1.0986122886681098,2.5053176470481278,0.022770502571033746,0.7816334456700749,0.1955961150964752,-0.7588629430990411
148.8209991455078,148.8709671267726,146.1120664908763,207323300.0,0.0222089242242465,0.0153030222980532,141.75246230608067,139.95424843074326,-0.1434475316254613,65.40564582987435,2.710724367790789,2.4541305902944384,0.2565937774963505,0.1109340970464966,1.0772157352566327,0.0399324435917873,0.0279768172188286,0.004789159235307,0.0,0.0,0.0995569701525029,0.0594933294544797,0,2024-11-07,11.0,2.4849066497880004,1.4986342054078567,0.22209630249928372,0.42193578217341116,0.3559679127799529,-0.19983947967412743
147.57150268554688,149.71065404524003,146.20203521151856,175665800.0,-0.0084314134421505,0.0177776327605252,143.20722240094722,140.96988233138376,-0.1526962960747778,61.02867758040172,3.0874239773592365,2.5807892677073982,0.5066347096518382,0.1200230801282548,0.928925109150813,0.0222089242242465,0.0399324435917873,0.0279768172188286,0.004789159235307,0.0,0.0903251241790217,0.0451683671429297,0,2024-11-08,6.0,1.9459101490553132,2.2640978032218504,0.2117706041274156,0.04273492432643176,0.7454944712218222,0.16903567980098386
147.57150268554688,149.71065404524003,146.20203521151856,175665800.0,0.0,0.0177776327605252,144.29829247209713,141.8500983786055,0.0,61.02867758040172,3.347374680270576,2.734106350220034,0.6132683300505422,0.1268160461205539,0.877611832631356,-0.0084314134421505,0.0222089242242465,0.0399324435917873,0.0279768172188286,0.004789159235307,0.0851158674776348,0.0594949741273329,0,2024-11-09,6.0,1.9459101490553132,2.67863646762585,0.24100210925167823,0.05337923097485087,0.7056186584122311,0.18762287827682736
147.57150268554688,149.71065404524003,146.20203521151856,175665800.0,0.0,0.0177776327605252,145.11659502545956,142.6129522861977,0.0,61.02867758040172,3.5128930408960457,2.8898636883552364,0.6230293525408093,0.1326381380550954,0.8500608031412609,0.0,-0.0084314134421505,0.0222089242242465,0.0399324435917873,0.0279768172188286,0.0551785078555937,0.1120068620495773,0,2024-11-10,3.0,1.3862943611198906,1.5958305809273485,0.5202686936086248,0.027896107027713064,0.45183520107188785,0.49237258658091176
145.202392578125,148.79098057849544,143.51307554919703,182325600.0,-0.016184242223873,0.0207790635966063,145.13804441362592,142.958210991788,0.0379117619935127,58.183623739110764,3.4135508585615923,2.994601122396508,0.4189497361650844,0.1343070122205172,0.7160943773233727,0.0,0.0,-0.0084314134421505,0.0222089242242465,0.0399324435917873,-0.0024038375857041,0.0728210652986784,1,2024-11-11,3.0,1.3862943611198906,2.507286417400543,0.018987356619648933,0.7763505570572906,0.20466205794802883,-0.7573632004376417
148.231201171875,149.5906625866308,145.95210633724608,198634700.0,0.020644644860229,0.0198479953785416,145.91133360318818,143.66127634913295,0.0894504117907744,61.260357214011975,3.538432160694867,3.10336733005618,0.4350648306386873,0.1406864495557876,0.8358485242761924,-0.016184242223873,0.0,0.0,-0.0084314134421505,0.0222089242242465,-0.0039631367684619,0.095199275495073,0,2024-11-12,9.0,2.302585092994046,1.984704904168369,0.6058388033136988,0.02556208329089236,0.368599128794131,0.5802767200228064
146.21200561523438,149.2707898303925,145.8421419549503,191903300.0,-0.0137155632304839,0.0154792932432641,145.98650160619974,144.00137358461313,-0.0338883387444388,61.04554916805106,3.434874194478141,3.169668702940573,0.2652054915375683,0.1431516565083202,0.7155107899912426,0.020644644860229,-0.016184242223873,0.0,0.0,-0.0084314134421505,-0.0092124634199151,0.080280543856708,1,2024-11-13,11.0,2.4849066497880004,1.37036104977948,0.1317523977451137,0.3091383589595577,0.5591092477771354,-0.17738596121444403
146.70181274414062,148.94093020600926,145.49230097997514,194463300.0,0.0033443801879045,0.0124441140068012,146.16532939068497,144.36143213921682,0.0133400519949369,77.68978647398886,3.3536681036572418,3.2064685830839066,0.1471995205733351,0.1460910308571182,0.7218139547032144,-0.0137155632304839,0.020644644860229,-0.016184242223873,0.0,0.0,-0.0058933461107286,0.0787209041003456,0,2024-11-14,8.0,2.1972245773362196,2.573685761685671,0.07171658021206775,0.5895937440299116,0.33868965559274994,-0.5178771638178439
141.9237060546875,145.1824233503257,140.02446543358045,250132900.0,-0.0331124099744431,0.017157700445378,145.1049235566856,144.0364019946129,0.2862730396943793,61.99848688045186,2.87066715011008,3.139308296489141,-0.2686411463790614,0.1460176547750852,0.49058229375723,0.0033443801879045,-0.0137155632304839,0.020644644860229,-0.016184242223873,0.0,-0.038271593960075,0.0147951444475467,0,2024-11-15,3.0,1.3862943611198906,0.8283022165960001,0.10633261994866561,0.13383218229604907,0.7598351898921712,-0.02749956234738346
141.9237060546875,145.1824233503257,140.02446543358045,250132900.0,0.0,0.017157700445378,144.30961918118606,143.75470920262285,0.0,61.99848688045186,2.459533444053335,3.00335332600198,-0.5438198819486453,0.145941521494076,0.4895187414310843,-0.0331124099744431,0.0033443801879045,-0.0137155632304839,0.020644644860229,-0.016184242223873,-0.0225801136277656,-0.0249296722876419,0,2024-11-16,8.0,2.1972245773362196,1.9132868319654954,0.2111637271871718,0.3451537783862044,0.44368252562475613,-0.13399005119903262
141.9237060546875,145.1824233503257,140.02446543358045,250132900.0,0.0,0.017157700445378,143.71314089956144,143.5105754495648,0.0,61.99848688045186,2.10939127042991,2.8245609148875666,-0.7151696444576565,0.1454563100814309,0.4859616658170039,0.0,-0.0331124099744431,0.0033443801879045,-0.0137155632304839,0.020644644860229,-0.04255173720055,-0.0463462356147507,0,2024-11-17,4.0,1.6094379124341003,0.8664339756999316,0.13265788406133647,0.4203815247863531,0.4469606101512908,-0.28772364072501666
140.09442138671875,141.49387540802255,137.09561095173166,221205300.0,-0.0129729981544769,0.0168672248643631,142.80846102135075,143.05508824118533,-0.1156489210335786,57.16775966579686,1.6650988672068934,2.592668505351432,-0.9275696381445386,0.1459974253403401,0.4005196253625669,0.0,0.0,-0.0331124099744431,0.0033443801879045,-0.0137155632304839,-0.0418405055232906,-0.0506675148166017,1,2024-11-18,8.0,2.1972245773362196,3.130848110612856,0.16521722936251668,0.410753313358171,0.4240294450905125,-0.24553608399565433
146.95172119140625,147.07168399645053,140.9341184421503,227834900.0,0.0477874718108983,0.0249564225472882,143.84427606386464,143.5746393012148,0.0299703488117146,61.23413922747585,1.8450521098738195,2.443145226255909,-0.5980931163820902,0.1472700958800009,0.7100418611902282,-0.0129729981544769,0.0,0.0,-0.0331124099744431,0.0033443801879045,0.0017035130145357,-0.0041998724879916,0,2024-11-19,7.0,2.0794415416798357,1.4464328317833375,0.05228065873748767,0.04631028083071155,0.9014090849813905,0.005970377906776118
145.83216857910156,147.5015047606034,142.67341754276418,309871700.0,-0.0076476753538406,0.0245529293070739,144.34124919267387,143.87564320493303,0.3600712621288486,50.51813837398953,1.8757058424931188,2.3296573495033512,-0.4539515070102324,0.1326971528776182,0.6385879743546341,0.0477874718108983,-0.0129729981544769,0.0,0.0,-0.0331124099744431,0.0275391802614568,-0.0117863820235779,1,2024-11-20,9.0,2.302585092994046,2.437447852276396,0.41920084577305056,0.1524291839415435,0.42836999164247574,0.266771661831507
146.6118621826172,152.8293979645091,140.64422730754492,400946600.0,0.0053322712651067,0.0246144915031416,144.9089024401597,144.2404724019576,0.2939116414954963,45.49529983832888,1.9405445148543092,2.251834782573543,-0.3112902677192335,0.1231851331490705,0.6609249228158555,-0.0076476753538406,0.0477874718108983,-0.0129729981544769,0.0,0.0,0.0330329319763056,0.0097069309910566,0,2024-11-21,15.0,2.772588722239781,1.9010855703754925,0.42357453519755817,0.09469969939353616,0.4817257751301122,0.328874835804022
141.8937225341797,147.1016638018941,141.04406865837018,236406200.0,-0.0327103569489342,0.0245248930429299,144.1551074636647,143.9275724195872,-0.4103798361178271,39.85712159547551,1.5928537646652785,2.12003857899189,-0.5271848143266116,0.110849955564429,0.3625348025049809,0.0053322712651067,-0.0076476753538406,0.0477874718108983,-0.0129729981544769,0.0,-0.0002112650616399,-0.0427540125668074,0,2024-11-22,8.0,2.1972245773362196,0.7737894257316434,0.07387578265629463,0.04260340919739891,0.8835207798937806,0.03127237345889572
141.8937225341797,147.1016638018941,141.04406865837018,236406200.0,0.0,0.0245248930429299,143.58976123129344,143.6563924348662,0.0,39.85712159547551,1.3022943020993694,1.956489723613386,-0.6541954215140167,0.0961964155033549,0.3183891850396009,-0.0327103569489342,0.0053322712651067,-0.0076476753538406,0.0477874718108983,-0.0129729981544769,0.012843488910198,-0.029534394681778,0,2024-11-23,9.0,2.302585092994046,2.380572987358134,0.2618500789736908,0.4198742299965624,0.3182756960083114,-0.1580241510228716
141.8937225341797,147.1016638018941,141.04406865837018,236406200.0,0.0,0.0245248930429299,143.165751557015,143.42136978144134,0.0,39.85712159547551,1.059807038811556,1.77715318665302,-0.7173461478414642,0.0809367923643088,0.2594118524141612,0.0,-0.0327103569489342,0.0053322712651067,-0.0076476753538406,0.0477874718108983,-0.0344194584195339,-0.0327745794003692,0,2024-11-24,8.0,2.1972245773362196,2.3775214310732093,0.2059144531784512,0.06468155479620762,0.7294039876477627,0.14123289838224357
135.96607971191406,141.99368792347047,135.7661620516237,344941900.0,-0.042672903783424,0.0292509126176871,141.36583359573976,142.42733110550438,0.4591068254555084,35.361274660834184,0.3848861710541769,1.4986997835332516,-1.1138136124790747,0.0931160828201664,-0.1354452613580592,0.0,0.0,-0.0327103569489342,0.0053322712651067,-0.0076476753538406,-0.0676537211461405,-0.0419776689066855,1,2024-11-25,5.0,1.791759469228055,1.9606892396711804,0.2755487390202548,0.1292299287710872,0.5952213622576192,0.1463188102491676
136.86573791503906,139.24479962175627,135.61623327961902,190287700.0,0.0065949893362896,0.0195751142381642,140.24080967556458,141.68578534677567,-0.4483485479728615,30.68305771428186,-0.0765165458403771,1.183656517658526,-1.260173063498903,0.1044091364057192,0.02025195187786,-0.042672903783424,0.0,0.0,-0.0327103569489342,0.0053322712651067,-0.066475687045285,-0.0356386419172245,0,2024-11-26,3.0,1.3862943611198906,1.290400336969297,0.564346500501939,0.2235415767754717,0.21211191268567003,0.3408049237264673
135.2863311767578,137.1655905980091,131.74774157257602,226370900.0,-0.0116069260474963,0.0195476831114128,139.00219005086288,140.8325247907733,0.1896244476127464,31.14871407652197,-0.5631349778475396,0.8342982185573128,-1.3974331964048523,0.1134837538636174,0.0010653352415091,0.0065949893362896,-0.042672903783424,0.0,0.0,-0.0327103569489342,-0.0465657764093846,-0.0467672037494011,0,2024-11-27,14.0,2.70805020110221,1.4920344232741019,0.24833084438736674,0.40075133900932236,0.35091779844900745,-0.15242049462195562
135.2863311767578,137.1655905980091,131.74774157257602,226370900.0,0.0,0.0189112738658258,138.07322533233662,140.09303230890458,0.0,29.964955242011285,-0.9379712424930632,0.4798443263472376,-1.417815568840301,0.1211790459906314,0.0662387553260945,-0.0116069260474963,0.0065949893362896,-0.042672903783424,0.0,0.0,-0.0465657764093846,-0.0343203545320952,1,2024-11-28,3.0,1.3862943611198906,0.6931471805599453,0.07624353344241774,0.16335516485075155,0.7604013085365297,-0.0871116314083338
138.19520568847656,139.29477581313424,135.99608069190262,141863200.0,0.021273715587895,0.0197994640638468,138.1037204213716,139.83998875951417,-0.373315209684637,42.99668852344373,-0.9889102780469728,0.1860934054683956,-1.1750036835153683,0.1205288002909816,0.2593656969802316,0.0,-0.0116069260474963,0.0065949893362896,-0.042672903783424,0.0,-0.0260654014825231,-0.0595877028995409,0,2024-11-29,8.0,2.1972245773362196,2.0318144584360898,0.146208761036141,0.03827394208541688,0.8155172762566669,0.10793481895072413
138.19520568847656,139.29477581313424,135.99608069190262,141863200.0,0.0,0.0197994640638468,138.12659173814785,139.6206843500425,0.0,42.99668852344373,-1.0175501460388432,-0.0546353048330521,-0.9629148412057912,0.1183203610973602,0.2819960021879062,0.021273715587895,0.0,-0.0116069260474963,0.0065949893362896,-0.042672903783424,0.0163947212516943,-0.052368163794277,0,2024-11-30,5.0,1.791759469228055,2.7563195943489904,0.6923380781953857,0.20034880065508345,0.10731314180732897,0.4919892775403023
138.19520568847656,139.29477581313424,135.99608069190262,141863200.0,0.0,0.0197994640638468,138.14374522573002,139.43062052850038,0.0,42.99668852344373,-1.0283927759921312,-0.2493867990648679,-0.7790059769272633,0.1185642627883536,0.3027887389320063,0.0,0.021273715587895,0.0,-0.0116069260474963,0.0065949893362896,0.0097136638700825,-0.0574077456546932,1,2024-12-01,8.0,2.1972245773362196,1.4826798995785317,0.048616433035344325,0.09405585205279186,0.8573277105929408,-0.04543941901744754
138.5750274658203,140.39429776497158,137.7653511333102,171682800.0,0.0027446738867508,0.009888649743267,138.25156578575258,139.3165414534764,0.2101996853306564,46.981747109964125,-0.9948689650734934,-0.3984832322665931,-0.5963857328069003,0.1113703065920228,0.3442562594263094,0.0,0.0,0.021273715587895,0.0,-0.0116069260474963,0.0243091542246471,-0.0233885968250636,1,2024-12-02,1.0,0.6931471805599453,0.6931471805599453,0.0645413696765899,0.052743293344974504,0.8827153444290161,0.011798076331615392
140.20440673828125,140.48429454860658,137.8953246767264,164414000.0,0.0116895123982682,0.0103962338173225,138.73977602388476,139.43492349145038,-0.0423385452706969,33.0827970893621,-0.8272873596836803,-0.4842440577500105,-0.3430433019336697,0.1061229884301855,0.4654282990310578,0.0027446738867508,0.0,0.0,0.021273715587895,0.0,0.0363530854798459,-0.0119055005797843,1,2024-12-03,8.0,2.1972245773362196,1.5302764615182558,0.3714870523415254,0.11767768297861222,0.5108352658803131,0.2538093693629132
145.0824737548828,145.73221002899123,140.2343899311033,231224300.0,0.0342009593344459,0.0133433886151305,140.32545045663426,140.1879301932414,0.4063540817691924,48.41841096849956,-0.2974299027441418,-0.4468812267488368,0.149451324004695,0.1027443913440126,0.8074580033461589,0.0116895123982682,0.0027446738867508,0.0,0.0,0.021273715587895,0.0498372431380269,0.022472813904329,0,2024-12-04,12.0,2.5649493574615367,1.8994051518170074,0.28126084100735566,0.17199357369870616,0.5467455751366906,0.1092672673086495
145.0124969482422,146.49200804389403,143.9028598130552,172621200.0,-0.0004824406836717,0.0134046749845284,141.49721207953624,140.83120576057482,-0.2534469776749243,46.52175298127873,0.1155079026217151,-0.3344034008747265,0.4499113034964416,0.1060907803284794,0.7824091023896989,0.0342009593344459,0.0116895123982682,0.0027446738867508,0.0,0.0,0.0493308810953496,0.0665343683917027,0,2024-12-05,6.0,1.9459101490553132,1.0289643506503228,0.268450250925635,0.06852262734064317,0.6630271292774208,0.19992762358499183
142.39334106445312,145.6522676421263,141.2637063556289,188505600.0,-0.0182266888600724,0.0159080190861429,141.72124432576547,141.03949046775858,0.0920188250342368,51.19571830376934,0.2287828317357423,-0.2217661543526327,0.450548986088375,0.1063271068385567,0.6052377406294673,-0.0004824406836717,0.0342009593344459,0.0116895123982682,0.0027446738867508,0.0,0.0303782997033927,0.0403870481657386,0,2024-12-06,9.0,2.302585092994046,1.9237313318734965,0.20175976241930954,0.36122462755619295,0.437015635097008,-0.1594648651368834
142.39334106445312,145.6522676421263,141.2637063556289,188505600.0,0.0,0.0159080190861429,141.88926851043738,141.2200038806512,0.0,51.19571830376934,0.3149237838138674,-0.1144281667193327,0.4293519505332001,0.1065583558271798,0.6034272133536541,-0.0182266888600724,-0.0004824406836717,0.0342009593344459,0.0116895123982682,0.0027446738867508,0.0275541247832304,0.0525330964767585,0,2024-12-07,13.0,2.6390573296152584,1.7067481420542097,0.20253446934329353,0.04313285129978256,0.7543326779025776,0.15940161804351097
142.39334106445312,145.6522676421263,141.2637063556289,188505600.0,0.0,0.0159080190861429,142.0152866489413,141.37644883849146,0.0,51.19571830376934,0.3788242587033892,-0.0157776816347883,0.3946019403381775,0.1067869754847263,0.5954851712201016,0.0,-0.0182266888600724,-0.0004824406836717,0.0342009593344459,0.0116895123982682,0.0156124502581287,0.0525330964767585,0,2024-12-08,6.0,1.9459101490553132,2.423349710726423,0.2476836625897444,0.06038770819537869,0.6919286324611494,0.1872959543943657
138.7645263671875,139.90415231737651,137.08508402113657,189308600.0,-0.0258147940119194,0.019599881232919,141.20259657850283,141.02819250898426,0.0042598203979085,57.52547555602242,0.1350935522543181,0.0143965651430329,0.1206969871112852,0.0999968341166446,0.3731921566285919,0.0,0.0,-0.0182266888600724,-0.0004824406836717,0.0342009593344459,-0.0435472819299284,0.0041196847305564,0,2024-12-09,5.0,1.791759469228055,2.1955614297270385,0.0680590433135347,0.05427681910868892,0.8776641119990554,0.013782224204845775
135.0257568359375,141.77354545828368,133.74616214517607,210020900.0,-0.0273128900673574,0.0212610639177502,139.6583866428615,140.22786775257802,0.1094102433803851,45.70745095526436,-0.3556525028953103,-0.0596132484646356,-0.2960392544306747,0.0996753869736733,0.1430980438352572,-0.0258147940119194,0.0,0.0,-0.0182266888600724,-0.0004824406836717,-0.068868134281345,-0.022934578929487,1,2024-12-10,6.0,1.9459101490553132,2.6802773341232267,0.07452758523757329,0.7835744380046216,0.14189798428078362,-0.7090468527670483
139.2643585205078,140.12407738797447,135.16571086465208,184905200.0,0.0309084351274012,0.0202520338746767,139.55987961227308,140.09939985496865,-0.1195866697076338,58.25609396158489,-0.3979650612616865,-0.1272836110240458,-0.2706814502376407,0.0895007763360214,0.4700220686019151,-0.0273128900673574,-0.0258147940119194,0.0,0.0,-0.0182266888600724,-0.0219742195846714,0.0077365406904299,0,2024-12-11,13.0,2.6390573296152584,2.555945875707935,0.3921338162487084,0.18188421994809548,0.4259819668634656,0.21024959630061293
137.29501342773438,138.39465924672223,135.75552453494274,159211400.0,-0.0142419934378736,0.0203122403473268,138.9936630661384,139.72548166467075,-0.138956611279726,53.85383750185167,-0.5836794655447761,-0.2185627819281919,-0.3651166836165842,0.0894919617899835,0.3305491209769218,0.0309084351274012,-0.0273128900673574,-0.0258147940119194,0.0,0.0,-0.0358045369158873,-0.009236974810643,0,2024-12-12,6.0,1.9459101490553132,1.217531369232173,0.255109824612558,0.09059453953323164,0.654295613384184,0.16451528507932633
134.20602416992188,139.55427778956917,132.4965775973186,231514900.0,-0.0227558802841218,0.0207663223493361,137.79675334208426,138.98955399870425,0.4541351938366222,42.39893006149239,-0.9689456835915564,-0.3686393622608648,-0.6003063213306916,0.0939943647050968,0.1312486578692732,-0.0142419934378736,0.0309084351274012,-0.0273128900673574,-0.0258147940119194,0.0,-0.0574978916382425,-0.0427831243532631,0,2024-12-13,11.0,2.4849066497880004,2.236231074472967,0.2768827974330705,0.03913958805882943,0.6839775967055955,0.23774320937424104
134.20602416992188,139.55427778956917,132.4965775973186,231514900.0,0.0,0.0207663223493361,136.89907104904367,138.35175002153326,0.0,42.39893006149239,-1.2597503195701734,-0.5468615537227266,-0.7128887658474468,0.0970113026442721,0.1703053023212047,-0.0227558802841218,-0.0142419934378736,0.0309084351274012,-0.0273128900673574,-0.0258147940119194,-0.0328506306085986,-0.0749673568658384,0,2024-12-14,5.0,1.791759469228055,2.364082032943638,0.03828829486021197,0.49432486925475383,0.4673868537452336,-0.45603657439454187
134.20602416992188,139.55427778956917,132.4965775973186,231514900.0,0.0,0.0207663223493361,136.22580932926323,137.79898657465174,0.0,42.39893006149239,-1.4732325805839537,-0.7321357590949721,-0.7410968214889816,0.0998258258538543,0.1857599964089439,0.0,-0.0227558802841218,-0.0142419934378736,0.0309084351274012,-0.0273128900673574,-0.0060709355401846,-0.0745209758175349,0,2024-12-15,9.0,2.302585092994046,2.1933426945965095,0.2853088870349166,0.3518755635544408,0.3628155311952649,-0.06656667651952419
131.95675659179688,134.35596424649526,130.37727237183418,237951100.0,-0.0169018456868346,0.0197743974019076,135.15854614489663,137.02002257693775,0.0278003705161093,38.22806028092959,-1.8031305396835364,-0.946334715212685,-0.8567958244708515,0.1083392087812232,0.0762093315489553,0.0,0.0,-0.0227558802841218,-0.0142419934378736,0.0309084351274012,-0.0524728796825272,-0.0732940486868147,0,2024-12-16,5.0,1.791759469228055,1.2538192567412525,0.5882359436396477,0.020757927353139874,0.3910061186379925,0.5674780162865078
130.3472900390625,131.54689392732612,126.81844751374322,259410300.0,-0.0122719170531668,0.0179565505810995,133.9557321184381,136.13032490522104,0.0901832351268812,32.45468609446499,-2.169439599712632,-1.1909556921126745,-0.9784839075999576,0.1188338643730006,0.0298959478858213,-0.0169018456868346,0.0,0.0,-0.0227558802841218,-0.0142419934378736,-0.0506043388992334,-0.0845970108948991,0,2024-12-17,13.0,2.6390573296152584,2.320991184150801,0.3082846727536141,0.05049951288830176,0.641215806043172,0.25778515986531236
128.86778259277344,136.6552244722092,128.23798405143236,277444500.0,-0.0114154126737566,0.0084388401011107,132.68374473702193,135.16198593022804,0.0695199843645375,17.16596383159643,-2.549734305140703,-1.4627114147182805,-1.0870228904224226,0.1323062457810368,0.0132061988792468,-0.0122719170531668,-0.0169018456868346,0.0,0.0,-0.0227558802841218,-0.0397764676374702,-0.0949872962497414,1,2024-12-18,11.0,2.4849066497880004,2.265755794768566,0.10605568199773141,0.1743022383515169,0.719642079131427,-0.06824655635378549
130.63717651367188,133.98608501684748,129.50755712091288,209719200.0,0.013636898095124,0.0123652282091747,132.1721026811844,134.55867800802056,-0.2441039559263204,22.76505118869829,-2.677480963223303,-1.705665324419285,-0.971815638804018,0.1404123642044498,0.1513799674988188,-0.0114154126737566,-0.0122719170531668,-0.0169018456868346,0.0,0.0,-0.0265923059588695,-0.0585693625473825,1,2024-12-19,11.0,2.4849066497880004,1.7285241227225254,0.07697500220940659,0.5273795580906979,0.3956454298638877,-0.45040455588129136
134.65586853027344,135.2356803497186,128.1779956829599,306528600.0,0.0302985661928235,0.0166780915230909,132.79304414345663,134.57163674432095,0.4616143872377922,36.07909950085132,-2.4264753525537515,-1.8498273300461785,-0.5766480225075732,0.1415444557686856,0.3697966438804166,0.013636898095124,-0.0114154126737566,-0.0122719170531668,-0.0169018456868346,0.0,0.003351893949127,-0.0027393907231603,0,2024-12-20,11.0,2.4849066497880004,1.5605378558244256,0.09594654972473564,0.3773020821795966,0.5267513561839634,-0.28135553245486095
134.65586853027344,135.2356803497186,128.1779956829599,306528600.0,0.0,0.0166780915230909,133.25875024016085,134.58286764911463,0.0,36.07909950085132,-2.202166394307767,-1.920295142898496,-0.2818712514092707,0.1424760330364551,0.379546713597973,0.0302985661928235,0.013636898095124,-0.0114154126737566,-0.0122719170531668,-0.0169018456868346,0.0204545186483036,-0.03309166853022,0,2024-12-21,9.0,2.302585092994046,1.9446457434514899,0.4949309798318378,0.2539908743777994,0.25107816012814954,0.24094010545403843
134.65586853027344,135.2356803497186,128.1779956829599,306528600.0,0.0,0.0166780915230909,133.60802981268898,134.59260109993582,0.0,36.07909950085132,-2.0013298441799066,-1.9365020831547783,-0.0648277610251282,0.1430426246845318,0.389865251213903,0.0,0.0302985661928235,0.013636898095124,-0.0114154126737566,-0.0122719170531668,0.0330546073487201,-0.019222438102969,1,2024-12-22,7.0,2.0794415416798357,1.4046009072187378,0.21613027161073065,0.04081053749147225,0.7430591871035936,0.17531973411925839
139.62425231933594,139.74420813475027,135.07573952144836,176053500.0,0.0362325005583411,0.0193302467264155,135.11208543935072,135.26348792918918,-0.425653919405889,51.47564992973096,-1.424833785047042,-1.8341684235332312,0.4093346384861891,0.1425028136028515,0.6458083111907411,0.0,0.0,0.0302985661928235,0.013636898095124,-0.0114154126737566,0.0834690371025728,0.0403724660120614,1,2024-12-23,2.0,1.0986122886681098,0.8958797346140275,0.04641585168571803,0.03407516957158291,0.9195089544600472,0.012340682114135124
140.17408752441406,141.8535301026856,138.60459428405517,105157000.0,0.0039302299874041,0.0173581715731956,136.37758596061656,135.91823454188582,-0.4026986115016174,59.92296928241321,-0.9130641635544235,-1.6499475715374698,0.7368834079830462,0.133166451132855,0.7000497423613824,0.0362325005583411,0.0,0.0,0.0302985661928235,0.013636898095124,0.0730030399098842,0.0444694147778035,0,2024-12-24,9.0,2.302585092994046,2.4677044858380084,0.14649312212131535,0.04960938205803424,0.8038974985102856,0.09688374006328111
140.17408752441406,141.8535301026856,138.60459428405517,105157000.0,0.0,0.0153939969576476,137.32671135156593,136.48568160622293,0.0,52.095871533832046,-0.5016997687832259,-1.4202980109866212,0.9185982422033954,0.1228267783482162,0.731726166402944,0.0039302299874041,0.0362325005583411,0.0,0.0,0.0302985661928235,0.0409801596794128,0.0444694147778035,0,2024-12-25,6.0,1.9459101490553132,2.597291254958356,0.2857357343871836,0.027084414059445665,0.6871798403784911,0.2586513203277379
139.88417053222656,140.8038826879709,137.68489400548984,116205600.0,-0.0020704056203302,0.0162395750389485,137.9660761467311,136.93881346302342,0.105067660735852,56.46531129191919,-0.1968156324414565,-1.1756015352775884,0.978785902836132,0.1183044599389673,0.7305969922813337,0.0,0.0039302299874041,0.0362325005583411,0.0,0.0,0.0388271380892522,0.0600758471576627,0,2024-12-26,10.0,2.3978952727983707,1.452610465212794,0.39156156964579514,0.039829057190666574,0.568609395149516,0.35173251245512854
136.96511840820312,138.97446981750295,134.66588395063462,170582600.0,-0.0210884435720401,0.0170095329519567,137.7158367120991,136.9423207890474,0.4679378618586367,56.94862887358583,-0.1885622405580136,-0.9781936763336736,0.7896314357756599,0.1106673441073917,0.5709565413761305,-0.0020704056203302,0.0,0.0039302299874041,0.0362325005583411,0.0,0.017149270233332,0.0507707399759318,0,2024-12-27,9.0,2.302585092994046,1.166582487454158,0.35509188528269325,0.08105758649895194,0.5638505360512288,0.2740342987837413
136.96511840820312,138.97446981750295,134.66588395063462,170582600.0,0.0,0.0170095329519567,137.52815713612512,136.94536047160148,0.0,56.94862887358583,-0.1799470504435305,-0.818544351155645,0.6385973007121144,0.101732783647555,0.5970134797999542,-0.0210884435720401,-0.0020704056203302,0.0,0.0039302299874041,0.0362325005583411,-0.0190449285633492,0.0628344466903534,0,2024-12-28,12.0,2.5649493574615367,2.420928395484888,0.16740973839871817,0.3283560305286158,0.5042342103792948,-0.1609462921298976
136.96511840820312,138.97446981750295,134.66588395063462,170582600.0,0.0,0.0170095329519567,137.3873974541446,136.94799486314835,0.0,56.94862887358583,-0.1711465789812507,-0.6890647967207661,0.5179182177395154,0.099933125789789,0.6054686484614712,0.0,-0.0210884435720401,-0.0020704056203302,0.0,0.0039302299874041,-0.0228927412539926,0.0484390589524796,1,2024-12-29,8.0,2.1972245773362196,2.433456099933517,0.24293960658682215,0.04116402619258134,0.715896351978528,0.20177558039424082
137.4449462890625,140.22403398735426,133.97608228188028,167734700.0,0.0034971630535432,0.008576438529429,137.4017846628741,137.01425505327023,-0.0166951377221358,65.17409493080248,-0.1240243663541491,-0.5760567106474428,0.4520323442932936,0.1005492146176054,0.6310384511896729,0.0,0.0,-0.0210884435720401,-0.0020704056203302,0.0,-0.0194696557940941,0.0207126342819734,0,2024-12-30,9.0,2.302585092994046,2.230854675625334,0.24229360533274333,0.1009544193431811,0.6567519687850081,0.14133918598956224
134.2460174560547,138.02479365615312,133.7861766339878,155659200.0,-0.0235493784867506,0.0111734067275169,136.61284286116924,136.64515670697483,-0.0719916630250031,59.9085568029783,-0.3408770768565432,-0.5290207838892629,0.1881437070327196,0.0978970463935208,0.4124455944518426,0.0034971630535432,0.0,0.0,-0.0210884435720401,-0.0020704056203302,-0.0403058691681841,-0.0030436926269322,0,2024-12-31,19.0,2.995732273553991,2.2533403097908216,0.3344962550981022,0.1607245712338658,0.5047791793747785,0.17377168386423641
134.2460174560547,138.02479365615312,133.7861766339878,155659200.0,0.0,0.0111734067275169,136.0211365098906,136.32527147351882,0.0,64.78021812131195,-0.506891285063773,-0.5245948841241649,0.0177035990603918,0.0973750839281742,0.4234522542508633,-0.0235493784867506,0.0034971630535432,0.0,0.0,-0.0210884435720401,-0.019852506855392,-0.0030436926269322,1,2025-01-01,14.0,2.70805020110221,1.1550701824911012,0.23340390007188244,0.2212204582765021,0.5453756326854323,0.012183441795380334
138.2646942138672,138.8345148325783,134.58590691715995,198247200.0,0.0294958541984522,0.0176170353345243,136.58202593588476,136.5838611722319,0.2735977057571925,68.65528712699837,-0.3106046551435213,-0.4817968383280362,0.1711921831845149,0.0989001934528343,0.7095719472872962,0.0,-0.0235493784867506,0.0034971630535432,0.0,0.0,0.0094883706214226,-0.0097372632825942,1,2025-01-02,2.0,1.0986122886681098,3.255129170261575,0.060001833465326324,0.021142383930773785,0.9188557823201632,0.03885944953455254
144.4226837158203,144.85253555834646,139.68423069189672,229322500.0,0.0435743815506112,0.0221132572574509,138.54219038086865,137.62903751137705,0.156750259272262,71.62463664902221,0.3379564499941807,-0.3178461806635928,0.6558026306577736,0.1142815830665189,1.0441107157414673,0.0294958541984522,0.0,-0.0235493784867506,0.0034971630535432,0.0,0.0544486464458131,0.0303094264171064,0,2025-01-03,14.0,2.70805020110221,2.094425815852145,0.371633627260039,0.057105271383367094,0.5712610957933801,0.31452835587667194
144.4226837158203,144.85253555834646,139.68423069189672,229322500.0,0.0,0.0221132572574509,140.01231371460656,138.53485700530285,0.0,71.62463664902221,0.8422370144184015,-0.0858295416471939,0.9280665560655954,0.1257701581966088,0.9627977210771468,0.0435743815506112,0.0294958541984522,0.0,-0.0235493784867506,0.0034971630535432,0.0507675081198171,0.0303094264171064,0,2025-01-04,9.0,2.302585092994046,2.3832459069840795,0.5050871652595881,0.015457270831876712,0.4794555415793441,0.4896298944277114
144.4226837158203,144.85253555834646,139.68423069189672,229322500.0,0.0,0.0221132572574509,141.11490621491,139.31990056670517,0.0,71.62463664902221,1.227730482107802,0.1768824631038052,1.0508480190039966,0.1312919263153634,0.9066914469240824,0.0,0.0435743815506112,0.0294958541984522,0.0,-0.0235493784867506,0.075806094308138,0.032444794620619,1,2025-01-05,14.0,2.70805020110221,2.094840853747027,0.2652837105915084,0.12106565113661853,0.6136506385850303,0.14421805945488986
149.38104248046875,152.11015917129038,147.77158452702758,265377400.0,0.033756070053507,0.0240556877848662,143.1814402812997,140.661386155207,0.1572235607059926,71.61203447266543,1.9113026390773484,0.5237664982985138,1.3875361407788347,0.1443820675474067,1.0682822022916696,0.0,0.0,0.0435743815506112,0.0294958541984522,0.0,0.1127409610446619,0.0906502634872472,0,2025-01-06,8.0,2.1972245773362196,2.129826779108241,0.10901039874868515,0.08344317229668326,0.8075464398908474,0.025567226452001893
140.09408569335938,153.07983530547875,139.9641234037018,351782200.0,-0.0641861360617669,0.0359822268353737,142.4096016343146,140.5857460936273,0.3255921566795061,49.8722411720185,1.6842437860040036,0.7558619558396119,0.9283818301643916,0.1299450302174281,0.5821107162136515,0.033756070053507,0.0,0.0,0.0435743815506112,0.0294958541984522,0.0132310818021446,0.0228449938314283,0,2025-01-07,32.0,3.4965075614664802,1.783052698223178,0.43221229282690915,0.11746202919402866,0.4503256654030938,0.3147502636328805
140.06410217285156,143.90284057175748,137.51493447299714,227349900.0,-0.000214047077122,0.0359883566229496,141.82322676894884,140.5161935708572,-0.3537197163472171,49.82452706538558,1.4847631640284646,0.9016421974773824,0.5831209665510821,0.1178933070745859,0.5596240168443187,-0.0641861360617669,0.033756070053507,0.0,0.0,0.0435743815506112,-0.0301793418514857,0.0226260802798885,0,2025-01-08,28.0,3.367295829986474,2.0483257917386335,0.3758604736101842,0.06531837215818476,0.5588211590070785,0.31054210145199945
140.06410217285156,143.90284057175748,137.51493447299714,227349900.0,0.0,0.034482411755188,141.38344561992452,140.4559147177898,0.0,50.28974710031756,1.3115545495003005,0.983624667881966,0.3279298816183343,0.1138937561860049,0.5445608832470868,-0.000214047077122,-0.0641861360617669,0.033756070053507,0.0,0.0,-0.0301793418514857,0.0190560362858354,0,2025-01-09,21.0,3.091042453358316,2.0198907325669704,0.1912223953854709,0.3523594481784173,0.4564181571804074,-0.1611370527929464
135.86549377441406,139.87417502688794,134.17604480086774,207602500.0,-0.0304348105087726,0.0306939407455168,140.0039576585469,139.84385859200637,-0.0868590661355029,48.29933899237045,0.8259715798436105,0.9520940502742952,-0.1261224704306845,0.1119287129168092,0.2723889627734603,0.0,-0.000214047077122,-0.0641861360617669,0.033756070053507,0.0,-0.0592510104454517,0.0120634961770058,0,2025-01-10,12.0,2.5649493574615367,1.4880800453693208,0.13254537709435826,0.16571123468733176,0.7017433861619823,-0.0331658575929735
135.86549377441406,139.87417502688794,134.17604480086774,207602500.0,0.0,0.0306939407455168,138.9693416875137,139.31340994966072,0.0,48.29933899237045,0.4361163007126549,0.8488985003619671,-0.4127821996493122,0.1099032155575363,0.2643491175851925,-0.0304348105087726,0.0,-0.000214047077122,-0.0641861360617669,0.033756070053507,-0.0904770008404635,0.0120634961770058,0,2025-01-11,11.0,2.4849066497880004,1.4195671088037733,0.1914380976921942,0.07180613086904031,0.7367557771265622,0.11963196682315388
135.86549377441406,139.87417502688794,134.17604480086774,207602500.0,0.0,0.0306939407455168,138.1933797092388,138.85368779296118,0.0,48.29933899237045,0.1257041441204478,0.7042596291136634,-0.5785554849932155,0.1124549089664133,0.2813837000489449,0.0,-0.0304348105087726,0.0,-0.000214047077122,-0.0641861360617669,-0.0301839431551802,-0.017352227574033,0,2025-01-12,9.0,2.302585092994046,2.268565623939716,0.07020864194927065,0.061707357935447314,0.8680840085265168,0.008501284013823336
133.18637084960938,133.44629547754278,129.46758770744978,204808900.0,-0.0199159480497907,0.0243643090216835,136.94162749433144,138.09804553384762,-0.0134564853506099,43.83326822421812,-0.3326479970016862,0.4968781038905934,-0.8295261008922796,0.1191395250411199,0.1523892781815706,0.0,0.0,-0.0304348105087726,0.0,-0.000214047077122,-0.0491041688523048,-0.0778015792056638,0,2025-01-13,10.0,2.3978952727983707,2.2128142693068424,0.12866488886159583,0.24793723349786792,0.6233978783637618,-0.11927234463627209
131.71682739257812,136.33532416409136,130.00739616366573,195590500.0,-0.0110950607003918,0.0122674006076511,135.6354274688931,137.24721644834503,-0.0450097627593332,46.14443801927025,-0.8051934773932885,0.236463787633817,-1.0416572650271056,0.1278571595405402,0.1160019256559544,-0.0199159480497907,0.0,0.0,-0.0304348105087726,0.0,-0.0595961038608747,-0.0879768745209265,1,2025-01-14,12.0,2.5649493574615367,1.9881412958744908,0.07206802281474146,0.3476202680915224,0.5803116961620214,-0.27555224527678096
136.1953887939453,136.4053114797544,131.24699764678536,185217300.0,0.0334361657819731,0.0202151881450686,135.77541780015616,137.10697276109173,-0.0530352956815387,52.614654377050215,-0.8089812664526335,0.0273747768165269,-0.8363560432691604,0.1285156299051781,0.3797509087457941,-0.0110950607003918,-0.0199159480497907,0.0,0.0,-0.0304348105087726,0.0024281001037613,-0.0569667777263009,0,2025-01-15,18.0,2.9444389791664403,1.759752488600704,0.2141196989334174,0.16919847864559162,0.61668182428988,0.044921220287825775
133.5262451171875,138.70454064615834,133.44626949753135,209235600.0,-0.0197924858472337,0.0209336562962963,135.21312462941398,136.62954240857115,0.129676331530586,43.4056812318042,-1.0156528900273545,-0.1812307565522493,-0.834422133475105,0.1321669969246439,0.246172220022984,0.0334361657819731,-0.0110950607003918,-0.0199159480497907,0.0,0.0,-0.0172173860502841,-0.1061366094386054,1,2025-01-16,5.0,1.791759469228055,1.3158502424020202,0.12354128641868935,0.02416885426531578,0.8522898632273831,0.09937243215337357
137.66490173339844,138.45463626831489,135.41563868932835,201188800.0,0.0305244327156192,0.0221226735787342,135.8260689054101,136.76759031854812,-0.0384580826589738,40.03539646197378,-0.8358514645830155,-0.3121548981584026,-0.5236965664246129,0.1319316851313164,0.4708586829385228,-0.0197924858472337,0.0334361657819731,-0.0110950607003918,-0.0199159480497907,0.0,0.0132440394466313,-0.017339661042351,0,2025-01-17,13.0,2.6390573296152584,2.174883919008054,0.2188077712789862,0.21984909350008505,0.5613431259207843,-0.0010413222210988449
137.66490173339844,138.45463626831489,135.41563868932835,201188800.0,0.0,0.0221226735787342,136.28577711240715,136.88723184052816,0.0,40.03539646197378,-0.685456029097196,-0.3868151243461613,-0.2986409047510348,0.1316879893285905,0.4688900216145369,0.0305244327156192,-0.0197924858472337,0.0334361657819731,-0.0110950607003918,-0.0199159480497907,0.03362604488147,-0.0171293029565298,0,2025-01-18,13.0,2.6390573296152584,1.579601218737545,0.3483051445439759,0.09602566654132563,0.5556691629933158,0.25227947800265027
137.66490173339844,138.45463626831489,135.41563868932835,201188800.0,0.0,0.0221226735787342,136.63055826765498,136.99092115957754,0.0,40.03539646197378,-0.5598133827296863,-0.4214147760228663,-0.1383986067068199,0.1316273206211447,0.4682737676583713,0.0,0.0305244327156192,-0.0197924858472337,0.0334361657819731,-0.0110950607003918,0.0451580444091039,-0.0171293029565298,0,2025-01-19,11.0,2.4849066497880004,1.5876879561719124,0.34768398428625896,0.11379843826302229,0.5385175973991686,0.2338855460232367
137.66490173339844,138.45463626831489,135.41563868932835,201188800.0,0.0,0.0200345538021146,136.88914413409083,137.080785236087,0.0,29.76527232047563,-0.4549957722397266,-0.4281309752662384,-0.0268647969734882,0.1287244987809561,0.4580040304595326,0.0,0.0,0.0305244327156192,-0.0197924858472337,0.0334361657819731,0.0107897407721813,0.0132440394466313,1,2025-01-20,5.0,1.791759469228055,2.095480129034475,0.04603972847697152,0.05569291037572832,0.8982673268807511,-0.009653181898756802
140.78387451171875,141.78354697270905,137.0450940162502,197749000.0,0.0224034256772882,0.0196225388841962,137.8628267284978,137.5745304728379,-0.0170973732136182,51.51385056393496,-0.1188816304543536,-0.3662811063038614,0.2473994758495078,0.1260345041956348,0.6168836245992364,0.0,0.0,0.0,0.0305244327156192,-0.0197924858472337,0.054353579613968,0.0362003670002553,1,2025-01-21,6.0,1.9459101490553132,1.3383473490445938,0.09663778052340898,0.06115816043709498,0.8422040672272526,0.035479620086313994
147.02186584472656,147.74161612847584,143.6229696388165,237651400.0,0.0433554134104798,0.0218679922449579,140.152586507555,138.83417518908973,0.2017830684352386,62.00003368548703,0.6434279787679316,-0.1643392892895028,0.8077672680574344,0.1363458145611204,0.9133552651263545,0.0224034256772882,0.0,0.0,0.0,0.0305244327156192,0.0679691336971917,0.082113359031662,1,2025-01-22,11.0,2.4849066497880004,2.0059447830268136,0.18370306943285894,0.0371273355929655,0.7791695935449666,0.14657573383989345
147.17178344726562,147.18177468068177,143.67292977388993,155915500.0,0.0010191764225822,0.0180824362560463,141.90738574248263,139.94585629017985,-0.3439319103527267,62.19552999785836,1.2453058234748935,0.1175897332633764,1.1277160902115173,0.141831576140649,0.8976061703399093,0.0433554134104798,0.0224034256772882,0.0,0.0,0.0,0.0690581375075412,0.1050063344202705,0,2025-01-23,14.0,2.70805020110221,2.206048246164011,0.14580680982885885,0.07793984422632505,0.7762533312633878,0.0678669656025338
142.57327270507812,148.92119854206575,141.83352489203162,234657600.0,-0.0317444374049283,0.0231481368533302,142.07385748313152,140.29617847883296,0.5050306095288795,61.35356032482059,1.3358382542990055,0.3612394374705023,0.9745988168285034,0.1395111504890214,0.6724945178286146,0.0010191764225822,0.0433554134104798,0.0224034256772882,0.0,0.0,0.0356544835312142,0.0824226146910043,0,2025-01-24,11.0,2.4849066497880004,1.458763817524634,0.12914538171047638,0.08353135509207618,0.7873232601501602,0.045614026618400194
142.57327270507812,148.92119854206575,141.83352489203162,234657600.0,0.0,0.0231481368533302,142.19871128861817,140.59979104233233,0.0,61.35356032482059,1.391544993499707,0.5673005486763433,0.8242444448233638,0.1370908194448651,0.6805046845528997,-0.0317444374049283,0.0010191764225822,0.0433554134104798,0.0224034256772882,0.0,0.0356544835312142,0.0468289269380635,0,2025-01-25,14.0,2.70805020110221,1.9254236053166929,0.23547285422195652,0.03914210957707258,0.7253850529148912,0.19633074464488393
142.57327270507812,148.92119854206575,141.83352489203162,234657600.0,0.0,0.0231481368533302,142.29235164273317,140.86292193069843,0.0,61.35356032482059,1.419331812035864,0.7377068013482475,0.6816250106876165,0.1212827348277704,0.7247538982747965,0.0,-0.0317444374049283,0.0010191764225822,0.0433554134104798,0.0224034256772882,0.0127102496615152,0.0677546768423738,0,2025-01-26,5.0,1.791759469228055,1.4775418478162083,0.08353181210898715,0.1497862585259677,0.76668191819804,-0.06625444641698054
118.3812026977539,128.35792888769186,116.6617649651342,818830900.0,-0.1859461131303102,0.0760622519725818,136.31456440648836,137.86535936630582,2.4894710420629886,35.50030209213938,-0.5049243485219108,0.4891805713742159,-0.9941049198961268,0.1797699604493348,-0.2805733662862651,0.0,0.0,-0.0317444374049283,0.0010191764225822,0.0433554134104798,-0.1948054664006289,-0.1400770914941653,1,2025-01-27,8.0,2.1972245773362196,2.446841913508785,0.08665052845571396,0.1287212582121175,0.784628228444322,-0.04207072975640354
128.94775390625,128.95774513931468,116.21192149182428,579666400.0,0.0854973649975607,0.0853155582875028,134.47286178142878,136.67634530496505,-0.2920804527528211,47.698207642538144,-1.163862561973218,0.1585719447047291,-1.3224345066779473,0.1883790824132551,0.1825810026193156,-0.1859461131303102,0.0,0.0,-0.0317444374049283,0.0010191764225822,-0.1238282849751944,-0.0633214981987932,0,2025-01-28,57.0,4.060443010546419,2.88909077518742,0.1693461557069873,0.4014422173308178,0.4292116234814612,-0.2320960616238305
123.65948486328124,126.84844257022412,120.0106863497111,467120600.0,-0.041875615473755,0.0820264662115545,131.7695175518919,134.94076391274055,-0.1941561560235335,39.71794056689728,-2.0887175239514306,-0.2908859490265029,-1.7978315749249276,0.2077608086804918,0.0527117939388925,0.0854973649975607,-0.1859461131303102,0.0,0.0,-0.0317444374049283,-0.1326601226368791,-0.1017355672634703,1,2025-01-29,46.0,3.8501476017100584,2.1220606384894345,0.24327146110737297,0.3184374162323239,0.4382911136136616,-0.07516595512495094
124.6091766357422,124.9590604797062,118.06131881584726,392925500.0,0.007650554032242,0.0824106896270971,129.97943232285448,133.5632189424741,-0.1588349989274718,42.47385762496026,-2.7137570533511166,-0.7754601698914257,-1.938296883459691,0.2224825113434033,0.1306513780661329,-0.041875615473755,0.0854973649975607,-0.1859461131303102,0.0,0.0,-0.1259990440599326,-0.094836991370102,0,2025-01-30,25.0,3.258096538021482,1.5610013192696952,0.2030844247827101,0.24278080949875927,0.554134762714308,-0.039696384716049166
120.03067016601562,127.80812056780856,119.15096116009845,388161100.0,-0.0374349575607583,0.0825303964948398,127.49224178364476,131.75887910561298,-0.0121254538074011,35.226131488384695,-3.5377713653849128,-1.3279224089901231,-2.2098489563947896,0.2468710033915977,0.0515423384821678,0.007650554032242,-0.041875615473755,0.0854973649975607,-0.1859461131303102,0.0,-0.1581124015136645,-0.1474117999499696,0,2025-01-31,27.0,3.332204510175204,2.4025029824836563,0.15467194011492053,0.4493151425378456,0.396012919631822,-0.2946432024229251
120.03067016601562,127.80812056780856,119.15096116009845,388161100.0,0.0,0.0825303964948398,125.62684887923749,130.19511791366668,0.0,35.226131488384695,-4.1430501413044,-1.890947955452979,-2.252102185851421,0.2673703215074997,0.1055510454407109,-0.0374349575607583,0.007650554032242,-0.041875615473755,0.0854973649975607,-0.1859461131303102,0.0139335251769072,-0.183586268094414,0,2025-02-01,14.0,2.70805020110221,2.590166946695923,0.1319716770310946,0.08506630454930383,0.7829620067520244,0.046905372481790775
120.03067016601562,127.80812056780856,119.15096116009845,388161100.0,0.0,0.0825303964948398,124.227804200932,128.83985821397988,0.0,35.226131488384695,-4.570057157864639,-2.4267697959353107,-2.143287361929328,0.2849497270112673,0.1453509127443828,0.0,-0.0374349575607583,0.007650554032242,-0.041875615473755,0.0854973649975607,-0.0691526875816498,-0.1844179138521832,0,2025-02-02,9.0,2.302585092994046,2.017204827498345,0.08871417798323965,0.15683103953041114,0.7544548024181997,-0.06811686154717149
116.62179565429688,118.53116613291392,112.9729895620065,371235700.0,-0.0288111116856261,0.0434383149827863,122.32630206427322,127.21078320602214,-0.0436040602729124,33.32277614602924,-5.124459400744229,-2.9663077168970946,-2.158151683847134,0.3083339278514571,0.1055507248790184,0.0,0.0,-0.0374349575607583,0.007650554032242,-0.041875615473755,-0.0569118431696953,-0.1820220337121918,1,2025-02-03,14.0,2.70805020110221,2.22080912803053,0.34915137196319707,0.2375853694310221,0.4132632715200522,0.11156600253217497
118.61113739013672,121.16029755445564,116.66177154188584,256550000.0,0.0169142061657163,0.0235663972957325,121.39751089573907,126.06416376390408,-0.3089296099486122,32.10713707420777,-5.341727806970411,-3.441391734911758,-1.900336072058653,0.3236190458550801,0.1888832449397079,-0.0288111116856261,0.0,0.0,-0.0374349575607583,0.007650554032242,-0.0481348116370189,-0.1680689154446822,1,2025-02-04,23.0,3.1780538303479458,1.5276396042686586,0.15121132796204798,0.4714471737088817,0.3773414973831479,-0.3202358457468337
124.78911590576172,124.95905839472358,120.72044926950534,262230800.0,0.0507748505158147,0.0292755580148445,122.24541214824475,125.89415738281843,0.0221430520366401,32.04131379525445,-4.958247755821759,-3.7447629390937593,-1.2134848167280006,0.3279749027649023,0.3454236654841661,0.0169142061657163,-0.0288111116856261,0.0,0.0,-0.0374349575607583,0.0396435822041536,-0.1247369612964139,1,2025-02-05,12.0,2.5649493574615367,2.0264050293781217,0.09611093494735444,0.2822212524864051,0.621667810050859,-0.18611031753905066
128.63784790039062,128.72783001681898,125.168990788013,251483600.0,0.0303758358221283,0.0312881486899143,123.8435210862812,126.2599827851614,-0.040983744091083,35.873207313683324,-4.294274818674239,-3.854665315009855,-0.4396095036643843,0.3265055849447433,0.4447259793423772,0.0507748505158147,0.0169142061657163,-0.0288111116856261,0.0,0.0,0.0717081536116588,0.0866408261523037,1,2025-02-06,12.0,2.5649493574615367,1.9658800463757526,0.33998395473197707,0.28453163509049945,0.37548442599217935,0.05545231964147762
129.79745483398438,130.32727996151158,124.95904429961288,228186300.0,0.0089741200502381,0.0252429957071998,125.332004523207,126.73164572500448,-0.0926394405042714,39.72337876221894,-3.632626239953765,-3.810257499998637,0.1776312600448717,0.3240006094449698,0.4808293194213343,0.0303758358221283,0.0507748505158147,0.0169142061657163,-0.0288111116856261,0.0,0.0813690755409448,0.0065894976996043,0,2025-02-07,14.0,2.70805020110221,1.9429924352370136,0.05417055661980434,0.26954489921407326,0.6762845249395765,-0.2153743425942689
129.79745483398438,130.32727996151158,124.95904429961288,228186300.0,0.0,0.0252429957071998,126.44836710090136,127.14042027286844,0.0,39.72337876221894,-3.0728431513271346,-3.662774630264337,0.5899314789372023,0.3209638961702335,0.4900015577343747,0.0089741200502381,0.0303758358221283,0.0507748505158147,0.0169142061657163,-0.0288111116856261,0.1129776737338552,0.0496360629149419,0,2025-02-08,16.0,2.833213344056216,2.5539448716283677,0.25238154768013954,0.24020074767131375,0.5074177025778254,0.012180800008825793
129.79745483398438,130.32727996151158,124.95904429961288,228186300.0,0.0,0.0252429957071998,127.2856390341721,127.49469154768391,0.0,39.72337876221894,-2.599248501818224,-3.4500694045751144,0.8508209027568907,0.3173708842975062,0.4994052004347362,0.0,0.0089741200502381,0.0303758358221283,0.0507748505158147,0.0169142061657163,0.0943108521677313,0.0416364054262918,1,2025-02-09,3.0,1.3862943611198906,3.3134338418862814,0.040751473038079335,0.780513400860513,0.1787351082696239,-0.7397619278224337
133.5262451171875,134.95576927734325,129.91742726932324,216989100.0,0.0283228554457078,0.0184934145355192,128.84579055492594,128.2988986902844,-0.0490704306086736,68.16111620696904,-1.9011241412714528,-3.1402803519143823,1.2391562106429297,0.3095305109889809,0.6014976084809533,0.0,0.0,0.0089741200502381,0.0303758358221283,0.0507748505158147,0.0700151543506717,0.1124343880818627,0,2025-02-10,6.0,1.9459101490553132,2.836422501839113,0.06864223084368773,0.5962041255978148,0.3351536255346262,-0.5275618947541271
132.7565155029297,134.43595803743202,130.9770996135579,178902400.0,-0.0057813112376435,0.0208307974193001,129.82347179192686,128.89324759863712,-0.1755235631651543,55.96993542900084,-1.3938983107408944,-2.791003943679685,1.3971056329387903,0.2850236537432316,0.6092965556360237,0.0283228554457078,0.0,0.0,0.0089741200502381,0.0303758358221283,0.0320175412583729,0.1060216136368548,0,2025-02-11,7.0,2.0794415416798357,3.007785998453194,0.19359386229789763,0.2439987118269092,0.5624074430149606,-0.05040484952901156
131.0970458984375,132.19669170682792,129.03772306980744,160278600.0,-0.0125788825958873,0.0165814736678565,130.14186531855452,129.18708737194385,-0.1041003362727386,63.1541762245311,-1.11299361640161,-2.45540187822407,1.34240826182246,0.2538027625610077,0.5971595556399691,-0.0057813112376435,0.0283228554457078,0.0,0.0,0.0089741200502381,0.0100124541433832,0.0921962338218711,1,2025-02-12,17.0,2.8903717578961645,2.4576484615458765,0.2053392857414042,0.21149882903799178,0.5831618712979397,-0.006159543296587577
135.2456817626953,136.45529216313562,131.127036067263,197430000.0,0.0311551320763959,0.0167658181802981,131.4178194295897,129.99489995737738,0.2317926410637476,66.89961578668694,-0.549282591877045,-2.074178020954665,1.52489542907762,0.2373420392461115,0.7533097644153176,-0.0125788825958873,-0.0057813112376435,0.0283228554457078,0.0,0.0,0.0419748363762557,0.1596947294792596,1,2025-02-13,7.0,2.0794415416798357,3.4182754572940897,0.24489997659755333,0.3413625165835717,0.41373751212065385,-0.09646253998601836
138.80453491210938,139.20439781688884,135.4556258828613,195479600.0,0.0259737304169446,0.0182394899884248,133.26449830021963,131.16951795134165,-0.0098789444360026,80.82735175678954,0.1825280927251071,-1.6228367982187106,1.8053648909438176,0.226565605184467,0.8955874551638524,0.0311551320763959,-0.0125788825958873,-0.0057813112376435,0.0283228554457078,0.0,0.0693933489654738,0.1702487470089118,0,2025-02-14,7.0,2.0794415416798357,2.301651304914945,0.0743412176759103,0.5398194401304099,0.38583933558408334,-0.46547822245449966
138.80453491210938,139.20439781688884,135.4556258828613,195479600.0,0.0,0.0182394899884248,134.64950745319206,132.18752021277734,0.0,80.82735175678954,0.7538039499749516,-1.1475086485799784,1.90131259855493,0.2150090337660153,0.9243576249349216,0.0259737304169446,0.0311551320763959,-0.0125788825958873,-0.0057813112376435,0.0283228554457078,0.0395299799697763,0.112312831969511,0,2025-02-15,9.0,2.302585092994046,3.1700968953651927,0.39200047295238105,0.026614487183127266,0.5813850209855649,0.3653859857692538
138.80453491210938,139.20439781688884,135.4556258828613,195479600.0,0.0,0.0182394899884248,135.68826431792138,133.06978883935494,0.0,80.82735175678954,1.1927943914103023,-0.6794480405819222,1.8722424319922248,0.2175864970306429,0.8793888426955381,0.0,0.0259737304169446,0.0311551320763959,-0.0125788825958873,-0.0057813112376435,0.0455572322478305,0.0790334040693157,0,2025-02-16,4.0,1.6094379124341003,2.7963552245828187,0.4268614440661008,0.08306012852776481,0.49007844062233263,0.34380131553833604
138.80453491210938,139.20439781688884,135.4556258828613,195479600.0,0.0,0.0164428966748763,136.46733196646838,133.83442164905554,0.0,91.01665304869516,1.5231396729746225,-0.2389304978706133,1.7620701708452355,0.2289166360995766,0.842503834687393,0.0,0.0,0.0259737304169446,0.0311551320763959,-0.0125788825958873,0.0587922402129714,0.0693933489654738,1,2025-02-17,5.0,1.791759469228055,2.2898692966654712,0.15789262056016917,0.06265602644332892,0.7794513238619041,0.09523659411684025
139.35435485839844,143.3930407195906,137.88483491061234,219176600.0,0.0039532848496228,0.0157218145637314,137.1890876894509,134.5704127436346,0.1212249257723057,90.51153947589964,1.8084597648104928,0.170547554665608,1.637912210144885,0.2357019289093512,0.8229315280448635,0.0,0.0,0.0,0.0259737304169446,0.0311551320763959,0.030379329248473,0.0736293329991537,0,2025-02-18,5.0,1.791759469228055,2.53040153723841,0.07604647604011112,0.2236992005727605,0.7002542828838764,-0.14765272453264938
139.18438720703125,141.3136943495984,137.17505112782226,167536000.0,-0.0012204239252547,0.0138472429990743,137.687912568846,135.18560933875415,-0.2356118308250059,86.73461639850586,1.997833246170444,0.5360046929665752,1.4618285532038688,0.2405841515147629,0.7859222197374179,0.0039532848496228,0.0,0.0,0.0,0.0259737304169446,0.0027365985928513,0.0723198492994574,1,2025-02-19,6.0,1.9459101490553132,2.7491112225685836,0.3696919435926774,0.1647054069180369,0.4656026831011474,0.20498653667464048
140.06410217285156,140.61392504988532,136.74518244514988,143903600.0,0.0063006097400378,0.0096296264405436,138.28195996984738,135.83607504996715,-0.1410586381434437,84.36552612231748,2.1936121448378856,0.8675261833408373,1.3260859614970482,0.2359419469057678,0.785383504403989,-0.0012204239252547,0.0039532848496228,0.0,0.0,0.0,0.0090743955991043,0.0489630862451513,0,2025-02-20,8.0,2.1972245773362196,1.0904039093534386,0.33693008785291995,0.1360139243171117,0.5270559607043219,0.20091616353580824
134.38595581054688,141.41366694156105,133.98609294492073,228217600.0,-0.0413842633090501,0.0164314854659783,137.30795893002227,135.64272581804445,0.5859061204862144,60.8510460178575,1.8690441972870813,1.0678297861300865,0.8012144111569952,0.2213231680122656,0.5835604777867373,0.0063006097400378,-0.0012204239252547,0.0039532848496228,0.0,0.0,-0.0318331033230314,0.0122739008435426,0,2025-02-21,6.0,1.9459101490553132,1.005114210043544,0.18124335721293283,0.16142356582408304,0.6573330743194414,0.01981979138884979
134.38595581054688,141.41366694156105,133.98609294492073,228217600.0,0.0,0.0164314854659783,136.5774581501534,135.47515648371146,0.0,60.8510460178575,1.5934534213166387,1.1729545131673969,0.4204989081492418,0.2036032436534752,0.5637681336849033,-0.0413842633090501,0.0063006097400378,-0.0012204239252547,0.0039532848496228,0.0,-0.0318331033230314,0.0250875974326478,0,2025-02-22,9.0,2.302585092994046,2.3559735034965374,0.12805941777115487,0.3105610940970809,0.5613794871110876,-0.182501676325926
134.38595581054688,141.41366694156105,133.98609294492073,228217600.0,0.0,0.0164314854659783,136.02958256525176,135.3299297272895,0.0,60.8510460178575,1.3593757088461589,1.2102387523031493,0.1491369565430094,0.1677796568030586,0.5372296904677124,0.0,-0.0413842633090501,0.0063006097400378,-0.0012204239252547,0.0039532848496228,-0.0356529873278813,-0.0063567719201337,0,2025-02-23,8.0,2.1972245773362196,1.5113158881017477,0.12419171532758856,0.15464638918569612,0.7211618814747783,-0.03045467385810756
130.23733520507812,138.544611438826,130.03740375103862,251381100.0,-0.0313574857758399,0.0190304320564348,134.58152072520835,134.650917124328,0.1014974305224487,42.37370413614973,0.8295459347210965,1.1341001887867388,-0.3045542540656423,0.1328775294690236,0.2814253323485478,0.0,0.0,-0.0413842633090501,0.0063006097400378,-0.0012204239252547,-0.0642820087905746,-0.0617213242525251,0,2025-02-24,4.0,1.6094379124341003,1.7125315415363753,0.12172507115162669,0.5562945366269605,0.32198042231221186,-0.4345694654753338
126.5885238647461,130.1573543264651,124.39924631174092,271428700.0,-0.0284165845723879,0.0192610261734934,132.5832715100928,133.57593135638376,0.0797498300389329,37.38241209214316,0.1139103530898353,0.9300622216473582,-0.8161518685575229,0.127297832074811,0.0531802146515532,-0.0313574857758399,0.0,0.0,-0.0413842633090501,0.0063006097400378,-0.0962100788071693,-0.0880087315237821,1,2025-02-25,6.0,1.9459101490553132,1.6369739272492696,0.05366574937984658,0.42199749206005527,0.5243367236389118,-0.3683317426802087
131.23699951171875,133.68619399137987,128.44792005609298,322553800.0,0.0360629884029895,0.026925380522307,132.2467035104993,133.2640737770951,0.188355542357901,50.25510076368914,-0.0772523484649241,0.7285993076249018,-0.8058516560898259,0.1229566461396645,0.3113767761501236,-0.0284165845723879,-0.0313574857758399,0.0,0.0,-0.0413842633090501,-0.0234321829229493,-0.0545193671459103,0,2025-02-26,16.0,2.833213344056216,1.9004670997645259,0.1070169870773148,0.5654541940524878,0.3275288060264341,-0.458437206975173
120.11064910888672,134.96577503505506,119.97069557287364,443175800.0,-0.0885914513879506,0.0393238747839239,129.21268991009617,131.510283821334,0.3739593208946847,28.00700661304539,-1.1137154391002468,0.360136358279872,-1.4738517973801188,0.15350567915107,-0.1695016595598791,0.0360629884029895,-0.0284165845723879,-0.0313574857758399,0.0,0.0,-0.1062261797786744,-0.1346777741452004,1,2025-02-27,29.0,3.4011973816621555,2.4869631868863857,0.35135078349591353,0.30273121808184095,0.34591799734601325,0.048619565414072585
124.87908172607422,125.04902421361967,116.36187573271177,389091100.0,0.0389325290910256,0.0441333167851103,128.12928786409066,130.62612354196602,-0.1220389290209438,30.451849571827932,-1.5326794701175004,-0.0184268073996024,-1.5142526627178978,0.1631668778822643,0.0989672563821299,-0.0885914513879506,0.0360629884029895,-0.0284165845723879,-0.0313574857758399,0.0,-0.0707430626000469,-0.1038738484135133,0,2025-02-28,28.0,3.367295829986474,2.2605097888606465,0.307859905313538,0.40232164962968714,0.2898184574374127,-0.09446174431614912
124.87908172607422,125.04902421361967,116.36187573271177,389091100.0,0.0,0.0441333167851103,127.31673632958656,129.85985129984712,0.0,30.451849571827932,-1.843461209859015,-0.383433687891485,-1.46002752196753,0.1720197068601114,0.1296231295953645,0.0389325290910256,-0.0885914513879506,0.0360629884029895,-0.0284165845723879,-0.0313574857758399,-0.0411422229314392,-0.1027795269858713,0,2025-03-01,11.0,2.4849066497880004,4.094241096139452,0.1396873129944218,0.4536403830840916,0.4066723054020422,-0.3139530700896698
124.87908172607422,125.04902421361967,116.36187573271177,389091100.0,0.0,0.0441333167851103,126.70732267870846,129.19574869001073,0.0,30.451849571827932,-2.065943071937312,-0.7199355647006505,-1.3460075072366615,0.1817826641600271,0.1662654720388552,0.0,0.0389325290910256,-0.0885914513879506,0.0360629884029895,-0.0284165845723879,-0.0135039266315983,-0.1084147915933354,0,2025-03-02,5.0,1.791759469228055,2.428007934985147,0.23091174154342914,0.023084469233100417,0.746003795967557,0.20782727231032871
114.02263641357422,123.65947815441596,112.2432206852501,411381400.0,-0.0909489292151928,0.0535698935860551,123.5361511124249,127.17266705315254,0.0572881260969475,23.3383397277176,-3.082749933856917,-1.1924984385319035,-1.890251495325013,0.2235345910423767,-0.1094933691334606,0.0,0.0,0.0389325290910256,-0.0885914513879506,0.0360629884029895,-0.1311700447449454,-0.1515286271854198,1,2025-03-03,6.0,1.9459101490553132,1.7896890492282955,0.03715654605342347,0.3722314765124662,0.5906119874701677,-0.3350749304590427
115.9520034790039,119.27091565466138,110.07393231302608,398163300.0,0.0167793486563318,0.0549508606958226,121.64011420406965,125.6765785765994,-0.0321310102984724,25.54834597423651,-3.690352809812566,-1.6920693127880364,-1.9982834970245296,0.2500927334115732,0.0339348612436929,-0.0909489292151928,0.0,0.0,0.0389325290910256,-0.0885914513879506,-0.0346234547955258,-0.137171717240532,1,2025-03-04,10.0,2.3978952727983707,2.4860109731770397,0.24399511130562587,0.2278863121151876,0.5281185418009268,0.016108799190438283
117.2615737915039,118.24124845757764,114.47248692259636,284337900.0,0.0112307704593865,0.052013448701627,120.54547910092822,124.55457793858666,-0.2858761719123787,27.62701283282877,-4.019872498982238,-2.1576299500268767,-1.8622425489553611,0.2674289646851426,0.1245029917552281,0.0167793486563318,-0.0909489292151928,0.0,0.0,0.0389325290910256,-0.0609990706952788,-0.127426872218585,0,2025-03-05,19.0,2.995732273553991,1.654852190762951,0.3096136870582162,0.2865886492381993,0.40379768132866223,0.023025037820016858
110.53378295898438,115.31221606989396,110.18389912538346,321181900.0,-0.0590859104620505,0.0460071385442693,118.04255506544226,122.68513860797304,0.1295782236557279,23.07691772631233,-4.76892254979785,-2.679888469981071,-2.0890340798167784,0.2955408693430833,0.0170369787539046,0.0112307704593865,0.0167793486563318,-0.0909489292151928,0.0,0.0,-0.1148735125916177,-0.1512895838590952,1,2025-03-06,11.0,2.4849066497880004,1.3645547176003885,0.10599916276341213,0.031449699256695766,0.8625511444341118,0.07454946350671637
112.65309143066406,113.44283358559466,107.52476685365718,341755500.0,0.0189919069269069,0.0428460122121479,116.69518915674772,121.34753231766516,0.0640559134870302,28.81092054673549,-5.132376785034523,-3.170386132991762,-1.9619906520427608,0.309922663193558,0.1213650407797078,-0.0590859104620505,0.0112307704593865,0.0167793486563318,-0.0909489292151928,0.0,-0.0979026280977002,-0.1100844848224266,0,2025-03-07,7.0,2.0794415416798357,3.993358917895018,0.11465842086865367,0.639283236525737,0.24605834396047374,-0.5246248156570834
112.65309143066406,113.44283358559466,107.52476685365718,341755500.0,0.0,0.0428460122121479,115.6846647252268,120.18827353273169,0.0,28.81092054673549,-5.358645752413281,-3.608038056876066,-1.750607695537215,0.3185817312084937,0.1603346613268769,0.0189919069269069,-0.0590859104620505,0.0112307704593865,0.0167793486563318,-0.0909489292151928,-0.01201116748382,-0.1416057068524737,0,2025-03-08,17.0,2.8903717578961645,1.3410283892529888,0.14770144568888494,0.21950186488926318,0.6327966934379126,-0.07180041920037825
112.65309143066406,113.44283358559466,107.52476685365718,341755500.0,0.0,0.0428460122121479,114.92677140158612,119.18358258578934,0.0,28.81092054673549,-5.474854820844925,-3.981401409669838,-1.493453411175087,0.3216511815743387,0.1925748348583593,0.0,0.0189919069269069,-0.0590859104620505,0.0112307704593865,0.0167793486563318,-0.0284506688057114,-0.0620890631559403,0,2025-03-09,2.0,1.0986122886681098,0.6931471805599453,0.1252959743142128,0.15720547502860424,0.7174985110759735,-0.03190950071439144
106.94495391845705,111.8133534982648,105.42544763902806,366487400.0,-0.0519988565677789,0.0326004559309723,112.93131703080384,117.55176543014504,0.0723672332998297,27.960639872068327,-5.958860304825322,-4.376893188700935,-1.5819671161243871,0.3316281893496488,0.0980165225430431,0.0,0.0,0.0189919069269069,-0.0590859104620505,0.0112307704593865,-0.0879795447005535,-0.1436119449289049,1,2025-03-10,3.0,1.3862943611198906,2.8993935083990183,0.06619253945837295,0.2344458597088385,0.6993616235598374,-0.16825332025046555
108.72438049316406,112.2032364343548,104.73568182740638,354865700.0,0.0165018078158002,0.0325638062975726,111.87958289639391,116.3747807718809,-0.0317110492748181,32.476961755069055,-6.128211081986308,-4.72715676735801,-1.401054314628298,0.3289062614460445,0.1720117622406639,-0.0519988565677789,0.0,0.0,0.0189919069269069,-0.0590859104620505,-0.0163696782773798,-0.1293627484252802,1,2025-03-11,8.0,2.1972245773362196,4.002523469468921,0.08834917102248269,0.34498495190816564,0.5666658816261061,-0.25663578088568295
115.71273803710938,116.7325020716217,112.85341103244578,323857500.0,0.0622946629907635,0.0421967550990594,112.83787168157278,116.28650840724472,-0.0873800990064692,35.440505012546026,-5.633580336005863,-4.908441481087581,-0.7251388549182822,0.3028319064233199,0.3647633604307456,0.0165018078158002,-0.0519988565677789,0.0,0.0,0.0189919069269069,0.0271598991877508,-0.0734017544192987,0,2025-03-12,17.0,2.8903717578961645,1.765636612322837,0.08432701783219032,0.491242575774139,0.4244304058911301,-0.40691555794194867
115.55277252197266,117.73225924433854,113.76319330991836,299033100.0,-0.0013833929690728,0.0340042190628525,113.51659689167276,116.18867695587512,-0.0766522313054353,44.61839336417751,-5.194609560892417,-4.965675097048549,-0.2289344638438679,0.2873364623624462,0.3790743543933097,0.0622946629907635,0.0165018078158002,-0.0519988565677789,0.0,0.0,0.0257399158290592,0.0134195819051967,1,2025-03-13,11.0,2.4849066497880004,2.909691601691648,0.09550525809663807,0.2780620765109087,0.6264326521504445,-0.18255681841427063
121.6413345336914,121.85128414551468,118.12216714928688,277593500.0,0.0513495033589796,0.0379773861155517,115.5477813021774,116.91569796625062,-0.071696410865553,46.29267834154974,-4.305791504687591,-4.833698378576357,0.5279068738887664,0.2653281897681633,0.581225168435478,-0.0013833929690728,0.0622946629907635,0.0165018078158002,-0.0519988565677789,0.0,0.0797869191948401,0.0490662591760884,0,2025-03-14,5.0,1.791759469228055,2.1225016164504726,0.2973765014657371,0.03325790499154558,0.6693655804965299,0.2641185964741915
121.6413345336914,121.85128414551468,118.12216714928688,277593500.0,0.0,0.0379773861155517,117.0711696100559,117.5457828419094,0.0,46.29267834154974,-3.5603552326788304,-4.579029749396852,1.018674516718022,0.2387331693206448,0.6132962690974783,0.0513495033589796,-0.0013833929690728,0.0622946629907635,0.0165018078158002,-0.0519988565677789,0.1374200471996089,0.0373503493137052,0,2025-03-15,11.0,2.4849066497880004,1.622546705312913,0.589364363838733,0.1436459045136782,0.26698974764746425,0.4457184593250548
121.6413345336914,121.85128414551468,118.12216714928688,277593500.0,0.0,0.0379773861155517,118.21371084096478,118.09185640081368,0.0,46.29267834154974,-2.9357501166300324,-4.250373822843488,1.3146237062134558,0.2222328833224114,0.6385403070451301,0.0,0.0513495033589796,-0.0013833929690728,0.0622946629907635,0.0165018078158002,0.1188045770593237,0.1004901060776024,0,2025-03-16,9.0,2.302585092994046,1.8509798511574118,0.06796554411317803,0.5732506614026726,0.35878379607261324,-0.5052851172894945
119.50183868408205,122.86104771124882,118.00219206936818,255501500.0,-0.0177450761928197,0.0298490916643679,118.53574280174408,118.27985403858278,-0.0795839960229616,57.83863396437955,-2.5836033257728275,-3.917019723429356,1.3334163976565288,0.2125780510729146,0.5738925031990658,0.0,0.0,0.0513495033589796,-0.0013833929690728,0.0622946629907635,0.0327457522071379,0.0607950227236617,0,2025-03-17,4.0,1.6094379124341003,2.0709998260621316,0.049583617867408336,0.5690791780543589,0.3813371757504321,-0.5194955601869506
115.40280151367188,118.99195194008684,114.51301183473794,299686900.0,-0.0349031274032569,0.0354606844346733,117.75250747972603,117.89624703526133,0.1729359710216964,49.26022748223302,-2.605250790110901,-3.6546659367656655,1.0494151466547643,0.1842992910217181,0.4322472383756661,-0.0177450761928197,0.0,0.0,0.0513495033589796,-0.0013833929690728,-0.001297857290895,0.0244086518007382,1,2025-03-18,4.0,1.6094379124341003,2.0709998260621316,0.049583617867408336,0.5690791780543589,0.3813371757504321,-0.5194955601869506
117.4923095703125,120.4216195833343,115.65274672556286,273426200.0,0.0179442506492012,0.0272657331559306,117.68745800237264,117.84238870660148,-0.0876271201710852,50.30440406033125,-2.425837183121132,-3.408900186036759,0.9830630029156268,0.1827391898903639,0.5356842799310754,-0.0349031274032569,-0.0177450761928197,0.0,0.0,0.0513495033589796,-0.0341086767856014,0.042956816170703,1,2025-03-19,8.0,2.1972245773362196,2.3586966362481467,0.3700522090978724,0.17431480626414217,0.4556329655189267,0.19573740283373023
118.50206756591795,120.17167220516042,116.4425554391302,248829700.0,0.0085575272598153,0.0273080353571486,117.89111039325898,117.93034588784369,-0.0899566318077784,62.38020379312872,-2.177075603258942,-3.162535269481196,0.985459666222254,0.171813608727393,0.6044837992289698,0.0179442506492012,-0.0349031274032569,-0.0177450761928197,0.0,0.0,-0.0258075676315763,0.1080660024059942,0,2025-03-20,10.0,2.3978952727983707,2.2221968173936135,0.3127897039662979,0.19806113384143978,0.4891491185012008,0.11472857012485813
117.6722640991211,117.9621966837067,115.39280254041712,266498500.0,-0.0070270708553814,0.0174189150414276,117.83639881972452,117.89593498268069,0.0710076007807749,58.12372826143599,-2.023562099541508,-2.934740635493258,0.9111785359517506,0.1586130497616091,0.588026793617322,0.0085575272598153,0.0179442506492012,-0.0349031274032569,-0.0177450761928197,0.0,-0.0326292904446143,0.0822987775636912,0,2025-03-21,8.0,2.1972245773362196,1.563249930549799,0.18775735828925766,0.20928776204907754,0.6029548935794149,-0.021530403759819877
117.6722640991211,117.9621966837067,115.39280254041712,266498500.0,0.0,0.0174189150414276,117.79536513957363,117.86611219820608,0.0,58.12372826143599,-1.8802274501954628,-2.7238379984337,0.8436105482382366,0.1428793453055334,0.6198238545372831,-0.0070270708553814,0.0085575272598153,0.0179442506492012,-0.0349031274032569,-0.0177450761928197,-0.015310012005737,0.0169344023419728,0,2025-03-22,16.0,2.833213344056216,1.6733363455344188,0.0631803193808333,0.4546305336921657,0.48218913221065246,-0.3914502143113324
117.6722640991211,117.9621966837067,115.39280254041712,266498500.0,0.0,0.0174189150414276,117.76458987946052,117.84026578499474,0.0,58.12372826143599,-1.7465011300503193,-2.528370624757024,0.7818694947067044,0.14275799482547,0.6087054161437491,0.0,-0.0070270708553814,0.0085575272598153,0.0179442506492012,-0.0349031274032569,0.0196655761877699,0.0183421957854399,1,2025-03-23,5.0,1.791759469228055,2.347661302244926,0.08215268958207461,0.044316952773603056,0.873530389530226,0.037835736808471555
121.38140106201172,122.19120779583362,119.31188140429414,228452500.0,0.0310343257346985,0.0207812927288509,118.66879267509832,118.31241715526367,-0.1427625296202417,74.98255907601391,-1.325941080132793,-2.2878847158321776,0.9619436356993843,0.1486126111698548,0.8033404918772628,0.0,0.0,-0.0070270708553814,0.0085575272598153,0.0179442506492012,0.0331008174570934,-0.0021368844124912,0,2025-03-24,1.0,0.6931471805599453,0.6931471805599453,0.061220061033964095,0.18926343321800232,0.749516487121582,-0.12804337218403822
120.66156768798828,121.26142480153008,118.89198043130344,167447200.0,-0.0059479975805035,0.0139011136819822,119.1669864283208,118.62563722629362,-0.2670371302568367,71.44395284561892,-1.0387546312006035,-2.038058698905863,0.9993040677052591,0.1522403162282354,0.7454288827501113,0.0310343257346985,0.0,0.0,-0.0070270708553814,0.0085575272598153,0.0182233117651644,-0.0080545552172626,0,2025-03-25,9.0,2.302585092994046,1.9037801934452752,0.2043468337992386,0.11656825111386694,0.6790848803574404,0.08777858268537166
113.7332000732422,118.81199741904776,112.68344440410922,293463300.0,-0.0591343102756746,0.0272853136888423,117.80853983955116,117.97331227255344,0.7525721540879753,46.43627874881467,-1.3546036375588244,-1.9013676866364555,0.5467640490776309,0.1463579839187002,0.3391338257128573,-0.0059479975805035,0.0310343257346985,0.0,0.0,-0.0070270708553814,-0.0334748724012043,-0.0650119015116434,0,2025-03-26,7.0,2.0794415416798357,1.1904671933221869,0.5312108770219809,0.2946827738293986,0.1741063672227555,0.23652810319258227
111.40375518798828,114.42304053099558,110.6339399022949,236902100.0,-0.0206943192863518,0.0271659843258888,116.20734367666044,117.09737132794474,-0.1927368771495448,43.07179537093706,-1.7724512699958126,-1.8755844033083269,0.1031331333125142,0.1487591310764239,0.2107387113170359,-0.0591343102756746,-0.0059479975805035,0.0310343257346985,0.0,0.0,-0.0532709127263204,-0.0677653464186609,0,2025-03-27,12.0,2.5649493574615367,1.6291923218099085,0.11318463241997807,0.12348274951896718,0.7633326414815378,-0.010298117098989104
109.6441650390625,112.84341584506376,109.04430789656143,229872500.0,-0.01592077694349,0.0272756799871665,114.56654901726095,116.10361048942713,-0.0296730168284704,26.58081330841233,-2.2199920620474245,-1.9444659350561464,-0.2755261269912781,0.1553450025361179,0.1335476687856273,-0.0206943192863518,-0.0591343102756746,-0.0059479975805035,0.0310343257346985,0.0,-0.0682242253220872,-0.0499003178352402,0,2025-03-28,6.0,1.9459101490553132,1.2768427303936385,0.16172641316583578,0.057621487116917516,0.780652129872498,0.10410492604891826
109.6441650390625,112.84341584506376,109.04430789656143,229872500.0,0.0,0.0272756799871665,113.33595302271134,115.24235109604516,0.0,26.58081330841233,-2.5453303798992835,-2.064638824024774,-0.4806915558745093,0.1615197288627549,0.1551220092269153,-0.01592077694349,-0.0206943192863518,-0.0591343102756746,-0.0059479975805035,0.0310343257346985,-0.0966971539317861,-0.0667970913156092,0,2025-03-29,11.0,2.4849066497880004,1.5169930253916524,0.11758723968881588,0.30878552073497134,0.5736272026175485,-0.19119828104615547
109.6441650390625,112.84341584506376,109.04430789656143,229872500.0,0.0,0.0272756799871665,112.41300602679912,114.49592628844748,0.0,26.58081330841233,-2.771218459357016,-2.2059547510912227,-0.565263708265793,0.1528903719726719,0.1284860398594814,0.0,-0.01592077694349,-0.0206943192863518,-0.0591343102756746,-0.0059479975805035,-0.0913083002320592,-0.0747489280887708,0,2025-03-30,4.0,1.6094379124341003,1.0397207708399179,0.0498954898988207,0.11227905377745621,0.8378254572550456,-0.062383563878635515
108.35446166992188,110.9338556226425,103.6255803841977,299212700.0,-0.0118323535850523,0.0204641530231642,111.39836993757982,113.67706433931072,0.3016463474317283,27.49294415616544,-3.019497782289747,-2.368663357330928,-0.6508344249588194,0.1540712424140362,0.0602873350536376,0.0,0.0,-0.01592077694349,-0.0206943192863518,-0.0591343102756746,-0.0472925970592271,-0.0791843558083523,1,2025-03-31,2.0,1.0986122886681098,0.8958797346140275,0.05617501674257307,0.02353429299769342,0.920290638214025,0.03264072374487965
110.1240463256836,110.17402996737344,106.44491315753294,222614000.0,0.0161995188482853,0.0237629350682386,111.07978903460577,113.20332860416045,-0.2560008315155072,38.23530511993444,-3.038444939885224,-2.502619673841787,-0.535825266043437,0.1614689621683359,0.1888650116484787,-0.0118323535850523,0.0,0.0,-0.01592077694349,-0.0206943192863518,-0.0114871250088943,-0.0641461081013896,1,2025-04-01,7.0,2.0794415416798357,3.559813013922782,0.04320068225675938,0.4152479092734066,0.5415514245753748,-0.3720472270166472
110.39398193359376,111.95361956622256,106.76483994973236,220601200.0,0.0024481965929616,0.0126707541377179,110.90833725935276,112.82874904808487,-0.0090416595542058,32.78371766830615,-2.9971301010183566,-2.601521759277101,-0.3956083417412555,0.1674414095130354,0.226543985513714,0.0161995188482853,-0.0118323535850523,0.0,0.0,-0.01592077694349,0.0068386392861317,-0.0618521469035089,0,2025-04-02,5.0,1.791759469228055,2.03911199465784,0.2076327284672934,0.4669063740522827,0.3254609094476049,-0.25927364558498933
101.77601623535156,105.60510798745378,101.5760587841681,338769400.0,-0.0812811414292511,0.03188890489116,108.62525700335246,111.35505133972045,0.5356643572201782,20.368432562654533,-3.618078643634647,-2.8048331361486105,-0.8132455074860361,0.1933642249025785,-0.0826346788509568,0.0024481965929616,0.0161995188482853,-0.0118323535850523,0.0,0.0,-0.0717607617414732,-0.1615188542488819,0,2025-04-03,7.0,2.0794415416798357,2.2454735935405687,0.04245676424753325,0.317110240438674,0.6404330326630818,-0.2746534761911407
94.28778076171876,100.1064094274434,92.08830207120737,532273800.0,-0.0764228765621438,0.0400062888598194,105.04088794294404,109.07941526265355,0.5711979889564995,16.480392613604423,-4.660697241659321,-3.176005957250753,-1.484691284408568,0.244942382237511,-0.1859844721284545,-0.0812811414292511,0.0024481965929616,0.0161995188482853,-0.0118323535850523,0.0,-0.140056557244727,-0.2185765312984161,0,2025-04-04,22.0,3.1354942159291497,2.242511363744352,0.08927598547426342,0.5676913841394644,0.34303261683282116,-0.478415398665201
94.28778076171876,100.1064094274434,92.08830207120737,532273800.0,0.0,0.0400062888598194,102.35261114763772,107.1071973291956,0.0,16.480392613604423,-5.424450305733828,-3.625694826947368,-1.7987554787864597,0.2804955203545501,-0.0628029727934208,-0.0764228765621438,-0.0812811414292511,0.0024481965929616,0.0161995188482853,-0.0118323535850523,-0.1298209662196854,-0.1709739926336454,0,2025-04-05,23.0,3.1780538303479458,1.419602176889381,0.05768103506288198,0.5123062581948452,0.4300127128250994,-0.45462522313196324
94.28778076171876,100.1064094274434,92.08830207120737,532273800.0,0.0,0.0400062888598194,100.33640355115796,105.39794178686536,0.0,16.480392613604423,-5.96101523849039,-4.092758909255973,-1.8682563292344168,0.3096072216514265,0.0210924367627674,0.0,-0.0764228765621438,-0.0812811414292511,0.0024481965929616,0.0161995188482853,-0.1438038838232503,-0.1536391156419025,1,2025-04-06,15.0,2.772588722239781,1.0401724719525296,0.08548126803968048,0.5036119101240671,0.41090682902079456,-0.41813064208438666
97.6169891357422,101.72602116602216,86.59958951154498,611041300.0,0.0346999443898211,0.0453942623123201,99.65654994730404,104.36048143338226,0.147983049325366,15.56068920879504,-6.047891195987347,-4.483785366602247,-1.5641058293850998,0.3266867473408486,0.1600456976589051,0.0,0.0,-0.0764228765621438,-0.0812811414292511,0.0024481965929616,-0.1157399395696897,-0.1096928039812737,0,2025-04-07,11.0,2.4849066497880004,1.0189216295105008,0.05662382751458727,0.24187094744408838,0.7015052200837399,-0.1852471199295011
96.27731323242188,105.82505852328022,94.43774279946976,476243400.0,-0.0138188405294895,0.043337072140164,98.81174076858348,103.28272567325422,-0.2206035827692825,15.286067714527704,-6.153903300889581,-4.817808953459714,-1.3360943474298672,0.3406746731463848,0.1632957577224751,0.0346999443898211,0.0,0.0,-0.0764228765621438,-0.0812811414292511,-0.0540274929823764,-0.1219112006724523,1,2025-04-08,11.0,2.4849066497880004,1.9614910768176095,0.05884524278755572,0.1073283576525774,0.8338264160366239,-0.04848311486502167
114.30306243896484,115.07287764897656,97.5070179445592,612918300.0,0.1716206566786014,0.0847769554356397,102.68457118617884,104.7521039086823,0.2869853944432616,50.61647938628224,-4.728879762033046,-4.800023115174381,0.071143353141335,0.3344445266876997,0.6587036526586774,-0.0138188405294895,0.0346999443898211,0.0,0.0,-0.0764228765621438,0.2122786379693049,0.0424910655139973,0,2025-04-09,11.0,2.4849066497880004,1.7030468918915838,0.22618334608808952,0.2928038532647764,0.48101279009130543,-0.06662050717668691
107.5446548461914,110.83388059600858,99.1266405350102,437812400.0,-0.0609472082000491,0.0816185232423713,103.89959210118198,105.12444403368352,-0.2856920734786349,46.190277925484246,-4.097650190420438,-4.659548530223592,0.5618983398031538,0.3264832043784504,0.4860827609904385,0.1716206566786014,-0.0138188405294895,0.0346999443898211,0.0,0.0,0.1406001284299503,-0.007473682313123,1,2025-04-10,24.0,3.2188758248682006,1.5402923120108547,0.13284575923437472,0.32029696987776496,0.5468572817135411,-0.18745121064339024
110.90386199951172,111.52371865557488,107.45467796999776,313417300.0,0.0307575626778781,0.0727388970933259,105.65065957576442,105.89503309579396,-0.2841287729630316,51.20550532424035,-3.2884292979756538,-4.385324683774005,1.0968953857983514,0.3177275774334352,0.5937140972177704,-0.0609472082000491,0.1716206566786014,-0.0138188405294895,0.0346999443898211,0.0,0.1762273022395619,0.0070812479185689,0,2025-04-11,5.0,1.791759469228055,1.2476649250079015,0.09970146448661878,0.5947956390058002,0.3055029306560754,-0.4950941745191815
110.90386199951172,111.52371865557488,107.45467796999776,313417300.0,0.0,0.0727388970933259,106.96396018170124,106.562876949623,0.0,51.20550532424035,-2.6169493475077985,-4.031649616520764,1.4147002690129655,0.308062147709329,0.6071915205389165,0.0307575626778781,-0.0609472082000491,0.1716206566786014,-0.0138188405294895,0.0346999443898211,0.1361122995229176,0.0046187306317537,0,2025-04-12,6.0,1.9459101490553132,1.5667716830698855,0.06354516386998187,0.5800829228460371,0.3563719293442782,-0.5165377589760553
110.90386199951172,111.52371865557488,107.45467796999776,313417300.0,0.0,0.0727388970933259,107.94893563615386,107.14167495627484,0.0,51.20550532424035,-2.0610382826397284,-3.637527349744557,1.5764890671048288,0.2860939062631921,0.6331282866129143,0.0,0.0307575626778781,-0.0609472082000491,0.1716206566786014,-0.0138188405294895,0.1519210318196153,0.0896856263567293,0,2025-04-13,6.0,1.9459101490553132,3.588276620146917,0.17038260166158564,0.15196694702097008,0.6776504238889475,0.018415654640615564
110.68391418457033,114.2630725146749,109.04430120283688,264705000.0,-0.001985198741229,0.0730918943855682,108.63268027325798,107.61397352004757,-0.1554231371401642,52.27583753826779,-1.619553504431991,-3.233932580682044,1.614379076250053,0.2628959725750212,0.6555331086267445,0.0,0.0,0.0307575626778781,-0.0609472082000491,0.1716206566786014,-0.0316627409377335,0.1738945735109343,1,2025-04-14,5.0,1.791759469228055,2.204824445047746,0.17175374529909654,0.22624608504739444,0.6020001622384622,-0.0544923397482979
112.1735610961914,113.5932323217664,110.47396469045395,228966900.0,0.013368805296761,0.071834139637562,109.51790047899134,108.22191853020009,-0.1350110500368334,52.01335571777614,-1.1363721894740166,-2.8144205024404387,1.678048312966422,0.2601291520498113,0.7140170928244516,-0.001985198741229,0.0,0.0,0.0307575626778781,-0.0609472082000491,0.0430417137571381,0.1896935126691874,0,2025-04-15,10.0,2.3978952727983707,4.783458574233292,0.10059145254712158,0.29025900382453407,0.6091495472591761,-0.18966755127741247
104.46538543701172,106.7648467272822,100.4263361362673,397016900.0,-0.0711915477713938,0.0381977562381791,108.25477171849644,107.7210474511083,0.7339488808207648,44.91859729841248,-1.3597584233364015,-2.5234880866196314,1.1637296632832297,0.2572622250075198,0.4469424216004146,0.013368805296761,-0.001985198741229,0.0,0.0,0.0307575626778781,-0.0580545748941397,0.1079419262291632,0,2025-04-16,11.0,2.4849066497880004,4.355323407707262,0.20214183197262411,0.3211805276600189,0.4766776350574985,-0.11903869568739481
101.4660873413086,104.44538862475022,100.02643178468183,292517500.0,-0.0291311489065445,0.0330705549710997,106.55760062419948,106.88705276980168,-0.2632114653053812,49.70604771921598,-1.758540552391949,-2.370498579774095,0.6119580273821459,0.2586219281762369,0.3520789915285685,-0.0711915477713938,0.013368805296761,-0.001985198741229,0.0,0.0,-0.0850987015965655,0.0394306179656289,0,2025-04-17,24.0,3.2188758248682006,4.224350711068311,0.050028129261005604,0.6289000140466189,0.3210718529851194,-0.5788718847856132
101.4660873413086,104.44538862475022,100.02643178468183,292517500.0,0.0,0.0287793420483239,105.28472230347674,106.16425737933594,0.0,57.93545768708956,-2.050936345214467,-2.306586132862169,0.2556497876477026,0.2590091602066145,0.3667475850709614,-0.0291311489065445,-0.0711915477713938,0.013368805296761,-0.001985198741229,0.0,-0.0850987015965655,0.05389404766999,0,2025-04-18,12.0,2.5649493574615367,2.3916838772022624,0.09229937267311135,0.37590308782995213,0.5317975727109402,-0.2836037151568408
101.4660873413086,104.44538862475022,100.02643178468183,292517500.0,0.0,0.0287793420483239,104.3300635629347,105.53783470759896,0.0,57.93545768708956,-2.2566488741185537,-2.2965986811134464,0.0399498069948927,0.2584054053382627,0.38103057462092,0.0,-0.0291311489065445,-0.0711915477713938,0.013368805296761,-0.001985198741229,-0.0832806366776168,-0.1123064843910974,0,2025-04-19,5.0,1.791759469228055,3.4627163973722945,0.3313481622228617,0.3598879806251088,0.30876387020734636,-0.02853981840224712
101.4660873413086,104.44538862475022,100.02643178468183,292517500.0,0.0,0.0287793420483239,103.61406950752816,104.99493505876023,0.0,57.93545768708956,-2.392102862586213,-2.315699517408,-0.0764033451782135,0.258438808650706,0.3934258702582174,0.0,0.0,-0.0291311489065445,-0.0711915477713938,0.013368805296761,-0.0954545228861987,-0.0565213353799524,0,2025-04-20,3.0,1.3862943611198906,6.436754316482225,0.025239277536927108,0.8902842547251465,0.08447646158224924,-0.8650449771882194
96.88717651367188,99.41657935183264,95.01761424618036,288501100.0,-0.0461774549699231,0.0308111153843599,101.9323462590641,103.9139005860818,-0.0137304605707351,49.21490100783014,-2.836236590654849,-2.41980693205737,-0.4164296585974791,0.2620879163856631,0.2500847169241291,0.0,0.0,0.0,-0.0291311489065445,-0.0711915477713938,-0.0725427747347869,-0.1263859096800574,1,2025-04-21,3.0,1.3862943611198906,1.9227736652645906,0.6463248701279938,0.026357870440753293,0.3273172230736448,0.6199669996872404
98.86670684814452,99.78648832080442,97.25708545719098,241004800.0,0.0202253746373643,0.0320946015164209,101.1659364063342,103.24094142102348,-0.1646312613712738,52.74772444468193,-2.993971574959758,-2.5346398606378475,-0.4593317143219106,0.2592193268740154,0.3415399491635885,-0.0461774549699231,0.0,0.0,0.0,-0.0291311489065445,-0.0256182194590823,-0.108536843842464,1,2025-04-22,10.0,2.3978952727983707,1.852289879122439,0.17122074280676705,0.5406305811463387,0.2881486767490485,-0.36940983833957164
102.68580627441406,104.77531795205408,101.99596635952084,247526000.0,0.0379013542247951,0.0282382299453959,101.54590387335418,103.16692340147556,0.0270583822396899,32.35115282770393,-2.7787762770921205,-2.583467143928702,-0.1953091331634184,0.2588565580501624,0.482719833166551,0.0202253746373643,-0.0461774549699231,0.0,0.0,0.0,0.012020951680167,-0.0741007172963358,1,2025-04-23,7.0,2.0794415416798357,1.8815933630819657,0.30949326510139635,0.21022193629402447,0.4802847988880491,0.09927132880737188
106.40491485595705,106.51488953927,103.08569768188364,220815000.0,0.0355778664146333,0.0286386408280733,102.76065661900488,103.59865559540644,-0.1079118961240435,48.09235286185381,-2.2818279799263905,-2.52313931112824,0.2413113312018495,0.2456466622209544,0.6040494529573566,0.0379013542247951,0.0202253746373643,-0.0461774549699231,0.0,0.0,0.0486746620871991,-0.0386596314391074,1,2025-04-24,10.0,2.3978952727983707,2.018658564578195,0.11042266026780787,0.5381118747670548,0.3514654218779231,-0.4276892144992469
110.98385620117188,111.8936379045766,105.70510100806126,251064700.0,0.0421329830099336,0.0312796231366236,104.81645651454664,104.5833490095085,0.1369911464347983,50.12863840572296,-1.5012056115323844,-2.3187525712090693,0.8175469596766849,0.2354523102877228,0.7597314132457245,0.0355778664146333,0.0379013542247951,0.0202253746373643,-0.0461774549699231,0.0,0.0938024625690718,-0.010605929627208,0,2025-04-25,7.0,2.0794415416798357,2.6975577408398768,0.10064075567454865,0.5373589137713674,0.36200034170828327,-0.4367181580968187
110.98385620117188,111.8936379045766,105.70510100806126,251064700.0,0.0,0.0312796231366236,106.35830643620297,105.43674996839697,0.0,50.12863840572296,-0.8724991335994048,-2.029501883687137,1.1570027500877318,0.2203821702954895,0.7393635783572768,0.0421329830099336,0.0355778664146333,0.0379013542247951,0.0202253746373643,-0.0461774549699231,0.1454958250900293,0.0623983794908842,0,2025-04-26,5.0,1.791759469228055,1.9451112688086933,0.07252620237093418,0.5506318964521036,0.3768419124662237,-0.47810569408116943
110.98385620117188,111.8936379045766,105.70510100806126,251064700.0,0.0,0.0312796231366236,107.51469387744518,106.17636413276696,0.0,50.12863840572296,-0.3699798231550488,-1.6975974715807192,1.3276176484256703,0.212238599116304,0.7172999068722294,0.0,0.0421329830099336,0.0355778664146333,0.0379013542247951,0.0202253746373643,0.1225604628627796,0.0938024625690718,0,2025-04-27,2.0,1.0986122886681098,1.5222612188617115,0.026193233630805803,0.5950029468765564,0.3788038111809915,-0.5688097132457506
108.70438385009766,110.343996814893,105.9950156815573,207708500.0,-0.0207526279842384,0.0238926239176919,107.8121163706083,106.51343342841103,-0.1726893505936916,47.01447970611161,-0.1538900686401234,-1.3888559909926002,1.2349659223524767,0.1932207033994321,0.5966112253613095,0.0,0.0,0.0421329830099336,0.0355778664146333,0.0379013542247951,0.0586115822044552,0.0713371008822001,1,2025-04-28,5.0,1.791759469228055,3.825829799041334,0.1781780211681173,0.4043683001950491,0.41745368175621433,-0.2261902790269318
108.99431610107422,110.17403844763396,107.41469407982768,170444300.0,0.0026636118861515,0.0243466977723724,108.10766630322478,106.84421778476614,-0.1794062351805535,45.02504014972037,0.0402932527089063,-1.103026142252299,1.1433193949612053,0.1830867733430574,0.630709475701634,-0.0207526279842384,0.0,0.0,0.0421329830099336,0.0355778664146333,0.0243353537627704,0.0741945309711449,0,2025-04-29,10.0,2.3978952727983707,2.5567587339567597,0.24295455317105136,0.4257817566384096,0.33126370808035577,-0.18282720346735826
108.8943328857422,108.8943328857422,104.0554770168086,235044600.0,-0.000917746039682,0.0223131930692055,108.30433294885412,107.11756646489629,0.3790112077669949,59.09648611202083,0.1839961311443971,-0.8456216875729597,1.029617818717357,0.1839203551054996,0.6214860940820046,0.0026636118861515,-0.0207526279842384,0.0,0.0,0.0421329830099336,-0.0188272726047846,0.0732091454304992,1,2025-04-30,3.0,1.3862943611198906,2.4232055832027233,0.06483418068010746,0.6708699788744003,0.2642958175739067,-0.6060357981942928
111.58370208740234,114.91291927434725,111.27377757314032,236121500.0,0.0243970116710669,0.0203567117745777,109.12417523349116,107.71305121456376,0.0045816836464227,71.04824092209141,0.5090236088984312,-0.5746926282786816,1.083716237177113,0.1851496632614303,0.7552444953790592,-0.000917746039682,0.0026636118861515,-0.0207526279842384,0.0,0.0,0.0054048030656204,0.1516870044371312,1,2025-05-01,10.0,2.3978952727983707,4.054366000242739,0.14417216789469872,0.4276150669775218,0.42821276043002066,-0.28344289908282305
114.47303009033205,115.37281962529518,113.34329900218786,190194800.0,0.0255642495474154,0.0160751914753805,110.46138894770138,108.61438173133288,-0.1945045241538784,74.15521374690417,0.9883616317724916,-0.262081776268447,1.2504434080409386,0.1932849853072555,0.8755050212612159,0.0243970116710669,-0.000917746039682,0.0026636118861515,-0.0207526279842384,0.0,0.0314385714156084,0.1578521601428295,0,2025-05-02,9.0,2.302585092994046,2.9116124774944803,0.18510670734760631,0.3277195618579044,0.48717373149398946,-0.1426128545102981
114.47303009033205,115.37281962529518,113.34329900218786,190194800.0,0.0,0.0160751914753805,111.46429923335904,109.3955348458661,0.0,74.15521374690417,1.352647984374414,0.0608641758601251,1.291783808514289,0.2008063186701277,0.8525238263763086,0.0255642495474154,0.0243970116710669,-0.000917746039682,0.0026636118861515,-0.0207526279842384,0.0530672824399547,0.1147892220315063,0,2025-05-03,7.0,2.0794415416798357,2.9180828729011905,0.44550012980597836,0.2678506185729622,0.2866492338562763,0.17764951123301614
114.47303009033205,115.37281962529518,113.34329900218786,190194800.0,0.0,0.0160751914753805,112.21648194760228,110.07253421179487,0.0,74.15521374690417,1.6226427280440276,0.3732198862969057,1.2494228417471218,0.2080494031632332,0.8311460328710552,0.0,0.0255642495474154,0.0243970116710669,-0.000917746039682,0.0026636118861515,0.0502660522607179,0.0758246481875108,0,2025-05-04,3.0,1.3862943611198906,1.8038820172850132,0.1281309804968036,0.11848403980434208,0.7533849359693133,0.009646940692461525
113.7931900024414,114.64298826396649,112.63346720059008,133163200.0,-0.0059565720912731,0.0128656304913413,112.61065896131208,110.56862165054775,-0.2998588815256778,86.71292870726182,1.7614531586309994,0.6508665407637245,1.1105866178672748,0.2112059495285296,0.7923395682493998,0.0,0.0,0.0255642495474154,0.0243970116710669,-0.000917746039682,0.0449872549551257,0.0253129950375599,0,2025-05-05,5.0,1.791759469228055,1.79903299806223,0.15233353007260533,0.040709463539715385,0.8069570082340345,0.11162406653288995
113.51325988769533,114.7129742117387,110.7938992837595,158525600.0,-0.0024630207932687,0.0132625847991854,112.83630919290788,110.96124008216744,0.1904610282720751,84.34126587459318,1.8278036217762972,0.8862539569662391,0.9415496648100584,0.2152253230264755,0.7540598987519481,-0.0059565720912731,0.0,0.0,0.0255642495474154,0.0243970116710669,0.0172924698159016,0.0227907352753951,1,2025-05-06,5.0,1.791759469228055,2.511230377111521,0.12782839105720764,0.2739171917083981,0.5982544166081787,-0.14608880065119048
117.0324249267578,117.65228163619798,112.25355204144066,206758800.0,0.0305313752267138,0.0157076538030834,113.88533812637036,111.77073139477947,0.3042612675807568,84.11788527315863,2.139689046196821,1.1369409748123556,1.0027480713844656,0.220017059653417,0.8616565583175188,-0.0024630207932687,-0.0059565720912731,0.0,0.0,0.0255642495474154,0.0223580596617922,0.0544995365327922,1,2025-05-07,3.0,1.3862943611198906,3.9747908815853137,0.5654231797359358,0.2928590707313728,0.1417177709059799,0.272564109004563
117.34236145019533,118.65205049698932,115.82271514729749,198428100.0,0.0026447956189682,0.0145630644836939,114.7495939573266,112.51361540216828,-0.0402918763312613,81.04424909840009,2.384384083766932,1.386429596603271,0.997954487163661,0.2214804855177945,0.8366485672144502,0.0305313752267138,-0.0024630207932687,-0.0059565720912731,0.0,0.0,0.0250655666020114,0.0794630105443525,0,2025-05-08,10.0,2.3978952727983707,3.103392326828305,0.07785086160649086,0.212920559535518,0.7092285711394036,-0.13506969792902712
116.62252044677734,118.20215005190204,115.18285724943864,132972200.0,-0.0061534301127633,0.0127091315900266,115.21782557968928,113.06146940811615,-0.3298721300057804,70.49410164874321,2.4915010379008606,1.607443884862789,0.8840571530380716,0.2173718723035746,0.778825416697458,0.0026447956189682,0.0305313752267138,-0.0024630207932687,-0.0059565720912731,0.0,0.0187772644329333,0.0699871756489505,0,2025-05-09,11.0,2.4849066497880004,2.9054954258846055,0.1801257853492011,0.40873429249660204,0.4111399332174756,-0.22860850714740094
116.62252044677734,118.20215005190204,115.18285724943864,132972200.0,0.0,0.0127091315900266,115.5689992964613,113.53627621327098,0.0,70.49410164874321,2.5470314032433805,1.7953613885389077,0.751670014704473,0.2095565228396156,0.7545814873313136,-0.0061534301127633,0.0026447956189682,0.0305313752267138,-0.0024630207932687,-0.0059565720912731,0.0248637940835936,0.0709696028823096,0,2025-05-10,8.0,2.1972245773362196,1.6431525199434067,0.09767926679298689,0.4027203116475971,0.49960038978487,-0.3050410448546102
116.62252044677734,118.20215005190204,115.18285724943864,132972200.0,0.0,0.0127091315900266,115.83237958404032,113.94777544440517,0.0,70.49410164874321,2.561512100839451,1.9485915309990165,0.6129205698404347,0.1768485420700595,0.7490496022324513,0.0,-0.0061534301127633,0.0026447956189682,0.0305313752267138,-0.0024630207932687,0.0273911661259502,0.0451572968553073,1,2025-05-11,2.0,1.0986122886681098,1.629048269010741,0.036439172110742477,0.08326690981837265,0.8802939445459298,-0.04682773770763017
122.97103118896484,122.97103118896484,120.25167057965504,225023300.0,0.0530064108096347,0.0221105929169233,117.61704248527144,115.15087621034644,0.6922582314198005,90.01676890075105,3.050100261001319,2.168893276999477,0.8812069840018419,0.161852441839743,1.050667798431941,0.0,0.0,-0.0061534301127633,0.0026447956189682,0.0305313752267138,0.0507432556910922,0.0742358360910595,1,2025-05-12,5.0,1.791759469228055,1.3733866568923763,0.5259990045491142,0.026223019431080803,0.4477779571506055,0.4997759851180334
129.89938354492188,131.18908818741485,124.44067836400951,330430100.0,0.0548113692080743,0.0264372419803493,120.68762775018403,117.11734385495652,0.4684261585355826,92.72573668074294,3.95082735207626,2.525280092014833,1.4255472600614263,0.1872666952207972,1.2304559863224056,0.0530064108096347,0.0,0.0,-0.0061534301127633,0.0026447956189682,0.1070118407328648,0.1347597197559698,1,2025-05-13,11.0,2.4849066497880004,3.546083959571125,0.5030339065073312,0.2149432383334762,0.28202286742554317,0.288090668173855
135.30810546875,135.4080880073059,131.6489642323906,281180800.0,0.0407942627114283,0.0274321596121741,124.34274717982554,119.54277873679564,-0.1490460463498937,94.35860850972452,5.042966538698735,3.028817381351614,2.0141491573471213,0.2356315502142645,1.2186425827452592,0.0548113692080743,0.0530064108096347,0.0,0.0,-0.0061534301127633,0.1602227850194693,0.1820085950548942,0,2025-05-14,8.0,2.1972245773362196,1.9501061824236756,0.45110139630631163,0.07692887090110281,0.471969710025592,0.37417252540520884
134.79823303222656,136.2678878895653,132.6287461607251,226632600.0,-0.0037753504413517,0.0282331880717223,126.9566186429258,121.57683930951978,-0.1939968874119427,92.06521904424848,5.800487854777742,3.58315147603684,2.2173363787409026,0.2715021861076327,1.0637644278432872,0.0407942627114283,0.0548113692080743,0.0530064108096347,0.0,0.0,0.1558507955051786,0.1845896316759772,1,2025-05-15,12.0,2.5649493574615367,2.67564141466871,0.3958303291418208,0.046576284709392776,0.5575933927396158,0.349254044432428
135.36810302734375,136.31789147723805,133.42857277146337,226542500.0,0.0042186665341086,0.0268832646186255,129.05948973903028,123.41567447189632,-0.0003975597508919,91.33702556721532,6.373344750407071,4.141190130910887,2.2321546194961845,0.298101072715368,0.9897207916407316,-0.0037753504413517,0.0407942627114283,0.0548113692080743,0.0530064108096347,0.0,0.1607372444769041,0.1925311911689489,0,2025-05-16,12.0,2.5649493574615367,1.5601690839306628,0.1726295897440368,0.025548601075220577,0.8018218336087335,0.14708098866881622
135.36810302734375,136.31789147723805,133.42857277146337,226542500.0,0.0,0.0268832646186255,130.63664306110866,125.00933161262265,0.0,91.33702556721532,6.749533546123416,4.662858813953393,2.086674732170024,0.3160192594035993,0.924907155652568,0.0042186665341086,-0.0037753504413517,0.0407942627114283,0.0548113692080743,0.0530064108096347,0.1008129452808181,0.1566717780312672,0,2025-05-17,8.0,2.1972245773362196,2.4923219793958387,0.4465978246706802,0.05023595657431847,0.5031662138953233,0.39636186809636176
135.36810302734375,136.31789147723805,133.42857277146337,226542500.0,0.0,0.0268832646186255,131.81950805266743,126.39050113458543,0.0,91.33702556721532,6.967350596372711,5.123757170437257,1.8435934259354545,0.3223720511434683,0.8776622001339103,0.0,0.0042186665341086,-0.0037753504413517,0.0407942627114283,0.0548113692080743,0.042099656928169,0.1536166594431396,1,2025-05-18,9.0,2.302585092994046,2.055827063485702,0.21298069442991774,0.4493561866181277,0.3376631401989462,-0.23637549218820997
135.53805541992188,135.83797251007488,132.35879696756518,193154600.0,0.0012546958389429,0.0236273550628711,132.74914489448105,127.61017503929698,-0.1473802928810267,93.90391594038856,7.0721624294930905,5.513438222248424,1.5587242072446663,0.3231992569479875,0.8432497193302383,0.0,0.0,0.0042186665341086,-0.0037753504413517,0.0407942627114283,0.0016994543702704,0.1621945307019578,0,2025-05-19,4.0,1.6094379124341003,2.8603573658162893,0.14107162980283208,0.35378850413947605,0.5051398567120027,-0.21271687433664396
134.34832763671875,134.54827743990722,132.58873275619902,161514200.0,-0.008816565521843,0.0163987842603051,133.14894058004046,128.50859538561988,-0.1638086796793864,90.57627982940365,6.978778459294944,5.806506269657728,1.1722721896372157,0.3153403823234663,0.7848281218318849,0.0012546958389429,0.0,0.0,0.0042186665341086,-0.0037753504413517,-0.0033376208677768,0.151993003770064,0,2025-05-20,10.0,2.3978952727983707,2.6441185281683963,0.14884689139856966,0.5099307943824258,0.3412223026419085,-0.3610839029838562
131.76895141601562,137.36762292180558,130.55922977564506,270608700.0,-0.019385866332194,0.0080292530214148,132.80394328903424,128.94330952300598,0.6754483506713342,79.7898244146435,6.620321935587356,5.969269402843654,0.6510525327437016,0.3052866602076157,0.6972382925507203,-0.008816565521843,0.0012546958389429,0.0,0.0,0.0042186665341086,-0.0265878854090251,0.1298756956307647,1,2025-05-21,8.0,2.1972245773362196,2.236673027066244,0.20044408103602804,0.022037014677614965,0.7775189060599913,0.17840706635841308
132.7987060546875,134.21836966107523,131.5190088530086,187344000.0,0.0077844725889906,0.0091433692710584,132.80263398044755,129.45736239389686,-0.3076940985267657,80.36135196313046,6.3461803347921375,6.044651589233351,0.3015287455587865,0.2994330847252469,0.7026491136703578,-0.019385866332194,-0.008816565521843,0.0012546958389429,0.0,0.0,-0.0189808153855657,0.0799186179924023,0,2025-05-22,13.0,2.6390573296152584,3.2838563080974676,0.3101657270384697,0.2347442113819678,0.4550900661054383,0.07542151565650188
131.25906372070312,132.6487356514494,129.12957588399638,198821300.0,-0.0116615374237078,0.0092733402461478,132.41674141551144,129.69758923747102,0.0612632376804167,77.85389619534712,5.93625541482227,6.022972354351135,-0.0867169395288653,0.289079716680741,0.6432178919949106,0.0077844725889906,-0.019385866332194,-0.008816565521843,0.0012546958389429,0.0,-0.0303545607476719,0.0104671795868149,0,2025-05-23,15.0,2.772588722239781,2.417917550198147,0.2455324875695028,0.07060456280186932,0.6838629576516672,0.17492792476763347
131.25906372070312,132.6487356514494,129.12957588399638,198821300.0,0.0,0.0092733402461478,132.12732199180937,129.9057858352353,0.0,77.85389619534712,5.547439532625702,5.927865790006049,-0.3804262573803463,0.2759581651282544,0.6250646128799148,-0.0116615374237078,0.0077844725889906,-0.019385866332194,-0.008816565521843,0.0012546958389429,-0.0315704079268486,-0.0299246060243006,0,2025-05-24,3.0,1.3862943611198906,2.3622459781701926,0.2919031177879674,0.017002302889722116,0.6910946075680584,0.2749008148982453
131.25906372070312,132.6487356514494,129.12957588399638,198821300.0,0.0,0.0092733402461478,131.9102574240328,130.08622288663102,0.0,77.85389619534712,5.179593020561427,5.778211236117125,-0.5986182155556978,0.2578389215129051,0.606426538558088,0.0,-0.0116615374237078,0.0077844725889906,-0.019385866332194,-0.008816565521843,-0.0229944352144753,-0.0262553093754376,0,2025-05-25,3.0,1.3862943611198906,2.0289249089707693,0.2322444313158667,0.05300423303838047,0.7147512866467842,0.17924019827748622
131.25906372070312,132.6487356514494,129.12957588399638,198821300.0,0.0,0.009157143528888,131.7474589982004,130.2426016645073,0.0,70.79779219610629,4.83236748523403,5.589042485940506,-0.7566750007064753,0.2346744665696236,0.5867337718841219,0.0,0.0,-0.0116615374237078,0.0077844725889906,-0.019385866332194,-0.0038695587225453,-0.0303545607476719,1,2025-05-26,7.0,2.0794415416798357,3.278433957411348,0.2075544335371859,0.3002465281714793,0.49219904690359106,-0.0926920946342934
135.4680633544922,135.6280293045703,133.27857708527512,192953600.0,0.0315629617315184,0.0161182108924187,132.67761008727334,130.93932988983863,-0.0295124315151344,66.18245541221364,4.8410156265164375,5.439437114055693,-0.5984214875392553,0.2213983225501681,0.7058781276777447,0.0,0.0,0.0,-0.0116615374237078,0.0077844725889906,0.0201007779300608,0.0007384333894984,0,2025-05-27,6.0,1.9459101490553132,3.2304932730087437,0.5395889284046401,0.01975417811429874,0.4406569094622846,0.5198347502903414
134.7782440185547,137.2176717346689,134.75824445795843,304021100.0,-0.0051051268069733,0.0138204603439862,133.20276857009367,131.45118510700078,0.575617661448141,47.878350190444415,4.737594643440474,5.299068619932649,-0.5614739764921755,0.2038794231247261,0.6633514551401758,0.0315629617315184,0.0,0.0,0.0,-0.0116615374237078,0.026810950787671,-0.004357444594388,1,2025-05-28,9.0,2.302585092994046,2.668597593009567,0.15845653712949276,0.4353299349295877,0.40621349377261606,-0.27687339780009496
139.15721130371094,143.45620133736625,137.87751407348716,369241900.0,0.0319735196551613,0.0176450763492816,134.69137925349798,132.47865526656213,0.2145272153807744,63.32522944937747,4.951896452741693,5.229634186494458,-0.2777377337527653,0.1845081682432088,0.8129352771467417,-0.0051051268069733,0.0315629617315184,0.0,0.0,0.0,0.0601722072299228,0.0267021381749668,0,2025-05-29,17.0,2.8903717578961645,3.1068338632092356,0.23203410757704027,0.5222586392638009,0.24570726094773077,-0.29022453168676066
135.09817504882812,139.58710766728817,132.88868890141003,333170900.0,-0.029602573862637,0.0216108492827176,134.79307820233052,132.82792457086427,-0.0976893467399013,49.31991880545603,4.739567098354655,5.131620768866497,-0.3920536705118422,0.1504829094039873,0.631084739091178,0.0319735196551613,-0.0051051268069733,0.0315629617315184,0.0,0.0,0.0292483522227005,0.0055813676679101,0,2025-05-30,20.0,3.044522437723423,2.0077414131376523,0.42194603744319814,0.10737438261153906,0.4706795690513346,0.31457165483165905
135.09817504882812,139.58710766728817,132.88868890141003,333170900.0,0.0,0.0216108492827176,134.8693524139549,133.13062463459278,0.0,49.31991880545603,4.519200030406353,5.009136621174469,-0.4899365907681163,0.0997155835809024,0.6270108119374352,-0.029602573862637,0.0319735196551613,-0.0051051268069733,0.0315629617315184,0.0,0.0292483522227005,0.0252656152836916,0,2025-05-31,7.0,2.0794415416798357,2.68065901209591,0.1681528103155019,0.3294248674849088,0.5024223425450766,-0.1612720571694069
135.09817504882812,139.58710766728817,132.88868890141003,333170900.0,0.0,0.0216108492827176,134.92655807267323,133.39296468982417,0.0,49.31991880545603,4.295046914145928,4.866318679768761,-0.571271765622833,0.0673382517025901,0.6200373316292033,0.0,-0.029602573862637,0.0319735196551613,-0.0051051268069733,0.0315629617315184,-0.0027304465458853,0.0173154472845065,1,2025-06-01,9.0,2.302585092994046,2.469916323767392,0.3109142478353453,0.12607711210074588,0.5630086611164656,0.18483713573459945
137.34764099121094,138.08745689917103,135.36809645457458,197663100.0,0.0165135005055624,0.0219844403342591,135.53182880230764,133.92025486334242,-0.4067215954334547,54.12680262488491,4.249926548785567,4.743040253572122,-0.4931137047865555,0.0640947264014486,0.8436817773640203,0.0,0.0,-0.029602573862637,0.0319735196551613,-0.0051051268069733,0.0190638852091182,0.0463859568849527,1,2025-06-02,5.0,1.791759469228055,2.924225782683419,0.08123923338489485,0.2517407081553428,0.6670200513900908,-0.17050147477044791
141.1867218017578,141.9665367692297,137.91748812723765,225578800.0,0.0275680451764044,0.0212647762288505,136.94555205217017,134.8891171217978,0.1412286865884426,63.913800201305065,4.472395084472396,4.688911219752177,-0.2165161352797815,0.0782109424748156,1.1175943106963886,0.0165135005055624,0.0,0.0,-0.029602573862637,0.0319735196551613,0.0145842998651177,0.0756340766088279,1,2025-06-03,3.0,1.3862943611198906,2.632432157531962,0.024029015712309428,0.6967146301642967,0.279256429534246,-0.6726856144519873
141.88656616210938,142.3564566649135,139.5071219355859,167120800.0,0.0049446261162866,0.0207299298582417,138.180805579655,135.82211032717268,-0.2591466928629817,72.29078728499833,4.651554369560216,4.681439849713786,-0.0298854801535695,0.0914648482660389,1.0546820000093664,0.0275680451764044,0.0165135005055624,0.0,0.0,-0.029602573862637,0.0502478372548536,0.080965855920013,0,2025-06-04,9.0,2.302585092994046,2.0846233591391203,0.31909441615247885,0.06581176979387766,0.6150938295827428,0.2532826463586012
139.95703125,143.96608121416313,138.79730082341692,231397900.0,-0.0136924526654056,0.0187805106917985,138.62486199724125,136.373433116883,0.3846146021321104,65.16954863343167,4.584989151274897,4.662149710026008,-0.0771605587511112,0.0969465270946511,0.8577924774201658,0.0049446261162866,0.0275680451764044,0.0165135005055624,0.0,0.0,0.0359653725849054,0.0662656526927898,1,2025-06-05,9.0,2.302585092994046,2.418630949879887,0.3437404779146126,0.1954271203962409,0.460832414111997,0.14831335751837169
141.6865997314453,143.23623746842864,141.47664251332282,153986200.0,0.0122821184881283,0.0133640089313172,139.39029643079226,137.08185533215797,-0.3345393367874125,71.92103309812032,4.618557600981177,4.653431288217042,-0.0348736872358648,0.1056029046865897,0.9264321185292872,-0.0136924526654056,0.0049446261162866,0.0275680451764044,0.0165135005055624,0.0,0.0487676808382937,0.0459040767467124,0,2025-06-06,9.0,2.302585092994046,1.7799369618609129,0.47271719933367473,0.07728532271592421,0.4499974518288051,0.39543187661775053
141.6865997314453,143.23623746842864,141.47664251332282,153986200.0,0.0,0.0133640089313172,139.96437225595554,137.69582125206296,0.0,71.92103309812032,4.592224533360934,4.64118993724582,-0.0489654038848863,0.112724832205909,0.8779384102295937,0.0122821184881283,-0.0136924526654056,0.0049446261162866,0.0275680451764044,0.0165135005055624,0.0315910685390805,0.0512572022524611,0,2025-06-07,3.0,1.3862943611198906,1.9765297144632983,0.7524697178033668,0.026564870203951825,0.2209654642674995,0.725904847599415
141.6865997314453,143.23623746842864,141.47664251332282,153986200.0,0.0,0.0133640089313172,140.39492912482797,138.22792504931394,0.0,71.92103309812032,4.519260169460637,4.616803983688784,-0.097543814228147,0.1186570125996498,0.8392111572594929,0.0,0.0122821184881283,-0.0136924526654056,0.0049446261162866,0.0275680451764044,0.0035405449132064,0.0181764811470241,1,2025-06-08,3.0,1.3862943611198906,4.761421135102786,0.14473794490637837,0.11357985016152415,0.7416822078720943,0.031158094744854217
142.59640502929688,144.96584183837217,141.9065651342004,185114500.0,0.0064007231440776,0.0126677000452644,140.9452981009452,138.810389046645,0.2021499329160665,72.95554619075925,4.483169877692603,4.590077162489548,-0.1069072847969447,0.1246160343194001,0.8512319430697987,0.0,0.0,0.0122821184881283,-0.0136924526654056,0.0049446261162866,0.0050028616971142,0.055502081932333,1,2025-06-09,4.0,1.6094379124341003,1.9607660041730135,0.11307645821728421,0.02880189790924598,0.8581216523043058,0.08427456030803823
143.92608642578125,144.25599524562207,141.4966510569608,155881900.0,0.009281581599223,0.0085356711763119,141.69049518215422,139.49248203052983,-0.1579163166580683,69.3859707411928,4.509875203489116,4.574036770689462,-0.0641615672003457,0.1280609557817928,0.8813450931578557,0.0064007231440776,0.0,0.0,0.0122821184881283,-0.0136924526654056,0.0283590980769767,0.0653444161903924,0,2025-06-10,15.0,2.772588722239781,1.6025624203492803,0.2175014482911875,0.24204388321892395,0.5404546581883457,-0.024542434927736445
142.80625915527344,144.96590375929992,141.84641202362192,167694000.0,-0.0078109985239344,0.0093139586540135,141.96943617543403,139.93431898049565,0.0757759560282496,68.04469089801597,4.390072639973084,4.537243944546186,-0.147171304573102,0.1287314552869008,0.7865961169625947,0.009281581599223,0.0064007231440776,0.0,0.0,0.0122821184881283,0.0079023663913901,0.0570554273117265,1,2025-06-11,13.0,2.6390573296152584,1.918208535884518,0.4647252007227992,0.25976688715471047,0.27550794129856343,0.20495831356808875
144.9759063720703,144.9759063720703,141.82643588786814,162365000.0,0.015078685098274,0.0080520918199307,142.7210537245931,140.6065306327056,-0.0317781196703519,64.5209688007884,4.419258185681088,4.513646792773167,-0.0943886070920791,0.1283264760136004,0.8696151797458084,-0.0078109985239344,0.009281581599223,0.0064007231440776,0.0,0.0,0.0232153686153777,0.0555398354555467,0,2025-06-12,5.0,1.791759469228055,0.8764053269347762,0.19608214345003458,0.0656232848718695,0.7382945519175598,0.13045885857816508
141.9464111328125,143.55614422146527,140.82660211679442,180820600.0,-0.0211179656782902,0.0119790404205395,142.52739307664797,140.7851813660532,0.1136673544175161,68.01603116314246,4.150093301429678,4.440936094504469,-0.2908427930747912,0.1200263717540412,0.6799570808789216,0.015078685098274,-0.0078109985239344,0.009281581599223,0.0064007231440776,0.0,0.001833704823601,0.0053807420510929,0,2025-06-13,9.0,2.302585092994046,2.036894433734699,0.5175955467068255,0.13096509726083105,0.3514393730275145,0.38663044944599445
141.9464111328125,143.55614422146527,140.82660211679442,180820600.0,0.0,0.0119790404205395,142.3821475906891,140.9400120016211,0.0,68.01603116314246,3.891914622299055,4.331131800063386,-0.4392171777643314,0.1090028153115073,0.662249882207387,-0.0211179656782902,0.015078685098274,-0.0078109985239344,0.009281581599223,0.0064007231440776,-0.0045582768818809,0.0004217803864161,1,2025-06-14,3.0,1.3862943611198906,1.6566044331920002,0.08350801336438786,0.5509360368782139,0.3655559495481049,-0.46742802351382606
157.22386169433594,157.57380961936815,152.94457434216997,171224100.0,0.1022210604401235,0.0403399893678939,146.0925761166008,143.11119196064976,-0.0530719398121674,82.26880310059164,4.863999580910246,4.437705356232758,0.4262942246774877,0.1440083064617229,1.3112197412526434,0.0,-0.0211179656782902,0.015078685098274,-0.0078109985239344,0.009281581599223,0.0923930859150539,0.1233723685771301,1,2025-07-02,3.0,1.3862943611198906,4.820663523068537,0.06291959724660444,0.4568468746345763,0.4802335143720148,-0.39392727738797184
159.3135223388672,160.95324924613055,157.74379112425564,143716100.0,0.013203438882959,0.0401837404601039,149.3978126721674,145.27150267774542,-0.1606549545303494,82.18576556885317,5.736870986441062,4.697538482274419,1.0393325041666426,0.1799451937182276,1.1788859379226366,0.1022210604401235,0.0,-0.0211179656782902,0.015078685098274,-0.0078109985239344,0.1155920145323978,0.124407831374542,0,2025-07-03,6.0,1.9459101490553132,1.9664208952029476,0.2743095854642549,0.33889041016244303,0.3867999884494951,-0.06458082469818816
159.3135223388672,160.95324924613055,157.74379112425564,143716100.0,0.0,0.0405871895618128,151.87674008884233,147.14377196589498,0.0,79.92750636611804,6.355367147624008,5.029104215344337,1.326262932279671,0.2020407366878049,1.0570595798271805,0.013203438882959,0.1022210604401235,0.0,-0.0211179656782902,0.015078685098274,0.0988965430573023,0.124407831374542,0,2025-07-04,10.0,2.3978952727983707,2.101981852885987,0.10474203048628708,0.17467889209699283,0.720579095419259,-0.06993686161070575
159.3135223388672,160.95324924613055,157.74379112425564,143716100.0,0.0,0.0399739654627096,153.73593565134854,148.76640534895796,0.0,79.45267866030623,6.767518075643409,5.376786987404152,1.3907310882392565,0.2220066731465705,0.9719379096760472,0.0,0.013203438882959,0.1022210604401235,0.0,-0.0211179656782902,0.1223497731816911,0.124407831374542,0,2025-07-05,4.0,1.6094379124341003,1.2687934538084567,0.0883507441666371,0.0288738472650971,0.8827754234571646,0.05947689690154
159.3135223388672,160.95324924613055,157.74379112425564,143716100.0,0.0,0.0404122768367619,155.1303323232282,150.1726876142792,0.0,84.99619566686732,7.013305633770955,5.704090716677513,1.309214917093442,0.2304133958106081,0.9147967716928144,0.0,0.0,0.013203438882959,0.1022210604401235,0.0,0.1223497731816911,0.1172337921572126,0,2025-07-06,1.0,0.6931471805599453,0.6931471805599453,0.05950488150119781,0.0403897352516651,0.9001054167747499,0.019115146249532707
158.21371459960938,159.28352889047815,157.31385497697042,140139000.0,-0.0069273562042348,0.0387078864099844,155.9011778923235,151.24482454565657,-0.0248900436346379,80.57703111281748,7.03821657180734,5.970915887703479,1.067300684103861,0.2312078530338557,0.8435527219334662,0.0,0.0,0.0,0.013203438882959,0.1022210604401235,0.0062958185520074,0.0992705945714425,1,2025-07-07,2.0,1.0986122886681098,1.0397207708399179,0.07201200102766352,0.024035595357418,0.903952439626058,0.04797640567024551
159.97341918945312,160.19338386133896,158.36368604860908,138133000.0,0.0110609282634806,0.0381920355460793,156.9192382166059,152.40863716482946,-0.0143143593146803,81.76440622351188,7.117901387158895,6.200312987594562,0.917588399564333,0.230690892735931,0.8565558201484939,-0.0069273562042348,0.0,0.0,0.0,0.013203438882959,0.0041421270517283,0.1202129383944845,1,2025-07-08,8.0,2.1972245773362196,2.193096256618917,0.29910143504881714,0.10504541221143483,0.5958531641451225,0.19405602283738232
162.85293579101562,164.39267314506114,161.13322041798892,183656400.0,0.017839887770588,0.0090014011358864,158.40266261020832,153.80121031498763,0.329562088711604,83.4227155256121,7.328921853018699,6.42603476067939,0.9028870923393084,0.2355756527546793,0.8918523747596914,0.0110609282634806,-0.0069273562042348,0.0,0.0,0.0,0.0222166543064683,0.1233103476729795,1,2025-07-09,3.0,1.3862943611198906,1.0593512767826485,0.4576033849157767,0.014008659513239912,0.5283879108940737,0.44359472540253675
164.07273864746094,164.4726660794993,161.5831469026993,167704100.0,0.0074622986953861,0.008371572345715,159.82018161952146,155.17074742598408,-0.0868594832524213,83.583434304293,7.508037011650714,6.642435210873655,0.8656018007770587,0.2443790979222396,0.8769157456685814,0.017839887770588,0.0110609282634806,-0.0069273562042348,0.0,0.0,0.0298732727688404,0.1558780340979941,1,2025-07-10,11.0,2.4849066497880004,4.15700516996847,0.5358627249869886,0.04114462385204306,0.42299264411205206,0.4947181011349456
164.89259338378906,167.862101078866,163.44283738179527,193633300.0,0.0049844549192567,0.0081636851373966,161.08828456058836,156.46699355369142,0.1546127971826567,83.3174351078404,7.628209242973753,6.839590017293675,0.7886192256800779,0.2513539721652393,0.854987837793182,0.0074622986953861,0.017839887770588,0.0110609282634806,-0.0069273562042348,0.0,0.0350194444452425,0.1616538387117581,0,2025-07-11,18.0,2.9444389791664403,2.7719148470764323,0.30400169148067,0.1608919498051234,0.5351063385085743,0.14310974167554663
164.89259338378906,167.862101078866,163.44283738179527,193633300.0,0.0,0.0081636851373966,162.03936176638854,157.59040686437112,0.0,86.39212022410777,7.635430116597547,6.99875803715445,0.6366720794430973,0.2508022708754663,0.8202929606639284,0.0049844549192567,0.0074622986953861,0.017839887770588,0.0110609282634806,-0.0069273562042348,0.0422142846533999,0.0487758766818879,0,2025-07-12,17.0,2.8903717578961645,2.4400002832613805,0.23905084081740896,0.1187317546456338,0.6422174018777834,0.12031908617177516
164.89259338378906,167.862101078866,163.44283738179527,193633300.0,0.0,0.0081636851373966,162.75266967073867,158.56403173362685,0.0,85.34424120063082,7.554074047595122,7.109821239242585,0.4442528083525374,0.2491681324061021,0.7896820550055429,0.0,0.0049844549192567,0.0074622986953861,0.017839887770588,0.0110609282634806,0.0307499472053558,0.0350194444452425,0,2025-07-13,6.0,1.9459101490553132,2.130325900988245,0.09654925034967346,0.053767770528832186,0.8496829864043668,0.042781479820841274
164.04273986816406,165.4625020418882,161.99307751467913,136975800.0,-0.0051673099282076,0.0077549544938396,163.07518722009502,159.29452615156515,-0.2926020472718277,92.50004842541108,7.336452641317209,7.15514751965751,0.1813051216596983,0.2426109929742498,0.7430092725605351,0.0,0.0,0.0049844549192567,0.0074622986953861,0.017839887770588,0.007306003243781,0.0296849724986785,1,2025-07-14,3.0,1.3862943611198906,2.0197077318605987,0.03847038444407709,0.5442084778865044,0.41732116879077275,-0.5057380934424273
170.671630859375,172.37134531045626,169.17188012202328,230627400.0,0.0396144201912239,0.0152542820441851,164.974298129915,160.8114734459398,0.6837090931390801,94.02394295447976,7.611145662577059,7.24634714824142,0.3647985143356385,0.2426143167893769,0.8772936675472659,-0.0051673099282076,0.0,0.0,0.0049844549192567,0.0074622986953861,0.0402193092302367,0.0712940643942865,1,2025-07-15,7.0,2.0794415416798357,2.058394608899636,0.2136057150661324,0.2540745598568976,0.532319742347126,-0.04046884479076518
171.34152221679688,171.72146396229547,168.87193138356372,158831500.0,0.0039173476695515,0.0148495459061158,166.56610415163547,162.21547994872077,-0.3113068958848775,89.1787584447657,7.793062916719407,7.355690301937018,0.4373726147823893,0.2399646100633553,0.8577198011971298,0.0396144201912239,-0.0051673099282076,0.0,0.0,0.0049844549192567,0.0391098757116268,0.075498926276613,1,2025-07-16,12.0,2.5649493574615367,3.2312474446135933,0.3524519826756601,0.07904377172198172,0.5685042521419609,0.27340821095367834
172.97125244140625,174.13106334471073,170.80161486292053,160841100.0,0.0094666391463692,0.0148734300830851,168.16739122407816,163.6495829477455,0.0126524020738958,88.89528158321738,7.976787815612084,7.479909804672031,0.496878010940053,0.2374769924495574,0.8628634139607348,0.0039173476695515,0.0396144201912239,-0.0051673099282076,0.0,0.0,0.0489934623007233,0.0932759709178416,0,2025-07-17,14.0,2.70805020110221,1.6097907931834992,0.08365613654355365,0.235784606532962,0.6805592247760099,-0.15212846998940832
172.38136291503906,174.22105359276725,171.23154479926822,146456400.0,-0.0034161611860592,0.015442495719284,169.22088414681838,164.813820276718,-0.0894342304299087,86.005626943406,7.9827715455116675,7.580482152839959,0.4022893926717081,0.2252690942356746,0.821874478821372,0.0094666391463692,0.0039173476695515,0.0396144201912239,-0.0051673099282076,0.0,0.0454160455455983,0.0775625337537573,0,2025-07-18,16.0,2.833213344056216,2.4076980167017688,0.3776005302331364,0.16964460109283566,0.45275488776199524,0.20795592914030073
172.38136291503906,174.22105359276725,171.23154479926822,146456400.0,0.0,0.015442495719284,170.0110038388735,165.82282596182748,0.0,86.005626943406,7.896487897478465,7.643683301767661,0.2528045957108045,0.212343064950723,0.7987714616883773,-0.0034161611860592,0.0094666391463692,0.0039173476695515,0.0396144201912239,-0.0051673099282076,0.0508320152027239,0.0585093973144641,0,2025-07-19,10.0,2.3978952727983707,2.021683056148171,0.09683830437128652,0.0695293148144557,0.8336323678812567,0.02730898955683081
172.38136291503906,174.22105359276725,171.23154479926822,146456400.0,0.0,0.015442495719284,170.60359360791492,166.69729755558902,0.0,86.005626943406,7.738898282666383,7.662726297947406,0.0761719847189779,0.1826237453411199,0.7932338547113541,0.0,-0.0034161611860592,0.0094666391463692,0.0039173476695515,0.0396144201912239,0.010017669879025,0.050639882871893,0,2025-07-20,4.0,1.6094379124341003,0.8664339756999316,0.10249124169349666,0.028534057736396744,0.8689746975898742,0.07395718395709991
171.35153198242188,173.35119970444802,170.97159023323564,123126100.0,-0.0059920597023081,0.015547757706389,170.79057820154165,167.3178621458334,-0.1592986035434436,86.33855888281511,7.4450863074035,7.619198299838625,-0.1741119924351251,0.1369612791513266,0.7769448712102295,0.0,0.0,-0.0034161611860592,0.0094666391463692,0.0039173476695515,5.841996438160635e-05,0.0391705804735544,0,2025-07-21,8.0,2.1972245773362196,1.417678143350982,0.2526636662854764,0.021099641815433133,0.7262366975126335,0.23156402447004323
167.00225830078125,171.36153479867312,164.55266825003173,193114300.0,-0.0257098538580887,0.0111508809850288,169.84349822635156,167.2757816331598,0.5684270028856595,67.00536472923105,6.783096844403957,7.451978008751691,-0.6688811643477344,0.1292785696537056,0.5665135868622002,-0.0059920597023081,0.0,0.0,-0.0034161611860592,0.0094666391463692,-0.0345085906263353,0.0127941763404855,1,2025-07-22,7.0,2.0794415416798357,2.065794190719027,0.24565942843324867,0.05196102415244707,0.7023795605958922,0.1936984042808016
170.75161743164062,171.23153339032083,167.94208685699226,154082200.0,0.0222026358348115,0.0146597330728889,170.07052802767382,167.73922640629058,-0.2021191594822341,68.33800006801718,6.486238057969672,7.258830018595288,-0.7725919606256157,0.1265606277470978,0.7188133062749502,-0.0257098538580887,-0.0059920597023081,0.0,0.0,-0.0034161611860592,-0.0094543021115437,0.035532366418755,1,2025-07-23,13.0,2.6390573296152584,2.650777275981412,0.22419486347070572,0.09856984587927967,0.6772352693667462,0.12562501759142605
173.7111358642578,173.80111724784433,171.27153886755505,128984600.0,0.0171838100267436,0.0157808384549028,170.9806799868198,168.53548100068622,-0.1628844863326198,70.70450013176682,6.41582608535424,7.090229231947078,-0.6744031465928382,0.1260215499227095,0.8253023899510642,0.0222026358348115,-0.0257098538580887,-0.0059920597023081,0.0,0.0,0.0077141340962372,0.058938274280617,0,2025-07-24,7.0,2.0794415416798357,2.7775935275675216,0.20850715730028074,0.17589012087811146,0.615602728643546,0.03261703642216929
173.47117614746094,174.69097468726906,172.9312725713388,122316800.0,-0.0013823270754584,0.0157129383416519,171.60330402698008,169.19357368692286,-0.0516945433795972,68.89872248419745,6.268403097089333,6.92586400497553,-0.6574609078861968,0.1226426397183531,0.7867340312226935,0.0171838100267436,0.0222026358348115,-0.0257098538580887,-0.0059920597023081,0.0,0.0063221059051437,0.0164031085540667,0,2025-07-25,18.0,2.9444389791664403,2.3922436198325894,0.3913499513859217,0.03151195503709365,0.5771381030825792,0.35983799634882807
173.47117614746094,174.69097468726906,172.9312725713388,122316800.0,0.0,0.0157129383416519,172.07027205710028,169.76392068166126,0.0,68.89872248419745,6.081465962726924,6.756984396525809,-0.6755184337988851,0.1166984986230964,0.7640262800775105,-0.0013823270754584,0.0171838100267436,0.0222026358348115,-0.0257098538580887,-0.0059920597023081,0.0123701500682031,0.0124292926963112,0,2025-07-26,16.0,2.833213344056216,1.9967729697506387,0.18449963123482352,0.06739375890130905,0.7481066127159943,0.11710587233351447
173.47117614746094,174.69097468726906,172.9312725713388,122316800.0,0.0,0.0157129383416519,172.42049807969045,170.25822141043454,0.0,68.89872248419745,5.865700789505951,6.578727675121837,-0.7130268856158866,0.1046692540785866,0.7499271710900347,0.0,-0.0013823270754584,0.0171838100267436,0.0222026358348115,-0.0257098538580887,0.0387355111990688,0.0028902126740628,1,2025-07-27,7.0,2.0794415416798357,2.1616015380328912,0.5056576817631128,0.1521233642315997,0.34221896966951054,0.3535343175315131
176.7206268310547,176.97058528484683,173.94109004538618,140023500.0,0.0185586522644898,0.0166312220494256,173.4955302675315,171.11987546651724,0.1447609813206363,75.2589868655141,5.889023847474107,6.440786909592291,-0.5517630621181846,0.0987562870862811,0.9073565056646676,0.0,0.0,-0.0013823270754584,0.0171838100267436,0.0222026358348115,0.0349572641782074,0.0251724655301297,0,2025-07-28,9.0,2.302585092994046,2.0936012150558385,0.06906875103577877,0.24281155548445565,0.6881197110028321,-0.1737428044486769
175.4808349609375,179.35020236643535,174.99092613442062,154077500.0,-0.0070402716939666,0.0117883148414128,173.991856440883,171.70133673243996,0.1003688666545259,62.201954629430325,5.741284739747812,6.300886475623396,-0.5596017358755843,0.0944647810990393,0.8081200132170626,0.0185586522644898,0.0,0.0,-0.0013823270754584,0.0171838100267436,0.0101875972883083,0.0179803198761461,1,2025-07-29,15.0,2.772588722239781,2.485462936954561,0.17343203641664562,0.11708231094643838,0.7094856407508002,0.05634972547020724
179.24021911621094,179.86011122312902,176.01074478620916,174312200.0,0.0211970779499216,0.0115774835529381,175.30394710971498,172.70652105027608,0.1313280654216222,67.32460000896938,5.8600008729783895,6.212709355094395,-0.3527084821160056,0.09749988271807,0.9769143671505576,-0.0070402716939666,0.0185586522644898,0.0,0.0,-0.0013823270754584,0.0332564930778238,0.0397888500542391,0,2025-07-30,15.0,2.772588722239781,2.1658042732097695,0.18784418180971077,0.06289949466075598,0.7492563183068619,0.12494468714895479
177.84043884277344,183.26954448460756,175.9007587673991,221685400.0,-0.0078401751112065,0.0117461959508111,175.9380700429796,173.39104342260907,0.2717721421679033,60.78865319585287,5.7745680681073,6.1250810976969765,-0.3505130295896768,0.0962429545240262,0.8576005321295671,0.0211970779499216,-0.0070402716939666,0.0185586522644898,0.0,0.0,0.0251872546918017,0.0378689748803484,0,2025-07-31,16.0,2.833213344056216,2.257115157860009,0.3345104799915741,0.06538966583297,0.6000998698185755,0.26912081415860406
173.69113159179688,176.51065501732398,170.86160006411595,204529000.0,-0.0236081212267988,0.0156092251619246,175.37633543018393,173.43105517850077,-0.0773907528416395,52.50667135467194,5.310827621841412,5.962230402525864,-0.6514027806844522,0.0882789371154211,0.5872613916663137,-0.0078401751112065,0.0211970779499216,-0.0070402716939666,0.0185586522644898,0.0,0.0012679653716589,0.0400525918575815,0,2025-08-01,16.0,2.833213344056216,2.5815691646671093,0.414542539746501,0.024677511337199573,0.5607799424945854,0.38986502840930143
173.69113159179688,176.51065501732398,170.86160006411595,204529000.0,0.0,0.0156092251619246,174.95503447058718,173.4657320336069,0.0,52.50667135467194,4.886975960273105,5.747179514075313,-0.8602035538022079,0.0782313610516341,0.5656757921768061,-0.0236081212267988,-0.0078401751112065,0.0211970779499216,-0.0070402716939666,0.0185586522644898,-0.0171428502353265,0.0172151467984369,0,2025-08-02,10.0,2.3978952727983707,2.075975482232657,0.3295979092321169,0.25455231186112837,0.4158497800918458,0.07504559737098854
173.69113159179688,176.51065501732398,170.86160006411595,204529000.0,0.0,0.0156092251619246,174.6390587508896,173.49578530803225,0.0,52.50667135467194,4.499206413913043,5.497584894042859,-0.9983784801298156,0.0618497254335241,0.537827944842246,0.0,-0.0236081212267988,-0.0078401751112065,0.0211970779499216,-0.0070402716939666,-0.0101988537354464,-0.0001151582617971,1,2025-08-03,8.0,2.1972245773362196,2.6941870218924127,0.031824909809369334,0.08161183768186414,0.8865632673472421,-0.04978692787249481
179.9700927734375,180.170056491935,174.49100755408614,148174600.0,0.0355120697738513,0.0197119815404052,175.97181725652658,174.35902630341965,-0.2755325650641229,63.73485174921626,4.645011149472197,5.327070145128727,-0.6820589956565302,0.068848277545239,1.0199165143655609,0.0,0.0,-0.0236081212267988,-0.0078401751112065,0.0211970779499216,0.004072041759519,0.0374639566659309,0,2025-08-04,5.0,1.791759469228055,1.297232157788818,0.17105618468302794,0.07049279706556036,0.7584510136303845,0.10056338761746758
178.23037719726562,180.23004490386853,175.87076869322405,156407600.0,-0.009713718442209,0.0199543679232903,176.53645724171133,174.8752064225991,0.0555628292568362,69.51682564538356,4.567530299181783,5.175162175939338,-0.607631876757555,0.0710756049966128,0.834195618328011,0.0355120697738513,0.0,0.0,-0.0236081212267988,-0.0078401751112065,0.0021926304108872,0.0274351114432929,1,2025-08-05,8.0,2.1972245773362196,1.285991661677527,0.5559039629568848,0.11709241751382814,0.32700359199976664,0.43881154544305667
179.3901824951172,179.87009845787975,176.22071111043454,137192300.0,0.0064862566351208,0.0183314246020019,177.2498885550628,175.47720323226818,-0.1228540045368639,66.50113177366393,4.547294382695327,5.049588617290536,-0.502294234595209,0.0756129950513288,0.8771702937075201,-0.009713718442209,0.0355120697738513,0.0,0.0,-0.0236081212267988,0.032811409834752,0.0341209789378769,1,2025-08-06,17.0,2.8903717578961645,1.956003635245863,0.522125424861435,0.10801838246443228,0.36985619011922577,0.4141070423970027
180.73997497558597,183.84945895635624,178.7703010091291,151878400.0,0.0074961719986905,0.0181370061331558,178.12241016019357,176.17890613137723,0.1070475529603338,64.30606091851072,4.587294766993267,4.957129847231083,-0.3698350802378156,0.0811265010040986,0.9163964258610532,0.0064862566351208,-0.009713718442209,0.0355120697738513,0.0,0.0,0.0405826326260285,0.0227440803974385,1,2025-08-07,15.0,2.772588722239781,2.1659136267739627,0.22561248415803187,0.31181703646726056,0.46257047994602146,-0.08620455230922869
182.6696319580078,183.2695383396856,180.3700111699138,123396700.0,0.0106198354764218,0.0141634481941906,179.25921560964713,177.04433624159466,-0.1875296289663309,67.51710069797582,4.7202899867133965,4.909761875127546,-0.1894718884141495,0.0889653484006742,0.9693144433149042,0.0074961719986905,0.0064862566351208,-0.009713718442209,0.0355120697738513,0.0,0.0516923361827816,0.0409662798713634,0,2025-08-08,11.0,2.4849066497880004,1.0739387554390711,0.1074818849728041,0.1519607419635283,0.7405573501880197,-0.044478856990724194
182.6696319580078,183.2695383396856,180.3700111699138,123396700.0,0.0,0.0141634481941906,180.1118196967373,177.79437567044977,0.0,67.51710069797582,4.770696042201109,4.881948708542259,-0.1112526663411497,0.094574103310696,0.9092611718325156,0.0106198354764218,0.0074961719986905,0.0064862566351208,-0.009713718442209,0.0355120697738513,0.0149999321718901,0.019133054281603,0,2025-08-09,3.0,1.3862943611198906,5.711294232541905,0.10182584353330196,0.2661650080937243,0.6320091387050077,-0.16433916456042233
182.6696319580078,183.2695383396856,180.3700111699138,123396700.0,0.0,0.0141634481941906,180.75127276205492,178.44440984212417,0.0,67.51710069797582,4.755821059552432,4.856723178744294,-0.1009021191918622,0.0970392070326256,0.8645310237951123,0.0,0.0106198354764218,0.0074961719986905,0.0064862566351208,-0.009713718442209,0.0249073969911919,0.0271546401181781,0,2025-08-10,5.0,1.791759469228055,2.7323179703382143,0.41451803100729245,0.030932380740367367,0.5545496153679915,0.3835856502669251
182.0297393798828,183.8094423252684,180.2200426409657,138323200.0,-0.0035091545807863,0.007061832486156,181.07088941651196,178.922453780492,0.120963526577291,61.22619654507089,4.638923918087755,4.813163326612987,-0.1742394085252314,0.0865562580235082,0.8162280275346873,0.0,0.0,0.0106198354764218,0.0074961719986905,0.0064862566351208,0.0147140542924497,0.0480082529929222,1,2025-08-11,10.0,2.3978952727983707,3.2270171320139256,0.1678719212880916,0.2705609490925399,0.5615671408798191,-0.1026890278044483
183.1295623779297,184.44933506001817,179.4301803710301,145485700.0,0.006023816556037,0.0050760671392724,181.5855576568664,179.48340159348368,0.0517809015407393,66.26965193700474,4.5822077766922575,4.766972216628841,-0.1847644399365835,0.0841304668214803,0.8563646329639724,-0.0035091545807863,0.0,0.0,0.0106198354764218,0.0074961719986905,0.0132211338563399,0.0543403149005599,0,2025-08-12,10.0,2.3978952727983707,2.3365759723401576,0.255403780808268,0.29269990583924477,0.4518963128871245,-0.03729612503097679
181.5598297119141,183.93943921657484,179.3202115957667,179871700.0,-0.0086086537986441,0.0067210610785622,181.5791256706283,179.76025867594106,0.2363531261148002,55.44088887870831,4.360332321880378,4.685644237679148,-0.3253119157987703,0.0830484944355556,0.7276202893740814,0.006023816556037,-0.0035091545807863,0.0,0.0,0.0106198354764218,-0.0060754611163221,0.0453028202879692,1,2025-08-13,22.0,3.1354942159291497,1.897921006050626,0.09778426194068514,0.3143604065208033,0.5878553298589255,-0.2165761445801182
181.98974609375,182.9895798582924,179.43017409752198,129554000.0,0.0023651056738877,0.006249006386011,181.68178077640871,180.05752366498226,-0.2797421717813307,60.19656001229907,4.1711032031641935,4.582736030776157,-0.4116328276119638,0.0810009616900242,0.7330931789840482,-0.0086086537986441,0.006023816556037,-0.0035091545807863,0.0,0.0,-0.0037219424869379,0.0112221608001004,0,2025-08-14,6.0,1.9459101490553132,2.993121515061299,0.5101334287029388,0.014731159404825547,0.4751354072535049,0.4954022692981132
180.4200134277344,181.8697694448933,178.01041021115256,156602200.0,-0.0086628046920428,0.0054986525014644,181.3663389392401,180.10585563334922,0.2087793506954629,68.93642968790257,3.850091992030144,4.436207223026955,-0.5861152309968105,0.076559608109168,0.6062118164330037,0.0023651056738877,-0.0086086537986441,0.006023816556037,-0.0035091545807863,0.0,-0.0123152299928571,0.0122854266758649,0,2025-08-15,5.0,1.791759469228055,3.0291326094427675,0.4477766176488722,0.30771801700366064,0.2445053967257327,0.14005860064521158
180.4200134277344,181.8697694448933,178.01041021115256,156602200.0,0.0,0.0054986525014644,181.1297575613637,180.14774333926724,0.0,68.93642968790257,3.5547117896655323,4.25990813635467,-0.7051963466891378,0.0709964462172868,0.5870204479105293,-0.0086628046920428,0.0023651056738877,-0.0086086537986441,0.006023816556037,-0.0035091545807863,-0.0088432030811682,0.005740731841026,0,2025-08-16,9.0,2.302585092994046,2.3371551972441718,0.1332681640800071,0.12833365046162656,0.7383981759393863,0.004934513618380543
180.4200134277344,181.8697694448933,178.01041021115256,156602200.0,0.0,0.0054986525014644,180.9523215279564,180.18404601772951,0.0,68.93642968790257,3.2827790181301,4.064482312709756,-0.781703294579656,0.0697765275351401,0.573682227684386,0.0,-0.0086628046920428,0.0023651056738877,-0.0086086537986441,0.006023816556037,-0.0147958031189062,-0.0017702865561134,1,2025-08-17,9.0,2.302585092994046,2.341500795897509,0.17541775201721993,0.051726675226496634,0.7728555838544684,0.1236910767907233
181.9797515869141,182.90960499065451,180.5599893659508,132008000.0,0.008607885217185,0.0066472814975776,181.20917904269575,180.42347342695413,-0.1570488792622325,57.70113705866325,3.1567392466550928,3.8829336994988233,-0.7261944528437305,0.0673543271387693,0.6781436103661589,0.0,0.0,-0.0086628046920428,0.0023651056738877,-0.0086086537986441,0.0023128567352497,-0.0037766560522349,0,2025-08-18,4.0,1.6094379124341003,3.981897171230094,0.2529974660598784,0.042481460138025944,0.7045210572396675,0.21051600592185243
175.61080932617188,182.46966985536903,175.46084035755914,185229200.0,-0.0356251900368755,0.0144159168921606,179.80958661356482,179.78178488018318,0.4031664747591055,42.590476157592434,2.5139521314327737,3.6091373858856137,-1.09518525445284,0.0705871767342001,0.1821980330626013,0.008607885217185,0.0,0.0,-0.0086628046920428,0.0023651056738877,-0.0350510779013455,-0.0386425622922294,0,2025-08-19,9.0,2.302585092994046,1.8385419117402735,0.16400623709605233,0.18693140020226254,0.6490623632300434,-0.022925163106210206
175.370849609375,175.9707560164781,168.77195541250927,215142700.0,-0.0013673634964971,0.0144563674535648,178.69990236251738,179.19366017740876,0.1614945159834411,38.007137139990114,1.9625528799166148,3.279820484691814,-1.3172676047751994,0.0733017762464505,0.1849049503685622,-0.0356251900368755,0.008607885217185,0.0,0.0,-0.0086628046920428,-0.0279856082617008,-0.0399561890523251,0,2025-08-20,12.0,2.5649493574615367,2.6086638061730856,0.2802406572606969,0.2592200714372992,0.460539268425374,0.02102058582339772
174.95091247558594,176.87059152353538,173.78110877087863,140040900.0,-0.0023974379006856,0.0141635674571696,177.76265489078452,178.6279604838324,-0.3490790066314125,31.711817673485925,1.474680385806323,2.9187924649147163,-1.4441120791083932,0.0708903651672829,0.1363663658227442,-0.0013673634964971,-0.0356251900368755,0.008607885217185,0.0,0.0,-0.0303131612078004,-0.0388882988483759,1,2025-08-21,8.0,2.1972245773362196,1.0435672281732622,0.2886150271851264,0.01931420806746348,0.6920707653808162,0.2693008191176629
177.96043395996094,178.56032512128596,171.17155351749952,172789400.0,0.0170558100236767,0.016405547909768,177.81209965807864,178.5389569473162,0.2338495396701962,36.073391514670185,1.3157144146922235,2.5981768548702178,-1.2824624401779945,0.0644567334997666,0.3418157834878286,-0.0023974379006856,-0.0013673634964971,-0.0356251900368755,0.008607885217185,0.0,-0.0136325201458794,-0.0282266191806928,0,2025-08-22,10.0,2.3978952727983707,1.6948734372394423,0.09075231740060903,0.40802491774411703,0.5012227741240498,-0.317272600343508
177.96043395996094,178.56032512128596,171.17155351749952,172789400.0,0.0,0.016405547909768,177.8491832335492,178.46182054900217,0.0,36.073391514670185,1.1761745294638786,2.3137763897889503,-1.1376018603250715,0.0569266307209969,0.3002724343424173,0.0170558100236767,-0.0023974379006856,-0.0013673634964971,-0.0356251900368755,0.008607885217185,-0.0220866200327429,-0.0198248464853948,0,2025-08-23,10.0,2.3978952727983707,3.176493111653859,0.1030079265781865,0.5069990301821474,0.38999304731910817,-0.40399110360396095
177.96043395996094,178.56032512128596,171.17155351749952,172789400.0,0.0,0.016405547909768,177.87699591515215,178.3949690037967,0.0,36.073391514670185,1.0534447102170077,2.061710053874562,-1.0082653436575542,0.0578615210402509,0.3130426029501716,0.0,0.0170558100236767,-0.0023974379006856,-0.0013673634964971,-0.0356251900368755,0.0133797266968058,-0.0221403250472881,1,2025-08-24,1.0,0.6931471805599453,4.564348191467836,0.6138559579849243,0.0635943412780761,0.3225497007369995,0.5502616167068483
179.78012084960938,181.8797780221864,176.54066896263805,163012800.0,0.0101733088931742,0.0165833336885595,178.35277714876645,178.5796559165717,-0.0565810171225781,43.781114254114186,1.0904440087252567,1.8674568448447009,-0.7770128361194442,0.0571780344900151,0.4801805173866869,0.0,0.0,0.0170558100236767,-0.0023974379006856,-0.0013673634964971,0.0251425550486621,-0.0035466829093286,1,2025-08-25,6.0,1.9459101490553132,2.1002613704334743,0.06627020442963126,0.15968092517655583,0.7740488969402961,-0.09341072074692457
181.7397918701172,182.359683936518,178.7802771456414,168688200.0,0.0108413957064169,0.0076531488879127,179.19953082910413,179.00100737704443,0.0348156709166396,46.33244745107513,1.2633323837369232,1.7466319526231455,-0.4832995688862223,0.0576954685845866,0.6576574513799596,0.0101733088931742,0.0,0.0,0.0170558100236767,-0.0023974379006856,0.0388044812025694,0.0073150335004903,0,2025-08-26,12.0,2.5649493574615367,2.219108637105183,0.2199660720667253,0.27013516784405883,0.5098987918504296,-0.05016909577733353
181.56982421875,182.45967569067756,179.07023971825097,235518900.0,-0.0009356628960004,0.007595743493623,179.7921041765156,179.34351628927183,0.3961788672829516,50.02847912762562,1.370830615517491,1.6714716852020146,-0.3006410696845236,0.0580663921032517,0.6363986922746871,0.0108413957064169,0.0101733088931742,0.0,0.0,0.0170558100236767,0.0202819816656614,0.0063729669961263,0,2025-08-27,13.0,2.6390573296152584,2.1362463580334494,0.2568826900617792,0.11579785262407999,0.6273194679652385,0.14108483743769923
180.1400604248047,184.43934897141472,176.3806906932069,281787800.0,-0.0079056243757424,0.0086915420203581,179.87909323858787,179.44972217400957,0.1964551464871822,45.01349660343022,1.325375644141758,1.602252476989963,-0.2768768328482054,0.0565884044628852,0.5121215303923192,-0.0009356628960004,0.0108413957064169,0.0101733088931742,0.0,0.0,0.0122478149571951,-0.0101093179107387,0,2025-08-28,17.0,2.8903717578961645,3.0576032737368557,0.43422955096623583,0.3871406996390302,0.17862973335040672,0.04708885132720564
174.1510467529297,178.12038822306508,173.12121914292007,243257900.0,-0.0338116543542126,0.0150595860510699,178.44708161717332,178.74323211786557,-0.1367337407794091,36.35175564891141,0.7969027024967374,1.441182522091318,-0.6442798195945807,0.0619453730917807,0.0110384584086627,-0.0079056243757424,-0.0009356628960004,0.0108413957064169,0.0101733088931742,0.0,-0.0214058098323604,-0.0083124870208353,0,2025-08-29,21.0,3.091042453358316,2.589175803105069,0.42692168271865466,0.33862199363829665,0.23445633367717336,0.08829968908035801
174.1510467529297,178.12038822306508,173.12121914292007,243257900.0,0.0,0.0150595860510699,177.3730729011124,178.13094073587413,0.0,36.35175564891141,0.3737754382165121,1.2277011053163571,-0.853925667099845,0.0654816851958848,0.0726498849890643,-0.0338116543542126,-0.0079056243757424,-0.0009356628960004,0.0108413957064169,0.0101733088931742,-0.0313108817041487,-0.0069555622223552,0,2025-08-30,18.0,2.9444389791664403,2.3821848139708757,0.3305305832666073,0.16092591329335634,0.5085434952092743,0.16960466997325094
174.1510467529297,178.12038822306508,173.12121914292007,243257900.0,0.0,0.0150595860510699,176.56756636406672,177.6002882048149,0.0,36.35175564891141,0.0380059241711308,0.989762069087312,-0.9517561449161812,0.0683450773106903,0.1218938245605443,0.0,-0.0338116543542126,-0.0079056243757424,-0.0009356628960004,0.0108413957064169,-0.0417561010667982,-0.004571943703168,0,2025-08-31,6.0,1.9459101490553132,2.711982378136506,0.0797680465102312,0.38522635926024107,0.5350055756274452,-0.3054583127500099
174.1510467529297,178.12038822306508,173.12121914292007,243257900.0,0.0,0.0140212363562332,175.96343646128247,177.14038934456354,0.0,31.71415659344184,-0.2254944748578395,0.7467107602982817,-0.9722052351561212,0.0681902194735829,0.1569999373100149,0.0,0.0,-0.0338116543542126,-0.0079056243757424,-0.0009356628960004,-0.0408590882198706,-0.0214058098323604,0,2025-09-01,6.0,1.9459101490553132,2.821045012243474,0.3633236425268547,0.17508017888125949,0.4615961837524392,0.1882434636455952
170.75161743164062,172.351357635579,167.19221149694363,231164900.0,-0.0197130365144911,0.0131628334578979,174.660481703872,176.28855308950716,-0.0497126712020452,36.82213784176568,-0.7005504658254154,0.4572585150735422,-1.1578089808989576,0.0759615800815527,-0.0205525595114001,0.0,0.0,0.0,-0.0338116543542126,-0.0079056243757424,-0.0521174633283919,-0.0405079734180813,0,2025-09-02,8.0,2.1972245773362196,1.6524888815186056,0.13578473616388934,0.09334935000725329,0.7708659043023628,0.04243538615663604
170.59165954589844,172.3813708166661,168.851958278929,164424900.0,-0.0009372260023245,0.0131626756541559,173.64327616437862,175.52896728369268,-0.2887116512930813,36.982613227645615,-1.077522022673179,0.150302407524198,-1.227824430197377,0.0808975910483666,0.0382329318712804,-0.0197130365144911,0.0,0.0,0.0,-0.0338116543542126,-0.0204385059601794,-0.0414068130206987,1,2025-09-03,7.0,2.0794415416798357,1.655698072300908,0.06391329987610832,0.7533682300391389,0.18271847657573392,-0.6894549301630306
171.63148498535156,171.83144870716828,169.381858788342,141670100.0,0.0060769042422962,0.0143480238465893,173.14032836962184,175.00930297724722,-0.1383902316498292,41.25400228035501,-1.2776416173676353,-0.1352863974541686,-1.1423552199134666,0.0838725936022646,0.1532767867751996,-0.0009372260023245,-0.0197130365144911,0.0,0.0,0.0,-0.0144676808698868,-0.0453255667297851,0,2025-09-04,7.0,2.0794415416798357,2.344254414285129,0.35729530411063815,0.38149514922645567,0.261209493233438,-0.02419984511581752
166.9922637939453,169.0019244592772,164.04275681292185,224441400.0,-0.0274021624026913,0.0124203001639972,171.60331222570272,173.94036441947364,0.5842538404363378,23.386672787992325,-1.7899507781393709,-0.466219273591209,-1.323731504548162,0.095285987917514,-0.0428191536062754,0.0060769042422962,-0.0009372260023245,-0.0197130365144911,0.0,0.0,-0.0411067466573464,-0.0811463902561933,0,2025-09-05,2.0,1.0986122886681098,0.8958797346140275,0.41527145210654537,0.03479644815914773,0.5499320824406387,0.38047500394739764
166.9922637939453,169.0019244592772,164.04275681292185,224441400.0,0.0,0.0124203001639972,170.45055011776338,173.01395100273655,0.0,23.386672787992325,-2.170934299790872,-0.8071622788311417,-1.3637720209597304,0.1032570512922606,0.0342313371563518,-0.0274021624026913,0.0060769042422962,-0.0009372260023245,-0.0197130365144911,0.0,-0.0411067466573464,-0.0802862506891126,0,2025-09-06,12.0,2.5649493574615367,1.8071859927659437,0.3180112518969875,0.14706374288410526,0.5349250134494982,0.17094750901288222
166.9922637939453,169.0019244592772,164.04275681292185,224441400.0,0.0,0.0124203001639972,169.58597853680885,172.21105937489773,0.0,23.386672787992325,-2.444685670887708,-1.134666957242455,-1.3100187136452528,0.1059439135773484,0.0845892918685952,0.0,-0.0274021624026913,0.0060769042422962,-0.0009372260023245,-0.0197130365144911,-0.0220165038214079,-0.0729865228192683,1,2025-09-07,4.0,1.6094379124341003,2.7004239442148794,0.5212756354692925,0.18309318801216867,0.2956311604402305,0.3381824474571238
168.2820281982422,170.93159698121408,167.32219627229085,163769100.0,0.0076938244141539,0.0133453720666971,169.2599909521672,171.68718855134367,-0.2703257955083152,21.3644630668194,-2.5284163861235243,-1.4134168430186689,-1.1149995431048554,0.1109385402833988,0.1881024087559616,0.0,0.0,-0.0274021624026913,0.0060769042422962,-0.0009372260023245,-0.0135389464748998,-0.0337007365968574,1,2025-09-08,3.0,1.3862943611198906,5.3157820397537705,0.026428842090641842,0.41072246910111043,0.5628486954775402,-0.3842936270104686
170.7316131591797,170.95157781434446,166.71229229208453,157548400.0,0.0144514986660187,0.0132710489973651,169.6278965039203,171.55977849905514,-0.0379845770661254,23.23763510425508,-2.3697950249813857,-1.6046924794112123,-0.7651025455701734,0.1124088009002498,0.3288069773106336,0.0076938244141539,0.0,0.0,-0.0274021624026913,0.0060769042422962,-0.0052430463224663,-0.0196348724713736,1,2025-09-09,7.0,2.0794415416798357,1.9153270937346158,0.18799657031597,0.2596345785642884,0.552368853104683,-0.0716380082483184
177.300537109375,179.26020289704138,175.44084555219968,226852000.0,0.0377534326205141,0.0194448384210026,171.546056655284,172.32521298043113,0.4398876789608781,42.08379309759452,-1.6944960933019502,-1.62265320218936,-0.0718428911125901,0.1134795768218603,0.6568940095494252,0.0144514986660187,0.0076938244141539,0.0,0.0,-0.0274021624026913,0.0617290470901648,0.0180848201326835,0,2025-09-10,7.0,2.0794415416798357,2.1703545130890403,0.3812751365612416,0.35080612625557356,0.26791873521822357,0.030469010305668065
177.1505584716797,180.26021784214308,176.4606317396978,151159300.0,-0.00084625861517,0.0195867763199136,172.9471821093829,172.9685923792643,-0.3336655616877965,44.18061019236779,-1.1580693447846215,-1.5297364307084125,0.3716670859237909,0.1128350691916259,0.6522554567823095,0.0377534326205141,0.0144514986660187,0.0076938244141539,0.0,0.0,0.0608309298104303,0.0172236215324357,1,2025-09-11,12.0,2.5649493574615367,2.314264178887076,0.708173499128991,0.03611084113636501,0.2557156443852596,0.672062657992626
177.80047607421875,178.5803891806412,176.43061617633268,124911000.0,0.0036620168169008,0.013817959628816,174.16050560059188,173.61284353859153,-0.1736466099009456,58.96815367828203,-0.6727493274270557,-1.3583390100521413,0.6855896826250856,0.1126935033741928,0.6859769905829047,-0.00084625861517,0.0377534326205141,0.0144514986660187,0.0076938244141539,0.0,0.0647228322720978,0.0412813579666389,0,2025-09-12,7.0,2.0794415416798357,2.1205040991112085,0.08555315881166876,0.19686202241867215,0.7175848457034797,-0.11130886360700339
177.80047607421875,178.5803891806412,176.43061617633268,124911000.0,0.0,0.013817959628816,175.07049821899858,174.17119454334184,0.0,58.96815367828203,-0.284846187589352,-1.1436404455595834,0.8587942579702315,0.1125514175666115,0.686628377614582,0.0036620168169008,-0.00084625861517,0.0377534326205141,0.0144514986660187,0.0076938244141539,0.056562474186272,0.0422577314008763,0,2025-09-13,6.0,1.9459101490553132,2.2983996428582,0.12511366589776204,0.10224090584057989,0.7726454312971432,0.022872760057182154
177.80047607421875,178.5803891806412,176.43061617633268,124911000.0,0.0,0.013817959628816,175.7529926828036,174.65509874745877,0.0,58.96815367828203,0.0223126392075698,-0.9104498286061528,0.9327624678137229,0.1102960211420986,0.6957092865751288,0.0,0.0036620168169008,-0.00084625861517,0.0377534326205141,0.0144514986660187,0.0414033627647416,0.035943236693394,0,2025-09-14,1.0,0.6931471805599453,2.4849066497880004,0.6555669903755188,0.0124474763870239,0.3319855630397796,0.6431195139884949
177.73048400878906,178.830369337568,174.49083425075145,147061600.0,-0.0003937326094895,0.0142720496273022,176.2473655143,175.06515011563616,0.1773310597145168,58.765999363239175,0.257126453966265,-0.6769345720916693,0.9340610260579344,0.1043992198282562,0.7141909746557644,0.0,0.0,0.0036620168169008,-0.00084625861517,0.0377534326205141,0.0024249610656781,0.064303698691658,0,2025-09-15,4.0,1.6094379124341003,3.2853453458100224,0.3433414071040575,0.03866089908272704,0.617997674830198,0.3046805080213305
174.86080932617188,177.4805168617991,174.36086420825131,140737800.0,-0.0162779858837576,0.0164468430412451,175.90072646726796,175.03790467704093,-0.0430010281405887,60.33143456937138,0.2092472577539865,-0.4996982061225382,0.7089454638765247,0.0961113552003724,0.5811430659372708,-0.0003937326094895,0.0,0.0,0.0036620168169008,-0.00084625861517,-0.0129254413040638,0.0471192218936302,0,2025-09-16,6.0,1.9459101490553132,4.122787980670339,0.19057176999518108,0.6294078057177405,0.18002043216078906,-0.43883603572255936
170.27130126953125,173.18098551277336,168.39151800406466,211843800.0,-0.0265972273736624,0.0112018362969181,174.49337016783377,174.40235755603965,0.5052373989077561,49.34127092198226,-0.1967641199535137,-0.4391113888887333,0.2423472689352195,0.0906108496659446,0.3250347836148424,-0.0162779858837576,-0.0003937326094895,0.0,0.0,0.0036620168169008,-0.0423462016015334,0.0196358645669478,1,2025-09-17,5.0,1.791759469228055,0.6931471805599453,0.3037887394428253,0.04202122054994101,0.6541900575160979,0.2617675188928843
176.2206573486328,177.08056354559588,172.9410186572187,191763300.0,0.0343438899121066,0.0189802371439028,174.92519196303354,174.6447975283854,-0.0947891795747621,57.85120213015898,-0.0380293683150512,-0.3588949847739969,0.3208656164589457,0.0919079383313419,0.6950206141106064,-0.0265972273736624,-0.0162779858837576,-0.0003937326094895,0.0,0.0,-0.0088853458689642,0.0471745511709582,1,2025-09-18,14.0,2.70805020110221,2.8518709870506966,0.283914636550031,0.4135324333123376,0.30255293168423125,-0.12961779676230656
176.6505889892578,178.06043774665943,175.16074718989944,237182100.0,0.0024367633114044,0.0189383515292128,175.35654121958962,174.91223638983504,0.2368482394702218,69.30380789147846,0.1210653898369003,-0.2629029098518174,0.3839682996887177,0.0935219775379574,0.7103386436456033,0.0343438899121066,-0.0265972273736624,-0.0162779858837576,-0.0003937326094895,0.0,-0.0064672891228982,0.0346683061241834,0,2025-09-19,18.0,2.9444389791664403,3.6838236930989146,0.5016589432456926,0.1078666542025093,0.39047440465638794,0.3937922890431833
176.6505889892578,178.06043774665943,175.16074718989944,237182100.0,0.0,0.0189383515292128,175.68005316200666,175.14401673642476,0.0,69.30380789147846,0.2443326175646518,-0.1614558043685236,0.4057884219331754,0.0950119750296064,0.6993035745721415,0.0024367633114044,0.0343438899121066,-0.0265972273736624,-0.0162779858837576,-0.0003937326094895,-0.0060760258745362,-0.0036657989350378,0,2025-09-20,13.0,2.6390573296152584,1.4452952059107744,0.37382853059479054,0.03222598984729169,0.5939454721586788,0.34160254074749885
176.6505889892578,178.06043774665943,175.16074718989944,237182100.0,0.0,0.0189383515292128,175.92268711881945,175.34489303680252,0.0,69.30380789147846,0.3381250880913455,-0.0615396258765497,0.3996647139678953,0.0963840907062048,0.6888509345903153,0.0,0.0024367633114044,0.0343438899121066,-0.0265972273736624,-0.0162779858837576,0.0102354533870847,-0.0028222856689542,1,2025-09-21,4.0,1.6094379124341003,2.3962334541043147,0.03875531376394197,0.7203717116683603,0.24087296411518036,-0.6816163979044184
183.58984375,184.5297429971473,174.69082690233378,269637000.0,0.0385304513749347,0.0241251025963317,177.8394762766146,176.4442197985622,0.1368353682676728,74.95883785673236,0.9613147243969138,0.1430312441781429,0.8182834802187708,0.107774762704768,1.0038173163571518,0.0,0.0,0.0024367633114044,0.0343438899121066,-0.0265972273736624,0.0782195377680596,0.0325610358510211,0,2025-09-22,4.0,1.6094379124341003,2.5836551018482177,0.08195079732763241,0.03584316752317284,0.8822060225973056,0.04610762980445957
178.410400390625,182.3999677661597,176.19065819152993,192559600.0,-0.0286176427901732,0.026263803242333,177.9822073051172,176.70637721083725,-0.2858561695909686,61.49657389820797,1.025438590562004,0.3195127134549151,0.7059258771070889,0.1078765727855283,0.7063457576239299,0.0385304513749347,0.0,0.0,0.0024367633114044,0.0343438899121066,0.0124261427402352,0.0034303862952067,0,2025-09-23,18.0,2.9444389791664403,3.334048240606225,0.1926305868692086,0.1066429251921331,0.7007264920787736,0.08598766167707549
176.9505615234375,179.76025041106172,175.38072666046574,143564100.0,-0.0082161364687032,0.0236114731929252,177.72429585969726,176.73893511918396,-0.2544432996329447,49.3813821265394,0.9475377944135914,0.4451177296466505,0.502420064766941,0.1072111382422081,0.6152171721239458,-0.0286176427901732,0.0385304513749347,0.0,0.0,0.0024367633114044,0.0016981122785721,-0.0047801590273947,1,2025-09-24,22.0,3.1354942159291497,2.750079158948991,0.3252665194087953,0.15307961625556682,0.5216538548599607,0.1721869031532285
177.67050170898438,180.2402117285651,173.11100459099512,191586700.0,0.0040603407371467,0.0199328167626898,177.71084732201905,176.863143997824,0.3345028457671521,50.9009006627139,0.9331373815271036,0.5427216600227411,0.3904157215043624,0.0991405090861311,0.6349195564493352,-0.0082161364687032,-0.0286176427901732,0.0385304513749347,0.0,0.0,0.0057736162984918,-0.0003374902180636,1,2025-09-25,12.0,2.5649493574615367,3.550267246906616,0.2883532024729218,0.04464612447868565,0.6670006666146515,0.24370707799423613
178.17044067382812,179.750269051669,174.91078879333958,148573700.0,0.0028099031575023,0.0199372657962783,177.82574565997132,177.03745022129124,-0.2245093213672974,50.64438318767428,0.951102133509238,0.6243977547200406,0.3267043787891974,0.0890307722373772,0.6459968454451686,0.0040603407371467,-0.0082161364687032,-0.0286176427901732,0.0385304513749347,0.0,0.0086037170510806,0.0189272333829972,0,2025-09-26,2.0,1.0986122886681098,2.623512036080243,0.07445171711824967,0.02248540585025657,0.9030628349315473,0.0519663112679931
178.17044067382812,179.750269051669,174.91078879333958,148573700.0,0.0,0.0199372657962783,177.91191941343553,177.18851561496282,0.0,50.64438318767428,0.9543383108911598,0.6903858659542644,0.2639524449368954,0.075564534766629,0.6295501380600922,0.0028099031575023,0.0040603407371467,-0.0082161364687032,-0.0286176427901732,0.0385304513749347,-0.0295190788633801,0.046391490200647,0,2025-09-27,8.0,2.1972245773362196,2.8917201739650653,0.20330343327337358,0.13562599178048665,0.6610705741590702,0.06767744149288693
178.17044067382812,179.750269051669,174.91078879333958,148573700.0,0.0,0.0199372657962783,177.97654972853368,177.31943895614486,0.0,50.64438318767428,0.9459981272343329,0.7415083182102782,0.2044898090240545,0.0619300417081722,0.6125095163759797,0.0,0.0028099031575023,0.0040603407371467,-0.0082161364687032,-0.0286176427901732,-0.001344987266838,0.0110644424696355,1,2025-09-28,8.0,2.1972245773362196,1.9967804695148148,0.16353420220756912,0.09973861331461817,0.736727168141756,0.06379558889295095
181.83004760742188,183.97980553666213,180.30021674934375,193063500.0,0.0203318224287597,0.0147816691731065,178.93992419825574,177.9208534429818,0.2994459988544407,56.34676268306039,1.2206176461120035,0.8373301837906233,0.3832874623213804,0.0570708577874606,0.9282020291034694,0.0,0.0,0.0028099031575023,0.0040603407371467,-0.0082161364687032,0.0275754201737195,0.0293203586118755,1,2025-09-29,7.0,2.0794415416798357,1.8563042751247294,0.17525424004000908,0.05619860513374048,0.7685471335201937,0.11905563490626861
186.55950927734372,187.32942897828707,181.4600633204032,236981000.0,0.0256778263291534,0.0121081367853178,180.8448204680277,179.07267422089674,0.227476970012457,67.12525452698411,1.7991442098291657,1.0296929889983315,0.769451220830834,0.0728786630514064,1.1634240267630025,0.0203318224287597,0.0,0.0,0.0028099031575023,0.0040603407371467,0.0500308575866979,0.0560933328599799,1,2025-09-30,10.0,2.3978952727983707,1.3954339891682097,0.42781071682899474,0.10208025344234162,0.47010905674580344,0.3257304633866531
187.21945190429688,188.11934700723293,183.87980694521147,173844900.0,0.0035311956061994,0.0104481535789301,182.43847832709503,180.1589112453501,-0.2664184048510218,78.0350520813877,2.2845476905630733,1.28066392931128,1.0038837612517932,0.0860202193632655,1.0706797833984945,0.0256778263291534,0.0203318224287597,0.0,0.0,0.0028099031575023,0.0507885101268539,0.0598291971485118,1,2025-10-01,11.0,2.4849066497880004,1.637402792916947,0.5413277218064678,0.04709381391720282,0.41157844973747276,0.494233907889265
188.8692626953125,191.0290292282152,188.0393519833977,136805800.0,0.0087735755415771,0.0102983322615996,184.0461744191494,181.3202914386784,-0.2130583065709721,74.39256857641087,2.7704236694462736,1.5786158773382788,1.1918077921079948,0.1001467441654988,1.0498210704956394,0.0035311956061994,0.0256778263291534,0.0203318224287597,0.0,0.0,0.0600482435864342,0.0287565958850188,0,2025-10-02,5.0,1.791759469228055,1.3349122783628853,0.10168129375824637,0.10759505541630739,0.7907236536102582,-0.005913761658061012
187.59939575195312,190.33910041164867,185.35965145286303,137596900.0,-0.0067462283034799,0.0117458746135266,184.93447975235037,182.15750534711503,0.0057826495660271,70.45198149137303,3.0182240258594675,1.8665375070425168,1.1516865188169507,0.1083419805591894,0.9163543159264576,0.0087735755415771,0.0035311956061994,0.0256778263291534,0.0203318224287597,0.0,0.0529209842130116,0.0515048188962585,0,2025-10-03,12.0,2.5649493574615367,2.0375559802736793,0.2274648336930557,0.14994647557193402,0.6225886871460375,0.07751835812112168
187.59939575195312,190.33910041164867,185.35965145286303,137596900.0,0.0,0.0117458746135266,185.60070875225105,182.8830907344268,0.0,70.45198149137303,3.1779738888514544,2.1288247834043044,1.04914910544715,0.114796729188318,0.8681622674978283,-0.0067462283034799,0.0087735755415771,0.0035311956061994,0.0256778263291534,0.0203318224287597,0.0317293440795192,0.0601797142480677,0,2025-10-04,4.0,1.6094379124341003,2.000924334773592,0.2054691379149245,0.03357599086782253,0.7609549067839513,0.17189314704710196
187.59939575195312,190.33910041164867,185.35965145286303,137596900.0,0.0,0.0117458746135266,186.10038050217656,183.51193140343037,0.0,70.45198149137303,3.2669178112657,2.3564433889765835,0.910474422289116,0.1197671818773111,0.8290908852230338,0.0,-0.0067462283034799,0.0087735755415771,0.0035311956061994,0.0256778263291534,0.0055740202074794,0.0558837508053633,0,2025-10-05,4.0,1.6094379124341003,1.8738854859710639,0.072602159665189,0.02836909553598264,0.8990287156387852,0.044233064129206356
185.5196228027344,187.2094396983396,183.3098739831843,157678100.0,-0.0111481558725398,0.0119787357851389,185.955191077316,183.7796235900042,0.1459422414313114,54.40435511214442,3.133465574344683,2.5118478260502037,0.6216177482944798,0.118118525064317,0.7105076280447712,0.0,0.0,-0.0067462283034799,0.0087735755415771,0.0035311956061994,-0.0090793402302631,0.0412480437333608,0,2025-10-06,3.0,1.3862943611198906,1.617343421306539,0.08249106737119806,0.028403892314859788,0.8891050134386335,0.05408717505633827
185.01968383789065,189.03924688644503,183.97980469837796,140088000.0,-0.0026984412139084,0.0065409786527347,185.7213142674597,183.94496495638907,-0.1115570266257647,69.18167469988362,2.953318798087452,2.600142020457653,0.3531767776297987,0.1050023615887863,0.6710073235776213,-0.0111481558725398,0.0,0.0,-0.0067462283034799,0.0087735755415771,-0.020382241146523,0.0384420846587074,1,2025-10-07,19.0,2.995732273553991,2.7841948537919294,0.3532361608139243,0.05735701144504005,0.5894068361159717,0.2958791493688842
189.0892333984375,189.57918508139647,186.519508300894,130168900.0,0.0217568194804678,0.0109033747356527,186.5632940502041,184.63086741532888,-0.0708062075266975,80.59475790944026,3.103158538920013,2.700745324150125,0.4024132147698882,0.106413606977189,0.8446593289574946,-0.0026984412139084,-0.0111481558725398,0.0,0.0,-0.0067462283034799,0.0079415908591424,0.061282851876637,1,2025-10-08,14.0,2.70805020110221,2.232912495987041,0.19952681618607299,0.23621229003698743,0.5642608914254639,-0.036685473850914446
192.54885864257807,195.27855455286465,191.039014711271,182997200.0,0.0181308946309785,0.0124229520033567,188.0596851982976,185.6865995789621,0.405844253120369,82.94950123002893,3.461172218148534,2.852830702949807,0.6083415151987266,0.1125351524741888,0.9537525509918836,0.0217568194804678,-0.0026984412139084,-0.0111481558725398,0.0,0.0,0.02638314942746,0.0589496135330644,0,2025-10-09,18.0,2.9444389791664403,2.8622238846609163,0.32998135609320406,0.10303202248637679,0.5669866198285819,0.22694933360682729
183.139892578125,195.5985159182785,182.03001384654087,268774400.0,-0.0500996315301551,0.0236676189905246,186.82973704325445,185.3470386455172,0.4687350407547219,57.89139046145824,2.9516509164692195,2.8725947456536893,0.0790561708155301,0.1072201253887035,0.4807410937383219,0.0181308946309785,0.0217568194804678,-0.0026984412139084,-0.0111481558725398,0.0,-0.023771415445946,-0.0183298975885226,0,2025-10-10,21.0,3.091042453358316,2.6401094243966945,0.3815191005506278,0.05985482291370207,0.5586260890075836,0.32166427763692573
183.139892578125,195.5985159182785,182.03001384654087,268774400.0,0.0,0.0236676189905246,185.9072759269721,185.0527525031982,0.0,57.89139046145824,2.5188162679573054,2.801839050114413,-0.2830227821571074,0.1011503209938465,0.4621731447254676,-0.0500996315301551,0.0181308946309785,0.0217568194804678,-0.0026984412139084,-0.0111481558725398,-0.0128273774421144,-0.0217902535483186,0,2025-10-11,14.0,2.70805020110221,2.2761210440222297,0.2955511436645564,0.40102058535158075,0.3034282460916671,-0.10546944168702432
183.139892578125,195.5985159182785,182.03001384654087,268774400.0,0.0,0.0236676189905246,185.21543008976036,184.79770451318845,0.0,57.89139046145824,2.150996343704861,2.6716705088325026,-0.5206741651276414,0.1012144744966999,0.4634016939856718,0.0,-0.0500996315301551,0.0181308946309785,0.0217568194804678,-0.0026984412139084,-0.010159952826493,-0.0303351113644692,1,2025-10-12,12.0,2.5649493574615367,1.3549662677693348,0.22249275220693016,0.13316373004352777,0.6443435174795175,0.08932902216340238
188.29933166503903,190.089128427756,185.9395901592244,153482800.0,0.0277825852240389,0.026011592451207,185.98640548358003,185.2645881334352,-0.4289530550528622,59.80599455545045,2.249884747948016,2.587313356655605,-0.3374286087075893,0.099195980475819,0.7179071518162415,0.0,0.0,-0.0500996315301551,0.0181308946309785,0.0217568194804678,-0.0041774019556893,0.0037310136862669,0,2025-10-13,8.0,2.1972245773362196,2.449320080088487,0.06433380537761667,0.19742159680509752,0.7382445892679343,-0.13308779142748084
180.01022338867188,184.77970370013517,179.6802578066599,205641400.0,-0.0450192404663261,0.0316307699537903,184.492359959853,184.5640061674668,0.339833518804713,41.03967299630911,1.640482299049978,2.3979471451344803,-0.7574648460845022,0.0944898981931358,0.2442384597327787,0.0277825852240389,0.0,0.0,-0.0500996315301551,0.0181308946309785,-0.065119239564963,-0.0404541407655479,0,2025-10-14,9.0,2.302585092994046,3.2695701601823393,0.20755982129327905,0.13917750048731561,0.6532626718668575,0.06838232080596343
179.8102569580078,184.84969686580231,177.2705272995106,214450500.0,-0.0011114789856192,0.0296559660315226,183.32183420939168,183.9301729395389,0.0428371913437664,39.7339884605708,1.1283835449139588,2.144034425090376,-1.0156508801764177,0.0911396011717675,0.2167432857512753,-0.0450192404663261,0.0277825852240389,0.0,0.0,-0.0500996315301551,-0.0181808320035833,-0.0415200633388193,1,2025-10-15,12.0,2.5649493574615367,2.8383736654373144,0.3056628901234823,0.12932064085248057,0.5650164856261052,0.17634224927100173
181.7900390625,183.2598789113643,179.75026972003684,179723300.0,0.0109502227115454,0.0287443873684443,182.9388854226688,183.64482175593372,-0.16193573808408,40.280068382944485,0.872238836534251,1.8896753073791512,-1.0174364708449002,0.0863329493076655,0.3140393567099229,-0.0011114789856192,-0.0450192404663261,0.0277825852240389,0.0,0.0,-0.007370614324507,-0.0201034461147007,1,2025-10-16,10.0,2.3978952727983707,2.9023974990780865,0.5085145629845561,0.020448594537061954,0.4710368371833001,0.48806596844749417
183.19989013671875,184.07979842608083,179.7302697995737,173135200.0,0.007725462942447,0.0222838292168898,183.00413660118124,183.58549754003843,-0.0366569053650807,43.98251224885568,0.7740823690913885,1.6665567197215987,-0.8924743506302102,0.0799657203486525,0.3778043550152383,0.0109502227115454,-0.0011114789856192,-0.0450192404663261,0.0277825852240389,0.0,0.000327605076912,-0.0098356762017079,0,2025-10-17,6.0,1.9459101490553132,1.9944666187143467,0.1296199256759102,0.10431054122577134,0.7660695589445704,0.025309384450138875
183.19989013671875,184.07979842608083,179.7302697995737,173135200.0,0.0,0.0222838292168898,183.0530749850656,183.5340832195958,0.0,43.98251224885568,0.6883577023587861,1.4709169162490363,-0.7825592138902502,0.0726588427337008,0.3470164454202167,0.007725462942447,0.0109502227115454,-0.0011114789856192,-0.0450192404663261,0.0277825852240389,-0.0270815699834324,-0.0311458413357098,0,2025-10-18,8.0,2.1972245773362196,2.8655464680208924,0.08814904854772729,0.1220020688887285,0.7898489002378405,-0.03385302034100121
183.19989013671875,184.07979842608083,179.7302697995737,173135200.0,0.0,0.0222838292168898,183.0897787729789,183.4895241418789,0.0,43.98251224885568,0.6133499697066327,1.2994035269405555,-0.686053557233923,0.071335640644355,0.3390555819702851,0.0,0.007725462942447,0.0109502227115454,-0.0011114789856192,-0.0450192404663261,0.0177193644227631,-0.0485537466789847,0,2025-10-19,9.0,2.302585092994046,3.650792507286933,0.12865115845135175,0.3610967540358635,0.5102520936306977,-0.23244559558451175
182.6199493408203,185.1796658652692,181.7100455780644,128544700.0,-0.0031706387634394,0.0186351828673584,182.97232141493924,183.37358083507107,-0.2575472809688613,45.86424635061358,0.5013304009222566,1.139788901736896,-0.6384585008146395,0.07227307359406,0.3123520096787832,0.0,0.0,0.007725462942447,0.0109502227115454,-0.0011114789856192,0.0156258737980039,-0.00283904959201,0,2025-10-20,6.0,1.9459101490553132,3.0238806923508204,0.16789389619794612,0.2655272033884824,0.5665788907710714,-0.09763330719053628
181.14010620117188,182.7699167975169,179.7802549646251,124240200.0,-0.0081364145460607,0.006474135645893,182.51426761149744,183.07578421721783,-0.033486405896159,44.61709136793612,0.2898024495560207,0.969791611300721,-0.6799891617447003,0.0740273316899362,0.2305556507291022,-0.0031706387634394,0.0,0.0,0.007725462942447,0.0109502227115454,-0.0035751841227377,-0.0109194471439368,0,2025-10-21,7.0,2.0794415416798357,1.5325232850717825,0.10990387527498148,0.3164643577372663,0.5736317736323981,-0.2065604824622848
180.2602081298828,183.4198648953589,176.74059027394597,162249600.0,-0.0048693915029951,0.0068149713325571,181.95075274109377,182.70037407223987,0.3059347940521666,36.56014081425312,0.0505815309804233,0.7859495952366615,-0.7353680642562381,0.0743343366606591,0.1982525405899751,-0.0081364145460607,-0.0031706387634394,0.0,0.0,0.007725462942447,-0.0160463087867689,-0.015723960562081,1,2025-10-22,5.0,1.791759469228055,2.125161022079171,0.24343214676467306,0.09746321743067353,0.65910463972839,0.14596892933399952
182.13999938964844,183.0098989665471,179.7702492811968,111363700.0,0.0103742110517153,0.0066676307207004,181.99806440323243,182.62565744789435,-0.3136272755063802,33.354659904630694,0.0125361650009949,0.6312669091895282,-0.6187307441885332,0.0733250545255035,0.3530993772862684,-0.0048693915029951,-0.0081364145460607,-0.0031706387634394,0.0,0.0,-0.0057854333115556,-0.0327103246778767,1,2025-10-23,11.0,2.4849066497880004,3.6620074423567854,0.15060275475928447,0.18974313472539395,0.6596541129002027,-0.03914037996610947
186.23953247070312,187.44940625639555,183.47984116964935,131296700.0,0.0222580353920546,0.0105223950650274,183.0584314201001,183.10750745093557,0.1789901018015744,55.97068533349636,0.3096139597736282,0.5669363193063482,-0.25732235953272,0.0720360702506327,0.6647413570015445,0.0103742110517153,-0.0048693915029951,-0.0081364145460607,-0.0031706387634394,0.0,0.0165919440874988,0.0346053072140304,0,2025-10-24,11.0,2.4849066497880004,2.063439609406039,0.14071579653356026,0.05247706950716156,0.8068071324270983,0.0882387270263987
186.23953247070312,187.44940625639555,183.47984116964935,131296700.0,0.0,0.0105223950650274,183.85370668275087,183.52511078690452,0.0,55.97068533349636,0.5388388535724289,0.5613168261595645,-0.0224779725871355,0.0706890972888549,0.6731703986392235,0.0222580353920546,0.0103742110517153,-0.0048693915029951,-0.0081364145460607,-0.0031706387634394,0.0198203051909058,0.0357558885764608,0,2025-10-25,13.0,2.6390573296152584,2.5280467605056796,0.3716322539934787,0.10423417101555188,0.5241335573307307,0.26739808297792683
186.23953247070312,187.44940625639555,183.47984116964935,131296700.0,0.0,0.0105223950650274,184.4501631297389,183.8870336780777,0.0,55.97068533349636,0.7122903931176552,0.5915115395511826,0.1207788535664725,0.0711484381844304,0.6692695183796995,0.0,0.0222580353920546,0.0103742110517153,-0.0048693915029951,-0.0081364145460607,0.028151834380995,0.0244760022669523,1,2025-10-26,3.0,1.3862943611198906,0.8283022165960001,0.37376155571757325,0.11040393606945755,0.5158345283879782,0.2633576196481157
191.46897888183597,191.97891738858848,188.4093020699799,153452700.0,0.02769215114497,0.0137837324823516,186.2048670677632,184.89795970524543,0.1687475770525839,56.089114483302026,1.2572320207933956,0.7246556357996252,0.5325763849937704,0.0796368428259192,0.9852095294827224,0.0,0.0,0.0222580353920546,0.0103742110517153,-0.0048693915029951,0.062181059637282,0.0451369743668848,1,2025-10-27,6.0,1.9459101490553132,2.5776945310357218,0.1775715187607741,0.0856915326395774,0.7367369710590578,0.09187998612119669
201.0079345703125,203.12769700573315,191.8889404255143,297986200.0,0.0486185774284361,0.019192214402624,189.9056339434005,187.04595635392107,0.9418765521883944,88.48976239996509,2.430795493172326,1.065883607274165,1.3649118858981606,0.1113899204557697,1.2798904662776682,0.02769215114497,0.0,0.0,0.0222580353920546,0.0103742110517153,0.1035902890298152,0.0972055410093528,1,2025-10-28,12.0,2.5649493574615367,3.0310078109285077,0.28327216184874826,0.05925599200028403,0.6574718556070384,0.22401616984846423
207.01727294921875,212.1667169482571,204.7575264516481,308829600.0,0.0294578512290887,0.017630618788413,194.18354369485508,189.70879856662745,0.0363889334472535,91.1151295294254,3.801930101550937,1.6130929061295198,2.188837195421417,0.1501561082113153,1.265893740314035,0.0486185774284361,0.02769215114497,0.0,0.0,0.0222580353920546,0.1115646082379642,0.1300076260674911,0,2025-10-29,38.0,3.6635616461296463,2.9755040898332554,0.302536149681752,0.1163696612762415,0.5810942002208247,0.18616648840551053
202.8677215576172,206.13736677538768,201.38788833733,178864400.0,-0.0202480852794488,0.0232534320585028,196.3545881605456,191.46332163209277,-0.4208314228946966,79.89220734310966,4.501835679707796,2.190841460845175,2.3109942188626205,0.1698168047080398,1.0116080988122431,0.0294578512290887,0.0486185774284361,0.02769215114497,0.0,0.0,0.0892838854689983,0.1108738245185296,0,2025-10-30,27.0,3.332204510175204,2.9167696627831297,0.5229060854731458,0.1262942063360347,0.35079969986633047,0.39661187913711105
202.4677734375,207.94716749796044,202.04782138155983,179802200.0,-0.0019734183403692,0.0238575861749447,197.8828844797842,192.9305818728137,0.0052430779965157,78.131379875439,4.966987086861735,2.7460705860484875,2.220916500813248,0.1838043994344022,0.9306184654792746,-0.0202480852794488,0.0294578512290887,0.0486185774284361,0.02769215114497,0.0,0.0871363923196579,0.1177412759857934,0,2025-10-31,10.0,2.3978952727983707,2.086886324158362,0.16973800610980797,0.35872828750309554,0.47153372723975023,-0.18899028139328758
202.4677734375,207.94716749796044,202.04782138155983,179802200.0,0.0,0.0238575861749447,199.02910671921316,194.2022074147719,0.0,78.131379875439,5.274818108570827,3.2518200905529557,2.0229980180178715,0.1942760170384721,0.8789428198325038,-0.0019734183403692,-0.0202480852794488,0.0294578512290887,0.0486185774284361,0.02769215114497,0.0574442639214778,0.1231972687594811,0,2025-11-01,10.0,2.3978952727983707,2.6064745887630143,0.3348127047842034,0.06575645567028236,0.5994308163950423,0.269056249113921
202.4677734375,207.94716749796044,202.04782138155983,179802200.0,0.0,0.0238575861749447,199.88877339878485,195.304282884469,0.0,78.131379875439,5.4558843722053325,3.692632946883431,1.7632514253219016,0.2043364000739962,0.8406222001415304,0.0,-0.0019734183403692,-0.0202480852794488,0.0294578512290887,0.0486185774284361,0.0072625932419441,0.1116052164047984,1,2025-11-02,5.0,1.791759469228055,2.2212439174851863,0.7239450652602077,0.034915423321693555,0.24113953515225006,0.6890296419385142
206.85728454589844,211.31678618801203,205.53742218982757,180267300.0,0.0214483784861656,0.0232800255151973,201.63090118556323,196.8446831059929,0.0025867314193042,81.84445551088882,5.885730514786019,4.131252460463949,1.7544780543220702,0.2132711923401313,0.8990021475449709,0.0,0.0,-0.0019734183403692,-0.0202480852794488,0.0294578512290887,-0.0007728263494204,0.1107055618196348,0,2025-11-03,4.0,1.6094379124341003,1.7790985360233664,0.04065069951148688,0.684541693819565,0.274807635431289,-0.6438909943080781
198.66818237304688,203.9476013046771,197.90825607143532,188919300.0,-0.0403931010868999,0.0236421099272095,200.89022148243413,197.0878163416001,0.0479953935073083,69.5778471321774,5.502168994303702,4.4054357672319,1.0967332270718018,0.2083796660106817,0.677606463805857,0.0214483784861656,0.0,0.0,-0.0019734183403692,-0.0202480852794488,-0.0207008742067307,0.0667347567804856,0,2025-11-04,24.0,3.2188758248682006,3.375578554488778,0.38505805260592735,0.04820944417130826,0.5667325061749066,0.33684860843461906
195.18858337402344,202.89772869539195,194.6286320152979,171350300.0,-0.0176698223075004,0.0196774478019773,199.46481195533147,196.83458527925652,-0.092997380362938,65.75894188907697,4.8613802020458365,4.496624654194688,0.364755547851149,0.2025577731324011,0.5755160345310524,-0.0403931010868999,0.0214483784861656,0.0,0.0,-0.0019734183403692,-0.035952339179171,0.0480512960089611,0,2025-11-05,20.0,3.044522437723423,2.408071652389678,0.28096194166846866,0.1422997496026975,0.5767382964308476,0.13866219206577116
188.05935668945312,197.59830279082223,186.35954634625867,223029800.0,-0.0372085453849622,0.0222542067262438,196.61344813886188,195.6645548006161,0.3016014561982092,55.625245604495205,3.735224117011484,4.344344546758047,-0.6091204297465636,0.1985885982371709,0.3840723535941935,-0.0176698223075004,-0.0403931010868999,0.0214483784861656,0.0,0.0,-0.0711640005884424,-0.0178077002984752,1,2025-11-06,11.0,2.4849066497880004,2.6333811468865957,0.37560824214775695,0.0751998326371351,0.5491919411645373,0.30040840951062187
188.1293487548828,188.29934352754728,178.8903723972709,264942300.0,0.0003721114707823,0.0224267384815729,194.4924232928671,194.65986066118495,0.1879233178705266,51.94486886962967,2.8159248519959306,4.038660607805624,-1.2227357558096932,0.1943797064630602,0.3770029878456835,-0.0372085453849622,-0.0176698223075004,-0.0403931010868999,0.0214483784861656,0.0,-0.0708183057440661,-0.0640700370508248,0,2025-11-07,9.0,2.302585092994046,2.0832213075880968,0.1652831547206143,0.20401181016487524,0.6307050510711432,-0.038728655444260934
188.1293487548828,188.29934352754728,178.8903723972709,264942300.0,0.0,0.0224267384815729,192.90165465837103,193.7891257403447,0.0,51.94486886962967,2.063585828385498,3.643645651921599,-1.5800598235361,0.1899549429784123,0.367575136670153,0.0003721114707823,-0.0372085453849622,-0.0176698223075004,-0.0403931010868999,0.0214483784861656,-0.0905355391864877,-0.0912383972856658,0,2025-11-08,17.0,2.8903717578961645,2.36529037666481,0.12848149152318328,0.39325977610092183,0.47825873556525816,-0.26477828457773855
188.1293487548828,188.29934352754728,178.8903723972709,264942300.0,0.0,0.0224267384815729,191.70857818249897,193.0344888089498,0.0,51.94486886962967,1.450629774805947,3.2050424764984684,-1.7544127016925215,0.1845412084303351,0.3561606218738663,0.0,0.0003721114707823,-0.0372085453849622,-0.0176698223075004,-0.0403931010868999,-0.0530474155059962,-0.0726501618373451,1,2025-11-09,8.0,2.1972245773362196,1.1522885677031698,0.06485014716058245,0.073704105345872,0.8614457366652436,-0.008853958185289557
199.0281524658203,199.91805415635875,193.76872011438095,198897100.0,0.0563165328551029,0.0323711017633885,193.5384717533293,193.8336439631992,-0.2492814473189067,56.96646296875457,1.82328239609555,2.9286904604178847,-1.1054080643223347,0.1756341331694455,0.6429462924232257,0.0,0.0,0.0003721114707823,-0.0372085453849622,-0.0176698223075004,0.0196710741244503,-0.0169884861836615,0,2025-11-10,7.0,2.0794415416798357,2.7609526569994745,0.07586658232165784,0.2971599438561497,0.6269734676210738,-0.22129336153449186
193.1387939453125,195.3985402959953,191.2789975702345,176483300.0,-0.0300372143351743,0.0307050489766949,193.4385523013251,193.74099729414763,-0.1126904313838663,42.22485022970608,1.6246621758563435,2.6678848035055767,-1.0432226276492331,0.1618605851748814,0.4473893314462358,0.0563165328551029,0.0,0.0,0.0003721114707823,-0.0372085453849622,0.0270097555648196,-0.0460763672845312,1,2025-11-11,9.0,2.302585092994046,2.2243604153593513,0.05566242109229737,0.19031181249880713,0.7540257922306504,-0.13464939140650978
193.7787322998047,195.86849924763865,191.1090271797132,154935300.0,0.0033078829187415,0.0301712754814609,193.523597300945,193.74602862823525,-0.1220965383126901,35.36693761525885,1.5015825879833642,2.434624360401134,-0.93304177241777,0.1496066011477208,0.4452339465073425,-0.0300372143351743,0.0563165328551029,0.0,0.0,0.0003721114707823,0.0300292515883981,-0.0429156748759206,0,2025-11-12,14.0,2.70805020110221,2.9808531265289986,0.2946105874048517,0.03114052403118841,0.6742488797079933,0.2634700633736633
186.8394775390625,191.4189763426968,183.82981362374773,207423100.0,-0.0364671136509737,0.0300240649095319,191.8525673604744,192.8251551496789,0.3387723778893512,33.31251157720355,0.8344818748272758,2.1145958632863624,-1.2801139884590866,0.1487983373661172,0.2052591069433792,0.0033078829187415,-0.0300372143351743,0.0563165328551029,0.0,0.0,-0.0068562997977572,-0.0967711001852308,1,2025-11-13,13.0,2.6390573296152584,2.167917140269675,0.1760852925987344,0.2085848009838218,0.6153298757059726,-0.03249950838508739
190.1491241455078,190.9890282811404,180.56018045425049,186591900.0,0.0175587889109053,0.030839905026373,191.42670655673277,192.4683510157894,-0.1004285443617417,37.907346199370345,0.5663322490814835,1.8049431404453864,-1.2386108913639031,0.1443543971156492,0.306778066667967,-0.0364671136509737,0.0033078829187415,-0.0300372143351743,0.0563165328551029,0.0,0.0107360994124132,-0.0428808384200268,0,2025-11-14,8.0,2.1972245773362196,2.7409394493646433,0.18539625799432177,0.04962916535783687,0.7649745800631189,0.1357670926364849
190.1491241455078,190.9890282811404,180.56018045425049,186591900.0,0.0,0.030839905026373,191.1073109539265,192.1591207664185,0.0,37.907346199370345,0.3497895821971042,1.5139124287957302,-1.164122846598626,0.1396675359041775,0.2933453198607447,0.0175587889109053,-0.0364671136509737,0.0033078829187415,-0.0300372143351743,0.0563165328551029,-0.0446119215312382,-0.025818411822063,0,2025-11-15,16.0,2.833213344056216,1.939494678370477,0.04791470822717739,0.5523930595585914,0.3996922186991634,-0.504478351331414
190.1491241455078,190.9890282811404,180.56018045425049,186591900.0,0.0,0.030839905026373,190.86776425182185,191.89112121696377,0.0,37.907346199370345,0.1761474405390117,1.2463594311443866,-1.0702119906053749,0.1407404448093348,0.2972471456820975,0.0,0.0175587889109053,-0.0364671136509737,0.0033078829187415,-0.0300372143351743,-0.0154793852583091,0.01111227589439,0,2025-11-16,3.0,1.3862943611198906,3.811726705448459,0.1622646936417072,0.37980828268563066,0.45792704298339704,-0.21754358904392346
186.5795135498047,188.9792438771453,184.29976516169708,173628900.0,-0.0189511339038446,0.0196406229871219,189.79570157631755,191.18290686134256,-0.0694724690621618,29.768572112342756,-0.2466596118764528,0.9477556225402188,-1.1944152344166716,0.1447906583797929,0.2013190631772301,0.0,0.0,0.0175587889109053,-0.0364671136509737,0.0033078829187415,-0.0371517486184279,-0.0082381362362415,0,2025-11-17,6.0,1.9459101490553132,2.71077116284884,0.0692894649765331,0.4658958658785002,0.464814641792882,-0.3966064009019671
181.340087890625,184.7797126313021,179.6302689297591,213598900.0,-0.0284832874448238,0.0193731728801559,187.6817981548944,189.87053099858025,0.2302036124170572,31.63029004243293,-0.9930676444228084,0.5595909691476134,-1.5526586135704217,0.1465090755555649,0.0635026659086251,-0.0189511339038446,0.0,0.0,0.0175587889109053,-0.0364671136509737,-0.0294337670008081,-0.0360882600678306,1,2025-11-18,6.0,1.9459101490553132,2.7690118457154678,0.05905651702178832,0.5313083381835656,0.40963515895687325,-0.4722518211617773
186.49951171875,187.8393608341106,182.8099146900153,247246400.0,0.0280544140594957,0.0237564962392077,187.3862265458583,189.42106176126956,0.1575265602959565,41.10540644812619,-1.1549652831266712,0.2166797186927564,-1.3716450018194275,0.1436569278439549,0.2686531722912439,-0.0284832874448238,-0.0189511339038446,0.0,0.0,0.0175587889109053,-0.0191934222319374,-0.0086633853086706,0,2025-11-19,11.0,2.4849066497880004,3.5346440644985795,0.3492258970139757,0.3292671433130703,0.3215069818870771,0.01995875370090544
180.6201629638672,195.97847686300787,179.83025642841662,343504800.0,-0.0320323418810927,0.0228332795109687,185.6947106503605,188.24760858828256,0.3893217454328961,42.18486759150583,-1.7376540428069518,-0.1741870336071852,-1.5634670091997669,0.1472879326069716,0.1036364628368397,0.0280544140594957,-0.0284832874448238,-0.0189511339038446,0.0,0.0,-0.0501130953111768,-0.0924893753667054,0,2025-11-20,24.0,3.2188758248682006,3.4105623931206797,0.4865230943525245,0.2156145045551451,0.29786238502835233,0.2709085897973794
178.86036682128906,184.5397359279593,172.91100782704066,346926200.0,-0.0097908512684028,0.0205924992918637,183.98612469309265,186.99597635268344,0.0099602683863515,40.59647371634433,-2.314756848314147,-0.6023009965485776,-1.7124558517655697,0.1502678874356614,0.0888646793212128,-0.0320323418810927,0.0280544140594957,-0.0284832874448238,-0.0189511339038446,0.0,-0.0593679164968451,-0.0739283229037165,0,2025-11-21,34.0,3.5553480614894135,2.9791596131364084,0.1358382236901637,0.40559588038072836,0.4585658976434938,-0.2697576566905646
178.86036682128906,184.5397359279593,172.91100782704066,346926200.0,0.0,0.0205924992918637,182.70468522514176,185.9112284151642,0.0,40.59647371634433,-2.7405239255826075,-1.0299455823553836,-1.710578343227224,0.1489299600825981,0.1244201891859017,-0.0097908512684028,-0.0320323418810927,0.0280544140594957,-0.0284832874448238,-0.0189511339038446,-0.0413718879508983,-0.0769865985883047,0,2025-11-22,23.0,3.1780538303479458,1.7101818533835298,0.19556776577650786,0.3870184446085577,0.4174137889027383,-0.19145067883204986
178.86036682128906,184.5397359279593,172.91100782704066,346926200.0,0.0,0.0205924992918637,181.7436056241786,184.9711135359809,0.0,40.59647371634433,-3.042871078136727,-1.4325306815116523,-1.6103403966250749,0.1305514878984402,0.1253757592119019,0.0,-0.0097908512684028,-0.0320323418810927,0.0280544140594957,-0.0284832874448238,-0.0136744230036525,-0.0427057002239007,1,2025-11-23,9.0,2.302585092994046,2.1576200996096837,0.11701160432358003,0.19984966799926016,0.6831387261199761,-0.08283806367568013
182.52996826171875,183.4798609481747,176.4606271183833,256618300.0,0.0203089413939496,0.0225977387778833,181.94019628356364,184.6456274994126,-0.2603086766003836,30.385179578853496,-2.952344418044987,-1.7364934288183194,-1.2158509892266678,0.1220992920598962,0.2935121432308653,0.0,0.0,-0.0097908512684028,-0.0320323418810927,0.0280544140594957,-0.0212844710447152,-0.0400693714369079,0,2025-11-24,10.0,2.3978952727983707,1.35460298314417,0.12295864364513305,0.4272726403158453,0.4497687177405246,-0.30431399667071224
177.80047607421875,178.14043506786686,169.53138015579162,320600300.0,-0.0262523685358681,0.0221927602457441,180.90526623122744,183.73294064272008,0.2493275031437742,31.246954438777223,-3.225055449533869,-2.034205832961429,-1.1908496165724398,0.1237693687566003,0.1280154082624948,0.0203089413939496,0.0,0.0,-0.0097908512684028,-0.0320323418810927,-0.0156111413220931,-0.0649419140202797,1,2025-11-25,6.0,1.9459101490553132,3.6570587114737325,0.0858450037158601,0.15039622428293478,0.7637587918235837,-0.06455122056707469
180.24020385742188,182.8899220695924,178.22043661727494,183852000.0,0.0136284264975356,0.0193339839775867,180.73900063777603,183.26724240468036,-0.4265382783484607,34.14518736233869,-3.2073430105926093,-2.2688332684876653,-0.938509742104944,0.1271161729150152,0.2567770818399133,-0.0262523685358681,0.0203089413939496,0.0,0.0,-0.0097908512684028,0.0077146047537266,-0.0521113117539439,0,2025-11-26,22.0,3.1354942159291497,3.3427191351412735,0.1888025348755005,0.4037515408734115,0.4074459216009818,-0.21494900599791097
180.24020385742188,182.8899220695924,178.22043661727494,183852000.0,0.0,0.0151800374154393,180.6143014426875,182.86363726504587,0.0,40.77181422859118,-3.156914826116207,-2.4464495800133736,-0.7104652461028333,0.1297989308915192,0.2776720945992815,0.0136284264975356,-0.0262523685358681,0.0203089413939496,0.0,0.0,0.0077146047537266,-0.0339764509606282,0,2025-11-27,18.0,2.9444389791664403,2.647128200481826,0.3045553432917857,0.3023433149710801,0.3931013417545555,0.0022120283207056057
176.98056030273438,179.2703020816569,176.48061521713345,121332800.0,-0.0182505294124435,0.0163529232009303,179.7058661576992,182.07922700340436,-0.3400517807801927,31.559768601553916,-3.3414578731127165,-2.6254512386332425,-0.716006634479474,0.1358836162976748,0.1795175387120109,0.0,0.0136284264975356,-0.0262523685358681,0.0203089413939496,0.0,-0.0105099108984435,-0.0240406169347401,0,2025-11-28,9.0,2.302585092994046,2.83909135465052,0.36822540691145633,0.22934068908514335,0.402433931401789,0.13888471782631298
176.98056030273438,179.2703020816569,176.48061521713345,121332800.0,0.0,0.0163529232009303,179.024539693958,181.39940477664837,0.0,31.559768601553916,-3.447963589442025,-2.7899537087949997,-0.6580098806470263,0.1406863953863736,0.2110008768931212,-0.0182505294124435,0.0,0.0136284264975356,-0.0262523685358681,0.0203089413939496,-0.0304027224232429,-0.05104008760286,0,2025-11-29,6.0,1.9459101490553132,3.8428071207292582,0.09775119323429714,0.4348507223664377,0.46739807887826873,-0.33709952913214053
176.98056030273438,179.2703020816569,176.48061521713345,121332800.0,0.0,0.0163529232009303,178.5135448461521,180.8102255134598,0.0,31.559768601553916,-3.492115206629478,-2.930386008361895,-0.5617291982675829,0.1246289801542613,0.2200396357904954,0.0,-0.0182505294124435,0.0,0.0136284264975356,-0.0262523685358681,-0.0046114374358712,-0.020150588956455,1,2025-11-30,7.0,2.0794415416798357,2.8991727756542365,0.31733722092567385,0.24277998509559248,0.4398827978352511,0.07455723583008136
179.90025329589844,180.2802164760195,173.66093259662904,188131000.0,0.0163626511930499,0.0155223190737133,178.86022195858868,180.68889588445165,0.5505370353276278,40.4734835294937,-3.2540007624455427,-2.9951089591786246,-0.2588918032669181,0.1154409007076003,0.3664636174625972,0.0,0.0,-0.0182505294124435,0.0,0.0136284264975356,-0.0018860972982052,0.0058139569603388,1,2025-12-01,7.0,2.0794415416798357,1.6782447088096408,0.12486411586497877,0.04678546869754018,0.8283504456358619,0.07807864716743859
181.4400787353516,185.63961443898967,179.98023235974816,182632200.0,0.0085229055491925,0.0115508577076716,179.5051861527794,180.78905359790497,-0.0292285694542632,50.15944170827691,-2.907526154169034,-2.9775923981767067,0.0700662440076729,0.1007856271542424,0.4640427411865283,0.0163626511930499,0.0,0.0,-0.0182505294124435,0.0,0.0066570878874441,0.014423049443033,0,2025-12-02,20.0,3.044522437723423,3.125528928594244,0.34411304813924903,0.19544384941119983,0.46044309248102194,0.1486691987280492
179.57028198242188,182.4299686383783,179.09033894604931,165138000.0,-0.0103587801134317,0.0113928451038962,179.52146011019002,180.62655071584052,-0.0957892419847102,37.65588014313409,-2.7520950635403096,-2.9324929312494272,0.1803978677091176,0.0985976421408011,0.379106667575301,0.0085229055491925,0.0163626511930499,0.0,0.0,-0.0182505294124435,0.014632803033608,0.0039691026790866,1,2025-12-03,23.0,3.1780538303479458,1.9634133765622437,0.25752956762527995,0.1741255527141778,0.5683448681008285,0.08340401491110216
183.37008666992188,184.51002440204851,179.95027347354184,167364900.0,0.0209397678385551,0.0140053246013351,180.483616750123,180.99235550971807,0.0134850852014678,55.2908827326965,-2.295837338676876,-2.805161812734917,0.5093244740580416,0.0891973415217437,0.6219079993169769,-0.0103587801134317,0.0085229055491925,0.0163626511930499,0.0,0.0,0.0361029841710178,0.0046026327413728,0,2025-12-04,5.0,1.791759469228055,2.3313289567964484,0.5552246495181148,0.0360441471574564,0.4087312120678747,0.5191805023606584
182.40013122558597,184.6500094505641,180.9002124089338,143971100.0,-0.0053036451329681,0.011433223720573,180.96274536898872,181.18005893850045,-0.1397772173257355,57.02402767197184,-1.9895824348286053,-2.642045937153655,0.6524635023250496,0.0772687525738713,0.5993811964065651,0.0209397678385551,-0.0103587801134317,0.0085229055491925,0.0163626511930499,0.0,0.0306224079841372,0.0258697572297115,0,2025-12-05,11.0,2.4849066497880004,1.4971121889403043,0.25265351138264514,0.22294866520315634,0.5243978200425714,0.029704846179488792
182.40013122558597,184.6500094505641,180.9002124089338,143971100.0,0.0,0.011433223720573,181.322091833138,181.3427352434452,0.0,57.02402767197184,-1.7269658299921673,-2.459029915721357,0.7320640857291902,0.0617465139381516,0.6593711120057297,-0.0053036451329681,0.0209397678385551,-0.0103587801134317,0.0085229055491925,0.0163626511930499,0.0138959111167882,0.0119836047781696,0,2025-12-06,14.0,2.70805020110221,2.8837554252972413,0.4485234167579732,0.11515141992310778,0.43632516244267366,0.3333719968348654
182.40013122558597,184.6500094505641,180.9002124089338,143971100.0,0.0,0.011433223720573,181.59160168125,181.4837213743973,0.0,57.02402767197184,-1.5015315574850945,-2.267530244074105,0.7659986865890107,0.0544296036090749,0.7022848832947596,0.0,-0.0053036451329681,0.0209397678385551,-0.0103587801134317,0.0085229055491925,0.0052912922928936,0.0119836047781696,1,2025-12-07,2.0,1.0986122886681098,4.025989039451149,0.038998460412871076,0.03535259804040932,0.9256489087967192,0.0036458623724617556
185.5399627685547,187.98982714518385,182.39012406320572,204378100.0,0.0170674944812838,0.0115594791583718,182.57869195307612,182.02455356028497,0.4195772623811307,56.10106722206174,-1.0573269011531463,-2.025489575489914,0.9681626743367668,0.0599088531024857,0.9543261037660614,0.0,0.0,-0.0053036451329681,0.0209397678385551,-0.0103587801134317,0.0332442580154614,0.0483635177286081,0,2025-12-08,8.0,2.1972245773362196,2.892513672859943,0.06350387073827715,0.19349807200195884,0.7429980683556541,-0.1299942012636817
184.95999145507807,185.7099508683659,183.31008684903043,144719700.0,-0.0031307522745196,0.0117066055518156,183.17401682857664,182.41594527959077,-0.2919021167140706,67.44670123240851,-0.7435195184791894,-1.7690955640877686,1.0255760456085792,0.0564173784489519,0.9332672807037348,0.0170674944812838,0.0,0.0,-0.0053036451329681,0.0209397678385551,0.0086704697261674,0.0450864837284643,0,2025-12-09,16.0,2.833213344056216,2.4682471235780783,0.4110345930320856,0.026509434099580682,0.562455990509168,0.38452515893250494
183.77005004882807,185.46995496958337,182.03013874897007,162785400.0,-0.0064542912330279,0.0110529690299049,183.3230251336395,182.5964925821557,0.1248323483257636,59.15964643033059,-0.5841099773559506,-1.5320984467414052,0.9479884693854546,0.0585865141173995,0.7895874465757975,-0.0031307522745196,0.0170674944812838,0.0,0.0,-0.0053036451329681,0.0075105144609128,0.0383629124830431,0,2025-12-10,22.0,3.1354942159291497,1.9038505252234692,0.22192544702740477,0.3569000354883642,0.42117450281245994,-0.13497458846095942
180.92019653320312,181.31019006496976,176.61043233199788,182136600.0,-0.0156292171442414,0.0099105595060834,182.7223179835304,182.37298644229537,0.1188755256921074,51.53717094869704,-0.6798986802596403,-1.3616584934450522,0.6817598131854119,0.0577635616591028,0.5108165160303965,-0.0064542912330279,-0.0031307522745196,0.0170674944812838,0.0,0.0,-0.0081136712042848,0.0056694930586178,0,2025-12-11,18.0,2.9444389791664403,2.3066638313156993,0.43273964171983176,0.16909188612919449,0.39816847879689365,0.26364775559063724
175.01052856445312,182.81010931847595,174.61054106596097,204274900.0,-0.0332098955687601,0.0155219703326707,180.7943706287611,181.3913253919164,0.1215477833669893,46.02308500768227,-1.218625180836483,-1.3330518309233383,0.1144266500868553,0.0639857501880102,0.0150714336897143,-0.0156292171442414,-0.0064542912330279,-0.0031307522745196,0.0170674944812838,0.0,-0.0405131433375649,-0.0354362179277742,0,2025-12-12,10.0,2.3978952727983707,2.4173995507335433,0.3796032089373577,0.3727459596596195,0.2476508400310667,0.006857249277738231
175.01052856445312,182.81010931847595,174.61054106596097,204274900.0,0.0,0.0155219703326707,179.34841011268412,180.540552481588,0.0,46.02308500768227,-1.6268168815067838,-1.3918048410400274,-0.2350120404667564,0.069401792062571,0.0678105038777115,-0.0332098955687601,-0.0156292171442414,-0.0064542912330279,-0.0031307522745196,0.0170674944812838,-0.0567502226851049,-0.0253925837150219,0,2025-12-13,16.0,2.833213344056216,1.9439148487488405,0.3178339862811132,0.5031265926612659,0.17903942546340254,-0.1852926063801527
175.01052856445312,182.81010931847595,174.61054106596097,204274900.0,0.0,0.0155219703326707,178.26393972562636,179.80321595930334,0.0,46.02308500768227,-1.9280859702769249,-1.499061066887407,-0.4290249033895179,0.0735438316353229,0.1196939517785742,0.0,-0.0332098955687601,-0.0156292171442414,-0.0064542912330279,-0.0031307522745196,-0.0537925137882667,-0.0455884504243949,1,2025-12-14,5.0,1.791759469228055,1.9294608294287436,0.14916938737891353,0.11651812903112681,0.7343124877979388,0.03265125834778672
176.28045654296875,178.4103461991077,175.02053019793698,164775600.0,0.0072300945050929,0.0133946430767308,177.76806892996194,179.33351470379208,-0.1933634528764914,42.17123765509712,-2.0408457199414443,-1.6074179974982143,-0.4334277224432299,0.0751520994740104,0.2271884993140819,0.0,0.0,-0.0332098955687601,-0.0156292171442414,-0.0064542912330279,-0.0407552455031131,-0.0335508239029093,1,2025-12-15,4.0,1.6094379124341003,2.195963974160986,0.04834867791852458,0.07337178512265331,0.8782795207822038,-0.02502310720412873
177.71038818359375,178.48035080582065,174.8905333961456,148588100.0,0.0080789627161942,0.0145943984897866,177.7536487433699,179.11709783443231,-0.0982396665525721,41.89503659732728,-1.9918641311678584,-1.6843072242321433,-0.3075569069357151,0.0760166102952393,0.343948909807569,0.0072300945050929,0.0,0.0,-0.0332098955687601,-0.0156292171442414,-0.0177415701017121,-0.025711292039544,0,2025-12-16,8.0,2.1972245773362196,2.654269560324804,0.0779777907172472,0.22308942181482688,0.6989327861160316,-0.14511163109757969
170.93075561523438,176.12047730871902,170.30078481189744,222775500.0,-0.03889665598996,0.0192712559675601,176.047925461336,178.02558553853927,0.4992822440020432,34.52724756622513,-2.4716143262580488,-1.8417686446373245,-0.6298456816207243,0.0881483930562259,-0.0342525159401088,0.0080789627161942,0.0072300945050929,0.0,0.0,-0.0332098955687601,-0.0233115857810591,-0.0628803035024501,1,2025-12-17,12.0,2.5649493574615367,1.141087047866959,0.32272156160076215,0.19630822856791952,0.4809702114280435,0.12641333303284263
174.1305694580078,176.14045512074784,171.8107030234881,176096000.0,0.0185468804192313,0.0218645910527445,175.56858646050395,177.5062500611351,-0.2095360576005889,33.08928380922805,-2.564064636078882,-1.986227842925636,-0.577836793153246,0.0913401531922379,0.1881616152918918,-0.03889665598996,0.0080789627161942,0.0072300945050929,0.0,0.0,-0.0050280352482978,-0.0614929158133933,1,2025-12-18,15.0,2.772588722239781,1.8958456642750472,0.24274600670723026,0.3603270615568625,0.3969269455214005,-0.11758105484963224
180.98020935058597,181.4401759084778,176.3304518785618,324925900.0,0.0385822676934238,0.0234604367116396,176.92149218302444,177.96944463306187,0.8451634335816827,47.8614482473969,-2.060867085264704,-2.00115569139345,-0.0597113938712539,0.0908299391192309,0.5947603927765156,0.0185468804192313,-0.03889665598996,0.0080789627161942,0.0072300945050929,0.0,0.0341104094427913,-0.0215169890157502,0,2025-12-19,13.0,2.6390573296152584,2.3351162789876216,0.17962318330239738,0.3978771188456359,0.4224996979946134,-0.21825393554323855
180.98020935058597,181.4401759084778,176.3304518785618,324925900.0,0.0,0.0234604367116396,177.93617147491483,178.37087992873174,0.0,47.8614482473969,-1.6431383251081115,-1.9295522181363824,0.2864138930282707,0.0900876137613704,0.5830772636119999,0.0385822676934238,0.0185468804192313,-0.03889665598996,0.0080789627161942,0.0072300945050929,0.0266606571130112,-0.0151811500160168,0,2025-12-20,16.0,2.833213344056216,2.901570792141329,0.33086038113614435,0.16184529436436199,0.5072943129559494,0.16901508677178237
180.98020935058597,181.4401759084778,176.3304518785618,324925900.0,0.0,0.0234604367116396,178.69718094383262,178.7187905183123,0.0,47.8614482473969,-1.2971327343859116,-1.803068321386288,0.5059355870003766,0.0903033614371767,0.5795261389531161,0.0,0.0385822676934238,0.0185468804192313,-0.03889665598996,0.0080789627161942,0.0183997187807283,0.000331708778416,1,2025-12-21,5.0,1.791759469228055,2.189035338760923,0.0517948951552093,0.6709579454833848,0.2772471655124566,-0.6191630503281755
183.6800537109375,184.15002947617,182.34012994783168,129064400.0,0.0148077208637686,0.0237645579671711,179.94289913560883,179.38029227732898,-0.6027882049414959,47.16115710370996,-0.7958913939984598,-1.6016329359087225,0.8057415419102627,0.0920486548240038,0.7343301470335788,0.0,0.0,0.0385822676934238,0.0185468804192313,-0.03889665598996,0.0745875021134396,0.049537163378668,1,2025-12-22,7.0,2.0794415416798357,2.5156406989225872,0.14903990408264547,0.23921340300746305,0.6117467055684798,-0.09017349892481757
189.19976806640625,189.31975669034463,182.89009670029145,174873600.0,0.0296080252053889,0.0254320853467891,182.2571163683082,180.6895557158726,0.354932886218043,55.62334906786843,0.046208139151588,-1.2720647208966605,1.3182728600482485,0.1029301520696749,0.9805046457881714,0.0148077208637686,0.0,0.0,0.0385822676934238,0.0185468804192313,0.0865396504203843,0.0810764907593972,0,2025-12-23,13.0,2.6390573296152584,1.9530085157731412,0.32704919171762703,0.05314381132347008,0.6198069787754679,0.27390538039415696
188.59979248046875,188.899779295176,186.57989753660075,65528500.0,-0.0031761608692625,0.0161049989601853,183.84278539634835,181.7442539511521,-0.625280774227785,56.5076832613049,0.6575848418678447,-0.8861348083437595,1.5437196502116042,0.1098603015744176,0.906109671358049,0.0296080252053889,0.0148077208637686,0.0,0.0,0.0385822676934238,0.0421017477945477,0.077648265092868,0,2025-12-24,20.0,3.044522437723423,1.5243900855259889,0.19811363775303795,0.0676869045677014,0.7341994561498744,0.13042673318533654
188.59979248046875,188.899779295176,186.57989753660075,65528500.0,0.0,0.0167549237429266,185.0320371673785,182.65832575506096,0.0,61.20842245167566,1.129089838675526,-0.4830898789399024,1.6121797176154282,0.1164488401031499,0.8677569592985922,-0.0031761608692625,0.0296080252053889,0.0148077208637686,0.0,0.0,0.0421017477945477,0.0698848651693679,1,2025-12-25,10.0,2.3978952727983707,4.115734031820612,0.3214952744730885,0.20197346566869923,0.476531261045701,0.11952180880438928
190.51968383789065,192.6795705614005,187.98982202804387,139740300.0,0.0101282465787828,0.0117730096598608,186.4039488350065,183.7065068327716,1.1325118078393372,75.61940808643382,1.6387891913115027,-0.0587140648896214,1.697503256201124,0.1254916502645761,0.9070477144429592,0.0,-0.0031761608692625,0.0296080252053889,0.0148077208637686,0.0,0.0527100422832713,0.0720796110189321,0,2025-12-26,3.0,1.3862943611198906,1.7158314922711508,0.5190002181305498,0.026813521469776287,0.4541862602947839,0.49218669666077347
190.51968383789065,192.6795705614005,187.98982202804387,139740300.0,0.0,0.0117730096598608,187.43288258572755,184.61493043345413,0.0,75.61940808643382,2.0194506306552285,0.3569188742193485,1.66253175643588,0.1332219382271773,0.8657970895799333,0.0101282465787828,0.0,-0.0031761608692625,0.0296080252053889,0.0148077208637686,0.0372366513879445,0.11460154231548,0,2025-12-27,9.0,2.302585092994046,2.0807159958668873,0.2906194324506031,0.02889770739245785,0.6804828509442993,0.2617217250581453
190.51968383789065,192.6795705614005,187.98982202804387,139740300.0,0.0,0.0117730096598608,188.2045828987683,185.402230887379,0.0,75.61940808643382,2.294675967683446,0.744470292912168,1.550205674771278,0.1388546390301974,0.8406210178457982,0.0,0.0101282465787828,0.0,-0.0031761608692625,0.0296080252053889,0.0069763075556261,0.0941196851930994,0,2025-12-28,4.0,1.6094379124341003,3.72834314131042,0.28469578393549666,0.021057794063647387,0.6942464292804955,0.2636379898718493
188.20980834960935,188.749772392931,185.8999358866866,120006100.0,-0.0121981740394637,0.0132496144717435,188.20588926147855,185.77657454900967,-0.1412205355219646,69.05140894288101,2.2998946290514084,1.0555551601400162,1.2443394689113922,0.141434363177399,0.7381033769755255,0.0,0.0,0.0101282465787828,0.0,-0.0031761608692625,-0.0020677866382051,0.0399469037248079,0,2025-12-29,7.0,2.0794415416798357,0.7921682063542231,0.4723718762397765,0.019104607170447638,0.5085235051810741,0.45326726906932885
187.52984619140625,188.9797799436452,186.91987858592933,97687300.0,-0.0036193299921994,0.0066249078893796,188.0368784939605,186.01034410132925,-0.1859805459889122,66.06673484225075,2.2235317029268917,1.2891504686973914,0.9343812342295,0.14361527196096,0.7010876845413213,-0.0121981740394637,0.0,0.0,0.0101282465787828,0.0,-0.0056731042754105,0.0361897959137216,0,2025-12-30,16.0,2.833213344056216,2.408132094233533,0.21365175305029416,0.08575766568873025,0.7005905674214028,0.1278940873615639
186.4899139404297,190.54969193131708,186.47991997410412,120100500.0,-0.0055608555571357,0.0067985142051561,187.65013735557775,186.07428674654264,0.2294382176598186,81.34569924040049,2.055406248444569,1.442401624646827,0.6130046237977425,0.144666283218119,0.6493973679199913,-0.0036193299921994,-0.0121981740394637,0.0,0.0,0.0101282465787828,-0.0211514622336335,0.03044368558095,0,2025-12-31,17.0,2.8903717578961645,2.290732873417686,0.13437139904852788,0.058446040568251006,0.8071825693654071,0.07592535848027687
