Close,High,Low,Volume,log_return,volatility_7d,ema_7,ema_14,volume_change,rsi_14,macd,macd_signal,macd_diff,bb_width,bb_position,log_return_lag_1,log_return_lag_2,log_return_lag_3,log_return_lag_4,log_return_lag_5,momentum_5,momentum_10,mean_tone_shifted,weighted_tone_shifted,tone_momentum_shifted,n_news_shifted,target,date,return_1,return_3,return_7,close_lag_1,close_lag_2,close_lag_3,close_lag_5,close_lag_7,momentum_3,momentum_7,momentum_14,volatility_7,volatility_14,ma_3,std_3,price_ma_ratio_3,zscore_3,ma_7,std_7,price_ma_ratio_7,zscore_7,ma_14,std_14,price_ma_ratio_14,zscore_14,volatility_ratio,reddit_n_posts,reddit_engagement,reddit_finbert_pos_w,reddit_finbert_neg_w,reddit_finbert_neu_w,reddit_finbert_net_w
17.68334197998047,17.709315551841687,16.881188834859515,511102000.0,0.0464232327594326,0.0186327472525807,16.790859639475947,16.24155159206108,0.1426712602870192,88.88637766113109,0.4459063822516143,0.1405508493845005,0.3053555328671137,0.2824127516590966,0.9989731238236506,0.0,0.0,0.0,0.0232278170443035,0.0313754874614346,0.0721339946039227,0.1913320465478645,-0.0773908447383976,-0.0044515393703045,-0.3080165759218246,293.0,1,2023-01-17,0.047517660941558404,0.047517660941558404,0.11270369252427814,16.881187438964844,16.881187438964844,16.881187438964844,16.493593215942383,15.892229080200195,0.047517660941558404,0.11270369252427814,0.23660524186769027,0.019027892165978166,0.02355122978701133,17.14857228597005,0.4631241401870677,1.031184502423443,1.1547005383792144,16.812259674072266,0.5107398256402942,1.051812327598745,1.7055304132904887,15.907357147761754,1.0708098518568543,1.1116454993574219,1.6585436052339646,0.8079362452856785,1.0986122886681098,2.727660557678851,0.09976295754313465,0.1134969778358936,0.7867400646209717,-0.013734020292758956
17.358684539794922,17.85416011409162,17.263783455353824,439624000.0,-0.0185301343596543,0.022546982338905,16.932815864555693,16.390502651758926,-0.1398507538612644,80.94680700132362,0.4925607790172428,0.210952835311049,0.2816079437061938,0.2933805891006425,0.875098299880923,0.0464232327594326,0.0,0.0,0.0,0.0232278170443035,0.0282857531531182,0.1694597775457091,0.3678812812611222,0.2605908647388739,0.4452721259995198,313.0,1,2023-01-18,-0.018359506961585392,0.02828575315311821,0.08599476700624531,17.68334197998047,16.881187438964844,16.881187438964844,16.881187438964844,15.984132766723633,0.02828575315311821,0.08599476700624531,0.1781817052011616,0.022884995102101322,0.02476357435561895,17.307737986246746,0.40349676629044007,1.0029435708807621,0.1262626068024153,17.00862421308245,0.3890166557940023,1.0205813428721189,0.8998594828747952,16.094873700823104,1.0792541573986032,1.0785225695127503,1.171003910717438,0.9241394143454347,1.0986122886681098,2.4101407828025185,0.0894868373870849,0.43637238815426826,0.4741407409310341,-0.34688555076718336
16.74732780456543,17.17887355641003,16.713365152180454,452932000.0,-0.0358542195153021,0.0267402410867461,16.886443849558127,16.438079338799792,0.0302713227667279,78.57792811699045,0.4747309425729504,0.2637084567634293,0.2110224858095211,0.2909135492039721,0.718773508459527,-0.0185301343596543,0.0464232327594326,0.0,0.0,0.0,-0.0079295153189544,0.0727539547802234,0.2442841817721571,0.1838346803653883,-0.123597099488965,426.0,1,2023-01-19,-0.035219070536592345,-0.007929515318954472,0.015383827241343129,17.358684539794922,17.68334197998047,16.881187438964844,16.881187438964844,16.493593215942383,-0.007929515318954472,0.015383827241343129,0.17525398417673066,0.026907784771124675,0.025104601710374094,17.263118108113606,0.4752687043060118,0.9701218342875291,-1.0852603987492377,17.04487201145717,0.3420100670522714,0.9825434766132748,-0.8699866920767105,16.27325677871704,0.9494445276750999,1.0291319084000692,0.49931408526756593,1.0718267942090252,1.6094379124341003,2.4549177666107544,0.28942902386188507,0.4650828675366938,0.2454881276935339,-0.17565384367480874
17.8201961517334,17.837178429750637,16.80726509622476,564967000.0,0.0620937178861598,0.0346915396943353,17.119881925101943,16.622361580524274,0.2473550113482818,80.6963143150026,0.5409365976391349,0.3191540849385704,0.2217825127005644,0.3019140368378593,0.8985308987400105,-0.0358542195153021,-0.0185301343596543,0.0464232327594326,0.0,0.0,0.055624565283906,0.1213150818430637,-0.0945663535061601,-0.1002696618377465,-0.3388505352783172,500.0,1,2023-01-20,0.06406206170249429,0.0077391576721110855,0.055624565283906025,16.74732780456543,17.358684539794922,17.68334197998047,16.881187438964844,16.881187438964844,0.0077391576721110855,0.055624565283906025,0.2005519530959372,0.035257953879947956,0.027726751580898972,17.308736165364582,0.5381753921073731,1.0295492392675247,0.9503592952588462,17.17901611328125,0.43783515136680284,1.0373234435676701,1.4644325300299847,16.485889639173234,0.9378434291801856,1.0809362759162011,1.422739095934752,1.271622237357125,2.3978952727983707,1.1715049649060363,0.15019016824662684,0.13845067908987402,0.7113591574132443,0.011739489156752825
17.8201961517334,17.837178429750637,16.80726509622476,564967000.0,0.0,0.0346915396943353,17.29496048175981,16.78207285668549,0.0,80.6963143150026,0.5866426054814262,0.3726517890471416,0.2139908164342845,0.3066117929025956,0.8557936678448977,0.0620937178861598,-0.0358542195153021,-0.0185301343596543,0.0464232327594326,0.0,0.055624565283906,0.1148678762749113,0.021809458863022,0.4013506217248693,0.1163758123691822,488.0,1,2023-01-21,0.0,0.02658678489608235,0.055624565283906025,17.8201961517334,16.74732780456543,17.358684539794922,16.881187438964844,16.881187438964844,0.02658678489608235,0.055624565283906025,0.2005519530959372,0.035257953879947956,0.027726751580898972,17.462573369344074,0.6194208290424714,1.0204793861033756,0.577350269189613,17.31316021510533,0.47375189722037997,1.0292861574853152,1.0702562662080584,16.69852249962943,0.8719371607856949,1.0671720298684426,1.2864156989171538,1.271622237357125,0.6931471805599453,2.3978952727983707,0.0108972415328025,0.9686840176582336,0.0204186979681253,-0.9577867761254312
19.17276954650879,19.2247147792948,17.799218927189443,655163000.0,0.0731585902008005,0.0421843092870269,17.8628944360671,17.220793329423024,0.1596482626418889,82.77254586773111,0.7394651551745497,0.4849128592199227,0.254552295954627,0.3199272406801367,1.0124692250441227,0.0,0.0,0.0620937178861598,-0.0358542195153021,-0.0185301343596543,0.1045059032298825,0.1357476845648049,-0.9373832413642376,-1.2891274264506816,-0.669495813748661,282.0,1,2023-01-23,0.07590115076504489,0.07590115076504489,0.1357476845648049,17.8201961517334,17.8201961517334,17.8201961517334,17.358684539794922,16.881187438964844,0.07590115076504489,0.1357476845648049,0.22811618636259445,0.043086949713519875,0.030863673992239504,18.271053949991863,0.7809086135723181,1.0493521391259055,1.15470053837922,17.774673189435685,0.730036178351777,1.0786566561406068,1.9151055776846913,17.165529796055385,0.8587558698424591,1.1169343314364037,2.3373811125409105,1.3960408512724003,1.3862943611198906,2.5292724066644756,0.046322474877039575,0.08974545449018473,0.8639321128527323,-0.04342297961314515
19.244691848754883,19.47445085017005,18.800161235154988,496204000.0,0.0037442550163318,0.0404721569699532,18.208343789239045,17.49064646533394,-0.2426251177187967,82.08410821214557,0.8336902827359722,0.5546683439231327,0.2790219388128395,0.3325971550434256,0.9586233987065608,0.0731585902008005,0.0,0.0,0.0620937178861598,-0.0358542195153021,0.1491201505895558,0.1400081847521366,-1.6849593862105108,-1.8283994483015928,-0.7475761448462732,541.0,1,2023-01-24,0.0037512734960709615,0.07993715023630199,0.08829495411795119,19.17276954650879,17.8201961517334,17.8201961517334,16.74732780456543,17.68334197998047,0.07993715023630199,0.08829495411795119,0.21094981400258406,0.04142426549383915,0.03099966215613297,18.745885848999023,0.8024769567457539,1.02660882519897,0.6215829570716189,17.997723170689174,0.9130599962197274,1.0692848015407028,1.3657028927216595,17.40499142238072,0.93996052754646,1.105699588223211,1.9572103002838377,1.3362811918788535,2.1972245773362196,2.768965270522936,0.5010567202698439,0.14416046638507393,0.3547828181181103,0.35689625388477
19.302631378173828,19.349582719059857,18.56041455174788,449537000.0,0.0030061528636332,0.0385286630324164,18.48191568647274,17.732244453712593,-0.0940480125109833,81.96687576777687,0.902634601175226,0.6242615953735514,0.2783730058016745,0.3254768914815273,0.9263812027661356,0.0037442550163318,0.0731585902008005,0.0,0.0,0.0620937178861598,0.0831884909581217,0.1434403798881973,-0.7445347644071456,-1.123395335099245,0.9404246218033652,548.0,1,2023-01-25,0.003010675872302526,0.08318849095812175,0.11198699036913728,19.244691848754883,19.17276954650879,17.8201961517334,17.8201961517334,17.358684539794922,0.08318849095812175,0.11198699036913728,0.20761205251990722,0.03948042092304574,0.031066351178487092,19.240030924479168,0.06505626020778181,1.003253656604835,0.9622510346386652,18.27542986188616,0.9795100266644549,1.0562066952214306,1.04868912856933,17.642027037484304,0.9719698885954704,1.0941277517124994,1.7084936068226906,1.2708419053211901,1.0986122886681098,0.34657359027997264,0.0270446836948394,0.49664088524878014,0.47631445340812206,-0.4695962015539407
19.781124114990234,20.14474069411191,19.257676365647274,489535000.0,0.0244867280137513,0.0312800418025356,18.80671779360211,18.005428408549612,0.0889759908528107,81.85864082407457,0.984534731650875,0.6963162226290162,0.2882185090218588,0.3310908322053009,0.9538101838748124,0.0030061528636332,0.0037442550163318,0.0731585902008005,0.0,0.0,0.1100396396627818,0.1717851120669278,0.0746299625414459,0.1005148693385857,0.8191647269485915,411.0,1,2023-01-26,0.024788990031558766,0.03173013512762024,0.18115106755107346,19.302631378173828,19.244691848754883,19.17276954650879,17.8201961517334,16.74732780456543,0.03173013512762024,0.18115106755107346,0.1993216915202074,0.03240401008041676,0.030809528214215193,19.44281578063965,0.2944123708095002,1.017400171773857,1.1490968719160535,18.70882933480399,0.8537967086668299,1.0573149052245325,1.2559134619534786,17.87685067313058,1.0657708349031105,1.1065217513240089,1.7867569457675885,1.0517528816123154,1.3862943611198906,0.9241962407465937,0.31754794809967274,0.34318794558445603,0.33926409917573136,-0.025639997484783295
20.34353256225586,20.60625581574819,19.38454543462512,542142000.0,0.0280348956986336,0.0266313756224714,19.19092148576555,18.317175629043778,0.1074632048780985,82.45315630868423,1.0823462230401582,0.7735222227112446,0.3088240003289135,0.3377104588819129,0.9866190406123772,0.0244867280137513,0.0030061528636332,0.0037442550163318,0.0731585902008005,0.0,0.1415998111938297,0.150434832131111,0.371084511668881,0.5157948459398006,0.2964545491274351,510.0,0,2023-01-27,0.028431571633455777,0.05709837923812078,0.1415998111938297,19.781124114990234,19.302631378173828,19.244691848754883,17.8201961517334,17.8201961517334,0.05709837923812078,0.1415998111938297,0.20510080441967582,0.027595899828787403,0.03096052736241058,19.80909601847331,0.5210140490373043,1.0269793504602205,1.0257622510756625,19.069305964878627,0.9439981303264963,1.0668208166424133,1.3498189842140067,18.12416103907994,1.2090421373860762,1.1224537521152254,1.8356444780114562,0.8913252512065348,1.9459101490553132,1.7094928942543188,0.08679869895180063,0.2671169309566418,0.6460843672975898,-0.18031823200484115
20.34353256225586,20.60625581574819,19.38454543462512,542142000.0,0.0,0.0266313756224714,19.479074254888125,18.587356553472056,0.0,82.45315630868423,1.1466447279971137,0.8481467237684184,0.2984980042286951,0.3317563056092306,0.9409678311149848,0.0280348956986336,0.0244867280137513,0.0030061528636332,0.0037442550163318,0.0731585902008005,0.0610638443708961,0.1719512798114482,0.0877380329602237,-0.1323181610908168,-0.2833464787086573,344.0,0,2023-01-28,0.0,0.05392535161081802,0.1415998111938297,20.34353256225586,19.781124114990234,19.302631378173828,19.17276954650879,17.8201961517334,0.05392535161081802,0.1415998111938297,0.20510080441967582,0.027595899828787403,0.03096052736241058,20.156063079833984,0.32470666842341783,1.0093008977834286,0.5773502691894661,19.429782594953263,0.8660801647574399,1.0470283165978365,1.0550408662903707,18.371471405029297,1.2868425974362232,1.1073436696358845,1.5324804767541116,0.8913252512065348,2.302585092994046,2.954490798625942,0.04106473125931282,0.5444216668191884,0.4145136148565345,-0.5033569355598755
19.14179992675781,20.11876764644554,19.129811540746857,488611000.0,-0.0608886295038692,0.0291994962511363,19.556841605486994,18.86421823092517,-0.0987398135543824,67.29326643325172,1.1038276213977165,0.9530120471964758,0.1508155742012404,0.3144462524187227,0.6744640552396324,0.0,0.0,0.0280348956986336,0.0244867280137513,0.0030061528636332,-0.0083320998191921,0.0741632563284584,-0.2590866850848549,-0.2129372130178635,-0.3089109347980628,221.0,1,2023-01-30,-0.05907197443809098,-0.05907197443809098,-0.0016152919209639904,20.34353256225586,20.34353256225586,20.34353256225586,19.302631378173828,19.17276954650879,-0.05907197443809098,-0.0016152919209639904,0.13391312050567383,0.028680319148741466,0.03651935112362908,19.942955017089844,0.6938206605987969,0.9598276639722901,-1.1547005383791882,19.785834993634904,0.5588984301176156,0.9674496897864416,-1.1523293539070465,18.780254091535294,1.2161927659294007,1.0192513814488522,0.2972767519680365,0.7853458034248716,1.0986122886681098,3.414356035820842,0.9131073355674744,0.027199493721127448,0.0596931539475917,0.885907841846347
19.51640892028809,19.66625044123853,18.93002771708951,498017000.0,0.0193811731491814,0.0301373685986836,19.546733434187267,18.951176989506894,0.0192504876067054,65.00408256300652,1.0583547498860677,0.9740805877343942,0.0842741621516732,0.297316452123108,0.7190819130643126,-0.0608886295038692,0.0,0.0,0.0280348956986336,0.0244867280137513,-0.0133822119088543,0.0951848539775861,-0.0309638586317612,0.2565980293812399,0.2281228264530936,378.0,1,2023-01-31,0.019570207345372292,-0.04065781788077283,0.014119065852997048,19.14179992675781,20.34353256225586,20.34353256225586,19.781124114990234,19.244691848754883,-0.04065781788077283,0.014119065852997048,0.10366066224262682,0.029620998948750324,0.03502211754684896,19.667247136433918,0.6149019900706648,0.9923304865648229,-0.2453044852375485,19.82465171813965,0.5233564862448155,0.9844515403229246,-0.58897291989875,18.911187444414413,1.1873474354323508,1.0320033566190703,0.5097256774326517,0.8457797821370001,1.3862943611198906,2.4403961855798264,0.5289312762518724,0.02594338419536747,0.4451252656678359,0.502987892056505
20.92091941833496,21.16965552713128,19.59032308865964,660477000.0,0.0694939926691832,0.0395223304561793,19.89027993022419,19.21380931335064,0.32621376378718,74.77761483167447,1.1227075569517773,1.0038059815778708,0.1189015753739064,0.3036987750270836,0.9219975358665684,0.0193811731491814,-0.0608886295038692,0.0,0.0,0.0280348956986336,0.0283818385185643,0.1740005126879567,0.1996983092983265,0.3876519729550089,0.2306621679300877,422.0,1,2023-02-01,0.07196562153331532,0.02838183851856435,0.08383769075085734,19.51640892028809,19.14179992675781,20.34353256225586,20.34353256225586,19.302631378173828,0.02838183851856435,0.08383769075085734,0.2052134117866815,0.039634914838463244,0.0380540165670343,19.85970942179362,0.9379274849784234,1.0534353234482268,1.1314414104900152,20.055835723876953,0.6053356360674932,1.0431337644747511,1.4290975830829056,19.165632792881556,1.2105206878642663,1.09158511197738,1.4500261276412172,1.041543532432223,1.9459101490553132,1.4910624710236196,0.3432701250227789,0.3379068354455133,0.31882304744794965,0.0053632895772656175
21.686113357543945,21.92586011373037,20.6781782034606,564276000.0,0.0359225307765058,0.0403757009416706,20.33923828705413,19.543449852576416,-0.1456538229188904,83.63263984970332,1.2213731467327342,1.0473194146088436,0.1740537321238906,0.3226308333320111,0.978772484233251,0.0694939926691832,0.0193811731491814,-0.0608886295038692,0.0,0.0,0.06599546028594,0.1310892411729225,-0.3124012416307614,0.3706538305981705,-0.512099550929088,342.0,0,2023-02-02,0.03657554067812008,0.13291923646268544,0.09630338657599857,20.92091941833496,19.51640892028809,19.14179992675781,20.34353256225586,19.781124114990234,0.13291923646268544,0.09630338657599857,0.2948999154140979,0.040497817332758784,0.035660965501803976,20.707813898722332,1.1004384617637795,1.0472430099867749,0.8890087840564914,20.32797704424177,0.8428621675366855,1.0668111888529945,1.6113385623552294,19.51840318952288,1.1705373613657915,1.1110598109370267,1.851893189886538,1.135634348730971,1.3862943611198906,1.9620346771500519,0.5607710505525271,0.04702140142520267,0.392207533121109,0.5137496491273243
21.0777587890625,21.72207934933685,20.767085792265146,429366000.0,-0.028453719542253,0.0424910370354631,20.523868412556222,19.748024377441222,-0.2390851285541118,73.68193648491435,1.2362267555229105,1.085100882791657,0.1511258727312532,0.3218187903673726,0.8408294575818301,0.0359225307765058,0.0694939926691832,0.0193811731491814,-0.0608886295038692,0.0,0.0360913830751734,0.0952505217913486,0.4474312717401638,0.6544731245250768,0.7598325133709253,492.0,0,2023-02-03,-0.028052724729939582,0.08000190379037031,0.036091383075173455,21.686113357543945,20.92091941833496,19.51640892028809,20.34353256225586,20.34353256225586,0.08000190379037031,0.036091383075173455,0.1828017272981719,0.042693248231328716,0.03524499793505107,21.22826385498047,0.4041896489283835,0.9929101566220331,-0.372362494480001,20.432866505214147,0.8895146521513904,1.0315615179927784,0.7249934357895167,19.751086235046387,1.1300698900705224,1.0671695995971129,1.173973898139452,1.2113278687092892,1.0986122886681098,3.501532729393231,0.06271449336782095,0.49553024396300316,0.4417552696540951,-0.4328157505951822
21.0777587890625,21.72207934933685,20.767085792265146,429366000.0,0.0,0.0424910370354631,20.66234100668279,19.92532229899073,0.0,73.68193648491435,1.2337761441132429,1.1148359350559742,0.1189402090572686,0.31467543777112,0.8100359286745021,-0.028453719542253,0.0359225307765058,0.0694939926691832,0.0193811731491814,-0.0608886295038692,0.1011377649809441,0.0919629752084407,0.0421110177528139,-0.1965986904661283,-0.4053202539873499,468.0,1,2023-02-04,0.0,0.0074967723736885095,0.036091383075173455,21.0777587890625,21.686113357543945,20.92091941833496,19.14179992675781,20.34353256225586,0.0074967723736885095,0.036091383075173455,0.1828017272981719,0.042693248231328716,0.03524499793505107,21.28054364522298,0.35123367387561644,0.9904708799013224,-0.5773502691894328,20.537755966186523,0.9199919211233334,1.02629317554289,0.5869647444475593,19.983769280569895,1.0331243647707276,1.0547439020703808,1.058913665960617,1.2113278687092892,1.0986122886681098,1.7776740307447068,0.1546414867043495,0.095955966040492,0.7494025230407715,0.05868552066385749
21.066770553588867,21.54726252016348,20.764088546903054,452197000.0,-0.0005214549026414,0.0316060416526177,20.841339227605506,20.210685838456552,0.0531737492023123,67.1057536542157,1.190521412311167,1.1464466444853554,0.0440747678258115,0.2954898367280513,0.7563814853570479,0.0,0.0,-0.028453719542253,0.0359225307765058,0.0694939926691832,0.0069715451953837,0.0355512489839084,0.4269722437313726,0.7294876508967336,0.3537807702341232,220.0,1,2023-02-06,-0.0005213189686625874,-0.0005213189686625874,0.10056372097694921,21.0777587890625,21.0777587890625,21.0777587890625,20.92091941833496,19.14179992675781,-0.0005213189686625874,0.10056372097694921,0.09878598928994897,0.032330734252735346,0.030257644443141836,21.07409604390462,0.006344060714573118,0.9996523936162912,-1.1547005372956847,20.917641230991908,0.6649767660635525,1.0071293565536446,0.22426245578436763,20.351738112313406,0.8325502102564374,1.0351337284967737,0.8588460281034835,1.0685145802902511,1.3862943611198906,3.3796647876112456,0.0676127932965755,0.3351381408671538,0.597249106814464,-0.26752534757057833
22.149627685546875,22.235537474634327,21.12770531761483,664150000.0,0.0501237437571666,0.0345295285128039,21.16841134209085,20.4692114180686,0.4687182798647491,72.18495006203824,1.2419669857170952,1.1655507127317033,0.0764162729853918,0.2937141962712677,0.8996578918709505,-0.0005214549026414,0.0,0.0,-0.028453719542253,0.0359225307765058,0.0213737851666115,0.0887798182426748,0.4532968242037358,0.9329060977568274,0.0263245804723632,392.0,0,2023-02-07,0.051401192660425865,0.05085307727501753,0.13492332406098795,21.066770553588867,21.0777587890625,21.0777587890625,21.686113357543945,19.51640892028809,0.05085307727501753,0.13492332406098795,0.15094738121150741,0.03530994768966996,0.032443909883093355,21.431385676066082,0.6220400899194912,1.0335135590547886,1.154655497483696,21.29381534031459,0.4503618005558889,1.0401906530865803,1.9002773862613143,20.55923352922712,0.8950682268406013,1.0773566852119676,1.7768412603958734,1.0883382371885488,1.791759469228055,2.536361961324734,0.25179882198572157,0.02088999375700946,0.7273112080991269,0.23090882822871212
22.18159294128418,22.85388384635013,21.984800102114296,559651000.0,0.0014421105859538,0.0262223504238381,21.42170674188918,20.69752895449734,-0.1573424678160054,72.07415980562399,1.2706698116555764,1.186574532516478,0.0840952791390983,0.2697232267138444,0.8850868881200641,0.0501237437571666,-0.0005214549026414,0.0,0.0,-0.028453719542253,0.0523696168681118,0.0903510918471723,-0.3400025299138341,0.0004952502478455,-0.7932993541175699,486.0,0,2023-02-08,0.0014431509274606125,0.05236961686811181,0.06025899233875798,22.149627685546875,21.066770553588867,21.0777587890625,21.0777587890625,20.92091941833496,0.05236961686811181,0.06025899233875798,0.14914865785427045,0.02658406339878462,0.032474725804184285,21.79933039347331,0.6346167218505366,1.017535517876518,0.6023518363906282,21.47391155787877,0.5226550289128742,1.0329554017905864,1.3540123872478436,20.76487364087786,0.9146619307228184,1.0682267238851557,1.5488993832800582,0.8186077862236895,1.791759469228055,2.0495855917613035,0.0708431255072355,0.6658610798418522,0.26329578384757035,-0.5950179543346167
22.313453674316406,22.995734263923605,22.0966833667124,523876000.0,0.0059270021756074,0.0232497493012236,21.644643474995988,20.91298558380655,-0.0639237667760801,70.50641818901853,1.289196017955753,1.207098829604333,0.0820971883514198,0.2618883457323052,0.8747826763687151,0.0014421105859538,0.0501237437571666,-0.0005214549026414,0.0,0.0,0.0586255349831179,0.165692555543067,-0.0730787391350867,-0.2503220210330288,0.2669237907787474,426.0,0,2023-02-09,0.005944601606443278,0.059177704411612186,0.02892820425815157,22.18159294128418,22.149627685546875,21.066770553588867,21.0777587890625,21.686113357543945,0.059177704411612186,0.02892820425815157,0.1280174748717724,0.023580750196929828,0.032224988371889356,22.21489143371582,0.08684083629175665,1.0044367644512093,1.1349757189054377,21.563531603131974,0.6113630630812676,1.0347773307724561,1.2266394822821447,20.945754323686874,0.9546715628613127,1.065297211525242,1.4326386202709396,0.7317535672875491,2.1972245773362196,2.0058775766583805,0.084652159595862,0.3761749104596674,0.5391729101538658,-0.2915227508638054
21.242582321166992,22.05472500108008,20.789062350237074,550737000.0,-0.0491820331394392,0.0287520297060368,21.54412818653874,20.95693181545461,0.0512735838251801,56.72645055193137,1.2035935244302325,1.2063977685695129,-0.0028042441392805,0.235490312487763,0.6559203157779498,0.0059270021756074,0.0014421105859538,0.0501237437571666,-0.0005214549026414,0.0,0.0078197845299388,0.0884472859699347,0.2171784203360968,0.296825718415512,0.2902571594711835,497.0,1,2023-02-10,-0.04799218304703878,-0.04095081765061681,0.007819784529938811,22.313453674316406,22.18159294128418,22.149627685546875,21.0777587890625,21.0777587890625,-0.04095081765061681,0.007819784529938811,0.044193394444147494,0.028774819587166232,0.03505116269718634,21.912542978922527,0.5839368762411047,0.9694257002302306,-1.1473169190275827,21.587077822004044,0.5924160999870678,0.9840415871162561,-0.5815093493316138,21.009972163609095,0.9411887771412334,1.0110714167418458,0.2471450608074894,0.8209376629174151,2.0794415416798357,1.3978148595065945,0.25630253593304325,0.5483110871698175,0.19538636878132817,-0.2920085512367742
21.242582321166992,22.05472500108008,20.789062350237074,550737000.0,0.0,0.0287520297060368,21.4687417201958,20.995018549549595,0.0,56.72645055193137,1.1228098782272724,1.1896801905010648,-0.0668703122737923,0.2010948091894544,0.6398918543087236,-0.0491820331394392,0.0059270021756074,0.0014421105859538,0.0501237437571666,-0.0005214549026414,0.0083454541421477,0.0153751800482595,-0.2851844484596619,-0.1369430037360268,-0.5023628687957588,426.0,1,2023-02-11,0.0,-0.04233287584903378,0.007819784529938811,21.242582321166992,22.313453674316406,22.18159294128418,21.066770553588867,21.0777587890625,-0.04233287584903378,0.007819784529938811,0.044193394444147494,0.028774819587166232,0.03505116269718634,21.599539438883465,0.6182678640083463,0.9834738551381388,-0.5773502691895592,21.610624040876115,0.5717125319251494,0.982969408055363,-0.6437531086992294,21.07419000353132,0.9227093381184702,1.0079904526630659,0.18249768445938375,0.8209376629174151,1.9459101490553132,3.1412141401549416,0.09667962106565631,0.27795370109379286,0.6253666977087656,-0.18127408002813655
21.765033721923828,22.024759888693577,20.939904182007883,474919000.0,0.0242969571747373,0.0300192102426417,21.50040983330991,21.126294608364173,-0.1376664360665799,71.84694730795822,1.0168580891797916,1.1322425067260071,-0.1153844175462155,0.1799361416185007,0.7325550089169675,0.0,0.0,-0.0491820331394392,0.0059270021756074,0.0014421105859538,-0.0187794997619424,0.0326066418986616,-0.2936462321877729,-0.347422435103346,0.7386659164749911,227.0,1,2023-02-13,0.024594533416789188,0.024594533416789188,0.03314524010971431,21.242582321166992,21.242582321166992,21.242582321166992,22.18159294128418,21.066770553588867,0.024594533416789188,0.03314524010971431,0.1370421697647708,0.030024183193353052,0.030349598664672024,21.416732788085938,0.3016374568655984,1.0162630284126086,1.1547005383787075,21.733922140938894,0.4889255958103081,1.0014314756804217,0.0636325470614237,21.325781685965403,0.702717519549335,1.0205972302646003,0.6250762557337767,0.9892777669018151,1.6094379124341003,3.043165157296233,0.20114867947995657,0.04042956139892335,0.7584217935800552,0.16071911808103323
22.94678497314453,23.024701862590533,21.343475492983863,675474000.0,0.0528731140093144,0.0307229555978544,21.862003618268567,21.369026657001555,0.4222930647120877,75.18334008714517,1.07614283696698,1.1210225727742018,-0.0448797358072217,0.1838272955703875,0.983690556774752,0.0242969571747373,0.0,0.0,-0.0491820331394392,0.0059270021756074,0.0283833828717028,0.0886729088603048,-0.0311521437224407,-0.376764003454101,0.2624940884653322,440.0,0,2023-02-14,0.05429586125705521,0.08022577604792436,0.03598964727148979,21.765033721923828,21.242582321166992,21.242582321166992,22.313453674316406,22.149627685546875,0.08022577604792436,0.03598964727148979,0.1757688141741296,0.030779322279384156,0.032562171011157895,21.984800338745117,0.8730977575012598,1.0437568055919093,1.1018063282541715,21.847801753452845,0.6635428416631655,1.0503017755330009,1.6562355144049057,21.57080854688372,0.6159946575399255,1.063788820120959,2.23374733760841,0.9452478542919384,1.6094379124341003,3.043165157296233,0.20114867947995657,0.04042956139892335,0.7584217935800552,0.16071911808103323
22.74000358581543,22.830907263123883,22.08269816763165,420575000.0,-0.0090521923671756,0.0311810398982731,22.08150361015528,21.551823580843404,-0.3773631553546103,66.20398876198321,1.0938318838285035,1.115584434985062,-0.0217525511565586,0.1859549993569831,0.8849311941254144,0.0528731140093144,0.0242969571747373,0.0,0.0,-0.0491820331394392,0.0704914893118406,0.0788625020993925,-0.6001740277902278,0.0406614897975498,-0.569021884067787,529.0,0,2023-02-15,-0.009011344620656225,0.07049148931184068,0.025174505997355157,22.94678497314453,21.765033721923828,21.242582321166992,21.242582321166992,22.18159294128418,0.07049148931184068,0.025174505997355157,0.08695048870013977,0.031257180697506146,0.027983781173859204,22.483940760294598,0.6311181608073299,1.0113886986383198,0.40572881818719203,21.927574702671595,0.7395715093825707,1.037050558219959,1.0985129535642717,21.700743130275182,0.6587366493600645,1.0478905468490778,1.5776569537308218,1.1169748828190795,1.6094379124341003,3.276802282408163,0.4493456035852432,0.22178367082960898,0.3288707379251718,0.22756193275563424
21.978805541992188,22.526226251527607,21.903883847439104,412026000.0,-0.0340470414595977,0.0341889425074671,22.055829093114507,21.608754508996576,-0.0203269333650359,52.609092915366126,1.0345031519896215,1.099368178385974,-0.0648650263963523,0.1835839524190444,0.6728616458936831,-0.0090521923671756,0.0528731140093144,0.0242969571747373,0.0,0.0,0.0346578965633379,0.0432925865919182,-0.2699762966180092,0.0863801901886939,0.3301977311722185,466.0,0,2023-02-16,-0.03347396322743135,0.009821800544835835,-0.014997594599594044,22.74000358581543,22.94678497314453,21.765033721923828,21.242582321166992,22.313453674316406,0.009821800544835835,-0.014997594599594044,0.01349675617859969,0.03425081918523726,0.028419707618957353,22.555198033650715,0.5097654988980743,0.9744452480178364,-1.130701259509473,21.87976782662528,0.7210547414842088,1.0045264518413395,0.13735117414670925,21.721649714878627,0.6628683087899369,1.0118386876912677,0.3879440662701127,1.2051784502663307,2.4849066497880004,2.665378197113492,0.12323943881148637,0.26979110279882496,0.6069694449278441,-0.1465516639873386
21.365455627441406,21.717083871627388,20.952890859592024,465888000.0,-0.028303209801047,0.0300648493499371,21.88323572669623,21.57631465812256,0.1307247600879555,52.56228188430219,0.9273031193085046,1.0649551665704802,-0.1376520472619755,0.1781951496553518,0.5030456933235707,-0.0340470414595977,-0.0090521923671756,0.0528731140093144,0.0242969571747373,0.0,0.0057842923434021,-0.0354033968082072,-0.3043324203140685,-0.4938594274093151,-0.0343561236960592,498.0,0,2023-02-17,-0.02790642618767114,-0.06891289335537909,0.005784292343402164,21.978805541992188,22.74000358581543,22.94678497314453,21.242582321166992,21.242582321166992,-0.06891289335537909,0.005784292343402164,0.013649308793124426,0.030339997297667752,0.028408096850464592,22.028088251749676,0.6885979317268062,0.9699187411664906,-0.9622924986814537,21.897321156093053,0.7042578215796337,0.975710931722639,-0.7552142302923734,21.74219948904855,0.645606079640448,0.9826722286401196,-0.5835506719778091,1.0680052753048668,1.9459101490553132,2.1557387529743104,0.04079998936504122,0.3424072327713172,0.6167927722757062,-0.301607243406276
21.365455627441406,21.717083871627388,20.952890859592024,465888000.0,0.0,0.0300648493499371,21.75379070188253,21.548200120698404,0.0,52.56228188430219,0.8327469327998394,1.018513519816352,-0.1857665870165126,0.1721343091871517,0.4892776463300587,-0.028303209801047,-0.0340470414595977,-0.0090521923671756,0.0528731140093144,0.0242969571747373,-0.0183587169947698,-0.0367934492352794,-0.0111154832281837,-0.1498486679711306,0.2932169370858848,442.0,0,2023-02-18,0.0,-0.060446250731087336,0.005784292343402164,21.365455627441406,21.978805541992188,22.74000358581543,21.765033721923828,21.242582321166992,-0.060446250731087336,0.005784292343402164,0.013649308793124426,0.030339997297667752,0.028408096850464592,21.569905598958332,0.3541177382734586,0.9905215175569985,-0.5773502691894087,21.914874485560826,0.6865269645731672,0.9749294088596575,-0.8002873688450228,21.76274926321847,0.6271446967925863,0.9817443269243314,-0.633495966415642,1.0680052753048668,1.0986122886681098,3.321894866573836,0.2539760954678058,0.0116446777246892,0.734379231929779,0.24233141774311662
20.633228302001957,21.47134271002345,20.59626664817325,410015000.0,-0.0348725941112943,0.0165571200486514,21.34622765561139,21.386785214178555,-0.1199279655196098,35.564855835572686,0.551065763569639,0.8356119806012985,-0.2845462170316595,0.1130798726119836,0.1064555566324959,0.0,0.0,0.0,-0.028303209801047,-0.0340470414595977,-0.0612215817378886,-0.0286854964218664,-0.1137244285783764,-0.0212805241283909,0.0807489434808017,370.0,1,2023-02-21,-0.03427155208892385,-0.03427155208892385,-0.10082269363007568,21.365455627441406,21.365455627441406,21.365455627441406,21.978805541992188,22.94678497314453,-0.03427155208892385,-0.10082269363007568,-0.06846161953929375,0.01627935129148834,0.025919861774974157,21.121379852294922,0.4227516434505616,0.976888273696762,-1.1547005383789875,21.544837134225027,0.655298022383524,0.9576878290356191,-1.3911362480650615,21.696319443838938,0.6527742021519578,0.9510013140897561,-1.6285740740555594,0.628064741734317,0.6931471805599453,3.58351893845611,0.4455136358737945,0.0466614589095115,0.5078248977661133,0.398852176964283
20.73212432861328,21.081755798453145,20.39947513838324,513184000.0,0.0047815966140323,0.0181588591471195,21.192701823861864,21.299497096103185,0.2516225016157944,36.375605930816214,0.4554502456489757,0.759579633610834,-0.3041293879618583,0.1187179739316384,0.1816253080065415,-0.0348725941112943,0.0,0.0,0.0,-0.028303209801047,-0.0296427705484869,-0.0240299406558057,-0.4403020833864451,-0.3741664542264299,-0.3265776548080686,509.0,1,2023-02-22,0.004793046689728575,-0.029642770548486963,-0.08829722693863629,20.633228302001957,21.365455627441406,21.365455627441406,21.365455627441406,22.74000358581543,-0.029642770548486963,-0.08829722693863629,-0.06534556001039771,0.017876676174648335,0.025996692694554614,20.910269419352215,0.39729204503226,0.9914804975887082,-0.4483983330813184,21.257997240339005,0.4532534929383389,0.9752623492335472,-1.160218111760397,21.5927859715053,0.6840826199163167,0.960141241429995,-1.2581252875526983,0.687651940371356,1.791759469228055,2.9653675955403576,0.13065433204174037,0.18982922136783598,0.6795164376497269,-0.0591748893260956
23.639055252075195,23.862820062689917,23.0007288852004,1117995000.0,0.1312158305310626,0.0555278571577559,21.8042901809152,21.61143818356612,1.178546096526782,58.188328600576796,0.6072394121622366,0.7291115893211146,-0.1218721771588779,0.1442048512920287,1.1285160765840918,0.0047815966140323,-0.0348725941112943,0.0,0.0,0.0,0.1064147502529091,0.086102394974177,0.0647309675455017,0.1141626144700787,0.5050330509319468,634.0,0,2023-02-23,0.1402138477169914,0.10641475025290914,0.07553866869202586,20.73212432861328,20.633228302001957,21.365455627441406,21.365455627441406,21.978805541992188,0.10641475025290914,0.07553866869202586,0.05940817576279578,0.058674404394888455,0.04668352348636354,21.66813596089681,1.7075822806747245,1.0909593374684,1.1542162936942684,21.495175770350865,0.9990603447736703,1.0997377041541323,2.1458958840068965,21.687471798488072,0.86049796631502,1.089986673952617,2.267969861619251,1.2568546676222394,2.833213344056216,3.3523757571680077,0.21866463625337926,0.2104468955658376,0.5708884815685451,0.008217740687541664
23.26145362854004,23.44925708953541,22.922812171124363,589716000.0,-0.0161025878671445,0.0542880678059323,22.16858104282141,21.831440242895976,-0.4725235801591241,63.63883295183895,0.6891203742235312,0.721113346301598,-0.0319929720780667,0.1549214052760223,0.9378639085537116,0.1312158305310626,0.0047815966140323,-0.0348725941112943,0.0,0.0,0.0887412856603651,0.013712973550054,0.5090931055776955,0.3349392238438089,0.4443621380321937,502.0,1,2023-02-24,-0.01597363428904408,0.12737828943050444,0.0887412856603651,23.639055252075195,20.73212432861328,20.633228302001957,21.365455627441406,21.365455627441406,0.12737828943050444,0.0887412856603651,0.09503888354295609,0.05748879131613317,0.0446218140512092,22.54421106974284,1.5806294678251933,1.0318149327372041,0.4537702057295324,21.76603262765067,1.1956933505867595,1.0687043443548665,1.2506726746916548,21.83167689187186,0.945202395066503,1.0654909260406147,1.5126672807124875,1.288356211833017,3.5263605246161616,2.670506112667062,0.2738745661283081,0.26458930957949517,0.46153612039757497,0.009285256548812904
23.26145362854004,23.44925708953541,22.922812171124363,589716000.0,0.0,0.0542880678059323,22.441799189251064,22.022108694315182,0.0,63.63883295183895,0.7454189014883781,0.725974457338954,0.019444444149424,0.1621839038830133,0.8854203470439879,-0.0161025878671445,0.1312158305310626,0.0047815966140323,-0.0348725941112943,0.0,0.0887412856603651,0.0229309569260522,-0.3794245272469339,-0.4942735251934052,-0.8885176328246294,513.0,0,2023-02-25,0.0,0.12200048870225633,0.0887412856603651,23.26145362854004,23.639055252075195,20.73212432861328,21.365455627441406,21.365455627441406,0.12200048870225633,0.0887412856603651,0.09503888354295609,0.05748879131613317,0.0446218140512092,23.38732083638509,0.21800839899472904,0.9946181433638508,-0.5773502691889136,22.036889484950475,1.3000239426387763,1.0555688290049214,0.9419550697689117,21.97588198525565,1.000784152451963,1.0584992058178562,1.2845643490004155,1.288356211833017,2.5649493574615367,2.2295066294963957,0.10104768381764484,0.29855450716180104,0.6003978025789062,-0.1975068233441562
23.476228713989254,23.854828947358715,23.42927927461704,452994000.0,0.0091907251925954,0.0540559994583416,22.854091777802296,22.35920455600438,-0.2318438027796431,62.06169167713306,0.8171675258003113,0.7530223789689249,0.0641451468313863,0.1763291297030225,0.8616213032784623,0.0,0.0,-0.0161025878671445,0.1312158305310626,0.0047815966140323,0.1323600197394496,0.0987937314960329,0.1601843672073884,0.1320237891284121,0.2989951691211236,272.0,0,2023-02-27,0.009233089594439692,0.009233089594439692,0.09879373149603277,23.26145362854004,23.26145362854004,23.26145362854004,20.73212432861328,21.365455627441406,0.009233089594439692,0.09879373149603277,0.07862128834386994,0.0572317719606253,0.044353899661248086,23.333045323689777,0.1240004533997948,1.006136506757397,1.1547005383749165,22.609285354614258,1.3239160468941855,1.0383445715234898,0.6548325790058855,22.2423152923584,1.0865659180843064,1.0554759432825225,1.135608434881092,1.2903436315122612,1.0986122886681098,6.631258273793867,0.03994925040751695,0.17757041752338404,0.7824802994728088,-0.13762116711586708
23.1915283203125,23.799887550278743,23.18153863236945,455963000.0,-0.0122013117301524,0.0512857818904727,22.938450913429847,22.47018105791213,0.0065541706954175,51.97486402378777,0.8134547471188363,0.7651088525989073,0.0483458945199289,0.1816845623563732,0.7667529134383925,0.0091907251925954,0.0,0.0,-0.0161025878671445,0.1312158305310626,-0.018931675863967,0.085468464830009,0.8802047431653862,0.8871027731222763,0.7200203759579977,438.0,1,2023-02-28,-0.012127177543942769,-0.0030060592662939367,0.12398932347694336,23.476228713989254,23.26145362854004,23.26145362854004,23.639055252075195,20.633228302001957,-0.0030060592662939367,0.12398932347694336,0.01066569227255143,0.05461586886942919,0.04232879214327181,23.309736887613933,0.14836452867898461,0.9949287901501691,-0.7967441298398258,22.97475678580148,1.0013109758521277,1.0094352047567696,0.2164877243321402,22.259796960013254,1.100649484688509,1.0418571365216394,0.8465286844366549,1.2902770455761854,1.791759469228055,2.9767558192799513,0.29228602275252336,0.15304034911096093,0.5546736501157283,0.13924567364156243
22.674072265625,23.23148459935281,22.484272025585437,460026000.0,-0.0225649726298788,0.0533449805401771,22.872356251478635,22.49736655227385,0.0089108107456088,49.493392128591374,0.7599971896911129,0.7640865200173484,-0.0040893303262355,0.1827790476856163,0.6325990056710206,-0.0122013117301524,0.0091907251925954,0.0,0.0,-0.0161025878671445,-0.0252512750189595,0.0612491800316596,-0.3006496542517879,-0.1543634599363499,-1.180854397417174,648.0,1,2023-03-01,-0.02231228781219574,-0.025251275018959518,0.09366854579062855,23.1915283203125,23.476228713989254,23.26145362854004,23.26145362854004,20.73212432861328,-0.025251275018959518,0.09366854579062855,-0.0028993539926949197,0.05663352438674932,0.04273104664562857,23.113943099975586,0.40666736004288295,0.9809694593238377,-1.0816477484305642,23.252177919660294,0.2994482332087054,0.9751375696490567,-1.930569594085312,22.25508757999965,1.098575856966291,1.0188264676164154,0.3813889436660054,1.325348401980764,2.5649493574615367,4.008193553354772,0.25728997091452277,0.10413966467604036,0.6385703546305498,0.15315030623848241
23.28942108154297,23.35535148775119,22.408350934456944,389415000.0,0.0267771458848535,0.0167685634873755,22.97662245899472,22.60297382284306,-0.1534934981935803,60.301498045362955,0.7585412061991299,0.7629774572537048,-0.0044362510545749,0.1834124120571356,0.757298670007257,-0.0225649726298788,-0.0122013117301524,0.0091907251925954,0.0,0.0,0.0012023089119681,0.0900502890109422,-0.1221910635415098,-0.0827080032141483,0.1784585907102781,582.0,1,2023-03-02,0.027138875130554574,-0.007957310125155215,-0.01479053061993807,22.674072265625,23.1915283203125,23.476228713989254,23.26145362854004,23.639055252075195,-0.007957310125155215,-0.01479053061993807,0.05963088107980896,0.016801127543515103,0.04208055792677866,23.051673889160156,0.3306553912273834,1.0103136628396696,0.7190180432271244,23.202230181012833,0.24908666926375497,1.0037578672330165,0.3500424201257034,22.34870297568185,1.1286518885271561,1.042092738307218,0.8334882663322501,0.3992610452729627,2.0794415416798357,2.333103151082955,0.32863607896225794,0.02578532043844457,0.6455786145691361,0.3028507585238134
23.86482048034668,23.87481016946868,23.10562125511998,412393000.0,0.0244062014977028,0.0180809190840136,23.19867196433271,22.771220043843545,0.0590064584055569,69.76302534138466,0.7946569409040087,0.7693133539837657,0.025343586920243,0.1882492908128636,0.8547167063656621,0.0267771458848535,-0.0225649726298788,-0.0122013117301524,0.0091907251925954,0.0,0.0259384843888843,0.1566207735912648,0.0819768772028477,0.3988877875431225,0.2041679407443576,518.0,0,2023-03-03,0.024706470667049674,0.02903181501171148,0.025938484388884353,23.28942108154297,22.674072265625,23.1915283203125,23.26145362854004,23.26145362854004,0.02903181501171148,0.025938484388884353,0.11698158450200014,0.018146204437862936,0.04126551389123844,23.27610460917155,0.5954857882797439,1.0252927146127,0.9886312700691448,23.28842544555664,0.3549122275190845,1.0247502793238439,1.6240495257635068,22.527229036603654,1.1584389791479215,1.0593766522091832,1.1546498933650164,0.43974260167194396,1.9459101490553132,3.2718251649507812,0.1551440994565685,0.24388851722081498,0.6009673695079982,-0.08874441776424646
23.86482048034668,23.87481016946868,23.10562125511998,412393000.0,0.0,0.0180809190840136,23.365209093336205,22.9170334353773,0.0,69.76302534138466,0.8138968248932557,0.7782300481656637,0.035666776727592,0.1898626976524872,0.8189644038773679,0.0244062014977028,0.0267771458848535,-0.0225649726298788,-0.0122013117301524,0.0091907251925954,0.0165525634926986,0.1511034808627802,0.279943424399459,0.3660684346531374,0.1979665471966112,472.0,0,2023-03-04,0.0,0.0525158516199542,0.025938484388884353,23.86482048034668,23.28942108154297,22.674072265625,23.476228713989254,23.26145362854004,0.0525158516199542,0.025938484388884353,0.11698158450200014,0.018146204437862936,0.04126551389123844,23.67302068074544,0.3322069977910567,1.0081020416527258,0.5773502691893071,23.374620710100448,0.4153858702588798,1.0209714534548324,1.1801069929045152,22.70575509752546,1.1582142402941877,1.0510472070998218,1.000734874859434,0.43974260167194396,1.3862943611198906,1.3170812395271425,0.028444417441884636,0.6453897270063559,0.3261657667656739,-0.6169453095644712
23.529170989990234,24.222437736222577,23.462240277861365,437429000.0,-0.0141644580570891,0.0190203189299583,23.499876702564176,23.10817383452215,0.0607090809009851,66.24658501053788,0.7881221357483064,0.7868429588691347,0.0012791768791716,0.1964650303472341,0.7007896899864432,0.0,0.0,0.0244062014977028,0.0267771458848535,-0.0225649726298788,0.0377126223444919,0.0115090555270254,-0.2254925558532452,-0.1064498649213494,-0.3235753907837156,281.0,0,2023-03-06,-0.014064614088878713,-0.014064614088878713,0.0022551439861135947,23.86482048034668,23.86482048034668,23.86482048034668,22.674072265625,23.476228713989254,-0.014064614088878713,0.0022551439861135947,0.10127166957159539,0.01909648031446781,0.04166215777452596,23.75293731689453,0.19378732361097561,0.9905794250235679,-1.1547005383773374,23.468379156930105,0.4499608560310761,1.0025903720343712,0.13510471465529178,23.03883225577218,1.0493389271062394,1.0212831418178845,0.4672834691935612,0.45836512880147123,1.3862943611198906,4.504515212057952,0.053892864535252195,0.5227319169789553,0.4233752141396205,-0.46883905244370305
23.26740074157715,24.1036602677774,23.220441431129053,515154000.0,-0.0111876989738983,0.0189126441743614,23.44175771231742,23.129404088796157,0.1776859787531233,71.28270578760645,0.733521661165998,0.7761786993285074,-0.0426570381625093,0.1977915438348105,0.6349294167825528,-0.0141644580570891,0.0,0.0,0.0244062014977028,0.0267771458848535,-0.0009455082583942,0.0002556638605686,0.3372887283679169,0.379041553924632,0.5627812842211621,498.0,0,2023-03-07,-0.01112534940242682,-0.025033489745356463,0.003271557622970267,23.529170989990234,23.86482048034668,23.86482048034668,23.28942108154297,23.1915283203125,-0.025033489745356463,0.003271557622970267,0.12766651931630157,0.018989727722474804,0.04030709910811303,23.553797403971355,0.2994702510553634,0.9878407435759842,-0.9563442825620113,23.479218074253627,0.44304104297495395,0.9909785184495241,-0.4780986683629958,23.226987430027553,0.7885789744923112,1.001739929109246,0.051248274246234,0.471126132682978,1.0986122886681098,4.383508810655889,0.06619977578520769,0.14283152297139165,0.7909687161445618,-0.07663174718618396
24.15961265563965,24.178596857110083,23.403282221510484,513573000.0,0.0376290693727506,0.0203269386847932,23.621221448147978,23.266765231041955,-0.0030689851966596,74.54572425547681,0.7535578903368005,0.7716545375301661,-0.0180966471933655,0.2030806188178933,0.8001396072718739,-0.0111876989738983,-0.0141644580570891,0.0,0.0,0.0244062014977028,0.0123525829802799,0.0386114746499606,0.1534829700485024,0.4307357879906224,-0.1838057583194145,540.0,0,2023-03-08,0.03834600710117919,0.01235258298027997,0.06551714101514983,23.26740074157715,23.529170989990234,23.86482048034668,23.86482048034668,22.674072265625,0.01235258298027997,0.06551714101514983,0.16532258212902695,0.020556158985583568,0.04100862915743545,23.652061462402344,0.45862520215982816,1.021459067914402,1.1066796827716112,23.691438129970006,0.3359384227928852,1.0197613383831434,1.3936319691489536,23.47180802481515,0.3813404064760344,1.029303436279699,1.8036500175276438,0.5012642316490709,0.6931471805599453,4.68213122712422,0.8978635668754578,0.0114600313827395,0.0906764417886734,0.8864035354927182
23.41527366638184,24.432372980969312,23.36231913782545,501257000.0,-0.0312938102532035,0.0234966641120206,23.56973450270644,23.28656635575394,-0.02398101146283,47.67825395895638,0.7012907671499171,0.7575817834541163,-0.0562910163041991,0.1949852461942215,0.6213328333935803,0.0376290693727506,-0.0111876989738983,-0.0141644580570891,0.0,0.0,-0.0188372174990822,-0.0025964582450629,-0.1922501933064456,-0.1761450909928994,-0.345733163354948,589.0,0,2023-03-09,-0.03080922694694177,-0.004840685787733445,0.0054038520063777185,24.15961265563965,23.26740074157715,23.529170989990234,23.86482048034668,23.28942108154297,-0.004840685787733445,0.0054038520063777185,-0.009466604452126326,0.023609723304111836,0.01974835033218924,23.61409568786621,0.47818215364988087,0.9915803669082898,-0.41578720570560335,23.70941707066127,0.3134523225350557,0.9875938154277352,-0.9383991858810842,23.455823625837052,0.37847000261727964,0.9982712199706965,-0.10714180562473245,1.1955288875764307,2.302585092994046,2.350853057898772,0.12012082296941012,0.23068271173785126,0.6491964782277743,-0.11056188876844114
22.94468879699707,23.60610394776299,22.70589985999217,474866000.0,-0.0203020454634268,0.0220316619343227,23.4134730762791,23.240982681253023,-0.0526496388080366,46.77575670976373,0.6148092905465958,0.7290272848726123,-0.1142179943260164,0.1841975009999847,0.4980160034568788,-0.0312938102532035,0.0376290693727506,-0.0111876989738983,-0.0141644580570891,0.0,-0.0385559859588033,-0.0106435211990419,-0.782919703654419,-0.8350738678999707,-0.5906695103479733,524.0,1,2023-03-10,-0.02009734654779649,-0.013869703288490465,-0.038555985958803385,23.41527366638184,24.15961265563965,23.26740074157715,23.86482048034668,23.86482048034668,-0.013869703288490465,-0.038555985958803385,-0.013617585409809618,0.022141698069327306,0.020025715353610918,23.50652503967285,0.6125806929870419,0.9760987112417702,-0.9171628311303405,23.577969687325613,0.4141707300366885,0.9731409914116157,-1.529033426076354,23.433197566441127,0.39984862856659276,0.979153132300491,-1.2217342627766392,1.105663277358771,1.791759469228055,3.702854587955207,0.337140941619873,0.05101319868117564,0.611845874786377,0.28612774293869736
22.94468879699707,23.60610394776299,22.70589985999217,474866000.0,0.0,0.0220316619343227,23.296277006458592,23.2014768300189,0.0,46.77575670976373,0.5400467742272248,0.6912311827435348,-0.15118440851631,0.1717480411395898,0.4779180346288225,-0.0203020454634268,-0.0312938102532035,0.0376290693727506,-0.0111876989738983,-0.0141644580570891,-0.0248407473957248,0.0119350652234773,0.0845519086607488,0.0317693708222996,0.8674716123151679,494.0,1,2023-03-11,0.0,-0.05028738978391589,-0.038555985958803385,22.94468879699707,23.41527366638184,24.15961265563965,23.529170989990234,23.86482048034668,-0.05028738978391589,-0.038555985958803385,-0.013617585409809618,0.022141698069327306,0.020025715353610918,23.101550420125324,0.2716923010160697,0.9932099092798723,-0.5773502691891743,23.446522303989955,0.4522235376840158,0.9785966762794717,-1.1097023157240722,23.4105715070452,0.41882654135742914,0.9800994730133809,-1.112352403785566,1.105663277358771,1.3862943611198906,2.779355508506267,0.028294555221994668,0.3450274243950844,0.6266780172785122,-0.31673286917308974
22.94568634033203,23.2773934204727,22.27727934666776,421890000.0,4.347505689944258e-05,0.0217658316528609,23.14270655065292,23.13769814757813,-0.1115598926855154,44.354079513831834,0.4192670191454866,0.6022922046226894,-0.1830251854772028,0.1205356808193769,0.3996524085388971,0.0,0.0,-0.0203020454634268,-0.0312938102532035,0.0376290693727506,-0.0502461000766188,-0.0385141862169706,-0.511397674726755,-0.6450981495802471,-0.2514113135379563,340.0,1,2023-03-13,4.347600195342416e-05,4.347600195342416e-05,-0.024798351370153626,22.94468879699707,22.94468879699707,22.94468879699707,24.15961265563965,23.529170989990234,4.347600195342416e-05,-0.024798351370153626,-0.02259913123699797,0.021861119277397832,0.01982134276788073,22.94502131144206,0.0005759320091045307,1.0000289835812721,1.1547003456306808,23.231719970703125,0.45183437841525237,0.9876877979447152,-0.6330497280315805,23.350049563816615,0.4502769200390744,0.9826825539543528,-0.8980323118704234,1.102908089194766,1.0986122886681098,2.0126758453675744,0.12495011463761324,0.0773407239466905,0.797709196805954,0.04760939069092274
24.04171562194824,24.197577774691457,23.439248344671885,474910000.0,0.046660512613176,0.0283769986689905,23.36745881847675,23.25823381082748,0.1256725686790396,57.715247090834474,0.4580071736400271,0.573435198426157,-0.1154280247861299,0.0701954192100108,0.8956185151367538,4.347505689944258e-05,0.0,0.0,-0.0203020454634268,-0.0312938102532035,0.0267535611367126,0.0074123809876232,0.665613691389389,0.2386203994263679,1.177011366116144,674.0,1,2023-03-14,0.047766245269800445,0.04781179795712642,0.03327895921728152,22.94568634033203,22.94468879699707,22.94468879699707,23.41527366638184,23.26740074157715,0.04781179795712642,0.03327895921728152,0.03665939087296355,0.028657877695850598,0.02346770243285348,23.310696919759113,0.6330809632156035,1.0313597960929894,1.1547001800149974,23.34233638218471,0.5468232098996577,1.0299618353669733,1.2789860179707198,23.410777228219168,0.4833683118376865,1.0269507666310431,1.3052953167954835,1.2211624797036442,1.791759469228055,1.339406849533297,0.0664955679327249,0.04288802035152904,0.8906163930892944,0.023607547581195862
24.20656967163086,24.26451702592668,23.339337433810197,524486000.0,0.0068335979282738,0.0245453335069136,23.57723653176528,23.38467859226793,0.1043903055315744,64.8578878266176,0.4962904419663871,0.558006247134203,-0.0617158051678158,0.0762595713903353,0.9401318828000652,0.046660512613176,4.347505689944258e-05,0.0,0.0,-0.0203020454634268,0.0549966437025259,0.0143202079213466,0.0731118837274063,0.0585239484476344,-0.5925018076619827,527.0,1,2023-03-15,0.006857000235545696,0.054996643702525994,0.0019436162599340001,24.04171562194824,22.94568634033203,22.94468879699707,22.94468879699707,24.15961265563965,0.054996643702525994,0.0019436162599340001,0.0675880974556653,0.024764647237356906,0.02233133822142007,23.73132387797038,0.685356819353351,1.020026096989121,0.6934282701219567,23.34904452732631,0.5586796061944668,1.0367263484080025,1.5349139914838055,23.520241328648158,0.47718581969039403,1.029180327420652,1.4382831900327684,1.1089638691515058,0.6931471805599453,2.8903717578961645,0.7436307668685913,0.1185094937682151,0.1378597617149353,0.6251212731003762
25.51840591430664,25.56536331504733,23.872861642086114,583253000.0,0.0527759219981184,0.026970728863212,24.062528877400617,23.66917556853976,0.1120468420510747,69.03920156662898,0.6252766294786518,0.5714603236030928,0.0538163058755589,0.1096655851934235,1.2691734958080405,0.0068335979282738,0.046660512613176,4.347505689944258e-05,0.0,0.0,0.1121704957552709,0.084543349409236,0.0275831164969062,0.0823811946850937,-0.0455287672305,596.0,1,2023-03-16,0.05419339710133331,0.11212214513071661,0.0898188198818426,24.20656967163086,24.04171562194824,22.94568634033203,22.94468879699707,23.41527366638184,0.11212214513071661,0.0898188198818426,0.09570803949824924,0.027519432699616132,0.025367025579191786,24.588897069295246,0.8091873912389715,1.0378019738905693,1.1486941777332875,23.649491991315568,0.9952051038524526,1.0790255420149137,1.8779183464358065,23.67945453098842,0.7095329935620502,1.077660208807245,2.5917771266508427,1.0848505913200142,2.4849066497880004,1.9027111396230376,0.07351699166677211,0.06697538562796328,0.8595076474276456,0.0065416060388088365
25.702247619628903,26.375651279421103,25.645296921004547,848547000.0,0.0071784517411243,0.023168480059444,24.47245856295769,23.940251842018316,0.4548523539527442,66.81974256570382,0.7338739593845816,0.6039430507593906,0.1299309086251909,0.1357300176201397,1.137510299723798,0.0527759219981184,0.0068335979282738,0.046660512613176,4.347505689944258e-05,0.0,0.1201828818437815,0.104646277643762,0.009191612593255,-0.3646245713624633,-0.0183915039036511,603.0,1,2023-03-17,0.007204278587762181,0.06906878127136351,0.12018288184378134,25.51840591430664,24.20656967163086,24.04171562194824,22.94468879699707,22.94468879699707,0.06906878127136351,0.12018288184378134,0.07699312638012068,0.023780383495386807,0.024844902646748906,25.1424077351888,0.8156556283487503,1.0222667570400015,0.6863679535608265,24.04342896597726,1.1953627719382347,1.0689925990173432,1.387711490263272,23.810699326651438,0.8927425544665115,1.0794411061610545,2.1188060135744546,0.9571534182887451,1.6094379124341003,2.709424196228157,0.08371333172544833,0.2152768764644861,0.7010097838938236,-0.13156354473903775
25.702247619628903,26.375651279421103,25.645296921004547,848547000.0,0.0,0.023168480059444,24.779905827125496,24.175184612366397,0.0,66.81974256570382,0.8105941015116258,0.6452732609098376,0.1653208406017882,0.154271722054319,1.0247401960964435,0.0071784517411243,0.0527759219981184,0.0068335979282738,0.046660512613176,4.347505689944258e-05,0.1201341828878581,0.0638518086352331,0.1064418943965216,0.0396166172907117,0.0972502818032665,566.0,1,2023-03-18,0.0,0.06178810001943069,0.12018288184378134,25.702247619628903,25.51840591430664,24.20656967163086,22.94568634033203,22.94468879699707,0.06178810001943069,0.12018288184378134,0.07699312638012068,0.023780383495386807,0.024844902646748906,25.640967051188152,0.10614105805675776,1.0023899476302283,0.5773502691859485,24.43736594063895,1.2268861619256568,1.0517601480479724,1.0309690648109182,23.941944122314453,1.0263727613137306,1.0735238328316792,1.7150723047845762,0.9571534182887451,1.9459101490553132,2.2455972451100163,0.06744050700217478,0.2852150859932105,0.6473443914825717,-0.2177745789910357
25.877092361450195,26.000983238469185,25.107772930663263,432747000.0,0.0067796684330261,0.0225156273213605,25.227141546801057,24.57856625975013,-0.4900141064667013,72.14472984043752,0.9054514662275536,0.7318995698845459,0.1735518963430078,0.1810022795764087,0.9264066455110824,0.0,0.0,0.0071784517411243,0.0527759219981184,0.0068335979282738,0.0690111284862109,0.1278031526336025,-0.3796059650151929,-0.316014830802917,1.0240457656271769,285.0,1,2023-03-20,0.00680270240987646,0.00680270240987646,0.12775412239317419,25.702247619628903,25.702247619628903,25.702247619628903,24.20656967163086,22.94568634033203,0.00680270240987646,0.12775412239317419,0.09978767940692901,0.023125179390064275,0.024192183165570386,25.760529200235997,0.10094665875762353,1.0045248744817374,1.1547005383711695,25.25007520403181,0.7775568834303953,1.0248322887101051,0.80639393821856,24.240897587367467,1.2124560750995617,1.067497285040113,1.3494878764563665,0.9558946884535564,1.0986122886681098,1.8688348091416842,0.4323821999132633,0.0472129601985216,0.5204048454761505,0.3851692397147417
26.175827026367188,26.368657115310835,25.35855164040249,547408000.0,0.0114782397713926,0.0183846978118338,25.46431291669259,24.79153436196573,0.264960820063455,77.24126078634612,0.953425998258389,0.7762048555593145,0.1772211426990745,0.1882984930536683,0.93405504424455,0.0067796684330261,0.0,0.0,0.0071784517411243,0.0527759219981184,0.0257626246039126,0.1408229267329612,-0.4827516804091373,-0.3969889547493084,-0.1031457153939443,631.0,1,2023-03-21,0.011544367533425914,0.018425602840142608,0.08876701804386489,25.877092361450195,25.702247619628903,25.702247619628903,25.51840591430664,24.04171562194824,0.018425602840142608,0.08876701804386489,0.12500005123446778,0.018903194795788055,0.023631777557141454,25.918389002482098,0.23947530779222276,1.0099326398666382,1.075008635581136,25.554948261805944,0.6289963870150911,1.0242958333626995,0.9870943257840169,24.448642321995326,1.2801049272204092,1.070645424053588,1.3492524461430135,0.7999057519088557,2.1972245773362196,2.767021437440887,0.10335967410355801,0.2854897612705827,0.6111505732405931,-0.18213008716702467
26.4445915222168,27.56460037448036,26.21379492429549,797295000.0,0.0102153057860619,0.0182657779582596,25.709382568073643,25.011941983332544,0.456491319089235,74.23184422517333,1.0015875315895464,0.8212813907653609,0.1803061408241855,0.2007093154015205,0.9272855447860014,0.0114782397713926,0.0067796684330261,0.0,0.0,0.0071784517411243,0.0288824508102925,0.1525365088271661,0.0139505178892036,-0.1240683430078018,0.496702198298341,538.0,1,2023-03-22,0.010267660142271096,0.028882450810292726,0.09245514258919618,26.175827026367188,25.877092361450195,25.702247619628903,25.702247619628903,24.20656967163086,0.028882450810292726,0.09245514258919618,0.0945784561675811,0.018780921441766595,0.022061895455769146,26.165836970011394,0.2838814458314292,1.0106533780106055,0.9819400186193655,25.874665669032506,0.3244545407897371,1.0220264045330796,1.7565661180055268,24.611855098179408,1.3820283153760948,1.0744655945976604,1.3261207485019186,0.8512832217621363,1.791759469228055,2.0184079318161436,0.2194665320217609,0.14659698270261284,0.6339364811778069,0.07286954931914805
27.16694641113281,27.47467451370751,26.666390152210152,564889000.0,0.0269493707837127,0.0091289258544712,26.07377352883844,25.29927590703925,-0.2914931110818455,89.97228500557422,1.085530575547832,0.8741312277218551,0.2113993478259768,0.222957041393738,0.983986337171795,0.0102153057860619,0.0114782397713926,0.0067796684330261,0.0,0.0,0.0569871870032607,0.183967479036833,0.3775555432735869,0.6597546335718577,0.3636050253843832,171.0,0,2023-03-23,0.027315789253509193,0.04984540116277292,0.06460201716212732,26.4445915222168,26.175827026367188,25.877092361450195,25.702247619628903,25.51840591430664,0.04984540116277292,0.06460201716212732,0.1602233139874587,0.009252018164228965,0.01981535513218877,26.595788319905598,0.5125668370448971,1.021475508992517,1.1143094908755906,26.110171454293386,0.5456574281789336,1.0404736889104438,1.9367003952759934,24.87983172280448,1.4915493579673815,1.091926453273878,1.533381832864794,0.4669115492762305,2.8903717578961645,2.378940619655584,0.14058310943929586,0.2739119289771598,0.5855049649801325,-0.13332881953786396
26.75531578063965,27.14297311837725,26.331690982855743,454920000.0,-0.0152678544967681,0.01298139140192,26.244159091788735,25.493414556852635,-0.1946736438486145,91.11694955159356,1.106090567378395,0.9205230956531631,0.1855674717252318,0.2342333897026752,0.8617244467091681,0.0269493707837127,0.0102153057860619,0.0114782397713926,0.0067796684330261,0.0,0.0409718315921332,0.1128704873380208,0.1372269697180831,-0.0697414056144532,-0.2403285735555037,452.0,0,2023-03-24,-0.015151891723998778,0.022138316916930023,0.040971831592133245,27.16694641113281,26.4445915222168,26.175827026367188,25.702247619628903,25.702247619628903,0.022138316916930023,0.040971831592133245,0.16607882623107528,0.01305851927149208,0.019257451610498293,26.788951237996418,0.3623501819774214,0.9987444279898101,-0.09282583266058778,26.260609763009207,0.5594401557786108,1.018838329425514,0.8842876445683916,25.152019364493235,1.4585770217827987,1.0637442422778096,1.0992195764792225,0.6781021464113749,2.6390573296152584,2.3641410019142524,0.26078660442278934,0.2193233088518564,0.5198900918834485,0.04146329557093292
26.75531578063965,27.14297311837725,26.331690982855743,454920000.0,0.0,0.01298139140192,26.371948264001468,25.66166805335757,0.0,91.11694955159356,1.1095938023752367,0.958337236997578,0.1512565653776588,0.2423933534812103,0.8234788151528695,-0.0152678544967681,0.0269493707837127,0.0102153057860619,0.0114782397713926,0.0067796684330261,0.0339382573174167,0.1052915032399579,0.1056152764366673,-0.0281218093362468,-0.0316116932814158,970.0,0,2023-03-25,0.0,0.011750011648385739,0.040971831592133245,26.75531578063965,27.16694641113281,26.4445915222168,25.877092361450195,25.702247619628903,0.011750011648385739,0.040971831592133245,0.16607882623107528,0.01305851927149208,0.019257451610498293,26.892525990804035,0.23765505532225337,0.9948978310846922,-0.5773502691888198,26.411048071725027,0.5247830813774704,1.0130349885388754,0.6560190698430572,25.42420700618199,1.3677003625383524,1.0523559603701305,0.9732459030625805,0.6781021464113749,2.3978952727983707,2.2353602434609208,0.4702241455204784,0.23933388246223325,0.2904419837519526,0.23089026305824517
26.50753593444824,26.97612101034624,26.341682380127203,361026000.0,-0.0093041069210917,0.0141378443144864,26.47772659098282,25.900827508211147,-0.2063967290952255,86.48934669388171,1.0596389232670838,1.0012145856986303,0.0584243375684532,0.2408171062176593,0.7270514205550985,0.0,0.0,-0.0152678544967681,0.0269493707837127,0.0102153057860619,0.0023802376443804,0.0313314355513536,-0.3651997172971318,0.0231360937392678,-0.6851243196976997,695.0,1,2023-03-27,-0.009260957643815404,-0.009260957643815404,0.02436299891007976,26.75531578063965,26.75531578063965,26.75531578063965,26.4445915222168,25.877092361450195,-0.009260957643815404,0.02436299891007976,0.15522959484787702,0.014218142130589046,0.01982441958158225,26.672722498575848,0.1430557608989156,0.9938069102568577,-1.1547005383749005,26.651549748011995,0.3130015129222739,0.9945964187851966,-0.460105806579658,25.950812476021902,0.9236152239706933,1.021453026140925,0.6027655716121044,0.7172034506270398,1.3862943611198906,2.4508137000811945,0.3847855118413766,0.11478044434140122,0.500434065858523,0.2700050674999754
26.38664436340332,26.48955391643321,25.82714012876148,356104000.0,-0.0045710806317182,0.0139164006857415,26.454956034087942,25.96560308890344,-0.0136333671259133,80.02059948506178,1.0065376572186402,1.0022792000026326,0.0042584572160075,0.2407855541986835,0.6878725263984269,-0.0093041069210917,0.0,0.0,-0.0152678544967681,0.0269493707837127,-0.0287224789978505,0.0266278947235625,0.2945618095195145,0.4660645881907187,0.6597615268166463,1097.0,1,2023-03-28,-0.004560649143091844,-0.013779370808364777,0.008053894030693787,26.50753593444824,26.75531578063965,26.75531578063965,27.16694641113281,26.175827026367188,-0.013779370808364777,0.008053894030693787,0.09753583223130469,0.014006734618656862,0.016996823990740137,26.549832026163738,0.18793981218123604,0.9938535331372491,-0.8682974664412831,26.68166651044573,0.26624966409959927,0.9889428890460455,-1.1080657999705388,26.11830738612584,0.7463954959274436,1.0102739037913315,0.35951044552332956,0.8240795236973523,1.0986122886681098,2.644133515347268,0.14992683380842206,0.438339501619339,0.41173364222049713,-0.2884126678109169
26.960134506225582,27.05405123507949,26.57347763940073,393694000.0,0.0215012883165594,0.0156837903664893,26.581250652122357,26.098207277879727,0.1055590501651202,81.91303909557904,0.9992120880073188,1.0016657776035698,-0.002453689596251,0.2362779611850104,0.7560900659030684,-0.0045710806317182,-0.0093041069210917,0.0,0.0,-0.0152678544967681,0.0076552535303711,0.0489407348809458,-0.1128090198847359,-0.3316264532238926,-0.4073708294042504,911.0,1,2023-03-29,0.02173410665350306,0.007655253530371109,0.01949521449690983,26.38664436340332,26.50753593444824,26.75531578063965,26.75531578063965,26.4445915222168,0.007655253530371109,0.01949521449690983,0.11375278992222482,0.015796034138268467,0.017459373952286996,26.61810493469238,0.3023108728444456,1.0128495087224418,1.1313836261165335,26.755315508161267,0.26099296043421133,1.0076552637924168,0.7847682854110696,26.31499058859689,0.5374249810734496,1.0245162131240988,1.200435298597559,0.9047308443839907,0.6931471805599453,0.0,0.0955844819545745,0.0663844943046569,0.838030993938446,0.029199987649917603
27.35877990722656,27.474678436555607,27.078028306822056,364516000.0,0.0146782225909056,0.0129823665964174,26.775632965898406,26.266283628459306,-0.0741133977149766,77.05653998784138,1.0138864223175332,1.0041099065463626,0.0097765157711706,0.2248739147375979,0.7976197244034234,0.0215012883165594,-0.0045710806317182,-0.0093041069210917,0.0,0.0,0.0225549244693865,0.0572586566172201,-0.0886871092676432,0.0488789366377222,0.0241219106170927,1212.0,1,2023-03-30,0.014786476710971996,0.03211328185627682,0.007061282971984495,26.960134506225582,26.38664436340332,26.50753593444824,26.75531578063965,27.16694641113281,0.03211328185627682,0.007061282971984495,0.07211947325785473,0.013032133608509433,0.011613426993914593,26.90185292561849,0.4886813234305449,1.0169849631871617,0.935020349049645,26.78272029331752,0.3157467543483572,1.0215086297284286,1.8244355831872872,26.446445873805455,0.5524598867377002,1.0344974155610356,1.651403215550139,1.1221608931918408,1.3862943611198906,2.566614135798995,0.055869779239098166,0.03578726388514037,0.9083429376284281,0.020082515353957796
27.75243186950684,27.809380660660256,27.08102536446216,433933000.0,0.0142859735640206,0.0115328630507528,27.019832691800516,26.46443672726564,0.1904360851101185,78.38970404517907,1.0452315824026783,1.0123342417176258,0.0328973406850525,0.2112501216382943,0.8419017271862917,0.0146782225909056,0.0215012883165594,-0.0045710806317182,-0.0093041069210917,0.0,0.0372679618899773,0.0602313287580758,0.1487972796321764,0.1104172039015774,0.2374843888998196,1343.0,1,2023-03-31,0.01438850575994799,0.05176056065688228,0.037267961889977386,27.35877990722656,26.960134506225582,26.38664436340332,26.75531578063965,26.75531578063965,0.05176056065688228,0.037267961889977386,0.079766730140449,0.011605371640456877,0.011871849837235594,27.357115427652996,0.39615130421968314,1.0144502238512416,0.9978925669133311,26.92516544886998,0.4823089007726395,1.0307246550520854,1.715221135897788,26.59288760593959,0.6088634361602691,1.043603548465653,1.9044406260947249,0.9775537763337505,1.9459101490553132,1.9732245609563233,0.20423823222517964,0.25708810395250714,0.5386736690998077,-0.052849871727327496
27.75243186950684,27.809380660660256,27.08102536446216,433933000.0,0.0,0.0115328630507528,27.202982486227093,26.636169412897804,0.0,78.38970404517907,1.057878285234029,1.0214430504209064,0.0364352348131225,0.1898468136658084,0.8284761802036642,0.0142859735640206,0.0146782225909056,0.0215012883165594,-0.0045710806317182,-0.0093041069210917,0.0469638497571844,0.0494558725246818,0.0936656725335335,0.3631332940068369,-0.0551316070986428,1163.0,0,2023-04-01,0.0,0.02938773777624526,0.037267961889977386,27.75243186950684,27.35877990722656,26.960134506225582,26.50753593444824,26.75531578063965,0.02938773777624526,0.037267961889977386,0.079766730140449,0.011605371640456877,0.011871849837235594,27.621214548746746,0.22727506638989656,1.004750599236993,0.5773502691887311,27.067610604422434,0.5640948086861415,1.0253003959268026,1.2140180241676986,26.73932933807373,0.6245220739966257,1.0378881055176865,1.6222045202498043,0.9775537763337505,1.6094379124341003,1.9523853311633523,0.4287627451121807,0.08229436888359483,0.4889428950846195,0.3464683762285859
27.940265655517575,27.97523454624746,27.31182228340709,398716000.0,0.0067453905651996,0.0095950510032853,27.490325037914666,26.93903924023304,-0.0811576902425028,78.46716384994396,1.0570015608737189,1.0340408368679777,0.022960724005741,0.1422222404035482,0.8657778366874811,0.0,0.0,0.0142859735640206,0.0146782225909056,0.0215012883165594,0.0363548315779234,0.0442883905610775,-0.3372381881351901,-0.3655716406948007,-0.5740102652010642,426.0,0,2023-04-03,0.0067681919513913336,0.0067681919513913336,0.054049902058509014,27.75243186950684,27.75243186950684,27.75243186950684,26.960134506225582,26.50753593444824,0.0067681919513913336,0.054049902058509014,0.07972971867353018,0.009674662166222613,0.011871575954673546,27.815043131510418,0.10844588691694255,1.0045019712324408,1.1547005383713926,27.414731434413365,0.5605150808601982,1.0191697745557526,0.9375915814748366,27.033140591212682,0.5890960885696656,1.0335560369408119,1.5398592554016213,0.8149433742546993,0.6931471805599453,1.791759469228055,0.1344789564609527,0.0884999632835388,0.7770211100578308,0.0459789931774139
27.42871856689453,27.975235662091706,27.28284778669967,368592000.0,-0.018478274479,0.0132569179728478,27.474923420159637,27.00432981712124,-0.0755525236007584,66.32819250322406,1.0051441767193978,1.0282615048382615,-0.0231173281188639,0.1172147398511373,0.7263677877528005,0.0067453905651996,0.0,0.0,0.0142859735640206,0.0146782225909056,0.0025563515589923,0.0251689343447092,0.4079105644415799,0.4177235493594728,0.7451487525767699,943.0,0,2023-04-04,-0.018308597882712885,-0.01166432203615242,0.0394924867724562,27.940265655517575,27.75243186950684,27.75243186950684,27.35877990722656,26.38664436340332,-0.01166432203615242,0.0394924867724562,0.04786444910662402,0.013276798344311594,0.013308038280905607,27.707138697306316,0.2587638103673464,0.9899513214463083,-1.0759623999064403,27.56359917776925,0.3349538063783893,0.9951065675420391,-0.40268421587169273,27.122632844107493,0.5421336707269855,1.011285251123898,0.5645945627700758,0.9976525513426847,1.6094379124341003,3.4247217125069342,0.4294157028198242,0.05479691317304965,0.5157873863354325,0.3746187896467746
26.85722923278809,26.974124441531284,26.37165894915069,515015000.0,-0.0210555574921954,0.0144206646718705,27.32049987331675,26.984716405876817,0.3972495333593784,54.98437235766591,0.9074716447983278,1.004103532830275,-0.0966318880319472,0.1090592372229245,0.5241470597203219,-0.018478274479,0.0067453905651996,0.0,0.0,0.0142859735640206,-0.0322567276600491,0.0038090917327981,-0.2152993165279348,-0.2980922263798621,-0.6232098809695148,957.0,1,2023-04-05,-0.020835436869304114,-0.03225672766004917,-0.0038169421377971524,27.42871856689453,27.940265655517575,27.75243186950684,27.75243186950684,26.960134506225582,-0.03225672766004917,-0.0038169421377971524,0.015603860253414092,0.014372044368315242,0.014610650271779923,27.408737818400066,0.541794606813902,0.9798783661886926,-1.0179292644775466,27.548898424421036,0.3666152430847572,0.9748930363393474,-1.8866351159137185,27.152106966291154,0.5128617168982791,0.9891397844790039,-0.5749653830401814,0.9836690428539282,1.791759469228055,2.8085116954608393,0.2552559062838554,0.09069865383207795,0.6540454268455506,0.16455725245177746
27.013084411621094,27.05604564313856,26.40362339232595,397654000.0,0.0057863265737768,0.0131956685018207,27.243646007892835,26.98849880664272,-0.2278787996466122,47.84676785622772,0.8330389158804792,0.969890609440316,-0.1368516935598367,0.102088125550456,0.5586785003207707,-0.0210555574921954,-0.018478274479,0.0067453905651996,0.0,0.0,-0.0266408169692006,0.0190718774624336,-0.1315700934241989,0.0222696751126116,0.0837292231037358,1211.0,0,2023-04-06,0.005803099697370584,-0.033184410460799785,-0.012635632757663773,26.85722923278809,27.42871856689453,27.940265655517575,27.75243186950684,27.35877990722656,-0.033184410460799785,-0.012635632757663773,-0.0056635735641110685,0.013131550580176937,0.012653530052162682,27.099677403767902,0.2954213507284499,0.9968046485994416,-0.2931169055089882,27.499513353620255,0.41639721180205086,0.9823113618141492,-1.1681849162582834,27.141116823468888,0.514166160273287,0.9952827139472358,-0.2490097982717165,1.0377776419737157,1.791759469228055,2.4718960384318973,0.07195038143545386,0.2668971356004476,0.6611524861305952,-0.19494675416499374
27.013084411621094,27.05604564313856,26.40362339232595,397654000.0,0.0,0.0112517096917321,27.1860056088249,26.991776887306504,0.0,54.07708955930811,0.7652293542966362,0.92895835841158,-0.1637290041149438,0.0936190559484454,0.5378224404174561,0.0057863265737768,-0.0210555574921954,-0.018478274479,0.0067453905651996,0.0,-0.0266408169692006,0.0237408000649983,-0.0718911972855824,-0.0240856261710159,0.0596788961386165,1226.0,1,2023-04-07,0.0,-0.015153247289324434,-0.02664081696920073,27.013084411621094,26.85722923278809,27.42871856689453,27.75243186950684,27.75243186950684,-0.015153247289324434,-0.02664081696920073,0.009634295969250584,0.011164912454018138,0.011914802334220802,26.961132685343426,0.08998302945473802,1.0019269118580434,0.5773502691838143,27.393892288208008,0.4349088988327596,0.986098803609926,-0.8756037818700747,27.15952886853899,0.5037988556951333,0.9946079897914748,-0.29068040798908995,0.9370623314455762,2.0794415416798357,1.4442179479924857,0.20155330827193593,0.2259259700242962,0.5725207211715835,-0.024372661752360275
27.55460357666016,27.59656623973612,26.645408732025025,395279000.0,0.0198482641530848,0.0140512151243684,27.221415332951214,27.071416557798408,-0.0059725288818922,65.15326754537315,0.6384912429784819,0.7968633323810526,-0.1583720894025706,0.0687276852149056,0.7391401069587767,0.0,0.0,0.0,0.0057863265737768,-0.0210555574921954,0.0259659824856652,-0.0071283227998496,-0.4974776175206168,-0.3119491356382161,1.077976868458302,620.0,0,2023-04-10,0.02004655065624794,0.02004655065624794,-0.01380309276985181,27.013084411621094,27.013084411621094,27.013084411621094,26.85722923278809,27.940265655517575,0.02004655065624794,-0.01380309276985181,0.039500753476342076,0.014021481614876152,0.012576646333474434,27.19359079996745,0.31264623570690686,1.0132756567291268,1.1547005383782887,27.127555574689598,0.25773373330018473,1.015742221992497,1.656934839310208,27.27114350455148,0.44482216925108736,1.0103941395805927,0.6372435811504658,1.1148823973491324,0.6931471805599453,5.568344503761097,0.0385127551853656,0.0217329300940036,0.93975430727005,0.016779825091362
27.144969940185547,27.765420962103278,27.102006799330116,314378000.0,-0.0149778606333982,0.0134142960500027,27.2023039847598,27.081223675450023,-0.2046680951935215,60.1281155760845,0.5919419951562261,0.7558790649360874,-0.1639370697798612,0.0646540762778896,0.5005125461716284,0.0198482641530848,0.0,0.0,0.0,0.0057863265737768,0.0048822832133792,-0.0218886017693008,-0.3456332234312532,-0.3177912312762549,0.1518443940893636,1231.0,0,2023-04-11,-0.014866250401133985,0.004882283213379246,-0.01034494652081408,27.55460357666016,27.013084411621094,27.013084411621094,27.013084411621094,27.42871856689453,0.004882283213379246,-0.01034494652081408,0.02873899258800705,0.013396485233284305,0.013322865439848706,27.237552642822266,0.28238169053066153,0.996600916982124,-0.3278636885512446,27.08702005658831,0.22235942313542592,1.0021393967840009,0.2606135722970524,27.32530961717878,0.36844511107720407,0.9934002695845079,-0.4894614464173102,1.005525822786996,1.3862943611198906,1.3040076684760487,0.028485037075976466,0.5101262331008911,0.46138871833682055,-0.4816411960249146
26.47156524658203,27.44370417314176,26.42460593521108,446259000.0,-0.0251206126350391,0.0144506653956033,27.01961930021536,26.999935884934292,0.4194981837151454,43.644346827991896,0.4950071160888676,0.7037046751666435,-0.2086975590777758,0.068416396343824,0.1561551681832683,-0.0149778606333982,0.0198482641530848,0.0,0.0,0.0,-0.0200465506562479,-0.0461533111385515,-0.3984669807309458,-0.1384030584395129,-0.0528337572996926,1294.0,1,2023-04-12,-0.024807715576306566,-0.02004655065624794,-0.014359783090923894,27.144969940185547,27.55460357666016,27.013084411621094,27.013084411621094,26.85722923278809,-0.02004655065624794,-0.014359783090923894,-0.01812191476755176,0.01440293164969241,0.013845470984522237,27.05704625447591,0.5468463559230711,0.9783612371288671,-1.0706499212298728,27.031925201416016,0.31659516140085375,0.979270438540403,-1.7699574192938796,27.290411812918528,0.4245585936432488,0.9699950820841451,-1.9287009581168975,1.040263033723689,1.3862943611198906,1.3040076684760487,0.028485037075976466,0.5101262331008911,0.46138871833682055,-0.4816411960249146
26.43959617614746,26.86322098847152,26.305715810309646,353615000.0,-0.0012084056923028,0.014053549888927,26.874613519198384,26.92522392376272,-0.2076014153215957,36.78157703745521,0.410869639792434,0.6451376680918016,-0.2342680282993675,0.0710725902273874,0.1604086650501415,-0.0251206126350391,-0.0149778606333982,0.0198482641530848,0.0,0.0,-0.0212300167850109,-0.0537099216547273,-0.1671116365375032,-0.0277802218022193,0.2313553441934426,952.0,1,2023-04-13,-0.0012076758641500485,-0.04046537622690227,-0.021230016785010908,26.47156524658203,27.144969940185547,27.55460357666016,27.013084411621094,27.013084411621094,-0.04046537622690227,-0.021230016785010908,-0.033597394847140305,0.01401033187336095,0.01306112151649182,26.68537712097168,0.3983398987937117,0.9907896769189346,-0.6170131226334958,26.94999831063407,0.38835326875533127,0.9810611441008806,-1.314272791168829,27.224755832127162,0.4805536178149656,0.9711600845634342,-1.633864831878182,1.0726744909057462,1.3862943611198906,1.3040076684760487,0.028485037075976466,0.5101262331008911,0.46138871833682055,-0.4816411960249146
26.73433303833008,26.85922248082228,26.196808771126577,395660000.0,0.0110858793038872,0.0150461596550955,26.839543398981306,26.899771805705036,0.1189004991304101,34.93039961288257,0.3637794620158665,0.5888660268766146,-0.225086564860748,0.0711931680582832,0.3143231550498965,-0.0012084056923028,-0.0251206126350391,-0.0149778606333982,0.0198482641530848,0.0,-0.0103191242082335,-0.0253160032566214,0.1211410061515236,0.0449975671363258,0.2882526426890269,941.0,1,2023-04-14,0.01114755536427281,-0.015127550436059067,-0.010319124208233443,26.43959617614746,26.47156524658203,27.144969940185547,27.013084411621094,27.013084411621094,-0.015127550436059067,-0.010319124208233443,-0.03668503127812017,0.015003399118902628,0.012766869827290096,26.548498153686523,0.16172958489136494,1.0069998266405797,1.1490469401030432,26.91017668587821,0.3950402699030674,0.9934655335191312,-0.44512841081056115,27.152034487043107,0.4715072504993534,0.9846162007155541,-0.8858855261942529,1.1751822742667737,1.6094379124341003,0.8502993454155389,0.08128292486071582,0.05113052809610957,0.8675865679979324,0.03015239676460625
26.73433303833008,26.85922248082228,26.196808771126577,395660000.0,0.0,0.0150461596550955,26.8132408088185,26.87771330338837,0.0,34.93039961288257,0.3227398131935892,0.5356407841400096,-0.2129009709464203,0.0713132063577503,0.3151715565437391,0.0110858793038872,-0.0012084056923028,-0.0251206126350391,-0.0149778606333982,0.0198482641530848,-0.0297689108844548,-0.0045759074174327,0.4026872882420171,0.5265687230202287,0.2815462820904935,917.0,1,2023-04-15,0.0,0.009926416866565146,-0.010319124208233443,26.73433303833008,26.43959617614746,26.47156524658203,27.55460357666016,27.013084411621094,0.009926416866565146,-0.010319124208233443,-0.03668503127812017,0.015003399118902628,0.012766869827290096,26.63608741760254,0.1701664067217088,1.003688440392436,0.577350269188055,26.87035506112235,0.3969826916564093,0.9949378405129795,-0.34263968090073804,27.079313141959055,0.4497955177728358,0.9872603820554654,-0.7669709679125835,1.1751822742667737,1.0986122886681098,4.5069193758041965,0.023565461859106997,0.5672615468502045,0.4091729689389467,-0.5436960849910975
26.97811508178711,26.98211125376257,26.40961817014211,321471000.0,0.0090773638486861,0.012898786925149,26.83966417009407,26.87453182099036,-0.1875069504119698,35.990561950530264,0.2750125596736943,0.4437179410787261,-0.1687053814050318,0.0650717350847325,0.4126529289256374,0.0,0.0,0.0110858793038872,-0.0012084056923028,-0.0251206126350391,0.0191356208250845,-0.0012945330233722,0.1341736199687068,0.297830668251727,-0.3090313744078932,735.0,1,2023-04-17,0.00911868805956395,0.00911868805956395,-0.020921676237119158,26.73433303833008,26.73433303833008,26.73433303833008,26.47156524658203,27.55460357666016,0.00911868805956395,-0.020921676237119158,-0.034435985168969285,0.01281009741649729,0.012914010369518647,26.815593719482425,0.14074762841408914,1.0060607034848759,1.1547005383745081,26.748177937098912,0.25252963906401105,1.0085963666470634,0.9105352763360689,26.93786675589425,0.31438991554877005,1.0014941170456289,0.12802041001411857,0.9919534714586704,0.6931471805599453,1.3862943611198906,0.1380519866943359,0.0639324486255645,0.7980155944824219,0.0741195380687714
27.64253234863281,28.085141371824708,27.33280703247697,604812000.0,0.0243296288810244,0.0151800268633043,27.04038121472876,26.976931891342684,0.8813889899866552,52.98055856890642,0.3155604396054166,0.4180864407840642,-0.1025260011786476,0.0667856248574205,0.7624012017748388,0.0090773638486861,0.0,0.0,0.0110858793038872,-0.0012084056923028,0.0454975244126678,0.0233015944206995,0.0124584114163996,0.0623764387017565,-0.1217152085523072,970.0,0,2023-04-18,0.02462800921530084,0.03397127240842712,0.018329819835632533,26.97811508178711,26.73433303833008,26.73433303833008,26.43959617614746,27.144969940185547,0.03397127240842712,0.018329819835632533,0.007795252308882672,0.015165325687432717,0.01391092340388832,27.118326822916668,0.47005424800940976,1.019330304894517,1.1152021876965301,26.819258281162806,0.4061375637567801,1.0306971228972521,2.0270818090666176,26.95313916887556,0.34387899166773656,1.0255774726438298,2.0047551506820653,1.0901739048605337,1.6094379124341003,1.9022176572978147,0.4885718007571995,0.0238528209738433,0.4875753596425056,0.46471897978335625
27.90629196166992,27.975231168116007,27.207910892432235,358660000.0,0.0094965680576722,0.0090452044953119,27.25685890146405,27.10084656738632,-0.4069892793132411,65.99630870746,0.3647732441291786,0.4074238014530871,-0.0426505573239084,0.0708199251438131,0.8699460017081447,0.0243296288810244,0.0090773638486861,0.0,0.0,0.0110858793038872,0.0438372231564392,0.0330657371975104,0.223221884814511,0.4607304441730522,0.2107634733981114,1012.0,0,2023-04-19,0.009541803540664251,0.04383722315643901,0.05419878657432764,27.64253234863281,26.97811508178711,26.73433303833008,26.73433303833008,26.47156524658203,0.04383722315643901,0.05419878657432764,0.039060720664405135,0.009144308798158664,0.012611119549891707,27.50897979736328,0.47828369515421637,1.0144429988764876,0.8307039699075022,27.024219240461075,0.5410445355315596,1.0326400816008845,1.630314444156124,27.028072220938547,0.4258907362879165,1.0324928738369663,2.0620775844667936,0.7250988908623254,1.9459101490553132,3.247109958861946,0.22873144410550592,0.1740399128757417,0.5972286090254784,0.05469153122976422
27.080026626586918,28.00520817494305,26.976118523026464,427713000.0,-0.0300557504411816,0.0168766475365196,27.212650832744764,27.09807057527973,0.1925305303072548,50.84747972756635,0.3332604204402685,0.3925911252505234,-0.0593307048102549,0.0682689456631131,0.4567580739912157,0.0094965680576722,0.0243296288810244,0.0090773638486861,0.0,0.0,0.0129306980563608,-0.0172231456262077,-0.0446248965248331,-0.0157157819430356,-0.2678467813393442,1036.0,1,2023-04-20,-0.029608567710031064,0.0037775635729497825,0.024222399093115632,27.90629196166992,27.64253234863281,26.97811508178711,26.73433303833008,26.43959617614746,0.0037775635729497825,0.024222399093115632,0.002478140368784576,0.016800857401500315,0.01524235724635621,27.54295031229655,0.42203795736969923,0.9831926616262688,-1.0968768984542272,27.11570930480957,0.47593985097361097,0.9986840588301954,-0.07497308357276257,27.032853807721818,0.42608526468428876,1.0017450180880134,0.11071215734262252,1.102247974506481,1.3862943611198906,4.986010637081559,0.17451307612160838,0.6379676392922798,0.18751926037172473,-0.46345456317067146
27.09501266479492,27.15895713906588,26.698364452495547,345103000.0,0.0005532451396906,0.0165454572105521,27.1832412907573,27.09766285388176,-0.1931435331635933,51.0332803149924,0.3059685140972874,0.3752666030198762,-0.0692980889225888,0.0651976344360322,0.4817248528909,-0.0300557504411816,0.0094965680576722,0.0243296288810244,0.0090773638486861,0.0,0.0134912520895031,-0.0018403879429856,-0.0944610766793857,-0.0843583909756874,-0.0498361801545525,1095.0,0,2023-04-21,0.0005533982080094813,-0.019807146354482663,0.01349125208950297,27.080026626586918,27.90629196166992,27.64253234863281,26.73433303833008,26.73433303833008,-0.019807146354482663,0.01349125208950297,0.003032909975233311,0.01647608242860024,0.015242278387227312,27.360443751017254,0.472777798907694,0.990298728754629,-0.5614288294323201,27.16723496573312,0.44637590448102304,0.9973415660066511,-0.16179704193972907,27.038705825805664,0.426355389409906,1.0020824531821901,0.13206550307053774,1.0809461689406505,1.9459101490553132,2.05353090877178,0.10226882606123881,0.2714286584717532,0.6263025191922983,-0.16915983241051435
27.09501266479492,27.15895713906588,26.698364452495547,345103000.0,0.0,0.0165454572105521,27.161184134266705,27.097309495336848,0.0,51.0332803149924,0.2810991457191996,0.3564331115597409,-0.0753339658405413,0.0615567367704011,0.5003290707374651,0.0005532451396906,-0.0300557504411816,0.0094965680576722,0.0243296288810244,0.0090773638486861,0.0043330522778712,0.0235515887483603,0.21792999639433,0.2692680492525134,0.3123910730737158,1104.0,0,2023-04-22,0.0,-0.02907155483033419,0.01349125208950297,27.09501266479492,27.080026626586918,27.90629196166992,26.97811508178711,26.73433303833008,-0.02907155483033419,0.01349125208950297,0.003032909975233311,0.01647608242860024,0.015242278387227312,27.090017318725586,0.00865219320321345,1.0001843980389735,0.5773502685396691,27.218760626656668,0.40717244800284974,0.9954535783770935,-0.30392027375310793,27.04455784388951,0.42653888745597396,1.001865618258455,0.11828891195908993,1.0809461689406505,1.0986122886681098,2.171902710926842,0.071389939635992,0.45536156930029387,0.4732484892010688,-0.3839716296643019
27.018081665039062,27.341794498427166,26.647409518060197,339282000.0,-0.0028433432808939,0.0162969393881926,27.113001366433835,27.08648037310119,-0.0168674279852681,42.33515064187096,0.2315539212339104,0.3157737658492726,-0.0842198446153622,0.0526260338687714,0.4904485052426945,0.0,0.0,0.0005532451396906,-0.0300557504411816,0.0094965680576722,-0.0318283166337842,0.0106136415036859,-0.3753030469763034,-0.0880453372846773,-0.5974133145252656,595.0,1,2023-04-24,-0.0028393048088813932,-0.0028393048088813932,0.0014814446128199599,27.09501266479492,27.09501266479492,27.09501266479492,27.90629196166992,26.97811508178711,-0.0028393048088813932,0.0014814446128199599,-0.019471225928851754,0.016237202349983097,0.014152737097131758,27.06936899820963,0.04441613341996233,0.9981053369521115,-1.1547005383299862,27.275995799473353,0.34995490102956994,0.9905442816339167,-0.7369924915339248,27.012086868286133,0.40120097051115905,1.0002219301597155,0.014942129240843767,1.1472835422961247,0.6931471805599453,0.0,0.0648910552263259,0.0375832393765449,0.8975256681442261,0.02730781584978101
26.217792510986328,27.222903354703707,26.20180781952332,378527000.0,-0.0300680494055286,0.0158428553094855,26.88919915257196,26.97065532481921,0.1156707399744165,38.08420974191126,0.1440323811408852,0.2814254889075951,-0.1373931077667099,0.0590125307195353,0.0092606952532989,-0.0028433432808939,0.0,0.0,0.0005532451396906,-0.0300557504411816,-0.031840224069575,-0.0193212423367048,0.542634776788126,0.6046030425237212,0.9179378237644296,783.0,1,2023-04-25,-0.029620502446267127,-0.032375705620111384,-0.05154158163504685,27.018081665039062,27.09501266479492,27.09501266479492,27.080026626586918,27.64253234863281,-0.032375705620111384,-0.05154158163504685,-0.0341565097048282,0.01563952319952008,0.015704146765723268,26.776962280273438,0.48578052435690294,0.9791175054349219,-1.1510749016283892,27.072461536952428,0.4882404432044947,0.9684303171028787,-1.7505084592267792,26.945859909057617,0.4510117103245106,0.9729803613420199,-1.6142982131160901,0.9958849361784978,1.3862943611198906,2.5231372641502374,0.07368310665090873,0.0649419122685988,0.8613749742507935,0.008741194382309928
26.93215751647949,27.30582727234872,26.68138006807285,406337000.0,0.026882735586217,0.0198248831632945,26.89993874354884,26.965522283707248,0.0734689995693833,55.857714704602415,0.1308063614932031,0.2513016634247167,-0.1204953019315136,0.0590610570060303,0.4601768915317721,-0.0300680494055286,-0.0028433432808939,0.0,0.0,0.0005532451396906,-0.0060105212103123,0.0073996414223531,-0.0648865082987442,-0.0039179514457485,-0.6075212850868702,930.0,1,2023-04-26,0.027247336143720435,-0.006010521210312314,-0.034907340843721935,26.217792510986328,27.018081665039062,27.09501266479492,27.09501266479492,27.90629196166992,-0.006010521210312314,-0.034907340843721935,0.017399510214339386,0.01973606532767814,0.016137889507499645,26.72267723083496,0.439348580376737,1.0078390456104005,0.4767974565091355,26.93329947335379,0.3212272984570825,0.999957600557799,-0.003554980787087539,26.978759356907435,0.4300652378413477,0.998272647017921,-0.10835993316236882,1.222964460037128,1.6094379124341003,1.6955480140016979,0.19875299395062024,0.4894268591888249,0.3118201605975628,-0.29067386523820465
27.20192146301269,27.470684568616697,26.601453148375764,377161000.0,0.009966593489838,0.0169882861820655,26.975434423414804,26.997042174281308,-0.0718024693788653,59.14213380959527,0.1404730556636977,0.229135941872513,-0.0886628862088152,0.0594347552386906,0.6226314152188499,0.026882735586217,-0.0300680494055286,-0.0028433432808939,0.0,0.0,0.0039457002489864,0.0082958494523095,0.1719499571322983,0.4574087779745788,0.2368364654310426,1045.0,1,2023-04-27,0.010016425396596418,0.006804324609452683,0.004501282000443085,26.93215751647949,26.217792510986328,27.018081665039062,27.09501266479492,27.080026626586918,0.006804324609452683,0.004501282000443085,0.028832712942604033,0.01695281685587477,0.01627900591843004,26.783957163492833,0.5085272431476147,1.015605024192973,0.8219113236348932,26.950713021414618,0.33357361953152087,1.0093210313730279,0.7530824588313584,27.033211163112096,0.4040205455288712,1.0062408531077804,0.4175785161612279,1.0413914056436262,1.791759469228055,2.8087694005675354,0.22571032345294947,0.542804429680109,0.2314852565526962,-0.3170941062271595
27.72445678710937,27.733447698531908,27.047055069952613,292216000.0,0.0190273273244859,0.0183524862332367,27.162690014338445,27.09403078932505,-0.2252221199965002,61.25884032925237,0.1881295734669414,0.2209346681913987,-0.0328050947244572,0.0639528368884696,0.8954111381552369,0.009966593489838,0.026882735586217,-0.0300680494055286,-0.0028433432808939,0.0,0.0232309956855012,0.0029637095995156,1.2043781085519902,1.025904716492784,1.0324281514196918,1259.0,1,2023-04-28,0.019209500505587007,0.05746724387614588,0.023230995685501243,27.20192146301269,26.93215751647949,26.217792510986328,27.09501266479492,27.09501266479492,0.05746724387614588,0.023230995685501243,0.03703566299408734,0.018324886674165323,0.016757108213848255,27.286178588867184,0.4028138292105626,1.016062278446752,1.0880415876017173,27.040633610316682,0.4451376565356936,1.0252887260944874,1.5362060853592523,27.103934288024902,0.43327833915758024,1.0228941854894709,1.432156752379882,1.0935590103202555,1.6094379124341003,1.8342342284269044,0.3157510356977582,0.1223565298132598,0.5618923828005791,0.1933945058844984
27.72445678710937,27.733447698531908,27.047055069952613,292216000.0,0.0,0.0183524862332367,27.30313170753118,27.178087589029627,0.0,61.25884032925237,0.2233233743274105,0.2214124094186011,0.0019109649088094,0.0677227670614644,0.8535118042700083,0.0190273273244859,0.009966593489838,0.026882735586217,-0.0300680494055286,-0.0028433432808939,0.0261445327920653,-0.0065159203096671,0.2969426716842395,0.4553757842890654,-0.9074354368677506,1201.0,1,2023-04-29,0.0,0.029418336430903524,0.023230995685501243,27.72445678710937,27.20192146301269,26.93215751647949,27.018081665039062,27.09501266479492,0.029418336430903524,0.023230995685501243,0.03703566299408734,0.018324886674165323,0.016757108213848255,27.55027834574381,0.30168591002859785,1.006322202599179,0.5773502691890757,27.130554199218746,0.5159041042981395,1.0218905439059451,1.1511879493546544,27.17465741293771,0.448836957883802,1.0202320627567472,1.2249422970066528,1.0935590103202555,1.6094379124341003,1.5434465259754842,0.324805720243603,0.021938699297606876,0.6532555855810642,0.3028670209459961
28.884428024291992,29.032297830068675,27.755428384065603,570329000.0,0.0409876870584835,0.0228427216726758,27.77745423914229,27.46873564328716,0.9517377556328196,67.93912174753058,0.3576641863608465,0.25297307838987,0.1046911079709764,0.0910409292385883,1.1923664928229396,0.0,0.0,0.0190273273244859,0.009966593489838,0.026882735586217,0.0724884557287297,0.0660422411177572,0.2089443889409921,0.5055560642762913,-0.4618756832381456,843.0,0,2023-05-01,0.04183927736041171,0.04183927736041171,0.06907767851142266,27.72445678710937,27.72445678710937,27.72445678710937,26.93215751647949,27.018081665039062,0.04183927736041171,0.06907767851142266,0.07066145787893952,0.02296941870911508,0.019733863412689102,28.111113866170246,0.6697097060397488,1.0275091966047056,1.1547005383790092,27.48709569658552,0.8288515950945367,1.0508359392760456,1.6858655228226906,27.38154574802943,0.6209639825821321,1.0548866849991738,2.4202406555259124,1.1639595465298234,1.3862943611198906,1.5607104090414066,0.05409944926699,0.33787067979574203,0.608029844239354,-0.283771230528752
28.185047149658203,28.81049480525915,28.05816057967745,402730000.0,-0.0245110328167613,0.0212797928318922,27.879352466771277,27.56424384413663,-0.2938637172579336,55.07189315918353,0.3834407275387868,0.2790666082196534,0.1043741193191333,0.0931576829878982,0.8653375231538539,0.0409876870584835,0.0,0.0,0.0190273273244859,0.009966593489838,0.0361417735869245,0.0402300784409517,0.0588318987869721,0.3074968871021631,-0.15011249015402,907.0,1,2023-05-02,-0.024213076819302293,0.0166131429043177,0.07503509831529542,28.884428024291992,27.72445678710937,27.72445678710937,27.20192146301269,26.217792510986328,0.0166131429043177,0.07503509831529542,0.019626089034937122,0.021463764746720966,0.020318682421288058,28.264643987019856,0.5840676845721029,0.9971838726361384,-0.13628015975574193,27.768132073538645,0.6383710177503975,1.0150141563363153,0.6530921118392182,27.42029680524553,0.6545244283074315,1.0278899367809313,1.1684061149410105,1.056356130859804,1.3862943611198906,3.4695993318713363,0.12334664662679029,0.15278788904349003,0.7238654692967733,-0.029441242416699737
27.77740859985352,28.341909379215185,27.44770056792737,383387000.0,-0.0145685443632198,0.0216717039733044,27.853866500041832,27.59266581156555,-0.0480296973158195,48.826653367858434,0.3667481535195485,0.2966029172796324,0.070145236239916,0.0899206709254464,0.6844302636565739,-0.0245110328167613,0.0409876870584835,0.0,0.0,0.0190273273244859,0.0019099314785766,0.0251852967740164,0.649954835586669,0.7298089785612836,0.5911229367996969,1173.0,1,2023-05-03,-0.014462936593300224,0.0019099314785770982,0.03138445491627739,28.185047149658203,28.884428024291992,27.72445678710937,27.72445678710937,26.93215751647949,0.0019099314785770982,0.03138445491627739,-0.004618433792401566,0.02185346189784532,0.02060597948221471,28.282294591267902,0.5598801659247598,0.9821483370175252,-0.9017750978559099,27.88888222830636,0.5234936695856227,0.9960029366705956,-0.21294169333715177,27.411090850830078,0.6480372734823435,1.0133638515525312,0.5652726533073745,1.0605398261561567,1.6094379124341003,1.9002256148855206,0.04211658425629133,0.18082107137888667,0.7770623341202736,-0.13870448712259534
27.537622451782227,27.83435874210573,27.21590674873428,321850000.0,-0.0086698911855,0.0220179394952783,27.77480548797693,27.585326696927773,-0.1605088331111905,54.66396990324931,0.3303622201424367,0.3033547778521933,0.0270074422902434,0.0876672523523396,0.5721967748147165,-0.0145685443632198,-0.0245110328167613,0.0409876870584835,0.0,0.0,-0.0067389719034646,0.0192293736166857,0.2351467610847856,0.3809280081277911,-0.4148080745018834,1044.0,1,2023-05-04,-0.008632416058874437,-0.04662739284216022,0.012341076317935684,27.77740859985352,28.185047149658203,28.884428024291992,27.72445678710937,27.20192146301269,-0.04662739284216022,0.012341076317935684,0.01689790898307475,0.02222058822290275,0.018997843719056946,27.833359400431316,0.32731873444565357,0.9893747303588332,-0.9035136627603956,27.936839512416295,0.4618157573524052,0.9857100134588724,-0.8644509293549972,27.443776266915457,0.6415623968222453,1.0034195798695498,0.14627756447635368,1.169637383668602,1.3862943611198906,1.8876534933786486,0.3208335389693578,0.15345243364572522,0.5257139926155409,0.16738110532363257
28.654638290405277,28.72957082374843,27.70647809528425,361494000.0,0.0397621661633031,0.0257993718235554,27.994763688584012,27.727901576058105,0.1231753922634768,62.98027178639093,0.3871965874420695,0.3201231397701686,0.0670734476719009,0.0940298326153728,0.9624909021337806,-0.0086698911855,-0.0145685443632198,-0.0245110328167613,0.0409876870584835,0.0,0.0335509370098241,0.092946260765387,0.4555914147920786,0.6031900706149029,0.220444653707293,1169.0,1,2023-05-05,0.04056326360704965,0.016661002490207633,0.033550937009824366,27.537622451782227,27.77740859985352,28.185047149658203,27.72445678710937,27.72445678710937,0.016661002490207633,0.033550937009824366,0.05756135436824539,0.026108521390622093,0.021685706446388637,27.98988978068034,0.5880410573149153,1.0237495936902106,1.130445742615796,28.06972258431571,0.5206031839007507,1.02083795820684,1.1235346309389416,27.555178097316197,0.708282628157438,1.0399003116294925,1.5522902149234838,1.2039506969794842,1.3862943611198906,1.8876534933786486,0.3208335389693578,0.15345243364572522,0.5257139926155409,0.16738110532363257
28.654638290405277,28.72957082374843,27.70647809528425,361494000.0,0.0,0.0257993718235554,28.15973233903933,27.851466471304395,0.0,62.98027178639093,0.427312441167512,0.3415610000496373,0.0857514411178747,0.0978389506403958,0.9073235176796434,0.0397621661633031,-0.0086698911855,-0.0145685443632198,-0.0245110328167613,0.0409876870584835,-0.0079554884622767,0.0639562861932547,-0.0317261527897347,0.0643891007140552,-0.4873175675818133,1155.0,0,2023-05-06,0.0,0.031580688580013394,0.033550937009824366,28.654638290405277,27.537622451782227,27.77740859985352,28.884428024291992,27.72445678710937,0.031580688580013394,0.033550937009824366,0.05756135436824539,0.026108521390622093,0.021685706446388637,28.28229967753093,0.64490939511824,1.013165075581536,0.5773502691894912,28.202605656215123,0.5362646404300433,1.0160280450572672,0.8429282859814476,27.666579927716935,0.7516623116089006,1.03571306483381,1.3144976772527626,1.2039506969794842,0.6931471805599453,3.58351893845611,0.9061542749404908,0.011895733885467,0.0819500163197517,0.8942585410550238
29.125219345092773,29.19415856877733,28.32492902158488,344979000.0,0.0162891180092506,0.0213100903963124,28.493898956433807,28.11411115357228,-0.0456854055668973,66.45860019504556,0.5070487043811376,0.3926283942912996,0.1144203100898379,0.1120807628558717,0.9541817320718612,0.0,0.0,0.0397621661633031,-0.0086698911855,-0.0145685443632198,0.0485218317034212,0.0505244365557664,0.4746623235022036,0.6061200714146249,0.3509572431032634,571.0,0,2023-05-08,0.016422508981558614,0.016422508981558614,0.008336371438557588,28.654638290405277,28.654638290405277,28.654638290405277,27.77740859985352,28.884428024291992,0.016422508981558614,0.008336371438557588,0.07798990713616472,0.021492892921090433,0.021813895663759755,28.811498641967773,0.271690098599723,1.0108887325516633,1.154700538377735,28.369887488228933,0.5614916958187357,1.0266244220100358,1.3452235580482765,27.928491592407227,0.8200015038851597,1.0428497095421685,1.459421412052858,0.985284483449574,0.6931471805599453,0.6931471805599453,0.0379567854106426,0.098894402384758,0.8631487488746643,-0.06093761697411539
28.545730590820312,28.947375483780448,28.424839220758987,314869000.0,-0.0200970595773086,0.0204718008055587,28.506856865030432,28.17166041187202,-0.0872806750555831,68.83284532412287,0.4967055512902689,0.4134438256910935,0.0832617255991754,0.1150063676137585,0.7504982147568279,0.0162891180092506,0.0,0.0,0.0397621661633031,-0.0086698911855,0.0366083942360406,0.0296227193923883,-0.0115201946034973,-0.1451142899443384,-0.4861825181057009,783.0,0,2023-05-09,-0.01989645974529275,-0.0038007005526023985,0.012796978456233843,29.125219345092773,28.654638290405277,28.654638290405277,27.537622451782227,28.185047149658203,-0.0038007005526023985,0.012796978456233843,0.08879229930813137,0.020682784959316084,0.02073435036006772,28.775196075439453,0.30798123113514136,0.9920255805028207,-0.7450632097721948,28.421413694109237,0.5582424418893484,1.0043740574641733,0.2226933808370609,28.09477288382394,0.6684443562709249,1.0160513028121334,0.674637616079441,0.997513044785288,1.9459101490553132,2.4903761143126926,0.05300833346943055,0.1408947333693504,0.8060969312985738,-0.08788639989991986
28.859453201293945,29.087252189450044,28.435828416964902,369350000.0,0.0109302231299438,0.0193057506819584,28.59500594909631,28.263366117128275,0.173027513029228,66.67244162670396,0.5079677843048316,0.4323486174138412,0.0756191668909904,0.1176175839982,0.8128028487583053,-0.0200970595773086,0.0162891180092506,0.0,0.0,0.0397621661633031,0.0071477053317841,0.0409384545529596,0.1371931508383552,0.1983996895759264,0.1487133454418525,965.0,0,2023-05-10,0.01099017625334553,0.007147705331783882,0.03895412336794202,28.545730590820312,29.125219345092773,28.654638290405277,28.654638290405277,27.77740859985352,0.007147705331783882,0.03895412336794202,0.07156113221286353,0.019510479698714726,0.019909320995402817,28.843467712402344,0.29007491441623307,1.0005542152230444,0.05510813964651812,28.575991494315012,0.4966024093396451,1.0099195755652197,0.570802117846881,28.232436861310685,0.6061463679782501,1.0222090761439908,1.0344305816343013,0.9799671070258907,1.0986122886681098,4.8150513923925855,0.0553968623280525,0.4680953249335289,0.476507805287838,-0.4126984626054764
28.55272102355957,28.92439362497088,28.221015861335896,322149000.0,-0.0106853677064941,0.0195648821816592,28.584434717712128,28.30194677131912,-0.1277947746040341,61.61108644570987,0.4865340007299679,0.4431856940770665,0.0433483066529013,0.1166646299642558,0.6979407599877707,0.0109302231299438,-0.0200970595773086,0.0162891180092506,0.0,0.0,-0.0035567458857028,-0.0114839386971227,0.0017568868156021,0.2918711534355477,-0.135436264022753,1122.0,0,2023-05-11,-0.01062848196031041,-0.019656446694869656,0.03686224450040165,28.859453201293945,28.545730590820312,29.125219345092773,28.654638290405277,27.537622451782227,-0.019656446694869656,0.03686224450040165,0.04965824059096713,0.019766666353808936,0.020280742377822274,28.65263493855794,0.1791439697241278,0.9965129240220795,-0.5577297139961414,28.721005575997488,0.20607902080145526,0.9941407151642854,-0.8166020577128497,28.328922544206893,0.5325310819946361,1.0078999996912499,0.42025430424534593,0.9746520115271766,0.6931471805599453,2.70805020110221,0.1134978905320167,0.0147680956870317,0.871734082698822,0.098729794844985
28.31493377685547,28.75454513594309,28.02119319112188,274222000.0,-0.0083628781033927,0.0125995594188149,28.517059482497963,28.3036783720573,-0.148772772847347,55.33682064917586,0.445227820121076,0.4435941192858684,0.0016337008352075,0.1137424949774937,0.6086643728635683,-0.0106853677064941,0.0109302231299438,-0.0200970595773086,0.0162891180092506,0.0,-0.0118551317977568,0.0046083523120463,0.1994285878110738,0.3356849771089479,0.1976717009954716,879.0,1,2023-05-12,-0.008328006514962127,-0.008085160519207824,-0.01185513179775699,28.55272102355957,28.859453201293945,28.545730590820312,28.654638290405277,28.654638290405277,-0.008085160519207824,-0.01185513179775699,0.02129805443187771,0.012582892611598989,0.019989572881534527,28.575702667236328,0.27298620451858313,0.9908744539577028,-0.9552456719955162,28.672476359776088,0.25781630170821884,0.9875301115106261,-1.386811386834896,28.3710994720459,0.5035698654068507,0.9980203201061781,-0.11153506007562937,0.6294728099579607,1.6094379124341003,2.2162572966719414,0.09599414095282553,0.08971293875947588,0.8142929226160049,0.006281202193349655
28.31493377685547,28.75454513594309,28.02119319112188,274222000.0,0.0,0.0125995594188149,28.46652805608734,28.305179092697056,0.0,55.33682064917586,0.4077916065942091,0.4364336167475366,-0.0286420101533275,0.1100467803601971,0.5922951165513273,-0.0083628781033927,-0.0106853677064941,0.0109302231299438,-0.0200970595773086,0.0162891180092506,-0.027820754193696,0.0193511635568766,-0.2120611815790758,-0.3030828085403642,-0.4114897693901497,934.0,1,2023-05-13,0.0,-0.018867974408262933,-0.01185513179775699,28.31493377685547,28.55272102355957,28.859453201293945,29.125219345092773,28.654638290405277,-0.018867974408262933,-0.01185513179775699,0.02129805443187771,0.012582892611598989,0.019989572881534527,28.394196192423504,0.137286530895184,0.9972084994049176,-0.5773502691866442,28.623947143554688,0.291504254014766,0.9892043761417859,-1.060064690114491,28.413276399884904,0.4687690295167983,0.9965388495981465,-0.2097890791352093,0.6294728099579607,1.3862943611198906,1.877070593940455,0.045430022602279935,0.6937887668609619,0.2607811968773603,-0.648358744258682
28.927392959594727,28.943379556146176,28.12710267849228,293926000.0,0.0213996387000661,0.0138971530539517,28.55332035460821,28.389268149563943,0.0718541911298145,50.43097741529876,0.3917905967917399,0.4174858808087607,-0.0256952840170208,0.0864500671738748,0.7855250464037502,0.0,0.0,-0.0083628781033927,-0.0106853677064941,0.0109302231299438,0.0023541595825431,0.0095186917533272,0.3337084432047539,0.1957940245358027,0.3687872543975656,733.0,1,2023-05-15,0.021630253051832415,0.021630253051832415,-0.006792271095166114,28.31493377685547,28.31493377685547,28.31493377685547,28.859453201293945,29.125219345092773,0.021630253051832415,-0.006792271095166114,0.0014874774486308695,0.01391217732947198,0.017433475777668534,28.519086837768555,0.35360347402244496,1.0143169423393124,1.1547005383783493,28.54715701511928,0.2594623194921472,1.0133195730935332,1.4654765486552896,28.45852225167411,0.43016521122545004,1.016475581682497,1.0899782122894166,0.7980151237134725,1.791759469228055,2.144406628498081,0.052506779506802506,0.1605672094970941,0.7869260251522064,-0.1080604299902916
29.187162399291992,29.84358282076136,28.80650075563799,449405000.0,0.0089399692803721,0.0113351186199426,28.711780865779154,28.495654049527683,0.528973278988589,61.024416262848426,0.4221322904426756,0.4184151627355437,0.0037171277071318,0.0796228835593024,0.8739195618629789,0.0213996387000661,0.0,0.0,-0.0083628781033927,-0.0106853677064941,0.0222199970086538,0.0185842202400101,0.1037570488004084,0.1776634965924186,-0.2299513944043454,1365.0,1,2023-05-16,0.008980050157306074,0.03080454396645904,0.022470323764561595,28.927392959594727,28.31493377685547,28.31493377685547,28.55272102355957,28.545730590820312,0.03080454396645904,0.022470323764561595,0.03555485446991491,0.011389786334364292,0.016053692268412738,28.809829711914062,0.44784096547043695,1.0130973591705017,0.8425595612530857,28.638790130615234,0.35467182801213326,1.0191478853043634,1.5461399112251963,28.530101912362237,0.46326136335360507,1.0230304290166257,1.418336470309577,0.7094807938217956,1.791759469228055,4.508001253486453,0.09445179086178537,0.3340689938515425,0.5714792266488076,-0.2396172029897571
30.151308059692383,30.17228939441913,29.403970448812785,432535000.0,0.0324993385538377,0.0158337346150278,29.07166266425746,28.716407917549645,-0.0375385231583983,73.26673518656088,0.5180055527886793,0.4383332407461708,0.0796723120425084,0.088672415125052,1.1572848375147196,0.0089399692803721,0.0213996387000661,0.0,0.0,-0.0083628781033927,0.0648553267794664,0.0522313265349525,0.3631504137127786,0.2911210187349492,0.2593933649123702,893.0,1,2023-05-17,0.033033209847894485,0.06485532677946648,0.04476366372528906,29.187162399291992,28.927392959594727,28.31493377685547,28.31493377685547,28.859453201293945,0.06485532677946648,0.04476366372528906,0.08546151637238686,0.01600388850700108,0.01714791042076403,29.4219544728597,0.6448546591439253,1.0247894336015466,1.1310356163060595,28.823340824672155,0.6776624304417214,1.0460726340883955,1.9596294192591113,28.69966615949358,0.5850166240152013,1.0505804455052385,2.481368632288783,0.9332850542315827,1.791759469228055,3.5590110386267604,0.1573106668889522,0.07352740950882428,0.7691619396209717,0.08378325738012793
31.649980545043945,31.799847490043984,30.293181883981152,748725000.0,0.0485092266029279,0.0204206540710473,29.71624213445408,29.10755093454889,0.7310159871455488,82.32795588646306,0.7067689559905048,0.4920203837950376,0.2147485721954671,0.1287599593582871,1.3021468971952068,0.0324993385538377,0.0089399692803721,0.0213996387000661,0.0,0.0,0.1177840214803727,0.0866864269771263,0.124676894233298,0.4333810564239139,-0.2384735194794805,985.0,0,2023-05-18,0.04970505698739669,0.09411797285887746,0.1084751088671636,30.151308059692383,29.187162399291992,28.927392959594727,28.31493377685547,28.55272102355957,0.09411797285887746,0.1084751088671636,0.1493359893528341,0.02083280072829966,0.020142716962253077,30.32948366800944,1.2410391675168164,1.0435383896240649,1.0640251424752964,29.265806470598495,1.2450960013219465,1.081466201071229,1.9148516033415246,28.99340602329799,0.9027830365294034,1.0916268519680383,2.9426500213813354,1.0342597161713476,1.9459101490553132,3.8628013244082737,0.1649386084948976,0.13774215057492253,0.6973192114382982,0.027196457919975076
31.23634529113769,31.55206575731735,30.888653542259405,473908000.0,-0.0131552038913923,0.021380951764869,30.096267923624985,29.39139018209406,-0.3670466459648068,72.81871840328745,0.8136096196576403,0.5563382309675582,0.2572713886900821,0.1462445939335229,1.0623530012525186,0.0485092266029279,0.0324993385538377,0.0089399692803721,0.0213996387000661,0.0,0.1031756435422137,0.0942562913832945,0.8152773038152407,0.7487106771410658,0.6906004095819426,943.0,0,2023-05-19,-0.013069052390650704,0.07020836297177713,0.10317564354221354,31.649980545043945,30.151308059692383,29.187162399291992,28.31493377685547,28.31493377685547,0.07020836297177713,0.10317564354221354,0.09009735089194537,0.021773554726558505,0.018985871934438577,31.012544631958008,0.7739960309165659,1.0072164558515158,0.28914962123857313,29.68315097263881,1.3577686133819238,1.0523257898034672,1.143931523523874,29.17781366620745,1.0754301544844733,1.0705512636580563,1.9141472055124185,1.146829326656488,3.091042453358316,4.1077003905116625,0.179910560360267,0.1212389522365161,0.698850475783859,0.05867160812375091
31.23634529113769,31.55206575731735,30.888653542259405,473908000.0,0.0,0.021380951764869,30.38128726550316,29.637384196633214,0.0,72.81871840328745,0.8880447878337989,0.6226795423408064,0.2653652454929925,0.1576291971587614,0.9802204778141268,-0.0131552038913923,0.0485092266029279,0.0324993385538377,0.0089399692803721,0.0213996387000661,0.0798188877500323,0.0823609537320402,0.2472376662615154,0.3539649520602127,-0.5680396375537252,1030.0,0,2023-05-20,0.0,0.035986406602897425,0.10317564354221354,31.23634529113769,31.649980545043945,30.151308059692383,28.927392959594727,28.31493377685547,0.035986406602897425,0.10317564354221354,0.09009735089194537,0.021773554726558505,0.018985871934438577,31.374223709106445,0.2388124251894986,0.9956053600163266,-0.5773502691886592,30.10049547467913,1.3154449758799953,1.0377352531427282,0.863471933289123,29.362221309116908,1.1936660948385627,1.0638277316382352,1.570057145900797,1.146829326656488,2.4849066497880004,3.3439877072157675,0.35201643441211095,0.1124124964699149,0.5355710891837423,0.23960393794219603
31.148426055908203,31.49212165768894,30.652864468171376,372000000.0,-0.0028186139513826,0.021941315117993,30.733395342910896,30.02362528212373,-0.2150375178304649,69.1797434535302,0.9563217901182526,0.7395781084843973,0.2167436816338552,0.1771462968267405,0.8553039586733592,0.0,0.0,-0.0131552038913923,0.0485092266029279,0.0324993385538377,0.0330704722409311,0.1000705953043343,0.973348156389978,0.9389709055871036,1.2359855648460822,485.0,1,2023-05-22,-0.002814645388570236,-0.002814645388570236,0.07677958049713562,31.23634529113769,31.23634529113769,31.23634529113769,30.151308059692383,28.927392959594727,-0.002814645388570236,0.07677958049713562,0.06946580167665983,0.02235916539925643,0.018896394128678405,31.207038879394528,0.05076019412860331,0.9981218075924203,-1.1547005383357334,30.835130419049943,0.8591145265101449,1.0101603473895056,0.3646727266164564,29.69114371708461,1.3345776868534425,1.0490813810579165,1.091942682077544,1.1832503729017112,1.791759469228055,2.3816276393228084,0.1485635463148355,0.21746996771544214,0.633966476470232,-0.06890642140060663
30.66085624694824,31.260325929202107,30.60390745609692,356253000.0,-0.0157769158356929,0.0241269143694619,30.715260568920232,30.108589410767,-0.0423306451612903,70.40676432798918,0.9222605036272142,0.7761145875129607,0.1461459161142535,0.1737679388914292,0.7369825110124891,-0.0028186139513826,0.0,0.0,-0.0131552038913923,0.0485092266029279,-0.0312519717567595,0.082851066810911,-0.1581536078534862,-0.2914592567710347,-1.1315017642434642,800.0,1,2023-05-23,-0.01565311223381971,-0.018423699662224235,0.05049116551638444,31.148426055908203,31.23634529113769,31.23634529113769,31.649980545043945,29.187162399291992,-0.018423699662224235,0.05049116551638444,0.07409604211734933,0.02453234322457445,0.018496633045067448,31.015209197998047,0.310011223053794,0.9885748650351621,-1.1430326539769171,31.045658111572266,0.4886693063224399,0.9876052920752679,-0.7874484025197241,29.842224121093746,1.3145073938789116,1.027432007833352,0.6227672279870813,1.3263139926494116,1.791759469228055,3.215928794004789,0.045436081476509536,0.5618023902177811,0.39276152998209,-0.5163663087412715
30.510988235473636,30.579927446615685,29.779635363047586,721419000.0,-0.004899911473738,0.02155218404779,30.664192485558583,30.16224258739455,1.0250187366843226,66.45427699464501,0.8731089363313949,0.7955134572766476,0.0775954790547472,0.1644522351216047,0.6878135100667565,-0.0157769158356929,-0.0028186139513826,0.0,0.0,-0.0131552038913923,-0.0232215724632118,0.0775581703960477,-0.4475108400814922,-0.0016170009373817,-0.289357232228006,1099.0,1,2023-05-24,-0.004887926490621752,-0.02322157246321166,0.011929173191066011,30.66085624694824,31.148426055908203,31.23634529113769,31.23634529113769,30.151308059692383,-0.02322157246321166,0.011929173191066011,0.05722683041360055,0.021958413436885708,0.018605693913883763,30.77342351277669,0.33329459301398745,0.9914720155463335,-0.7873973439828394,31.09704099382673,0.38736602041615187,0.9811540667657275,-1.5129173119611554,29.96019090924944,1.293464828925654,1.018384306291391,0.42583092628941843,1.1801985746148447,1.791759469228055,2.2206241910525932,0.07140852808952326,0.09595088213682171,0.8326406002044677,-0.024542354047298445
37.94640350341797,39.44507664562874,36.60259203294565,1543911000.0,0.2180878412601052,0.0849641603245198,32.48474524002343,31.20013070953101,1.1401030469117115,88.66590784581922,1.4177884541398456,0.9199684566492872,0.4978199974905584,0.2938183953334388,1.3927113938343043,-0.004899911473738,-0.0157769158356929,-0.0028186139513826,0.0,0.0,0.2148157266715846,0.3117809667957578,0.1593887304215467,0.3457444800547692,0.6068995705030389,1086.0,1,2023-05-25,0.24369631067208553,0.21824465336733545,0.19893923629472732,30.510988235473636,30.66085624694824,31.148426055908203,31.23634529113769,31.649980545043945,0.21824465336733545,0.19893923629472732,0.328994300476912,0.09460282590882514,0.06624488745318975,33.039415995279946,4.250236453302681,1.1485191962484762,1.1545210630163902,31.996529987880162,2.640857691804229,1.1859537117866072,2.253008003423639,30.63116822923933,2.4376113568668467,1.2388167248285293,3.0009850641577196,1.4280773890011331,3.6888794541139363,4.052706574369217,0.13742644074731145,0.15971959845568887,0.7028539632566464,-0.02229315770837742
38.91155242919922,39.13535333136667,37.51678724611189,714397000.0,0.0251164541423125,0.0832446297943913,34.09144703731738,32.22832027215344,-0.5372809702113659,91.15318518518521,1.9053664698168795,1.1170480592828056,0.7883184105340739,0.384050427468506,1.2100342021231778,0.2180878412601052,-0.004899911473738,-0.0157769158356929,-0.0028186139513826,0.0,0.2457139933153165,0.3331735335170203,0.1663288256244929,0.445685124702967,0.0069400952029462,1072.0,0,2023-05-26,0.025434529670099515,0.2690954262920233,0.24571399331531651,37.94640350341797,30.510988235473636,30.66085624694824,31.23634529113769,31.23634529113769,0.2690954262920233,0.24571399331531651,0.3742413362451651,0.09281010571516429,0.06565579856638193,35.78964805603027,4.596853841281403,1.0872292560206647,0.6791393594316878,33.09298815046038,3.6667171321890653,1.1758246868576567,1.586859326469261,31.388069561549596,3.1916304530784902,1.2396924364174946,2.357253754234874,1.4135858178821439,4.477336814478207,3.32860261097296,0.23158985317481315,0.11673947921472373,0.6516706704793648,0.11485037396008942
38.91155242919922,39.13535333136667,37.51678724611189,714397000.0,0.0,0.0832446297943913,35.29647338528784,33.11941789309288,0.0,91.15318518518521,2.265658459651398,1.346770139356524,0.918888320294874,0.4420894451570116,1.069326722152926,0.0251164541423125,0.2180878412601052,-0.004899911473738,-0.0157769158356929,-0.0028186139513826,0.2492301331488469,0.2905427635896807,0.3947631672699411,0.376746841511717,0.2284343416454481,1072.0,1,2023-05-27,0.0,0.275329141386468,0.24571399331531651,38.91155242919922,37.94640350341797,30.510988235473636,31.148426055908203,31.23634529113769,0.275329141386468,0.24571399331531651,0.3742413362451651,0.09281010571516429,0.06565579856638193,38.58983612060547,0.5572289921079632,1.0083368145847598,0.5773502691895425,34.1894463130406,4.1364620794356215,1.1381158990678801,1.1415809030704094,32.14497089385986,3.6327844848094744,1.2105020271345732,1.8626432599109266,1.4135858178821439,3.9318256327243257,2.67083152548436,0.1630484589375555,0.1898619009554386,0.6470896401256323,-0.026813442017883077
40.07551574707031,41.90089915076008,39.913660310959735,923401000.0,0.0294743838095097,0.0804593612301461,37.67743178701688,35.296282478744814,0.2925600191490165,91.34920953394875,2.8913605735479777,2.021738878273212,0.8696216952747657,0.5354446290810742,0.924356680269139,0.0,0.0,0.0,0.0251164541423125,0.2180878412601052,0.0561084067811741,0.2829771016278415,0.7402298400927251,0.7962916252225352,0.1740799919940291,877.0,0,2023-05-30,0.02991305268503397,0.02991305268503397,0.307057944641032,38.91155242919922,38.91155242919922,38.91155242919922,37.94640350341797,30.66085624694824,0.02991305268503397,0.307057944641032,0.37305282366340764,0.08999294881349121,0.0658784468669032,39.299540201822914,0.6720145348997774,1.0197451558278385,1.1547005383791666,37.7398738861084,3.246690303699494,1.0618879084760704,0.7193916396339155,34.39276599884033,4.127977812259989,1.1652309601507944,1.3766425127946083,1.36604539258959,2.4849066497880004,4.767182994158797,0.19063674523071805,0.18068835410204798,0.6286748640916564,0.009948391128670075
37.80052947998047,40.259350872876006,37.7885390591978,1002580000.0,-0.0584424580248332,0.0874839661986082,37.70820621025778,35.63018207890957,0.0857471456062968,76.41820497480242,2.8313164462000278,2.183654391858575,0.6476620543414522,0.5318530529444202,0.7658472170855299,0.0294743838095097,0.0,0.0,0.0,0.0251164541423125,-0.0285525218054533,0.2101457173578225,0.5446558993169741,0.580818612045171,-0.1955739407757509,1028.0,1,2023-05-31,-0.05676748569994772,-0.028552521805453313,0.23891527826790093,40.07551574707031,38.91155242919922,38.91155242919922,38.91155242919922,30.510988235473636,-0.028552521805453313,0.23891527826790093,0.25369451319141634,0.0964077599464013,0.06928504461256677,38.92919921875,1.1375957918997457,0.9710071164724623,-0.9921535810928869,38.781236921037944,0.752974117119246,0.9747118060454265,-1.3024450890948278,34.93913895743234,4.028419898251225,1.0818964235505135,0.7103009603815839,1.3914656544641248,3.4011973816621555,3.0250357106389187,0.25284226148806765,0.08338187920764599,0.6637758549688191,0.16946038228042165
39.734825134277344,40.01457626339759,38.306089619716126,635873000.0,0.0499049006497738,0.0344059326270946,38.21486094126267,36.17746781962528,-0.3657633306070338,77.1070611975055,2.9063103992337247,2.3281855933336053,0.5781248059001194,0.5328149704830372,0.8368196274282589,-0.0584424580248332,0.0294743838095097,0.0,0.0,0.0,0.0211575394370628,0.275660768956911,0.4227177514510119,0.5504984000882902,-0.1219381478659621,1040.0,0,2023-06-01,0.05117112593148465,0.02115753943706289,0.04713020117172073,37.80052947998047,40.07551574707031,38.91155242919922,38.91155242919922,37.94640350341797,0.02115753943706289,0.04713020117172073,0.255445483693967,0.03422752266503716,0.06933732528316291,39.20362345377604,1.2269971670250381,1.0135498108007193,0.4329282045444729,39.03672572544643,0.7254058711411856,1.0178831445480545,0.9623569874512943,35.5166278566633,4.099505638477842,1.118766829290148,1.0289526712738646,0.4936377704974521,3.1354942159291497,3.370656886446867,0.15065887147052717,0.1992360705679113,0.6501050331121818,-0.048577199097384116
39.29221725463867,40.46418014077918,39.0234541630698,482731000.0,-0.0112015455533687,0.0338789377729715,38.48420001960668,36.59276774429373,-0.2408373999210534,76.95754789538098,2.8966382478304453,2.4418761242329734,0.4547621235974719,0.5218645477812959,0.7828840792294848,0.0499049006497738,-0.0584424580248332,0.0294743838095097,0.0,0.0,0.0097828228809961,0.2815107620665202,0.4387305498098568,0.5364681720121351,0.0160127983588448,1033.0,0,2023-06-02,-0.011139041839065666,-0.019545562367189295,0.00978282288099619,39.734825134277344,37.80052947998047,40.07551574707031,38.91155242919922,38.91155242919922,-0.019545562367189295,0.00978282288099619,0.2579005926722988,0.03375177359107627,0.06927192106127901,38.94252395629883,1.013453981064691,1.0089797286568345,0.34505098886924407,39.09110641479492,0.7287190609892241,1.0051446699336102,0.2759785637701659,36.092047282627654,4.017041156405594,1.088666900687326,0.7966485399105286,0.48723599799143624,2.772588722239781,1.8000716134561814,0.20402132955690222,0.16626544439544275,0.6297132428114612,0.037755885161459474
39.29221725463867,40.46418014077918,39.0234541630698,482731000.0,0.0,0.0338789377729715,38.686204328364674,36.95269434567306,0.0,76.95754789538098,2.8560502289494707,2.524710945176273,0.3313392837731976,0.502980793587604,0.7575046611348398,-0.0112015455533687,0.0499049006497738,-0.0584424580248332,0.0294743838095097,0.0,0.0097828228809961,0.2878054604916249,0.3333326297417583,0.3843471178002252,-0.1053979200680984,1083.0,0,2023-06-03,0.0,0.039462086779715966,0.00978282288099619,39.29221725463867,39.734825134277344,37.80052947998047,38.91155242919922,38.91155242919922,0.039462086779715966,0.00978282288099619,0.2579005926722988,0.03375177359107627,0.06927192106127901,39.43975321451823,0.25553977845496556,0.9962592068191429,-0.5773502691893253,39.14548710414341,0.7272887940421074,1.0037483286414317,0.20174949991978505,36.66746670859201,3.841111580680129,1.0715825439184656,0.6833309813879215,0.48723599799143624,2.9444389791664403,1.7833292810395196,0.28676902306162644,0.05943418635676301,0.6537967912024922,0.22733483670486343
39.136356353759766,39.53000507242546,38.6727660406919,396094000.0,-0.0039746000441307,0.0339393837118012,38.91236975838982,37.51419414956509,-0.1794726255409326,76.60919860106485,2.6970407318309317,2.6018956181750457,0.0951451136558856,0.4559571289484341,0.7042350431934279,0.0,0.0,-0.0112015455533687,0.0499049006497738,-0.0584424580248332,0.0353388402796517,0.0057773054665342,-0.5467105359594341,-0.0750659640282091,1.3518469308928325,604.0,0,2023-06-05,-0.003966711775739928,-0.003966711775739928,0.0057773054665342105,39.29221725463867,39.29221725463867,39.29221725463867,37.80052947998047,38.91155242919922,-0.003966711775739928,0.0057773054665342105,0.2564473172260471,0.03382187442501409,0.06929986351226955,39.24026362101237,0.08998633307897551,0.997352024230618,-1.1547005383740745,39.2319826398577,0.7110421739871539,0.9975625426077555,-0.13448750242437782,37.8134525844029,3.1187481145254,1.0349850034562178,0.4241778177581929,0.48805109722944723,1.9459101490553132,2.298097550814321,0.3149172849953174,0.07171617836380995,0.6133665417631468,0.24320110663150746
38.619815826416016,39.12536886577813,38.114262787053896,388729000.0,-0.0132863568630648,0.031697127353321,38.83923127539637,37.661610373145216,-0.0185940711043338,76.4616176616629,2.5509341822097937,2.5917033309819955,-0.0407691487722017,0.4305414769772672,0.6534963161284965,-0.0039746000441307,0.0,0.0,-0.0112015455533687,0.0499049006497738,-0.0280612612259733,-0.0074974290299526,0.48404860304236,0.7023484377619778,1.030759139001794,921.0,1,2023-06-06,-0.013198482829486213,-0.017112840027964427,-0.03632392231310744,39.136356353759766,39.29221725463867,39.29221725463867,39.734825134277344,40.07551574707031,-0.017112840027964427,-0.03632392231310744,0.2595804734011613,0.031598697057141696,0.06921008873604328,39.01612981160482,0.3519541678229529,0.989842304013687,-1.1260386192902432,39.02402550833566,0.6316595554291501,0.9896420300916084,-0.6399169907989842,38.381949697222026,2.3437578175238425,1.0061973435708818,0.10148920994119284,0.45656200756589554,1.791759469228055,2.018755455795852,0.27300689220428465,0.01584614235907786,0.7111469626426696,0.25716074984520676
37.44572448730469,39.46814549212033,37.32681796379226,511998000.0,-0.0308729705707983,0.024995778538144,38.49085457837345,37.63282558836648,0.3171078051804727,71.58617653125162,2.313733055800199,2.5361092759456363,-0.2223762201454371,0.4112071069142035,0.5619466554458826,-0.0132863568630648,-0.0039746000441307,0.0,0.0,-0.0112015455533687,-0.0469938551791957,-0.0376707648599127,-0.1931117656049386,-0.0028930940175121,-0.6771603686472987,877.0,1,2023-06-07,-0.030401267173010393,-0.04699385517919574,-0.009386243990674559,38.619815826416016,39.136356353759766,39.29221725463867,39.29221725463867,37.80052947998047,-0.04699385517919574,-0.009386243990674559,0.22728651718230397,0.025326615215479055,0.07020458690385108,38.40063222249349,0.8663660405047,0.9751330204759113,-1.1021989442620865,38.97333908081055,0.7494520829500902,0.9608035998573697,-2.0383085566893953,38.877288000924246,0.7285946437336787,0.96317738229103,-1.9648284899316855,0.36075442264428115,1.9459101490553132,2.990130642904122,0.052965652508040216,0.2967305065443118,0.650303860505422,-0.2437648540362716
38.479923248291016,38.83364687712899,37.47571086548645,417772000.0,0.0272440936557436,0.0176354657921136,38.48812174585285,37.74577194302309,-0.1840358751401373,52.7610053084487,2.184024575235462,2.4656923358036016,-0.2816677605681397,0.3863853779969288,0.6124412227317594,-0.0308729705707983,-0.0132863568630648,-0.0039746000441307,0.0,0.0,-0.0206731526776274,-0.0110925715876684,0.0283417149318388,0.134048095130038,0.2214534805367774,917.0,1,2023-06-08,0.02761860733491628,-0.016772974457181067,-0.031581915404071625,37.44572448730469,38.619815826416016,39.136356353759766,39.29221725463867,39.734825134277344,-0.016772974457181067,-0.031581915404071625,0.014059823741266797,0.017620920688525613,0.02683122815389415,38.18182118733724,0.6413043327491457,1.007807434315172,0.4648371229239458,38.7940673828125,0.6841905594769314,0.9919022635233998,-0.4591471340406243,38.915396554129465,0.6890390826673903,0.9888097425595361,-0.6320008788944985,0.6567317972721349,2.302585092994046,2.013241730127456,0.0674101152560777,0.30109869699097336,0.6314911933408843,-0.23368858173489565
38.73971176147461,39.67997469301632,38.536871237623615,427717000.0,0.006728586409041,0.0178153999216648,38.55101924975828,37.87829725214996,0.0238048504926131,49.040675103041124,2.0782358228505515,2.3882010332129915,-0.3099652103624399,0.3569113016552385,0.6118230427021812,0.0272440936557436,-0.0308729705707983,-0.0132863568630648,-0.0039746000441307,0.0,-0.0140614485963842,-0.0333321720430598,0.3909538786601975,0.6284678920594656,0.3626121637283587,970.0,1,2023-06-09,0.006751274203623314,0.00310451856107985,-0.014061448596384252,38.479923248291016,37.44572448730469,38.619815826416016,39.29221725463867,39.29221725463867,0.00310451856107985,-0.014061448596384252,-0.004416186376456688,0.01778417104557312,0.02599177307971401,38.22178649902344,0.6845266265240182,1.0135505247109369,0.756618139284315,38.71513802664621,0.6480602680282326,1.0006347319441684,0.03791890359698834,38.90312222072056,0.6906415237458224,0.9957995541252749,-0.23660676867452926,0.6842230805505632,2.4849066497880004,1.0862125135860312,0.16902133314446965,0.11393882918425578,0.7170398465611718,0.05508250396021387
38.73971176147461,39.67997469301632,38.536871237623615,427717000.0,0.0,0.0178153999216648,38.59819237768737,37.99315252005991,0.0,49.040675103041124,1.971669298072058,2.304894686184805,-0.3332253881127469,0.3208876000862795,0.5920650855617807,0.006728586409041,0.0272440936557436,-0.0308729705707983,-0.0132863568630648,-0.0039746000441307,-0.0101349392033285,0.0248457440785727,-0.0287848496065863,0.0278228813848972,-0.4197387282667839,863.0,1,2023-06-10,0.0,0.03455634232977989,-0.014061448596384252,38.73971176147461,38.479923248291016,37.44572448730469,39.136356353759766,39.29221725463867,0.03455634232977989,-0.014061448596384252,-0.004416186376456688,0.01778417104557312,0.02599177307971401,38.653115590413414,0.14998896801922487,1.0022403412956102,0.5773502691884383,38.63620867047991,0.5977551332820432,1.0026789142764359,0.17315299397999992,38.890847887311665,0.6920058340301249,0.9961138382409409,-0.21840296483754243,0.6842230805505632,2.1972245773362196,2.532075030780727,0.21855269093066448,0.26458666892722243,0.5168606387451291,-0.04603397799655795
39.45115661621094,39.49911945587758,38.58783312564601,388701000.0,0.018198147779709,0.0193183225836126,38.83796832177836,38.27382213411019,-0.0912191939997708,52.790735297018955,1.818181412916012,2.1372821362677072,-0.3191007233516956,0.204960444364441,0.6274081308841009,0.0,0.0,0.006728586409041,0.0272440936557436,-0.0308729705707983,0.0535557037916614,0.0040450596244603,0.1609899571035711,0.1049960488892756,0.3507385163665694,540.0,1,2023-06-12,0.018364743112101234,0.018364743112101234,0.008043678353846895,38.73971176147461,38.73971176147461,38.73971176147461,37.44572448730469,39.136356353759766,0.018364743112101234,0.008043678353846895,0.013867454607305874,0.019287937123831988,0.02645120712958626,38.97686004638672,0.41075287839569424,1.0121686705717123,1.1547005383789677,38.60225078037807,0.5958402057326989,1.0219910968576054,1.4247206342663215,38.91711671011789,0.7099082766155276,1.0137224941423835,0.7522660654684478,0.7291892967054046,2.0794415416798357,3.9878599709787252,0.28745253956211464,0.29039511337344137,0.42215236595698763,-0.002942573811326732
40.98995590209961,41.06889657145173,39.70895962649225,613208000.0,0.0382636932974911,0.0224690184198458,39.375965216858674,38.63597330317545,0.5775827692750983,54.55279948309872,1.882978810887991,2.086421471191764,-0.2034426603037729,0.0806553747935696,1.142283915881377,0.018198147779709,0.0,0.0,0.006728586409041,0.0272440936557436,0.0652296689266414,0.0432080133441823,0.2562171341931679,0.250019267000653,0.0952271770895967,855.0,1,2023-06-13,0.03900517545932636,0.05808623859878059,0.06137108696573357,39.45115661621094,38.73971176147461,38.73971176147461,38.479923248291016,38.619815826416016,0.05808623859878059,0.06137108696573357,0.022817926057411952,0.022560229668900682,0.027305313622549215,39.726941426595054,1.1501924270891806,1.0317923915144154,1.0980897159103158,38.94084221976144,1.0823178355033989,1.052621195781387,1.8932642659308108,38.98243386404855,0.8524468065665113,1.0514981195133248,2.3550115063917745,0.8262212249512506,1.3862943611198906,3.940001890385664,0.09025830527146654,0.019475026056170432,0.8902666767438253,0.0707832792152961
42.963409423828125,42.96640543335943,40.52031611973308,740465000.0,0.0470217511088778,0.0186845174073142,40.27282626860104,39.21296478592914,0.2075266467495531,76.500548644523,2.069714046805771,2.0830799863145653,-0.0133659395087941,0.1178278820522333,1.3095850093906185,0.0382636932974911,0.018198147779709,0.0,0.0,0.006728586409041,0.1090275964973452,0.0934330619572263,0.034834740896561,0.0686238035629301,-0.2213823932966068,821.0,0,2023-06-14,0.048144807143533086,0.10902759649734528,0.1473515337750806,40.98995590209961,39.45115661621094,38.73971176147461,38.73971176147461,37.44572448730469,0.10902759649734528,0.1473515337750806,0.136582212335993,0.019103101577208244,0.024163715315049804,41.134840647379555,1.7606032029434826,1.0444530414527096,1.0386035725661855,39.729082924979075,1.6645758916355105,1.0814095433553417,1.9430333666981077,39.35121100289481,1.300708936722743,1.091793831215705,2.777099717662114,0.7905697169553361,1.791759469228055,2.7032353736584036,0.41930827423930167,0.02534672170877452,0.5553449861705303,0.39396155253052717
42.61968612670898,43.2551909701653,42.11408081517457,568622000.0,-0.0080325476203871,0.0209149001803592,40.85954123312803,39.66719429803312,-0.2320744397101821,67.6974286801456,2.1650105749277917,2.0994661040372105,0.0655444708905808,0.1399579012006645,1.0824301174992546,0.0470217511088778,0.0382636932974911,0.018198147779709,0.0,0.0,0.1001549621515998,0.0890049584959531,0.3528182020661215,0.3793491737064165,0.3179834611695604,829.0,1,2023-06-15,-0.008000372915667908,0.08031525010336593,0.10758240996756196,42.963409423828125,40.98995590209961,39.45115661621094,38.73971176147461,38.479923248291016,0.08031525010336593,0.10758240996756196,0.0726028359929285,0.02134295267671718,0.021312156342359993,42.191017150878906,1.0542521134600866,1.0101601953396173,0.4066095484723922,40.320477621895925,1.869573505432148,1.057023344970608,1.2298037483589577,39.557272502354216,1.5673416898655759,1.0774172087868925,1.95389023603233,1.0014450125957446,2.772588722239781,2.4262454883691063,0.1506403112163146,0.1787003687272469,0.6706593189388513,-0.028060057510932296
42.65864944458008,43.68684489706271,42.6276716193581,655709000.0,0.0009137917695349,0.0213895899067084,41.30931828599104,40.06605498423938,0.1531544681704191,71.72770847264661,2.218108796677754,2.1231946425653194,0.0949141541124345,0.1567552520214701,0.9936499307112896,-0.0080325476203871,0.0470217511088778,0.0382636932974911,0.018198147779709,0.0,0.1011607341643343,0.1045793081022798,-0.0505505550802149,0.0658586330842249,-0.4033687571463364,846.0,0,2023-06-16,0.0009142094044349847,0.040709815508608305,0.10116073416433435,42.61968612670898,42.963409423828125,40.98995590209961,38.73971176147461,38.73971176147461,0.040709815508608305,0.10116073416433435,0.08567681910452585,0.0218227928363036,0.020838349406497814,42.74724833170573,0.18821197715743435,0.9979273780048216,-0.47073989904233376,40.88032586233957,1.9037702484766408,1.0435007193491763,0.9341061946227438,39.79773194449289,1.768834337882021,1.0718864457923734,1.6174027373941728,1.0472419101245523,2.995732273553991,3.3588194409716023,0.08779264863972595,0.20269242095711978,0.7095149292757637,-0.11489977231739383
42.65864944458008,43.68684489706271,42.6276716193581,655709000.0,0.0,0.0213895899067084,41.6466510756383,40.41173424561814,0.0,71.72770847264661,2.2344323744399475,2.1454421889402453,0.0889901854997021,0.1694537180232868,0.9267138966786204,0.0009137917695349,-0.0080325476203871,0.0470217511088778,0.0382636932974911,0.018198147779709,0.0813028844647647,0.1392128214542287,-0.0108216502734468,0.1300918838321909,0.039728904806768,862.0,1,2023-06-17,0.0,-0.007093477527391534,0.10116073416433435,42.65864944458008,42.61968612670898,42.963409423828125,39.45115661621094,38.73971176147461,-0.007093477527391534,0.10116073416433435,0.08567681910452585,0.0218227928363036,0.020838349406497814,42.64566167195638,0.02249548206079041,1.0003045508526425,0.5773502692050869,41.4401741027832,1.7384016903439825,1.029403238962624,0.7009170254291296,40.03819138663156,1.9174078521148716,1.0654489617836103,1.3666670109117331,1.0472419101245523,2.70805020110221,2.565694040132082,0.12448844499886032,0.16362628067976656,0.7118852722591588,-0.039137835680906244
43.77378082275391,43.95564168389906,42.64066770306491,451153000.0,0.0258049728376889,0.0196871681008632,42.51049547722622,41.34467505289381,-0.311961556117119,81.46654661497547,2.222930426023936,2.1772788636382248,0.0456515623857112,0.1955535765122867,0.9274182113240363,0.0,0.0,0.0,0.0009137917695349,-0.0080325476203871,0.0270789112011238,0.1299459606791786,0.5824985553541095,0.7412912165063548,0.7767686664794546,1010.0,0,2023-06-20,0.02614080362817295,0.02614080362817295,0.06791480642973102,42.65864944458008,42.65864944458008,42.65864944458008,42.61968612670898,40.98995590209961,0.02614080362817295,0.06791480642973102,0.13345389888712456,0.020087294605441848,0.020526219251196916,43.03035990397135,0.6438214013704323,1.0172766604890504,1.1547005383793123,42.855924878801616,0.4214047138344301,1.0214172473595666,2.1780865610177362,40.898383549281526,2.1792997424060063,1.0703058904518221,1.3194133957442085,0.9786163910468084,1.3862943611198906,3.567957827921891,0.6330402940511703,0.08720028400421137,0.279759435604016,0.5458400100469589
43.011375427246094,43.58093370313804,42.04713285457767,551603000.0,-0.0175704012630125,0.0131643115836983,42.63571546473119,41.566901769474114,0.2226517389887687,85.7785840822547,2.16531487766553,2.174886066443686,-0.0095711887781559,0.2023150646547825,0.7985939527266276,0.0258049728376889,0.0,0.0,0.0,0.0009137917695349,0.0082685689129531,0.11026575757901,0.5642708541009608,0.8176997205092134,-0.0182277012531487,1024.0,0,2023-06-21,-0.017416941858298784,0.008268568912953134,0.0011164384777937464,43.77378082275391,42.65864944458008,42.65864944458008,42.65864944458008,42.963409423828125,0.008268568912953134,0.0011164384777937464,0.14863248117494265,0.01323599935056488,0.018822814952144246,43.147935231526695,0.569970115669054,0.9968350790472861,-0.2395911654425985,42.86277716500418,0.4238267857391718,1.0034668370103474,0.35061083263708753,41.29593004499163,2.001399334020616,1.0415403014385558,0.8571229904470402,0.7031891555124208,2.4849066497880004,3.0699635557239886,0.2504788566042076,0.0861528912897814,0.6633682608265768,0.1643259653144262
42.991397857666016,43.39208183010409,42.20101528373677,417737000.0,-0.000464579668221,0.012681310971936,42.7246360629649,41.75683458123304,-0.2426854096152486,83.35070443188597,2.09390488547902,2.158689830250753,-0.0647849447717328,0.2058951886185918,0.7676421288229487,-0.0175704012630125,0.0258049728376889,0.0,0.0,0.0,0.0078002566283357,0.0897373244565498,0.2928765422703883,0.3261020441041943,-0.2713943118305725,929.0,0,2023-06-22,-0.00046447176779707,0.007800256628335722,0.008721597100737277,43.011375427246094,43.77378082275391,42.65864944458008,42.65864944458008,42.61968612670898,0.007800256628335722,0.008721597100737277,0.11724229750316262,0.012752260313270104,0.018302465240373784,43.25885136922201,0.44605384474022647,0.9938173690911664,-0.5995991620961185,42.91587884085519,0.41139728967144296,1.0017596987141022,0.18356712284403992,41.61817823137556,1.872137674482121,1.0329956688314434,0.7335035478468872,0.6967509647355937,2.4849066497880004,2.301335375223433,0.13005146756768224,0.2142736742442304,0.6556748429482634,-0.08422220667654817
42.176029205322266,42.77555900672088,41.98218049927132,358140000.0,-0.0191480145163391,0.0148491510312647,42.58748434855424,41.812727197778266,-0.1426663187603684,73.47446346540517,1.949051068787192,2.116762077958041,-0.1677110091708491,0.2045735613359726,0.6537109343835997,-0.000464579668221,-0.0175704012630125,0.0258049728376889,0.0,0.0,-0.0113135377125525,0.0289357057630281,0.5245584726618107,0.5995747586308527,0.2316819303914223,1181.0,0,2023-06-23,-0.018965855798484088,-0.03650019686216199,-0.011313537712552502,42.991397857666016,43.011375427246094,43.77378082275391,42.65864944458008,42.65864944458008,-0.03650019686216199,-0.011313537712552502,0.08870271067078406,0.014889791867208112,0.01968675437655767,42.72626749674479,0.4766250191001711,0.9871217795595076,-1.1544469328557876,42.84693309238979,0.49386608963767,0.9843418457600951,-1.358473280803183,41.863629477364675,1.6812512106116846,1.0074623182905462,0.18581383078613864,0.7563355331409213,2.302585092994046,1.908822196045108,0.08418110933982659,0.2528385154695974,0.6629803716722462,-0.16865740612977081
42.176029205322266,42.77555900672088,41.98218049927132,358140000.0,0.0,0.0148491510312647,42.48462056274624,41.8611674654508,0.0,73.47446346540517,1.813350203073796,2.056079702981192,-0.2427294999073961,0.2022337900514934,0.6375675359762746,-0.0191480145163391,-0.000464579668221,-0.0175704012630125,0.0258049728376889,0.0,-0.0113135377125525,-0.0183267629144247,-0.2165970888217458,-0.1342037371008355,-0.7411555614835565,990.0,0,2023-06-24,0.0,-0.019421518461710696,-0.011313537712552502,42.176029205322266,42.991397857666016,43.011375427246094,42.65864944458008,42.65864944458008,-0.019421518461710696,-0.011313537712552502,0.08870271067078406,0.014889791867208112,0.01968675437655767,42.447818756103516,0.47075331091942435,0.9935970902923682,-0.5773502691896528,42.77798734392439,0.5544981164671375,0.9859283202418447,-1.0855909528374326,42.10908072335379,1.420757017269107,1.0015898822966074,0.04712169720418368,0.7563355331409213,2.302585092994046,1.6444658200323878,0.053460858141382496,0.16683762127326593,0.7797015228619179,-0.11337676313188344
40.60025787353516,42.7305923048299,40.06867198268561,594322000.0,-0.0380776131904469,0.0201741335429308,41.95566901092648,41.72943020980275,0.6594683643267996,57.020761858591904,1.4419581468450104,1.8741013435028,-0.4321431966577895,0.1893589453658046,0.4123577390935882,0.0,0.0,-0.0191480145163391,-0.000464579668221,-0.0175704012630125,-0.0560576714824977,-0.0482526192892974,-0.1704206396881059,-0.6689121567642591,-0.4972150788786479,392.0,1,2023-06-26,-0.03736177543210384,-0.03736177543210384,-0.04825261928929725,42.176029205322266,42.176029205322266,42.176029205322266,43.011375427246094,42.65864944458008,-0.03736177543210384,-0.04825261928929725,0.029127188044267616,0.020051740404673023,0.02248684817624937,41.65077209472656,0.9097720025885802,0.9747780372761828,-1.154700538379247,42.41498565673828,0.9998994592028716,0.9572149381850653,-1.8149102557269452,42.436610630580354,0.8134974585809599,0.9567271577593454,-2.2573552476100764,0.8917096894820364,0.6931471805599453,5.834810737062605,0.0303806476294994,0.0344527624547481,0.935166597366333,-0.0040721148252486974
41.8432846069336,41.90723378479605,40.41640261431228,462175000.0,0.0301569025127779,0.0213865381139622,41.92757290992826,41.74461079608687,-0.2223491642577593,55.4091534497726,1.3331960626341868,1.7659202873290774,-0.4327242246948906,0.1671836816188054,0.5487075553207159,-0.0380776131904469,0.0,0.0,-0.0191480145163391,-0.000464579668221,-0.0267056506172128,-0.019113704917118,0.568003588504321,0.4226116157937303,0.7384242281924269,760.0,1,2023-06-27,0.03061622754393123,-0.007889424506247189,-0.044101655820801944,40.60025787353516,42.176029205322266,42.176029205322266,42.991397857666016,43.77378082275391,-0.007889424506247189,-0.044101655820801944,0.020817995190628658,0.02131137681479602,0.021524271699480797,41.53985722859701,0.8305509935962353,1.0073044877517707,0.3653326293943388,42.13920048304966,0.8110599160008987,0.9929776580304344,-0.3648508208556745,42.49756268092564,0.7237896650086105,0.9846043388675157,-0.9039616142961302,0.9901090783624557,1.791759469228055,4.013598498735755,0.09308793917298315,0.10292796753346918,0.8039840817451477,-0.00984002836048603
41.08488845825195,41.81232053515092,40.48635724932419,582639000.0,-0.0182909441877181,0.021450656833868,41.71690179700919,41.65664781770888,0.2606458592524476,35.923966327945294,1.1722916479002876,1.6471945594433195,-0.4749029115430319,0.1524812662849413,0.4132629819827136,0.0301569025127779,-0.0380776131904469,0.0,0.0,-0.0191480145163391,-0.0258711113309979,-0.0368919552498415,0.3440627107605508,0.2929419122668329,-0.2239408777437702,974.0,1,2023-06-28,-0.018124680120259473,-0.025871111330997953,-0.044790173526368604,41.8432846069336,40.60025787353516,42.176029205322266,42.176029205322266,43.011375427246094,-0.025871111330997953,-0.044790173526368604,-0.043723740521726784,0.021374893199718036,0.017416181241751566,41.17614364624024,0.6265177547259949,0.997783784980636,-0.14565459206850165,41.863988058907644,0.7924225185672172,0.9813897424306685,-0.9831871033453018,42.36338261195591,0.8008123004926428,0.9698207726843998,-1.5964966483624907,1.2273008016519893,2.0794415416798357,3.76283394886118,0.15165918945733983,0.6459588755720428,0.20238193576889377,-0.494299686114703
40.79011535644531,41.56750759247888,40.56828862331624,380514000.0,-0.0072005950950059,0.0212827887363798,41.48520518686821,41.54111015620708,-0.3469129254993229,36.18944559209821,1.0093528231310245,1.5196262121808606,-0.5102733890498361,0.1390203814786801,0.3366281945281515,-0.0182909441877181,0.0301569025127779,-0.0380776131904469,0.0,0.0,-0.0328602259385305,-0.0438019982456844,-0.0164234423441119,0.2576860134015651,-0.3604861531046627,942.0,1,2023-06-29,-0.007174732921720661,0.004676262980928048,-0.05120285943035885,41.08488845825195,41.8432846069336,40.60025787353516,42.176029205322266,42.991397857666016,0.004676262980928048,-0.05120285943035885,-0.042927833039978824,0.021217960552775115,0.017399509177003853,41.23942947387695,0.5433263859563054,0.989104744581487,-0.8269690724495289,41.54951913016183,0.702082077861521,0.9817229226808247,-1.0816452914303079,42.23269898550851,0.8990288713833562,0.9658420213787852,-1.604602115662275,1.219457418995355,2.9444389791664403,1.9824160058089864,0.17634764406830067,0.26936890262489516,0.554283463396132,-0.09302125855659449
42.268951416015625,42.516758773836536,41.468578476048215,501148000.0,0.0356130260755563,0.0258629281475882,41.68114174415507,41.638155657514886,0.3170290712036876,47.58362360189739,0.988161431575179,1.4133332560597245,-0.4251718244845452,0.1212088070480627,0.5697617962366454,-0.0072005950950059,-0.0182909441877181,0.0301569025127779,-0.0380776131904469,0.0,0.002203199600441,-0.0343774144808634,0.3822640829932659,0.5293986412822161,0.3986875253373778,756.0,1,2023-06-30,0.03625476531869243,0.010172882293554286,0.0022031996004410193,40.79011535644531,41.08488845825195,41.8432846069336,42.176029205322266,42.176029205322266,0.010172882293554286,0.0022031996004410193,-0.009135264093879214,0.025900813062319783,0.020326641523512982,41.38131841023763,0.782714545729826,1.021450090037692,1.1340443468446564,41.56279373168945,0.7166298322306249,1.0169901400008095,0.9853869495331267,42.20486341203962,0.890821609854131,1.001518498078061,0.07194257892609683,1.2742298343953593,1.6094379124341003,0.9222198635284841,0.06084767356514925,0.04937032470479602,0.889782041311264,0.011477348860353231
42.268951416015625,42.516758773836536,41.468578476048215,501148000.0,0.0,0.0258629281475882,41.82809416212021,41.72226175864832,0.0,47.58362360189739,0.96029739053769,1.3227260829553174,-0.3624286924176274,0.0976797346051448,0.5432833027123896,0.0356130260755563,-0.0072005950950059,-0.0182909441877181,0.0301569025127779,-0.0380776131904469,0.0411005651165627,-0.0172611083429843,0.1192233004024481,0.1121593181340171,-0.2630407825908178,754.0,1,2023-07-01,0.0,0.028819914138670466,0.0022031996004410193,42.268951416015625,40.79011535644531,41.08488845825195,40.60025787353516,42.176029205322266,0.028819914138670466,0.0022031996004410193,-0.009135264093879214,0.025900813062319783,0.020326641523512982,41.77600606282552,0.8538063970802404,1.0117997242830916,0.5773502691896263,41.57606833321707,0.7306067481151748,1.0166654306329628,0.9483666618000143,42.17702783857073,0.8815920418983427,1.0021794702508846,0.10426997191008536,1.2742298343953593,2.1972245773362196,2.147110680679907,0.31228718673810363,0.3418015912175178,0.3459112127311528,-0.02951440447941417
42.37986755371094,42.86448930889797,42.16903383872821,198209000.0,0.0026206201698511,0.0196133359438308,42.04869824512328,41.8731155583969,-0.6044900907516342,48.29482907225318,0.9001230586559288,1.1749729894864167,-0.2748499308304879,0.072347721889177,0.5256460523389289,0.0,0.0,0.0356130260755563,-0.0072005950950059,-0.0182909441877181,0.0315195962324412,0.0048330379182055,0.6006241842148083,0.729014999329043,0.2939719648484137,446.0,0,2023-07-03,0.0026240569964384175,0.0026240569964384175,0.043832472338452666,42.268951416015625,42.268951416015625,42.268951416015625,41.08488845825195,40.60025787353516,0.0026240569964384175,0.043832472338452666,-0.00653517855110064,0.019830916787899788,0.020343341071078814,42.30592346191406,0.06403746195557351,1.0017478425181627,1.1547005383844582,41.84357288905552,0.6475373300180457,1.0128166556445204,0.8282065601383466,42.1292792728969,0.8619037543290191,1.0059480789877944,0.29073812424580436,0.9748112032635821,2.1972245773362196,3.510958592371456,0.22673076926730568,0.1090277810581028,0.6642414256930351,0.11770298820920287
42.37986755371094,42.86448930889797,42.16903383872821,198209000.0,0.0,0.0165245676461592,42.1314905722702,41.94068249110544,0.0,40.1273534284593,0.8683980326724594,1.1136579981236252,-0.2452599654511658,0.0709207799694384,0.5359123728287859,0.0026206201698511,0.0,0.0,0.0356130260755563,-0.0072005950950059,0.0389739568857194,0.0048330379182055,0.5420591267107443,0.4640211405894429,-0.058565057504064,996.0,1,2023-07-04,0.0,0.0026240569964384175,0.012823633512949018,42.37986755371094,42.268951416015625,42.268951416015625,40.79011535644531,41.8432846069336,0.0026240569964384175,0.012823633512949018,-0.03184356577941305,0.01670794021498012,0.018879081324593806,42.3428955078125,0.06403746195555608,1.0008731581875787,0.5773502691923863,41.920227595738005,0.67851649923892,1.010964634123782,0.6774189846356018,42.02971403939383,0.7273259189729364,1.0083310943773949,0.48142587137766496,0.8849975233283552,2.772588722239781,2.502779508405164,0.20166035909205668,0.35613007824867965,0.4422095970561107,-0.15446971915662297
42.28395080566406,43.14327592433023,42.05212974638505,323618000.0,-0.0022658271488746,0.0142238997016185,42.16960563061866,41.986451599713256,0.6327109263454234,44.31075696260238,0.8259944907309915,1.0561252966450985,-0.2301308059141069,0.0705281109811107,0.5095747126337691,0.0,0.0026206201698511,0.0,0.0,0.0356130260755563,0.0003548559674644,0.0025588373864313,-0.063905723376705,-0.0581715742831175,-0.6059648500874494,971.0,1,2023-07-05,-0.002263262100225094,0.00035485596746442916,0.029184997024648718,42.37986755371094,42.37986755371094,42.268951416015625,42.268951416015625,41.08488845825195,0.00035485596746442916,0.029184997024648718,-0.016912377582820493,0.014457233736551089,0.018363424520630438,42.34789530436198,0.055377560304298974,0.9984900194392582,-1.1547005383866698,42.091522216796875,0.5761102334961148,1.0045716709382964,0.3340134885288151,41.97775513785226,0.6759733705473842,1.007294236359383,0.45297001502270834,0.7872841865801813,1.9459101490553132,3.9461905379557822,0.15481250174343583,0.16433072835206983,0.6808567841847738,-0.009518226608633995
42.07011795043945,42.146058807449926,41.31370920237291,303582000.0,-0.005069899209497,0.0139619128478886,42.14473371057386,41.99760711314342,-0.0619125017767862,43.00666010308681,0.7663014082719641,0.9981605189704716,-0.2318591106985075,0.0700884734464117,0.4473327022584111,-0.0022658271488746,0.0,0.0026206201698511,0.0,0.0,-0.0047040075259788,0.0362032202229536,0.1959260455509038,0.1965559085355128,0.2598317689276088,1022.0,1,2023-07-06,-0.005057068962344147,-0.007308885590048608,0.031380215103801845,42.28395080566406,42.37986755371094,42.37986755371094,42.268951416015625,40.79011535644531,-0.007308885590048608,0.031380215103801845,-0.02142940106941149,0.014199255116839338,0.018392937768479552,42.24464543660482,0.1585713978286721,0.995868648337284,-1.10062400000998,42.27437973022461,0.10340715784625175,0.9951681897856655,-1.9753156748477467,41.91194943019322,0.6114707250952021,1.0037738287623599,0.2586689987842173,0.771994952387267,2.5649493574615367,1.8216050702496378,0.13102534087374804,0.3264578976668417,0.5425167145828406,-0.19543255679309365
42.46979522705078,43.180242145503854,42.14704950459855,355881000.0,0.0094554214535291,0.0045442346529337,42.22599908969309,42.06056552833107,0.1722730596675692,52.380157616016035,0.7426836317357797,0.9470651415235332,-0.2043815097877536,0.0696662469975514,0.5861075571889958,-0.005069899209497,-0.0022658271488746,0.0,0.0026206201698511,0.0,0.0047515683334187,0.0149727877723389,-0.0201287503949298,-0.1916459009653785,-0.2160547959458337,945.0,0,2023-07-07,0.009500265178295164,0.002121943236983226,0.004751568333418721,42.07011795043945,42.28395080566406,42.37986755371094,42.268951416015625,42.268951416015625,0.002121943236983226,0.004751568333418721,0.006965236587313628,0.004555950523408148,0.0178663371330741,42.2746213277181,0.20000190181316907,1.004616810114505,0.9758602171443389,42.303071703229634,0.12685515780031578,1.003941168267656,1.3142825779586276,41.93293271745954,0.6260955596789662,1.0128028848639938,0.8574769478744058,0.2550019340547531,2.302585092994046,2.215095792143901,0.2794656194746494,0.06842521733293927,0.6521091692977481,0.2110404021417101
42.46979522705078,43.180242145503854,42.14704950459855,355881000.0,0.0,0.0045442346529337,42.28694812403251,42.11512948816036,0.0,52.380157616016035,0.7157160446292465,0.900795322144676,-0.1850792775154294,0.0692288853183905,0.589902583951421,0.0094554214535291,-0.005069899209497,-0.0022658271488746,0.0,0.0026206201698511,0.0021219432369832,0.0337084222634822,0.2951358160595704,0.5949191218372185,0.3152645664545003,909.0,0,2023-07-08,0.0,0.004395152719783857,0.004751568333418721,42.46979522705078,42.07011795043945,42.28395080566406,42.37986755371094,42.268951416015625,0.004395152719783857,0.004751568333418721,0.006965236587313628,0.004555950523408148,0.0178663371330741,42.336569468180336,0.23075378324044185,1.0031468246138973,0.5773502691898486,42.33176367623465,0.1398947941338926,1.0032607087167886,0.9866811104065886,41.95391600472586,0.6396456184131453,1.0122963306277966,0.8065078654094906,0.2550019340547531,1.3862943611198906,2.108119654127104,0.1269737283388773,0.12415180852015811,0.7488744457562765,0.002821919818719182
42.14705276489258,42.7775603980854,41.61646549525351,353908000.0,-0.0076283632609714,0.0053867075729595,42.28625811606346,42.160369521552,-0.0055439880184668,65.72547711662928,0.6299189688071181,0.8123218055326711,-0.182402836725553,0.0592240285501605,0.5123191261522226,0.0,0.0,0.0094554214535291,-0.005069899209497,-0.0022658271488746,-0.0032375886870331,-0.0028838815972345,0.2170811622176112,0.4355689727886383,0.0339541516514032,550.0,1,2023-07-10,-0.007599341141928395,-0.007599341141928395,-0.0054935232754868,42.46979522705078,42.46979522705078,42.46979522705078,42.28395080566406,42.37986755371094,-0.007599341141928395,-0.0054935232754868,0.03809815435595243,0.005392983338162308,0.014438009415407925,42.36221440633138,0.18633544740585103,0.9949209066510308,-1.154700538379947,42.327196393694194,0.16542307718564334,0.9957440217129889,-1.0889872916549186,42.08538464137486,0.5187734987627028,1.0014653097279071,0.11887292559238434,0.37352679188635485,1.6094379124341003,1.836824925185791,0.06992010585963725,0.07125715026631947,0.858822762966156,-0.0013370444066822251
42.37187957763672,42.72460451753315,42.03414612426581,298244000.0,0.0053201652412551,0.0058698928662744,42.30766348145677,42.1885708623633,-0.1572838138725318,56.77700178022957,0.596399276302499,0.7691372996866367,-0.1727380233841376,0.0561537118747217,0.6216698106791289,-0.0076283632609714,0.0,0.0,0.0094554214535291,-0.005069899209497,0.0071728257941361,0.0024350772416392,0.1642835855683282,0.3678669795770551,-0.0527975766492829,698.0,1,2023-07-11,0.005334342450901142,-0.0023055361790794704,-0.00018848515899905216,42.14705276489258,42.46979522705078,42.46979522705078,42.07011795043945,42.37986755371094,-0.0023055361790794704,-0.00018848515899905216,0.012632731289348387,0.0058758758459956754,0.01207484380557567,42.329575856526695,0.165477726098595,1.0009993892037428,0.25564601416397426,42.326055254255024,0.1650262540873413,1.0010826504645052,0.27767898892888615,42.12314142499651,0.5190335794039499,1.0059050237998775,0.47923325678823037,0.48662127151346135,1.791759469228055,1.5644889458978637,0.30763278808444733,0.2217017203569412,0.47066550739109514,0.08593106772750614
43.86771011352539,43.90068528368808,42.74358881159292,481277000.0,0.0346935920193764,0.0142132162747891,42.69767513947393,42.41245609585158,0.6137022035648663,80.00442560136355,0.6826663488406837,0.7518431095174462,-0.0691767606767624,0.065169973920784,1.1336002563316872,0.0053201652412551,-0.0076283632609714,0.0,0.0,0.0094554214535291,0.0329155080452145,0.0378234766643394,-0.053291212485364,-0.0719081229839582,-0.2175747980536923,970.0,1,2023-07-12,0.035302435266009624,0.03291550804521459,0.03745532944970642,42.37187957763672,42.14705276489258,42.46979522705078,42.46979522705078,42.28395080566406,0.03291550804521459,0.03745532944970642,0.06773346015290205,0.014419955564644815,0.013884959733864307,42.79554748535156,0.9353001121947768,1.0250531349912235,1.1463300540592147,42.552306583949495,0.6027715513124526,1.0309126257816552,2.1822588121682,42.32191440037319,0.6148512691209762,1.0365247114893879,2.5140969707392054,1.0385306000906647,2.4849066497880004,0.6931471805599453,0.2686995112083175,0.16663089394569394,0.5646696077151732,0.10206861726262353
45.94108963012695,46.11894818948544,44.457248919012514,478204000.0,0.0461813988056648,0.020022585943693,43.50852876213719,42.8829405670883,-0.0063850963166741,90.14189267527,0.907872633790774,0.7830490143721117,0.1248236194186621,0.1034988422366355,1.3276069796513017,0.0346935920193764,0.0053201652412551,-0.0076283632609714,0.0,0.0,0.0817356049050399,0.0840309864560722,0.0450435888942772,0.0960108258172583,0.0983348013796412,1080.0,0,2023-07-13,0.04726436623283625,0.09001903137565792,0.09201238000444123,43.86771011352539,42.37187957763672,42.14705276489258,42.46979522705078,42.07011795043945,0.09001903137565792,0.09201238000444123,0.12627996338499514,0.020431118876293806,0.017445750961191653,44.06022644042969,1.7923760771090236,1.042688459448574,1.049368608362016,43.10530253819057,1.3717819455216003,1.0657874304309527,2.0672287612431837,42.68984113420759,1.029241205673098,1.0761597703232988,3.1588790635263457,1.1711229239568506,2.5649493574615367,0.6931471805599453,0.10893188044428824,0.03880927832021065,0.8522588560978571,0.07012260212407759
45.4334831237793,48.05043674269067,45.02480222252765,772075000.0,-0.0111105685710446,0.0219706579216844,43.98976735254772,43.22301290798043,0.6145306187317547,79.06050782489773,1.0334773507377193,0.8331346816452333,0.200342669092486,0.1220961150165139,1.0695862766148605,0.0461813988056648,0.0346935920193764,0.0053201652412551,-0.0076283632609714,0.0,0.0697834279841504,0.0720534476941983,-0.0119557468965465,-0.1244327921189532,-0.0569993357908237,908.0,1,2023-07-14,-0.011049074160722205,0.07225555195239552,0.06978342798415049,45.94108963012695,43.86771011352539,42.37187957763672,42.46979522705078,42.46979522705078,0.07225555195239552,0.06978342798415049,0.0748665770441761,0.022373105654066628,0.01623046472074531,45.08076095581055,1.0807568416614153,1.0078242283513026,0.32636588950621004,43.5286865234375,1.5839029610537614,1.0437595698945838,1.2025967797134156,42.91587911333357,1.2528891482943592,1.0586636942423377,2.009438755115016,1.3784636508571422,2.3978952727983707,0.8764053269347762,0.13565716557204718,0.14218972884118553,0.7221531018614769,-0.006532563269138342
45.4334831237793,48.05043674269067,45.02480222252765,772075000.0,0.0,0.0219706579216844,44.35069629535561,43.51774227008695,0.0,79.06050782489773,1.1201080850894485,0.8905293623340764,0.229578722755372,0.1361881533592118,0.9806521109292644,-0.0111105685710446,0.0461813988056648,0.0346935920193764,0.0053201652412551,-0.0076283632609714,0.0779753302613897,0.0744852895272345,0.2782691619948052,0.3526304315248886,0.2902249088913518,990.0,1,2023-07-15,0.0,0.03569306458444799,0.06978342798415049,45.4334831237793,45.94108963012695,43.86771011352539,42.14705276489258,42.46979522705078,0.03569306458444799,0.06978342798415049,0.0748665770441761,0.022373105654066628,0.01623046472074531,45.60268529256185,0.29306675308181845,0.9962896446185779,-0.5773502691904344,43.95207050868443,1.6484696366920804,1.0337051838047575,0.8986593274884704,43.14191709245954,1.4035947253290957,1.0531169263157358,1.6326408114582067,1.3784636508571422,2.995732273553991,0.8356761385126932,0.19718240799480358,0.1537805139822395,0.6490370735133949,0.043401894012564085
46.42470932006836,46.459681830207685,45.2266483214971,510488000.0,0.0215824989816828,0.02089253394401,45.07222208186324,44.12671237540003,-0.3388103487355502,81.97483702447,1.284071831331964,1.0147877826492115,0.2692840486827526,0.1548243693361833,0.9961570910392972,0.0,0.0,-0.0111105685710446,0.0461813988056648,0.0346935920193764,0.0582888689636569,0.0931229847441912,0.0459837158031524,0.3747911294737055,-1.0733088395568369,533.0,0,2023-07-17,0.021817085729231023,0.021817085729231023,0.10149361045569849,45.4334831237793,45.4334831237793,45.4334831237793,43.86771011352539,42.14705276489258,0.021817085729231023,0.10149361045569849,0.09544252966886013,0.02127559011514205,0.016788956533715923,45.76389185587565,0.5722847112550824,1.0144397130006737,1.1547005383796929,44.9865482875279,1.3944532916706476,1.0319686903593617,1.0313439977738115,43.65687234061105,1.6775376275968057,1.0633998001016343,1.6499403255844904,1.2672371908531646,2.1972245773362196,0.6931471805599453,0.2384779071435332,0.23007090552709994,0.5314511745236814,0.008407001616433263
47.45690536499024,47.858591818877,45.69828165041756,569164000.0,0.0219901978223613,0.0207128844645391,45.66839290264499,44.57073810734539,0.1149409976336368,84.50370854300019,1.4370645512986044,1.0992431363790902,0.3378214149195142,0.1711787301733155,1.0414461317047807,0.0215824989816828,0.0,0.0,-0.0111105685710446,0.0461813988056648,0.0329947710658837,0.1174272235426969,0.0657274814265401,0.4589844703613628,0.0197437656233876,832.0,0,2023-07-18,0.02223376430438284,0.044535925975526025,0.12000944584099416,46.42470932006836,45.4334831237793,45.4334831237793,45.94108963012695,42.37187957763672,0.044535925975526025,0.12000944584099416,0.11979834068251449,0.021073585641220707,0.01715796148612299,46.4383659362793,1.0117802473517872,1.0219331453244618,1.0066804836098044,45.712980542864116,1.098426508878405,1.038149444674492,1.587657260663559,44.01951789855957,1.912550993726413,1.078087803559138,1.797278858292436,1.2282103359577183,2.6390573296152584,0.6931471805599453,0.2024619808563819,0.12929512997372788,0.6682428909608951,0.07316685088265401
47.04022216796875,47.78064441217516,46.70548479149979,427502000.0,-0.0088190172236266,0.0207638301746368,46.01135021897593,44.90000264876184,-0.2488948703712814,80.97336866821475,1.5073141532046748,1.1808573397442073,0.3264568134604675,0.1751745866548609,0.9301564522113476,0.0219901978223613,0.0215824989816828,0.0,0.0,-0.0111105685710446,0.0353646459333096,0.1076159401401322,0.4495324351397567,0.7895006770841781,0.3838049537132165,861.0,0,2023-07-19,-0.008780243756241313,0.03536464593330968,0.07231998310906151,47.45690536499024,46.42470932006836,45.4334831237793,45.4334831237793,43.86771011352539,0.03536464593330968,0.07231998310906151,0.11248408135191501,0.021108399434326932,0.01754904090544884,46.97394561767578,0.5192798904510276,1.0014109215102431,0.12763165204684385,46.16619655064174,0.8324621010910975,1.0189321556166804,1.049928418580777,44.35925156729562,2.000935599946186,1.0604376878768105,1.3398585145595043,1.2028235359445165,3.1354942159291497,0.7115774127466801,0.1164162248711694,0.13383619025857607,0.7497475882145491,-0.017419965387406672
45.48444366455078,47.05022098399054,45.02680123666584,537865000.0,-0.0336326565235029,0.0194400470944709,45.87962358036964,44.9779281175337,0.2581578565714313,68.92652858396504,1.421067958947262,1.2288994635848185,0.1921684953624436,0.1749536009856983,0.7056508872705526,-0.0088190172236266,0.0219901978223613,0.0215824989816828,0.0,0.0,0.0011216516381244,0.0791844430564352,0.065251308284122,-0.2202411291383047,-0.3842811268556346,861.0,0,2023-07-20,-0.033073366402536886,-0.0202535604269497,-0.009939815734729907,47.04022216796875,47.45690536499024,46.42470932006836,45.4334831237793,45.94108963012695,-0.0202535604269497,-0.009939815734729907,0.0811579781671532,0.019374184813427665,0.02047873776938403,46.66052373250326,1.03960543782054,0.9747949664111201,-1.1312754100421463,46.10096141270229,0.8700846135093102,0.9866267919527241,-0.7085721762908888,44.60313197544643,1.906303308821382,1.019758964226761,0.4623145147081777,0.9460634259594024,2.772588722239781,0.6931471805599453,0.16323422665397322,0.15102060617258148,0.6857451776663462,0.01221362048139174
44.27438735961914,45.83017417101583,44.06555098011311,963769000.0,-0.0269640236038242,0.0215636793896046,45.478314525182014,44.88412268314509,0.7918418190438121,59.17869925078415,1.2407729395892415,1.231274158785703,0.0094987808035387,0.1711072861145774,0.5357706114261568,-0.0336326565235029,-0.0088190172236266,0.0219901978223613,0.0215824989816828,0.0,-0.0255119283063177,0.0449002451849347,-0.0336442592508804,0.0691404435995696,-0.0988955675350024,1083.0,1,2023-07-21,-0.026603739816097205,-0.06706122072002818,-0.025511928306317766,45.48444366455078,47.04022216796875,47.45690536499024,45.4334831237793,45.4334831237793,-0.06706122072002818,-0.025511928306317766,0.042491189866131984,0.021462867058380457,0.022177324164729038,45.599684397379555,1.386513925875433,0.9709362673168727,-0.9558483423984603,45.93537630353655,1.0985748278690366,0.9638407459004634,-1.5119488466154984,44.73203141348703,1.8095098443098054,0.9897692092353779,-0.2529105079516412,0.9677843412919555,2.3978952727983707,1.277935462422941,0.06078582862392064,0.390507495123893,0.5487066522240639,-0.32972166649997237
44.27438735961914,45.83017417101583,44.06555098011311,963769000.0,0.0,0.0215636793896046,45.177332733791296,44.8028246400083,0.0,59.17869925078415,1.0853762954815096,1.2020945861248644,-0.1167182906433548,0.1666862838291625,0.5229967013600928,-0.0269640236038242,-0.0336326565235029,-0.0088190172236266,0.0219901978223613,0.0215824989816828,-0.0463184797910987,0.0092705373734189,-0.2739258194853274,0.0304602463500958,-0.240281560234447,839.0,1,2023-07-22,0.0,-0.05879723098401857,-0.025511928306317766,44.27438735961914,45.48444366455078,47.04022216796875,46.42470932006836,45.4334831237793,-0.05879723098401857,-0.025511928306317766,0.042491189866131984,0.021462867058380457,0.022177324164729038,44.67773946126302,0.6986263333867214,0.9909719671024627,-0.5773502691897656,45.76979119437082,1.2620260446237441,0.9673277112320409,-1.1849231171750592,44.86093085152762,1.6967242421692335,0.9869252937740032,-0.3456917024764101,0.9677843412919555,2.9444389791664403,0.7381988592386303,0.11035799193713397,0.19458819377339542,0.6950538218435314,-0.08423020183626145
44.57715606689453,45.0737695401444,44.00560422049565,382516000.0,0.0068151855889868,0.0192804093858197,44.857986309409824,44.71167163341483,-0.6031040633180773,62.385402793844584,0.8594911998935046,1.0934400274758045,-0.2339488275822996,0.1572359321444636,0.5383579889635384,0.0,0.0,-0.0269640236038242,-0.0336326565235029,-0.0088190172236266,-0.0523608517893311,-0.0188479288403177,-0.3943713198175106,-0.0442837373638315,-0.020169426472358,517.0,1,2023-07-24,0.006838461813511998,0.006838461813511998,-0.03979676513289809,44.27438735961914,44.27438735961914,44.27438735961914,47.04022216796875,46.42470932006836,0.006838461813511998,-0.03979676513289809,0.05765772794500523,0.019140732178189034,0.021971075710215223,44.37531026204427,0.17480359464700623,1.0045486060527424,1.1547005383834363,45.34026990618025,1.377281680906144,0.9831691818142066,-0.5540724529085771,45.163409096854075,1.344113814707412,0.9870192919072538,-0.43616323524444955,0.8711786546386415,1.6094379124341003,0.6931471805599453,0.0945229171775281,0.25839789723977447,0.6470792032778263,-0.16387498006224638
45.6433219909668,46.14692613209552,44.88791196755602,348081000.0,0.0236357771766439,0.0196816030910861,45.05432022979907,44.83589168108843,-0.0900223781488879,65.35644565349352,0.8628497711808762,1.0473219762168189,-0.1844722050359424,0.1526637367093263,0.6716368695032238,0.0068151855889868,0.0,0.0,-0.0269640236038242,-0.0336326565235029,0.0034930256064633,0.0046185952024813,0.2526703205576548,0.4537063126023237,0.6470416403751655,730.0,1,2023-07-25,0.023917315911143655,0.030919335376195622,-0.03821537371801231,44.57715606689453,44.27438735961914,44.27438735961914,45.48444366455078,47.45690536499024,0.030919335376195622,-0.03821537371801231,0.07720786630047671,0.01955523550476475,0.02259509957918885,44.83162180582682,0.719068922595927,1.0181055280278635,1.1288211180225103,45.08118656703404,1.0426931983728132,1.0124694016892586,0.5391187214129771,45.39708355494908,1.0798707937556917,1.0054241025355664,0.22802583183245925,0.8654635681613035,2.302585092994046,0.6931471805599453,0.11899332536591418,0.17583223049425414,0.7051744382414553,-0.05683890512833996
45.4164924621582,46.01702469777884,44.59513601307883,364237000.0,-0.0049820000037527,0.019629279538605,45.14486328788885,44.9133051185644,0.0464144839850495,58.25340215708467,0.8375534213594023,1.0053682652453355,-0.1678148438859332,0.1442851153151198,0.6197356148825306,0.0236357771766439,0.0068151855889868,0.0,0.0,-0.0269640236038242,0.0257960678995352,-0.0003739678416203,0.2708212275583969,0.1351754875813929,0.0181509070007421,884.0,1,2023-07-26,-0.004969610425233362,0.025796067899535258,-0.03451790044725167,45.6433219909668,44.57715606689453,44.27438735961914,44.27438735961914,47.04022216796875,0.025796067899535258,-0.03451790044725167,0.03530574868450431,0.019497952968254992,0.02102666966228257,45.21232350667318,0.5616414925918967,1.004515781089085,0.36352185188956143,44.849225180489675,0.6352455692144923,1.0126483184355055,0.8929889623157506,45.507710865565706,0.9864321124472305,0.9979955396201542,-0.09247306759022637,0.9272962994815211,2.4849066497880004,1.1328091721009887,0.12969024648720565,0.32237352566285565,0.5479362417351116,-0.19268327917565
45.86415100097656,47.357982253239214,45.71426663486367,455976000.0,0.0098084787922442,0.0155097205676355,45.32468521616078,45.04008456955268,0.2518662299546723,49.50406773142891,0.8439002281986419,0.9730746578359968,-0.1291744296373549,0.1380507207960111,0.6695942660815166,-0.0049820000037527,0.0236357771766439,0.0068151855889868,0.0,0.0,0.0359070726025987,-0.012074568205201,0.2489636118727494,0.1604948808070565,-0.0218576156856474,908.0,1,2023-07-27,0.009856739579600093,0.02887117635209191,0.00834807036942431,45.4164924621582,45.6433219909668,44.57715606689453,44.27438735961914,45.48444366455078,0.02887117635209191,0.00834807036942431,-0.001674723646518328,0.015474395585731276,0.016897335154237265,45.64132181803385,0.22383597200362462,1.0048821807534651,0.9955021123195622,44.90346908569336,0.7103047103269289,1.0213943807648769,1.3524926715480097,45.502215249197825,0.9840433719898015,1.0079542446405423,0.36780467414447343,0.9157891137556584,2.6390573296152584,0.9216406009883839,0.11753331568951787,0.2413850900932,0.6410815745878679,-0.12385177440368213
46.71348190307617,46.99026595538216,46.34477066056632,331194000.0,0.0183490267615776,0.0104241848612982,45.67188438788963,45.26320421402248,-0.2736591399547344,57.90250133771449,0.9070085935171192,0.9598614449722214,-0.0528528514551021,0.1331078143141599,0.7813702009197678,0.0098084787922442,-0.0049820000037527,0.0236357771766439,0.0068151855889868,0.0,0.0550904188384462,-0.0156652326188655,0.5722578006797027,0.1164950463139464,0.3232941888069532,929.0,0,2023-07-28,0.018518404539561217,0.023446144264459345,0.05509041883844623,45.86415100097656,45.4164924621582,45.6433219909668,44.27438735961914,44.27438735961914,0.023446144264459345,0.05509041883844623,0.02817302771635699,0.010523958850510244,0.017252361560139453,45.99804178873698,0.6587795228665145,1.0155537080822945,1.0860084284741216,45.25191116333008,0.9181245467265258,1.03229854170072,1.591909011644626,45.59364373343332,1.0352945365732906,1.0245612782384772,1.0816614307165122,0.6100010606562536,2.833213344056216,0.6931471805599453,0.2432575183920562,0.21079487429233265,0.545947611448355,0.03246264409972355
46.71348190307617,46.99026595538216,46.34477066056632,331194000.0,0.0,0.0104241848612982,45.93228376668626,45.45657457256297,0.0,57.90250133771449,0.9461161892108834,0.9571123938199538,-0.0109962046090704,0.1251424048232407,0.7603964883039424,0.0183490267615776,0.0098084787922442,-0.0049820000037527,0.0236357771766439,0.0068151855889868,0.0479242290148742,-0.0069459762270227,0.2244084402224256,0.2276369029704988,-0.347849360457277,864.0,0,2023-07-29,0.0,0.028557675210137523,0.05509041883844623,46.71348190307617,45.86415100097656,45.4164924621582,44.57715606689453,44.27438735961914,0.028557675210137523,0.05509041883844623,0.02817302771635699,0.010523958850510244,0.017252361560139453,46.430371602376304,0.4903614249579858,1.006097523903629,0.577350269189964,45.6003532409668,0.947669876591758,1.0244105271778763,1.1745953834817249,45.685072217668804,1.0757898659571938,1.0225108473180793,0.955957773865374,0.6100010606562536,2.6390573296152584,0.6931471805599453,0.09220344938624357,0.1674361074200043,0.7403604376774567,-0.07523265803376074
46.692501068115234,47.09318883138378,46.469675675562414,251055000.0,-0.0004492396449649,0.010874300150191,46.26881274261662,45.76660739682925,-0.2419699632239714,51.87833122846073,0.9688503422535888,0.960877855297523,0.0079724869560657,0.0911988677995093,0.7421486741380618,0.0,0.0,0.0183490267615776,0.0098084787922442,-0.0049820000037527,0.0280957100995904,0.0546165368445403,-0.4814977722280746,0.1972828531019769,0.0538108722076461,420.0,0,2023-07-31,-0.00044913875194463326,-0.00044913875194463326,0.047453565634521855,46.71348190307617,46.71348190307617,46.71348190307617,45.4164924621582,44.57715606689453,-0.00044913875194463326,0.047453565634521855,0.005768302095348066,0.010978354092320421,0.016297290455137985,46.706488291422524,0.012113290700402731,0.9997005293307427,-1.1547005395341716,46.25098746163504,0.5847961561506558,1.0095460363272553,0.754987189701106,45.795628683907644,1.1209978682204027,1.0195842356570322,0.8000660925710642,0.6736306334197607,1.6094379124341003,0.9678002527269727,0.20741291949525473,0.030619927216321174,0.7619671449065208,0.17679299227893355
46.470680236816406,46.8633748778781,45.99105555116221,237858000.0,-0.0047619938986601,0.0085096965557665,46.31927961616657,45.8604837754942,-0.0525661707593954,42.19520662703882,0.9423676756819646,0.9571758193744112,-0.0148081436924467,0.0840215202823127,0.6706508255688132,-0.0004492396449649,0.0,0.0,0.0183490267615776,0.0098084787922442,0.0132244732018897,0.0496063979238798,-0.295515326326114,-0.3448774450942324,0.1859824459019606,693.0,0,2023-08-01,-0.00475067358193626,-0.005197678622277491,0.018126600119363623,46.692501068115234,46.71348190307617,46.71348190307617,45.86415100097656,45.6433219909668,-0.005197678622277491,0.018126600119363623,-0.020781488396447112,0.008565478377004304,0.01508414066702971,46.62555440266927,0.1345345840112821,0.9966783415696179,-1.151184782642054,46.36918149675642,0.5217180028757564,1.00218892671347,0.19454712986808517,45.72518403189523,1.0363638716955947,1.0163038426351911,0.7193382800014712,0.5678466255440306,1.9459101490553132,0.6931471805599453,0.3405017629265785,0.025969762510309566,0.6335284591962894,0.31453200041626894
44.23442077636719,45.80419275361582,43.35310977121058,530142000.0,-0.0493183445712023,0.0215588936778808,45.79806490621672,45.6436753756106,1.228817193451555,32.7603696918672,0.7324888468999049,0.91223842487951,-0.1797495779796052,0.0895842236752886,0.1352948142163866,-0.0047619938986601,-0.0004492396449649,0.0,0.0,0.0183490267615776,-0.0530694999754607,-0.0009027021182094,-0.1006056478364701,-0.0877553862011418,0.1949096784896438,842.0,1,2023-08-02,-0.04812194375148271,-0.05306949997546073,-0.026027366309186895,46.470680236816406,46.692501068115234,46.71348190307617,46.71348190307617,45.4164924621582,-0.05306949997546073,-0.026027366309186895,-0.05964685671727388,0.021172599978045714,0.019565293673200666,45.799200693766274,1.3596702772072664,0.9658339033499319,-1.1508524850694761,46.20031411307199,0.92042667921949,0.9574484854822974,-2.135850015095015,45.52476964678083,1.033789808768619,0.9716561142335206,-1.2481733322082387,1.0821508908423203,2.1972245773362196,0.6931471805599453,0.16136636538431043,0.04943228338379407,0.7892013527452946,0.11193408200051636
44.480228424072266,45.08275805708308,43.765786762914985,324176000.0,0.0055415487511374,0.0211678456362188,45.46860578568061,45.48854911540549,-0.3885110027124808,42.64599809479645,0.5793150031194898,0.8456537405275061,-0.2663387374080163,0.0928299595339958,0.2168850595649969,-0.0493183445712023,-0.0047619938986601,-0.0004492396449649,0.0,0.0,-0.0478074720192682,-0.0021743792420676,-0.4652384443131239,-0.064119909541212,-0.3646327964766537,1003.0,1,2023-08-03,0.005556931534105303,-0.04737961328770324,-0.030174385586573482,44.23442077636719,46.470680236816406,46.692501068115234,46.71348190307617,45.86415100097656,-0.04737961328770324,-0.030174385586573482,-0.02207821311138014,0.02077702895284481,0.017827269771973738,45.06177647908529,1.2263207976826398,0.9870944267968899,-0.47422179915073276,46.002610887799946,1.1295422976808867,0.9669066073784212,-1.3477870344947254,45.45303998674665,1.0709731719894218,0.9785974367620286,-0.9083435403590071,1.1654633165145898,2.0794415416798357,0.6931471805599453,0.1116528569587639,0.33079736839447704,0.5575497698571,-0.21914451143571315
44.64510345458984,45.60635008188567,44.35832886320504,362666000.0,0.0036998508756583,0.0191771237083298,45.26273020290792,45.37608969396341,0.1187318000098711,53.20550161065062,0.4658575495650794,0.7696945023350208,-0.3038369527699414,0.0950190638798766,0.2702758246258863,0.0055415487511374,-0.0493183445712023,-0.0047619938986601,-0.0004492396449649,0.0,-0.0442779763833044,-0.0218699799408664,-0.1100654741754059,-0.1861970971505089,0.355172970137718,778.0,1,2023-08-04,0.003706703772868636,-0.039284485893543164,-0.04427797638330466,44.480228424072266,44.23442077636719,46.470680236816406,46.71348190307617,46.71348190307617,-0.039284485893543164,-0.04427797638330466,0.008373150190866596,0.018734142912943536,0.016312822737148583,44.453250885009766,0.20666617105421156,1.0043158276562574,0.9283211112947232,45.7071282523019,1.181913260297052,0.9767645695907711,-0.8985640768977772,45.47951970781599,1.0438283428854345,0.9816529229291145,-0.7993807208947703,1.1484304840927972,2.3978952727983707,0.7624618986159398,0.062285427190363354,0.4360747626051307,0.5016398049890995,-0.37378933541476733
44.64510345458984,45.60635008188567,44.35832886320504,362666000.0,0.0,0.0191771237083298,45.1083235158284,45.27862486204693,0.0,53.20550161065062,0.3716574643066082,0.6900870947293383,-0.3184296304227301,0.0970365083798493,0.2837656089186284,0.0036998508756583,0.0055415487511374,-0.0493183445712023,-0.0047619938986601,-0.0004492396449649,-0.0438485317061648,-0.0169847772416835,0.0963193784741137,0.4084847938140489,0.2063848526495196,1104.0,0,2023-08-05,0.0,0.00928423320605698,-0.04427797638330466,44.64510345458984,44.480228424072266,44.23442077636719,46.692501068115234,46.71348190307617,0.00928423320605698,-0.04427797638330466,0.008373150190866596,0.018734142912943536,0.016312822737148583,44.590145111083984,0.09519064325076207,1.0012325221945104,0.5773502691968865,45.41164561680385,1.146406909620851,0.9831201412808883,-0.6686475419687875,45.505999428885325,1.0152149818001488,0.9810817038390541,-0.8479937646004525,1.1484304840927972,2.302585092994046,0.7949572618792958,0.047406837965051296,0.13963351895411807,0.8129596478409238,-0.09222668098906678
45.38152694702149,45.504431975857,44.528193870776704,322154000.0,0.0163604905647564,0.0210205404294184,45.08977061214444,45.2191382218485,-0.1117060876950141,56.47000632698942,0.2878769320793921,0.5462100976037088,-0.2583331655243166,0.0889090195057116,0.4931448529982355,0.0,0.0,0.0036998508756583,0.0055415487511374,-0.0493183445712023,0.025932433397368,-0.0285132878516378,-1.7637018636400774,-1.5889161768981948,-1.1564480398055,543.0,0,2023-08-07,0.016495056242409545,0.016495056242409545,-0.028076759460395784,44.64510345458984,44.64510345458984,44.64510345458984,44.23442077636719,46.692501068115234,0.016495056242409545,-0.028076759460395784,0.018044463826267565,0.020615418275050583,0.016788573369187532,44.890577952067055,0.42517430159269554,1.0109365710434528,1.1547005383800248,44.928880964006694,0.7645463210228989,1.010074721945054,0.5920452045458733,45.58993421282087,0.9477497761374661,0.9954286561409257,-0.21989692959753512,1.2279434244774217,1.6094379124341003,0.6931471805599453,0.17465160088613624,0.11476263264194125,0.7105857543647289,0.059888968244194984
44.62911605834961,45.2066637195198,44.0215892371064,353843000.0,-0.0167186543548934,0.0215650360529221,44.974606973695735,45.14046860004865,0.0983659988701055,41.40852516483788,0.2200764707087117,0.4809833722247094,-0.2609069015159976,0.0835778118946454,0.3257569844921197,0.0163604905647564,0.0,0.0,0.0036998508756583,0.0055415487511374,0.0033472767463749,-0.0446202201122862,-0.2910421077648755,-0.0629094225313913,1.472659755875202,877.0,0,2023-08-08,-0.016579673256703065,-0.0003580996571435069,-0.03962851778975718,45.38152694702149,44.64510345458984,44.64510345458984,44.480228424072266,46.470680236816406,-0.0003580996571435069,-0.03962851778975718,-0.022220247965691664,0.021176491883337797,0.016086666209415505,44.88524881998698,0.4298637967299129,0.9942936094068545,-0.595846320592329,44.665800367082866,0.3501001427259516,0.9991786935769253,-0.10478233012881782,45.517490931919646,0.9815150832349354,0.9804827802371889,-0.90510567666681,1.3164002788186917,1.3862943611198906,0.6931471805599453,0.2618854666749636,0.01615755011638,0.7219570080439249,0.2457279165585836
42.5207633972168,44.27738970488,42.10108946258739,586449000.0,-0.0483939652967735,0.021254562757035,44.361146079576,44.791174573004405,0.6573706417818073,31.399288804552626,-0.0037392195234531,0.3840388538750769,-0.38777807339853,0.0999999461285835,-0.08034446722031,-0.0167186543548934,0.0163604905647564,0.0,0.0,0.0036998508756583,-0.0475828230420339,-0.0897539283104322,-0.0500604287386169,0.628047638670264,0.2409816790262585,1000.0,0,2023-08-09,-0.04724164060019209,-0.04758282304203376,-0.038740359861701545,44.62911605834961,45.38152694702149,44.64510345458984,44.64510345458984,44.23442077636719,-0.04758282304203376,-0.038740359861701545,-0.06375941663381812,0.020882201430186174,0.020226334311922767,44.1771354675293,1.4829723068322214,0.9625061232969722,-1.1169271757007238,44.42099217006138,0.8879750875938874,0.9572222798273,-2.1399573021733787,45.31065314156668,1.2677983092180038,0.9384275098477775,-2.200578533718608,1.0324263956161743,1.6094379124341003,0.6931471805599453,0.26044253283180296,0.32136301719583565,0.4181944504380226,-0.06092048436403269
42.35489273071289,43.53996721168232,41.80232325660613,492705000.0,-0.0039085618948036,0.0207190279056674,43.859582742360224,44.46633699403221,-0.1598502171544328,26.61159470548489,-0.1922826286341674,0.268774557373228,-0.4610571860073955,0.1134693361555366,-0.0262194907264958,-0.0483939652967735,-0.0167186543548934,0.0163604905647564,0.0,0.0,-0.0512981390267447,-0.0928973226573282,-0.4863729257098685,0.1858798354327261,-0.4363124969712516,831.0,0,2023-08-10,-0.0039009334088004888,-0.06669308901487381,-0.04778158225934748,42.5207633972168,44.62911605834961,45.38152694702149,44.64510345458984,44.480228424072266,-0.06669308901487381,-0.04778158225934748,-0.07651418795889087,0.020351504681753264,0.019804943081865874,43.16825739542643,1.2678561804399178,0.9811582696687748,-0.6415275464692848,44.11737278529576,1.179757275952203,0.9600502037335664,-1.4939344647485537,45.05999183654785,1.4792302482516675,0.9399667200196677,-1.8287207884182823,1.027597231541041,2.4849066497880004,0.6931471805599453,0.1298854461109096,0.20257964687929908,0.6675348955799233,-0.07269420076838948
40.82308197021485,41.98517540033476,40.60725111453781,533085000.0,-0.0368362892496273,0.0227929074633437,43.10045754932388,43.980569657523226,0.081955734161415,14.015400268556306,-0.4600062989613889,0.1230183861063046,-0.5830246850676936,0.1411750434417416,-0.1391432318349503,-0.0039085618948036,-0.0483939652967735,-0.0167186543548934,0.0163604905647564,0.0,-0.0856089736305016,-0.1215303550070965,-0.6278555849895983,-0.3282748692170106,-0.1414826592797297,921.0,1,2023-08-11,-0.03616608759316431,-0.08528141321819194,-0.08560897363050135,42.35489273071289,42.5207633972168,44.62911605834961,44.64510345458984,44.64510345458984,-0.08528141321819194,-0.08560897363050135,-0.12609635790119567,0.022401133279060032,0.020097477025220852,41.89957936604818,0.9359557959265055,0.9743076801218289,-1.150158373417305,43.57136971609933,1.6752104462316781,0.9369244583360204,-1.6405626839700354,44.63924898420061,1.779901030125825,0.9145109494262227,-2.144033263307898,1.1146241516260107,2.9444389791664403,0.900795492686799,0.06471090349886148,0.3516147230855292,0.5836743813835912,-0.2869038195866677
40.82308197021485,41.98517540033476,40.60725111453781,533085000.0,0.0,0.0227929074633437,42.531113654546616,43.55957129921544,0.0,14.015400268556306,-0.6645190743008271,-0.0344891059751216,-0.6300299683257055,0.1630712667323903,-0.0317849257123724,-0.0368362892496273,-0.0039085618948036,-0.0483939652967735,-0.0167186543548934,0.0163604905647564,-0.1004471485088674,-0.0771195541001612,-0.271052194375933,0.0959517360405846,0.3568033906136653,813.0,1,2023-08-12,0.0,-0.03992593950260703,-0.08560897363050135,40.82308197021485,42.35489273071289,42.5207633972168,45.38152694702149,44.64510345458984,-0.03992593950260703,-0.08560897363050135,-0.12609635790119567,0.022401133279060032,0.020097477025220852,41.333685557047524,0.8843913549210318,0.987646792683707,-0.5773502691896679,43.0253666469029,1.8775571969532219,0.9488142728739168,-1.1729521104666087,44.218506131853374,1.9407961215246428,0.9232125990074417,-1.749500694061136,1.1146241516260107,1.3862943611198906,0.6931471805599453,0.41187379400556284,0.35700019945700956,0.2311259967585404,0.054873594548553284
43.71882629394531,43.76579047022575,40.27951704196354,690286000.0,0.0685311609656082,0.0376190602506472,42.50778587358408,43.26458875382825,0.2948891827757298,36.55586518664615,-0.6964687075912082,-0.2921150916218544,-0.4043536159693537,0.1807836128379244,0.4132453242873152,0.0,0.0,-0.0368362892496273,-0.0039085618948036,-0.0483939652967735,0.0281759498421172,-0.0207475644352953,-0.7114853147834221,-1.0568990682550232,-0.519180169335243,648.0,0,2023-08-14,0.07093399576845383,0.07093399576845383,-0.03663827034769496,40.82308197021485,40.82308197021485,40.82308197021485,42.5207633972168,45.38152694702149,0.07093399576845383,-0.03663827034769496,-0.06368634590449351,0.038092763730055,0.029428872759467414,41.78833007812501,1.6718587648100718,1.046197017497736,1.1547005383792786,42.241834912981304,1.5280585565661542,1.0349651331199659,0.9665803542785013,43.585357938494,1.8142114594941527,1.003062229192649,0.07356824627738141,1.2944010476174412,2.302585092994046,0.6931471805599453,0.2630603497640954,0.254481691453192,0.482457958575752,0.008578658310903431
43.90567779541016,45.23264344321466,43.67585790214367,676512000.0,0.0042648294931473,0.0373958961870584,42.8572588540406,43.35006729270584,-0.0199540480322648,38.36670955044015,-0.5790541742528887,-0.3495029081480613,-0.2295512661048274,0.1800759490440115,0.4456185172769729,0.0685311609656082,0.0,0.0,-0.0368362892496273,-0.0039085618948036,0.0366140713555094,-0.0165623013939655,0.0737865435634158,-0.2957913280062879,0.785271858346838,860.0,0,2023-08-15,0.00427393682091437,0.07551110000573757,-0.016210006534603916,43.71882629394531,40.82308197021485,40.82308197021485,42.35489273071289,44.62911605834961,0.07551110000573757,-0.016210006534603916,-0.05519614579203247,0.037824057240551844,0.029516726971148925,42.81586201985677,1.7283250896714786,1.0254535521215937,0.6305617977000746,42.13848658970425,1.354269388063736,1.0419376999205685,1.3049037520020677,43.40214347839356,1.6194798871850165,1.011601600212839,0.3109234767292146,1.28144483219711,2.6390573296152584,0.7636310830118034,0.1891523540163269,0.19508708848689607,0.6157605542013278,-0.005934734470569164
43.4520378112793,44.6401083875963,43.37209846107277,527451000.0,-0.0103858957093508,0.031957549975005,43.00595359335028,43.36366336184896,-0.2203375549879381,45.76714455361194,-0.5166516277874038,-0.3829326520759298,-0.1337189757114739,0.1783762104545196,0.4027284312122426,0.0042648294931473,0.0685311609656082,0.0,0.0,-0.0368362892496273,0.064398759578774,-0.0267233257623438,0.6242366297932574,-0.1113558939695477,0.5504500862298416,654.0,0,2023-08-16,-0.010332148526318585,0.06439875957877383,0.02190163909718179,43.90567779541016,43.71882629394531,40.82308197021485,40.82308197021485,42.5207633972168,0.06439875957877383,0.02190163909718179,-0.01768719814470565,0.03263926520157964,0.02673325711354899,43.69218063354492,0.22799079414316362,0.9945037574507953,-1.0533005210501205,42.27152579171318,1.441044684821876,1.02792688452702,0.8192056998649117,43.346258980887285,1.6019549890399227,1.0024403220226836,0.06603108771202548,1.2209236256900908,2.70805020110221,0.6931471805599453,0.1762179007221545,0.15173412380473947,0.6720479681555714,0.024483776917415045
43.310150146484375,44.02758789498413,42.96741571162868,452395000.0,-0.0032707287500144,0.0319351542520372,43.0820027316338,43.356528266467016,-0.14229947426396,43.59764001307487,-0.4731916500811337,-0.4009844516769706,-0.072207198404163,0.171673556674736,0.4022797886364423,-0.0103858957093508,0.0042648294931473,0.0685311609656082,0.0,0.0,0.0609230870438477,-0.0456436118369317,0.1652460089238363,-0.9433381018634224,-0.4589906208694211,755.0,0,2023-08-17,-0.003265385743498772,-0.009347829804789098,0.022553649748209503,43.4520378112793,43.90567779541016,43.71882629394531,40.82308197021485,42.35489273071289,-0.009347829804789098,0.022553649748209503,-0.026305581581830495,0.03261597935726108,0.026672069736409773,43.555955251057945,0.3110665859204769,0.9943565672442094,-0.7902009270658511,42.40799113682339,1.4944948797064987,1.0212733257453837,0.6036548013052796,43.26268196105958,1.5684142585688592,1.0010972085703684,0.030265081540454226,1.2228514577081109,2.6390573296152584,0.6931471805599453,0.13545847626832813,0.10638486271580821,0.7581566549264468,0.029073613552519917
43.26517868041992,43.543960081000186,41.62745897404412,583768000.0,-0.0010388980491015,0.026932368478876,43.12779671883033,43.34434832166074,0.2903944561721505,42.34902210443723,-0.4373367799394145,-0.4082549173294594,-0.0290818626099551,0.163117964268958,0.4145568594653318,-0.0032707287500144,-0.0103858957093508,0.0042648294931473,0.0685311609656082,0.0,0.0598214684522562,-0.0305616041363318,0.3258860154653902,-1.11966685622547,0.1606400065415538,727.0,1,2023-08-18,-0.001038358581356813,-0.01458807031689191,0.059821468452256,43.310150146484375,43.4520378112793,43.90567779541016,40.82308197021485,40.82308197021485,-0.01458807031689191,0.059821468452256,-0.030908759693512367,0.027821615279406433,0.026629879890919986,43.342455546061196,0.09752852314882011,0.9982170630466668,-0.7923514388027372,42.75686209542412,1.3398971646502105,1.0118885381219358,0.37936984897531534,43.164115905761726,1.517384035120532,1.0023413609322809,0.06660329377339744,1.0447518123764725,2.302585092994046,0.6931471805599453,0.16769857911600003,0.22964360978868273,0.6026578048865,-0.0619450306726827
43.26517868041992,43.543960081000186,41.62745897404412,583768000.0,0.0,0.026932368478876,43.16214220922773,43.3337923694953,0.0,42.34902210443723,-0.4042614625356293,-0.4074562263706934,0.0031947638350641,0.152225771024311,0.4339976779920311,-0.0010388980491015,-0.0032707287500144,-0.0103858957093508,0.0042648294931473,0.0685311609656082,-0.0103764819868509,0.017507100619267,-0.5674433311721955,-1.3054798571062232,-0.8933293466375857,828.0,1,2023-08-19,0.0,-0.00430035368354742,0.059821468452256,43.26517868041992,43.310150146484375,43.4520378112793,43.71882629394531,40.82308197021485,-0.00430035368354742,0.059821468452256,-0.030908759693512367,0.027821615279406433,0.026629879890919986,43.28016916910807,0.02596428803523764,0.9996536407094534,-0.577350269254609,43.10573305402484,1.035925514428892,1.0036989424630651,0.1539161109309929,43.065549850463874,1.4574155696232285,1.0046354645569189,0.13697454186499167,1.0447518123764725,2.0794415416798357,0.6931471805599453,0.1493799441627093,0.3674297785120351,0.48319027493042604,-0.21804983434932582
46.93031692504883,47.02823995825299,44.1874618900852,692573000.0,0.0813157589705178,0.0317077067600489,44.12350522653154,43.80540028394262,0.1863839744556057,56.48209467550089,-0.053193716962788,-0.3312092537233959,0.2780155367606078,0.1431080732535445,1.041361379301886,0.0,0.0,-0.0010388980491015,-0.0032707287500144,-0.0103858957093508,0.0800486994160407,0.1496024959431019,-0.3623131910254603,0.0563890657999725,0.2474836531818345,643.0,1,2023-08-21,0.08471335046832018,0.08471335046832018,0.07345784192628879,43.26517868041992,43.26517868041992,43.26517868041992,43.4520378112793,43.71882629394531,0.08471335046832018,0.07345784192628879,0.03412820330694033,0.03297317008537103,0.03513949926389782,44.486891428629555,2.116068552153646,1.0549246175210796,1.1547005383792774,43.91338838849749,1.3502583367990502,1.068701793399791,2.2343343153898476,43.07761165073941,1.6344437243680416,1.0894363713927788,2.3571966516002694,0.9383505962262683,1.9459101490553132,0.6931471805599453,0.18452645683040222,0.18016214575618505,0.6353113998969396,0.00436431107421717
45.6323356628418,48.1493695012767,45.29759818989422,755293000.0,-0.0280473022975451,0.0348950679246522,44.50071283560911,44.048991667795846,0.0905608506251327,54.01536841693824,0.0950106790048792,-0.2459652671777409,0.3409759461826201,0.1485770326758423,0.8095652477382888,0.0813157589705178,0.0,0.0,-0.0010388980491015,-0.0032707287500144,0.0536175817563153,0.1178072174005837,-0.2399457768771813,-1.100426833608039,0.1223674141482789,893.0,1,2023-08-22,-0.02765762831476304,0.054712751793006165,0.03932652800572711,46.93031692504883,43.26517868041992,43.26517868041992,43.310150146484375,43.90567779541016,0.054712751793006165,0.03932652800572711,0.022479038195167167,0.036061815553722516,0.03573298830174692,45.275943756103516,1.8583785893761156,1.007871551141112,0.19177572792523784,44.16005379813058,1.4982211099131195,1.033339675523075,0.9826866374860983,43.14927019391742,1.7270660167657426,1.0575459435991668,1.437736279227119,1.009202344041277,3.6375861597263857,0.6931471805599453,0.2430076082362919,0.17162750241019434,0.5853648890011214,0.07138010582609755
47.07920455932617,47.16313859123231,45.17269372042857,779046000.0,0.0312148061080082,0.0352769662230213,45.14533576653837,44.453020053333226,0.0314487225487327,69.26520073103319,0.3254622324996106,-0.1316797672422706,0.4571419997418812,0.1634628671690279,0.9646606738245436,-0.0280473022975451,0.0813157589705178,0.0,0.0,-0.0010388980491015,0.0881546313971961,0.1532496393505,0.040682087643366,0.1522477018391323,0.2806278645205474,1308.0,0,2023-08-23,0.03170709707201236,0.08815463139719615,0.08347518161979806,45.6323356628418,46.93031692504883,43.26517868041992,43.26517868041992,43.4520378112793,0.08815463139719615,0.08347518161979806,0.10720506401838836,0.03637611208877567,0.03349559471153715,46.54728571573893,0.7958593351731704,1.0114274943298656,0.668357861846908,44.67822047642299,1.8077922331138032,1.0537394743411994,1.3281305444971636,43.47487313406809,2.0065462639054434,1.0829060826501558,1.7962862307708705,1.0859969020417588,3.4965075614664802,0.8004592807001061,0.20194125402485946,0.18077904489473437,0.6172797064064071,0.021162209130125093
47.12615966796875,50.22673658703904,47.12216498787686,1156044000.0,0.0009968670662476,0.0350160049625326,45.640541741895966,44.809438668617965,0.4839226438490154,70.36940047052448,0.5060521792889148,-0.0041333779360335,0.5101855572249483,0.1762298154916766,0.919809856328947,0.0312148061080082,-0.0280473022975451,0.0813157589705178,0.0,0.0,0.089239917765465,0.0779374393794127,0.5476097003442169,0.5894772660052622,0.5069276127008507,1280.0,0,2023-08-24,0.0009973641033678149,0.004173053918061109,0.08810889614969697,47.07920455932617,45.6323356628418,46.93031692504883,43.26517868041992,43.310150146484375,0.004173053918061109,0.08810889614969697,0.11264972308136811,0.03611140216101356,0.03338933037778504,46.61256663004557,0.8492295080575076,1.0110183385094296,0.6047753087359751,45.2233646937779,1.8995258567371711,1.0420754843668818,1.0017210176118851,43.81567791530065,2.1977686146057485,1.0755547308675113,1.5062922141428257,1.0815251983921066,4.553876891600541,0.7416206381557624,0.1613995521923804,0.1725908762557392,0.6660095699567427,-0.01119132406335882
45.98206329345703,47.76766646596761,44.98883627533257,925341000.0,-0.0245768617601146,0.0375242076424534,45.72592212978624,44.965788618596505,-0.1995624734006664,72.77869966320299,0.5505061056808671,0.1067945187873466,0.4437115868935205,0.1805414735260157,0.7565371894057452,0.0009968670662476,0.0312148061080082,-0.0280473022975451,0.0813157589705178,0.0,0.062796102914667,0.0472919586328295,0.9050455726141776,0.8687082070401851,0.3574358722699609,1364.0,1,2023-08-25,-0.024277309727177898,0.007664030901228136,0.06279610291466708,47.12615966796875,47.07920455932617,45.6323356628418,43.26517868041992,43.26517868041992,0.007664030901228136,0.06279610291466708,0.1263741264563576,0.03856692509631624,0.03230911102856431,46.72914250691732,0.647415406786851,0.9840125631804671,-1.153941048712562,45.61149106706892,1.6997954491258926,1.0081245365524931,0.21800989441328184,44.18417658124652,2.087120704636499,1.0406907370765308,0.8614196142161503,1.193685739673228,4.189654742026425,0.6993851053000708,0.1651836465972547,0.18303465305899191,0.6517817108390423,-0.017851006461737207
45.98206329345703,47.76766646596761,44.98883627533257,925341000.0,0.0,0.0375242076424534,45.789957420703935,45.10129190857791,0.0,72.77869966320299,0.5790611066354643,0.2012478363569701,0.3778132702784941,0.1845164384126562,0.7423981919285932,-0.0245768617601146,0.0009968670662476,0.0312148061080082,-0.0280473022975451,0.0813157589705178,-0.0202055663315938,0.0582257037786382,0.2269642383975944,0.4389806349059849,-0.6780813342165833,928.0,1,2023-08-26,0.0,-0.023304158941058417,0.06279610291466708,45.98206329345703,47.12615966796875,47.07920455932617,46.93031692504883,43.26517868041992,-0.023304158941058417,0.06279610291466708,0.1263741264563576,0.03856692509631624,0.03230911102856431,46.3634287516276,0.6605443498030307,0.9917744336767331,-0.5773502691897839,45.999617440359934,1.348670629480139,0.9996183849370995,-0.013015888771648608,44.55267524719239,1.8945937006036924,1.0320831024923631,0.754456243472773,1.193685739673228,3.332204510175204,0.6931471805599453,0.2679480214223817,0.10518228414433971,0.6268696976756608,0.162765737278042
46.79841613769531,46.94330333520207,44.8529383474698,685192000.0,0.0175979670951288,0.0211131395153595,46.078091951092986,45.42935316582405,-0.2595248670490122,66.65589691407385,0.6655355901171944,0.3570792167175499,0.3084563733996445,0.1942153013596544,0.8086217010164803,0.0,0.0,-0.0245768617601146,0.0009968670662476,0.0312148061080082,-0.0059641708958151,0.0816646912144707,0.774187379639502,0.8609636714664086,1.034577505429127,630.0,1,2023-08-28,0.017753723642811137,0.017753723642811137,-0.002810566729480435,45.98206329345703,45.98206329345703,45.98206329345703,47.07920455932617,46.93031692504883,0.017753723642811137,-0.002810566729480435,0.07044081703027105,0.021116936614132765,0.027188285737351253,46.254180908203125,0.47132153437443475,1.0117661845655053,1.1547005383798727,46.36890084402902,0.6129048076757074,1.0092630035616124,0.7007863020280817,45.141144616263254,1.6242511705081557,1.036713103655661,1.0203295841945257,0.7766924630015319,1.9459101490553132,0.6931471805599453,0.22015991744895771,0.3065418130718171,0.47329826187342405,-0.08638189562285939
48.74589538574219,49.04266428440614,46.35476299443785,701397000.0,0.0407716375442586,0.022094591649624,46.74504280975529,45.87155879514647,0.0236503053158823,71.99025161941519,0.8686983799440782,0.4594030493628556,0.4092953305812225,0.210294870655238,0.9580183427231186,0.0175979670951288,0.0,0.0,-0.0245768617601146,0.0009968670662476,0.0343702039204003,0.1266773158573044,0.5488588739489558,0.6855334686070191,-0.2253285056905462,869.0,0,2023-08-29,0.04161421280405708,0.060106743680604646,0.06823143452277303,46.79841613769531,45.98206329345703,45.98206329345703,47.12615966796875,45.6323356628418,0.060106743680604646,0.06823143452277303,0.11024126794913092,0.02230868157032173,0.028869446201189062,47.17545827229818,1.4199692028475424,1.0332892815662627,1.105965615518086,46.813695090157644,0.9980476905025636,1.0412742530121444,1.935979927584012,45.486874444144114,1.8416325636590332,1.071647502305308,1.7696369003830568,0.772743661754166,2.6390573296152584,1.0835451663471627,0.19364137087876976,0.16086620851778063,0.6454924322091616,0.032775162360989124
49.22552108764648,49.88800143615993,48.387175707748206,735206000.0,0.0097912136189793,0.0199540188589348,47.36516237922809,46.318753767479805,0.0482023732636438,76.16850934572328,1.056232548992334,0.5787689492887513,0.4774635997035825,0.2240684669401832,0.9401234875330904,0.0407716375442586,0.0175979670951288,0.0,0.0,-0.0245768617601146,0.0705374566054102,0.1377630369044096,-0.009027197707607,0.3266177367690334,-0.5578860716565629,970.0,0,2023-08-30,0.009839304378529867,0.07053745660541,0.04558948156432119,48.74589538574219,46.79841613769531,45.98206329345703,45.98206329345703,47.07920455932617,0.07053745660541,0.04558948156432119,0.13287025343765335,0.020136206624040642,0.02839038291650047,48.25661087036133,1.2854023153327054,1.020078289788897,0.7537797355175625,47.12031173706055,1.3579953449812288,1.0446773222200516,1.5502331126289908,45.89926610674177,1.9912678359640397,1.0724685874752176,1.670420684163944,0.7092615370234225,3.044522437723423,0.850997201617451,0.04860771056264635,0.17681070072576402,0.7745815981179476,-0.12820299016311767
49.31644821166992,49.70514430167567,48.91975894986802,528570000.0,0.0018454502274663,0.019918490401391,47.85298383733855,46.71844636003849,-0.2810586420676654,77.35009701418647,1.19837763664178,0.7026906867593571,0.4956869498824229,0.2227611294748637,0.905426980892855,0.0097912136189793,0.0407716375442586,0.0175979670951288,0.0,0.0,0.0725149042776285,0.0508441332376237,-0.0467478243769169,-0.3126963363653267,-0.0377206266693099,864.0,0,2023-08-31,0.0018471541187252694,0.05380592511006754,0.046477127759465775,49.22552108764648,48.74589538574219,46.79841613769531,45.98206329345703,47.12615966796875,0.05380592511006754,0.046477127759465775,0.1386810723322578,0.020099601848745742,0.028248666160998387,49.09595489501953,0.30655045342829174,1.0044910689102975,0.7192725183881302,47.43321010044643,1.591778442397638,1.0397029445663801,1.1831031637712333,46.32828739711216,2.03703595122141,1.0644997037974693,1.4669160908849217,0.7115239259153525,2.5649493574615367,0.6931471805599453,0.15576208631197608,0.060912849847227286,0.7833250587185224,0.0948492364647488
48.47110748291016,49.76109942188399,48.10439357486219,463830000.0,-0.0172897621012418,0.0181347732543226,48.00751474873145,46.95213450975472,-0.1224814121119246,72.0950361320318,1.228653557302053,0.8078832608678963,0.4207702964341566,0.2097442658421931,0.7986505499835065,0.0018454502274663,0.0097912136189793,0.0407716375442586,0.0175979670951288,0.0,0.0541307634145964,0.0622096541593411,0.1483536983155677,0.1209890441591488,0.1951015226924847,842.0,0,2023-09-01,-0.01714115187556675,-0.005637149562184418,0.05413076341459666,49.31644821166992,49.22552108764648,48.74589538574219,45.98206329345703,45.98206329345703,-0.005637149562184418,0.05413076341459666,0.12032606731949635,0.0183745585833134,0.029035460885725214,49.00435892740885,0.46404176834141836,0.9891182854715311,-1.1491453590581724,47.788787841796875,1.4882263978851709,1.014277818541288,0.4584783888277293,46.70013945443289,1.9057990175684458,1.0379221143484008,0.929252251759893,0.6328316487081125,2.8903717578961645,0.6931471805599453,0.11415886166779429,0.18050534245284158,0.7053357899627265,-0.06634648078504729
48.47110748291016,49.76109942188399,48.10439357486219,463830000.0,0.0,0.0181347732543226,48.123412932276125,47.154664239508776,0.0,72.0950361320318,1.2383722580210517,0.8939810602985274,0.3443911977225242,0.1903002277293732,0.7827412038917486,-0.0172897621012418,0.0018454502274663,0.0097912136189793,0.0407716375442586,0.0175979670951288,0.0357424777003836,0.0295651325593235,0.1401826923800937,0.0906161115159557,-0.008171005935474,851.0,1,2023-09-02,0.0,-0.015325660106128125,0.05413076341459666,48.47110748291016,49.31644821166992,49.22552108764648,46.79841613769531,45.98206329345703,-0.015325660106128125,0.05413076341459666,0.12032606731949635,0.0183745585833134,0.029035460885725214,48.75288772583008,0.4880576973060835,0.9942202348196367,-0.5773502691899917,48.14436558314732,1.2652512699224188,1.0067867110887263,0.25824269655376736,47.07199151175363,1.6783335494827785,1.0297228973370967,0.8336340363259178,0.6328316487081125,2.1972245773362196,1.312184645195357,0.09637180063873524,0.1326571184908971,0.7709710821509361,-0.03628531785216185
48.51008605957031,48.81285082996846,47.82262363775037,382653000.0,0.0008038378851655,0.0081188694536558,48.33416848852646,47.61934883216771,-0.175014552745618,70.98518267541924,1.1870459202266446,1.0468464999624083,0.1401994202642362,0.1791668910136577,0.7144679989031292,0.0,0.0,0.0,-0.0172897621012418,0.0018454502274663,-0.0163507750728244,0.0549784543155331,0.1439897183958936,0.1764393405468318,0.4323069914253137,655.0,0,2023-09-05,0.0008041610494229356,0.0008041610494229356,-0.004837521688869195,48.47110748291016,48.47110748291016,48.47110748291016,49.31644821166992,48.74589538574219,0.0008041610494229356,-0.004837521688869195,0.06306384178953728,0.008078778948140186,0.016989922526381266,48.484100341796875,0.022504291720654327,1.0005359636992384,1.1547005387238176,48.70521218436105,0.38764783963995736,0.9959937321687022,-0.5033592473312128,47.75945363725935,1.2216209109969598,1.0157169390590632,0.6144561013599352,0.4755041664019235,2.0794415416798357,0.9902102579427791,0.2698089421859809,0.043177384484027075,0.687013681445803,0.2266315577019538
47.02811813354492,48.515077394105326,46.54745522657099,468670000.0,-0.0310260553283782,0.0126996389831084,48.00765589978107,47.54051807235134,0.224791129299914,49.629363940698234,1.035164425219591,1.044510085013845,-0.0093456597942538,0.1648681979818457,0.5164481998236514,0.0008038378851655,0.0,0.0,0.0,-0.0172897621012418,-0.0297700924179213,0.0227491931671699,0.390597794302933,0.2370704652066699,0.2466080759070394,668.0,0,2023-09-06,-0.030549686599309234,-0.0297700924179215,-0.04463950620632451,48.51008605957031,48.47110748291016,48.47110748291016,48.47110748291016,49.22552108764648,-0.0297700924179215,-0.04463950620632451,-0.0010851165872369783,0.012525753457221178,0.017464770298462252,48.00310389200846,0.844587327790539,0.9796891100905278,-1.1543930702987526,48.39129747663225,0.6774647690483779,0.971830072468183,-2.012177467179827,47.755804606846404,1.2238833481193088,0.9847623450323533,-0.594571757528761,0.7172011565662592,2.302585092994046,0.6931471805599453,0.22939231081141362,0.42856168219198776,0.34204599757989246,-0.19916937138057414
46.20868682861328,46.31161549020898,45.1204471460448,433330000.0,-0.0175778739792484,0.0126881736371899,47.55791363198912,47.362940573186265,-0.0754048690976593,44.01455559736481,0.8390044669121721,1.0034089613935104,-0.1644044944813383,0.1483251504767768,0.3797117779349582,-0.0310260553283782,0.0008038378851655,0.0,0.0,0.0,-0.0466756542563949,-0.0126014800874214,0.2709129864578765,0.4691677696641088,-0.1196848078450565,1013.0,0,2023-09-07,-0.017424284395236023,-0.046675654256395194,-0.06301673165346167,47.02811813354492,48.51008605957031,48.47110748291016,48.47110748291016,49.31644821166992,-0.046675654256395194,-0.06301673165346167,-0.01946844058203767,0.012520063701738757,0.018072384573414077,47.24896367390951,1.1664858205680433,0.9779830759363161,-0.8918041067911507,47.94733156476702,0.9382515939969812,0.9637384463449195,-1.8530687795019423,47.69027083260672,1.2833121528113764,0.9689332021368926,-1.1545000962920093,0.6927732005081815,2.4849066497880004,0.6931471805599453,0.19140551476316015,0.21211729859086595,0.5964771739461205,-0.020711783827705804
45.540157318115234,46.57343525598355,45.23936893896436,473069000.0,-0.0145732918725755,0.0124421847108,47.05347455352065,47.11990280584346,0.0917060900468464,46.92635597416125,0.6224265959830078,0.92721248831141,-0.3047858923284021,0.1312983865168971,0.2381092237136576,-0.0175778739792484,-0.0310260553283782,0.0008038378851655,0.0,0.0,-0.0604679842693569,-0.0657642667604913,0.6105733317541898,0.3174614066023226,0.3396603452963133,885.0,0,2023-09-08,-0.014467615428622849,-0.061222912237426486,-0.06046798426935707,46.20868682861328,47.02811813354492,48.51008605957031,48.47110748291016,48.47110748291016,-0.061222912237426486,-0.06046798426935707,-0.009610399005402503,0.012275373195372507,0.017283977360059436,46.25898742675781,0.7452546274217454,0.9844607470109304,-0.9645429658443255,47.52862439836775,1.26325196251482,0.958162747072461,-1.5740858825138648,47.65870612008231,1.333031177242603,0.9555474964714923,-1.5892717575813389,0.7102169216987619,2.4849066497880004,0.6931471805599453,0.2140048388391733,0.20093881034038283,0.5850563340566375,0.01306602849879046
45.540157318115234,46.57343525598355,45.23936893896436,473069000.0,0.0,0.0124421847108,46.675145244669295,46.90927007414636,0.0,46.92635597416125,0.4456498982922596,0.8308999703075799,-0.3852500720153202,0.1110346307077921,0.1693897938956471,-0.0145732918725755,-0.0175778739792484,-0.0310260553283782,0.0008038378851655,0.0,-0.0604679842693569,-0.0748669326012705,0.1810143674302383,0.5930059574132472,-0.4295589643239514,976.0,0,2023-09-09,0.0,-0.03163981197810961,-0.06046798426935707,45.540157318115234,46.20868682861328,47.02811813354492,48.47110748291016,48.47110748291016,-0.03163981197810961,-0.06046798426935707,-0.009610399005402503,0.012275373195372507,0.017283977360059436,45.76300048828125,0.38597569284687555,0.9951304947711398,-0.577350269190195,47.109917231968474,1.3792117465558429,0.9666787800512625,-1.1381572972919003,47.62714140755789,1.3801841230758367,0.9561807820548416,-1.512105562257642,0.7102169216987619,2.5649493574615367,0.6931471805599453,0.13246928357208762,0.16901022560584045,0.6985204873296121,-0.03654094203375283
45.14643096923828,46.13073944810292,44.2810350025815,473966000.0,-0.0086832866955517,0.0118232209013411,46.08015643958265,46.51601627501725,0.0018961293172876,37.79202195675852,0.1547296452024511,0.6110532708772095,-0.4563236256747583,0.1187384017304798,0.1366894089651526,0.0,0.0,-0.0145732918725755,-0.0175778739792484,-0.0310260553283782,-0.0400119596315389,-0.0685908923134072,0.5180712882937031,0.6489518297258231,0.3164189983772195,490.0,1,2023-09-11,-0.00864569584436492,-0.00864569584436492,-0.06859089231340731,45.540157318115234,45.540157318115234,45.540157318115234,47.02811813354492,48.47110748291016,-0.00864569584436492,-0.06859089231340731,-0.035300023051984986,0.011661344907913518,0.01655807606427969,45.408915201822914,0.2273180135105102,0.994219544082522,-1.1547005383825286,46.216256277901785,1.1857970341936652,0.9768517531530342,-0.902199345936953,47.47757775442941,1.5582780452481262,0.950900048076407,-1.495976146426384,0.7042693162323511,0.6931471805599453,0.6931471805599453,0.0290807243436574,0.1336698830127716,0.8372494578361511,-0.10458915866911421
44.83864212036133,45.64108235714804,44.49987832466093,349256000.0,-0.006840913467887,0.0109645743679889,45.76977785977732,46.29236638772979,-0.2631201394192832,11.890242314335097,0.0129750002958601,0.4914376167609396,-0.4784626164650795,0.1270961094994296,0.1270496460580034,-0.0086832866955517,0.0,0.0,-0.0145732918725755,-0.0175778739792484,-0.0296490725506528,-0.0749408369476508,0.124359772559161,0.3268970239130795,-0.393711515734542,815.0,0,2023-09-12,-0.006817567685177051,-0.01540432091293753,-0.07568413576303401,45.14643096923828,45.540157318115234,45.540157318115234,46.20868682861328,48.51008605957031,-0.01540432091293753,-0.07568413576303401,-0.08015553380364615,0.010804355265597951,0.010652931046486479,45.17507680257162,0.3516338024069252,0.9925526483622683,-0.9567757135616691,45.69176428658621,0.7242479311812549,0.9813287541082029,-1.1779421514307062,47.19848823547363,1.660210234474766,0.9500016588807036,-1.4214140270366902,1.0142143245319715,2.4849066497880004,0.6931471805599453,0.2716433135792613,0.16786152954128652,0.560495157472112,0.10378178403797478
45.45322036743164,45.897909142211645,44.47190423136672,398355000.0,0.0136133583121364,0.0105129904730102,45.6906384866909,46.18048025169004,0.1405816936573745,14.150274432464968,-0.0492080094834221,0.3833084915120673,-0.4325165009954895,0.1309702091588804,0.2508999768396166,-0.006840913467887,-0.0086832866955517,0.0,0.0,-0.0145732918725755,-0.0019090173553047,-0.0622615671932512,0.3767517564908635,0.6641795120088465,0.2523919839317025,909.0,0,2023-09-13,0.013706441988599716,-0.0019090173553047984,-0.03348842838322963,44.83864212036133,45.14643096923828,45.540157318115234,45.540157318115234,47.02811813354492,-0.0019090173553047984,-0.03348842838322963,-0.07663302768290092,0.010490180777171228,0.011131722646232377,45.146097819010414,0.3072892589800652,1.0068028592338694,0.9994574800323571,45.466778891427175,0.4210983645503889,0.9997017927302941,-0.03219799727793119,46.929038184029714,1.6113187484603957,0.9685521401310052,-0.9159068111186616,0.9423681410820738,2.1972245773362196,0.6931471805599453,0.147576285758987,0.15983934048563236,0.6925843618810177,-0.01226305472664535
45.54915618896485,45.95487076893904,45.0994698183301,370097000.0,0.002108425311588,0.0090813396940904,45.65526791225939,46.09630370999335,-0.0709367272909842,14.231925147208713,-0.0897131167439297,0.2887041698608679,-0.3784172866047977,0.1325476865977756,0.2726395677191138,0.0136133583121364,-0.006840913467887,-0.0086832866955517,0.0,0.0,0.0001976029811832,-0.0602823299421315,0.2782733022227313,0.6273986664449898,-0.0984784542681322,963.0,0,2023-09-14,0.002110649603211723,0.008920422081669654,-0.014272871291378886,45.45322036743164,44.83864212036133,45.14643096923828,45.540157318115234,46.20868682861328,0.008920422081669654,-0.014272871291378886,-0.07639017324474728,0.009077477408239939,0.011145534261516923,45.28033955891927,0.3855170435720159,1.0059367185110393,0.69728857524651,45.37256022862026,0.2763335945025014,1.0038921312673292,0.639068010035217,46.659945896693635,1.4921106339574048,0.9761939349396568,-0.7444419216976736,0.8144497334311259,2.1972245773362196,0.6931471805599453,0.16831664321944115,0.17050163692329076,0.6611817190423608,-0.0021849937038496137
43.869327545166016,45.56713791255012,43.777388961117786,506831000.0,-0.0375767118860613,0.0159393429978237,45.20878282048605,45.79937355468304,0.3694544943622888,12.285223528852669,-0.2544289402653845,0.1800775478356174,-0.4345064881010019,0.144452495013793,0.0583435645695917,0.002108425311588,0.0136133583121364,-0.006840913467887,-0.0086832866955517,0.0,-0.0366891524172355,-0.095665847896156,0.53631592354719,0.4983435150724351,0.2580426213244587,903.0,1,2023-09-15,-0.03687946790561636,-0.021617839643612746,-0.03668915241723558,45.54915618896485,45.45322036743164,44.83864212036133,45.540157318115234,45.540157318115234,-0.021617839643612746,-0.03668915241723558,-0.09493861759537126,0.015721826246163435,0.013678187659282408,44.957234700520836,0.9433755373482936,0.9758012884332893,-1.153206874976625,45.13387026105608,0.6179227223247397,0.9719824001669721,-2.046441521251431,46.331247329711914,1.5674027976974774,0.9468626482894821,-1.570700134108776,1.1494085793956887,2.302585092994046,0.6931471805599453,0.046753839796615924,0.23839150721000302,0.714854652269019,-0.19163766741338709
43.869327545166016,45.56713791255012,43.777388961117786,506831000.0,0.0,0.0159393429978237,44.87391900165604,45.54203408674744,0.0,12.285223528852669,-0.3805803240469743,0.067945973459099,-0.4485262975060733,0.1549898466547525,0.102018650846751,-0.0375767118860613,0.002108425311588,0.0136133583121364,-0.006840913467887,-0.0086832866955517,-0.0282880262438121,-0.0671681265112277,0.3279896549435544,0.320250029462344,-0.2083262686036356,967.0,0,2023-09-16,0.0,-0.03484665793670638,-0.03668915241723558,43.869327545166016,45.54915618896485,45.45322036743164,45.14643096923828,45.540157318115234,-0.03484665793670638,-0.03668915241723558,-0.09493861759537126,0.015721826246163435,0.013678187659282408,44.42927042643229,0.969849519689548,0.9873969823071156,-0.5773502691897122,44.89518029349191,0.7445535292887007,0.9771500472518515,-1.3778092614857802,46.00254876273019,1.56665294797489,0.9536281950687818,-1.3616424877773043,1.1494085793956887,2.302585092994046,0.6931471805599453,0.1270880434248182,0.18856937655558187,0.6843425954381624,-0.06148133313076368
43.93527603149414,44.211084137750255,41.97065027461465,500271000.0,0.0015021649444977,0.0160477961140959,44.450897361023685,45.13450914568648,-0.0129431704059144,13.223268815953787,-0.5384429538228517,-0.1402159326438464,-0.3982270211790052,0.1675210306602493,0.1870286971079897,0.0,0.0,-0.0375767118860613,0.002108425311588,0.0136133583121364,-0.0333957489407097,-0.0352410132316932,0.4966470137832814,0.6677097889546891,-0.2787315055564464,594.0,0,2023-09-18,0.0015032937594092743,0.0015032937594092743,-0.02682725769772132,43.869327545166016,43.869327545166016,43.869327545166016,45.45322036743164,45.14643096923828,0.0015032937594092743,-0.02682725769772132,-0.09357804446732021,0.015820693198777186,0.013743211562077947,43.891310373942055,0.03807537633018585,1.00100169389288,1.1547005385007865,44.483468191964285,0.7782758246215008,0.9876764968481219,-0.7043674531927631,45.349862234933035,1.3179210937233758,0.9688072656955231,-1.0733466595047971,1.1511642040374097,2.0794415416798357,1.321804754880919,0.13925907947123048,0.4351543369037764,0.42558657803705763,-0.29589525743254597
43.48958969116211,43.93527718281478,42.97195010223496,373064000.0,-0.0101959596433162,0.0162001778204549,44.21057044355829,44.9151865517499,-0.2542761823091884,11.81215227866113,-0.6175036898777648,-0.2356734840906301,-0.3818302057871346,0.1667354970077434,0.1629166218527634,0.0015021649444977,0.0,0.0,-0.0375767118860613,0.002108425311588,-0.0452163480100143,-0.0450276799139962,0.5412908454441502,0.4406583238885603,0.0446438316608687,845.0,0,2023-09-19,-0.010144157055313574,-0.008656112943900118,-0.030086826125954702,43.93527603149414,43.869327545166016,43.869327545166016,45.54915618896485,44.83864212036133,-0.008656112943900118,-0.030086826125954702,-0.10349386645579317,0.015976754010025445,0.013581382537660334,43.764731089274086,0.24055018692197075,0.9937131705996154,-1.1438003920621633,44.2907464163644,0.8402314889910554,0.9819114196525195,-0.9534952399419282,44.99125535147531,1.0470883762521304,0.9666231660223288,-1.4341345910916805,1.1763716960127508,1.6094379124341003,0.6931471805599453,0.059431750327348654,0.07023783400654787,0.870330423116684,-0.010806083679199219
42.2094841003418,43.87232285154448,42.19349643912847,367108000.0,-0.0298766545035091,0.0164933238853422,43.71029885775417,44.55442622489549,-0.0159650890999936,12.18638228880917,-0.7745254682212348,-0.3434438809167511,-0.4310815873044837,0.1703792753267783,0.048857737895549,-0.0101959596433162,0.0015021649444977,0.0,0.0,-0.0375767118860613,-0.0378360813284706,-0.073137059990975,0.3742580047631478,0.4396447223966092,-0.1670328406810023,825.0,0,2023-09-20,-0.029434758982802123,-0.037836081328470605,-0.07136427828145842,43.48958969116211,43.93527603149414,43.869327545166016,43.869327545166016,45.45322036743164,-0.037836081328470605,-0.07136427828145842,-0.10246282914233851,0.016217656013275187,0.013439532915235787,43.21144994099935,0.8958854490797135,0.9768124920125191,-1.1184084323356414,43.82735552106585,0.9758007838709775,0.963085351568921,-1.6579935653525453,44.64706720624651,1.1157628459798585,0.945403287193662,-2.1846785046548476,1.2067127716090467,2.6390573296152584,0.6931471805599453,0.18108339564731485,0.2578154090935221,0.5611012045007485,-0.07673201344620723
40.98833847045898,42.07058192849427,40.95136557382746,450736000.0,-0.029357338808251,0.0167457449224228,43.02980876093037,44.07894785763729,0.2278021726576375,11.463623292311894,-0.9861350545696296,-0.4719821156473268,-0.5141529389223028,0.185625843167218,-0.0181205970254202,-0.0298766545035091,-0.0101959596433162,0.0015021649444977,0.0,0.0,-0.0656720591794092,-0.0921023524896691,0.599405445765016,0.5930389926146827,0.2251474410018681,1012.0,1,2023-09-21,-0.02893059832192857,-0.0670745202311398,-0.100129576486223,42.2094841003418,43.48958969116211,43.93527603149414,43.869327545166016,45.54915618896485,-0.0670745202311398,-0.100129576486223,-0.11297331121995369,0.0164666100723226,0.014403369011693696,42.2291374206543,1.2507414229233589,0.9706174687435495,-0.9920507368303189,43.175810132707866,1.14287382949331,0.9493357123925332,-1.9140097583813767,44.27418518066406,1.3918751468427173,0.9257841404241106,-2.36073380407617,1.143247115237679,2.0794415416798357,0.6931471805599453,0.09717256655650475,0.3388986083279763,0.5639288201928139,-0.24172604177147156
41.5809211730957,42.08556931771517,41.20218442357063,479236000.0,0.0143538377222315,0.0166167112409582,42.66758686397171,43.74587763303175,0.063229917290831,20.441667653947576,-1.0934164800787585,-0.5962689885336132,-0.4971474915451452,0.1893553798324442,0.0981575237933434,-0.029357338808251,-0.0298766545035091,-0.0101959596433162,0.0015021649444977,0.0,-0.0521641543220434,-0.0726543176423776,1.053489959276512,0.8130260508601864,0.4540845135114961,845.0,1,2023-09-22,0.01445734871794846,-0.043887940346659216,-0.052164154322043466,40.98833847045898,42.2094841003418,43.48958969116211,43.869327545166016,43.869327545166016,-0.043887940346659216,-0.052164154322043466,-0.08693944813064147,0.016447288949011953,0.015503036080723884,41.59291458129883,0.6106611529525534,0.9997116478053087,-0.01964003792469316,42.848894936697825,1.2350137054083123,0.9704082505400584,-1.0266880100597038,43.99138259887695,1.5119121076184803,0.9452060543820511,-1.594313196934535,1.060907609539923,1.9459101490553132,0.6931471805599453,0.1252205019506315,0.45931413241972524,0.4154653645431002,-0.33409363046909374
41.5809211730957,42.08556931771517,41.20218442357063,479236000.0,0.0,0.0166167112409582,42.39592044125271,43.45721677170694,0.0,20.441667653947576,-1.1650082923143543,-0.7100168492897615,-0.4549914430245928,0.1878532309123385,0.1328830504189236,0.0143538377222315,-0.029357338808251,-0.0298766545035091,-0.0101959596433162,0.0015021649444977,-0.053586891242262,-0.0851930658165319,0.4795310707308595,0.569654736255632,-0.5739588885456526,794.0,1,2023-09-23,0.0,-0.014891509352539134,-0.052164154322043466,41.5809211730957,40.98833847045898,42.2094841003418,43.93527603149414,43.869327545166016,-0.014891509352539134,-0.052164154322043466,-0.08693944813064147,0.016447288949011953,0.015503036080723884,41.38339360555013,0.3421277828838625,1.0047731118773953,0.577350269190569,42.521979740687776,1.2226960002633669,0.977868891022221,-0.7696586619972342,43.708580017089844,1.5691339067640229,0.951321712049162,-1.3559447251904375,1.060907609539923,2.302585092994046,0.6931471805599453,0.18786862078640193,0.1572303562942478,0.6549010376135508,0.03063826449215412
42.19249725341797,42.50627702068914,41.14822547100166,419091000.0,0.0146009786124774,0.0184554095096274,42.19225228151458,43.07177112231778,-0.1255018404293501,28.64166039634337,-1.1788149780701858,-0.8834253464747539,-0.2953896315954318,0.1630329158079129,0.2479575111934345,0.0,0.0,0.0143538377222315,-0.029357338808251,-0.0298766545035091,-0.0004024414722398,-0.0382232959924369,-0.5229500279305791,0.3385722219815703,-1.1432875876035928,444.0,1,2023-09-25,0.014708093593606586,0.014708093593606586,-0.039666958660437124,41.5809211730957,41.5809211730957,41.5809211730957,42.2094841003418,43.93527603149414,0.014708093593606586,-0.039666958660437124,-0.06543006063609003,0.018305258146773664,0.01646504889545308,41.78477986653646,0.3530936146034639,1.0097575573733735,1.1547005383809859,41.94609614780971,0.7989385762532589,1.005874232127347,0.308410574895246,43.214782169886995,1.5190583055480342,0.9763440918792511,-0.6729727968540443,1.1117645785934331,1.0986122886681098,0.6931471805599453,0.07999177277088165,0.01399377360939975,0.9060144424438477,0.0659979991614819
41.881717681884766,42.79008299471649,41.62589602088143,402282000.0,-0.0073930154991274,0.0183739114231413,42.11461863160713,42.91309733026005,-0.0401082342498407,28.62927861064128,-1.1674461909956406,-0.9402295153789312,-0.2272166756167093,0.1557314611391749,0.2267407411644582,0.0146009786124774,0.0,0.0,0.0143538377222315,-0.029357338808251,0.02179593622878,-0.0453075069645161,0.9243175762154806,0.7784856841364455,1.4472676041460597,735.0,1,2023-09-26,-0.007365754382031242,0.007234003006736822,-0.036971422832349554,42.19249725341797,41.5809211730957,41.5809211730957,40.98833847045898,43.48958969116211,0.007234003006736822,-0.036971422832349554,-0.06594589618791813,0.018220752637031615,0.016471137352099423,41.88504536946615,0.3058016197368701,0.9999205518926378,-0.01088185073789314,41.716400146484375,0.42470923172679104,1.0039628907293028,0.3892487449077558,43.00357328142439,1.4809977621654395,0.973912502754179,-0.7574998613767663,1.1062231009025727,1.791759469228055,0.6931471805599453,0.3172872237861156,0.02519361227750776,0.6575191736221313,0.29209361150860785
42.43832778930664,42.84204867155756,41.599917076129024,444935000.0,0.0132025116766158,0.0158422488291064,42.19554592103201,42.8497947247996,0.1060276124708536,28.026201650392665,-1.1008328456472185,-0.9723501814325888,-0.1284826642146297,0.1490123381903669,0.3279915261219104,-0.0073930154991274,0.0146009786124774,0.0,0.0,0.0143538377222315,0.0206201929159211,-0.0326195963315388,0.3973903641148816,0.5593905032470425,-0.526927212100599,898.0,1,2023-09-27,0.013290049650055868,0.0206201929159211,0.005421617767723319,41.881717681884766,42.19249725341797,41.5809211730957,41.5809211730957,42.2094841003418,0.0206201929159211,0.005421617767723319,-0.0663295703528467,0.01574686709842891,0.016435616241568782,42.17084757486979,0.27893589650063555,1.006342775396249,0.9589307715231333,41.74909210205078,0.47483926706689145,1.016508998221353,1.4515136701168514,42.78822381155832,1.3062890165532821,0.9918226093283835,-0.26785498294619187,0.9580941089754884,1.791759469228055,0.6931471805599453,0.08603213429450982,0.15764930509030817,0.7563185781240463,-0.07161717079579835
43.05888748168945,43.41563643301945,42.085569148140415,424663000.0,0.0145167439249481,0.0092373698089855,42.411381311196365,42.87767375905158,-0.0455617112611954,33.139279307108325,-0.9865944617722208,-0.9751990375005152,-0.0113954242717054,0.1433321136041346,0.4402821342477497,0.0132025116766158,-0.0073930154991274,0.0146009786124774,0.0,0.0,0.0355443378091884,-0.0199472639975327,0.423084739784469,0.4109216813930597,0.0256943756695873,783.0,1,2023-09-28,0.014622623574229943,0.02053422491367929,0.05051556341379282,42.43832778930664,41.881717681884766,42.19249725341797,41.5809211730957,40.98833847045898,0.02053422491367929,0.05051556341379282,-0.05467211504301617,0.009282584737105401,0.017162262700169545,42.45964431762695,0.5888743330944372,1.0141132403177886,1.0176078840345721,42.04488481794085,0.5593446329439514,1.0241171469047745,1.8128406067144889,42.61034747532436,1.0447905306368452,1.0105265512473196,0.4293109414876571,0.5408718476855443,1.791759469228055,0.6931471805599453,0.28320703655481333,0.0711433373391628,0.6456496447324753,0.21206369921565055
43.46860122680664,44.11315092531868,43.27673406437453,397830000.0,0.0094702114512481,0.0087652920695673,42.67568629009894,42.95646408808559,-0.0631865738244207,46.72325872431429,-0.8531644951739423,-0.9507921290352008,0.0976276338612583,0.1362004736338634,0.5239863788053863,0.0145167439249481,0.0132025116766158,-0.0073930154991274,0.0146009786124774,0.0,0.0453977449381841,-0.0004826089301949,0.5533086663770139,0.4380827136837484,0.1302239265925449,918.0,1,2023-09-29,0.009515195795326115,0.03788964810314499,0.04539774493818416,43.05888748168945,42.43832778930664,41.881717681884766,41.5809211730957,41.5809211730957,0.03788964810314499,0.04539774493818416,-0.00913454435668759,0.008805576391702943,0.014583471085605246,42.98860549926758,0.5187200659257691,1.0111656501057529,0.9253463651582582,42.31455339704241,0.7279945812152371,1.0272730712512943,1.585242334960496,42.58172416687012,1.0126406022211367,1.0208276455988727,0.8758063403652172,0.603805249107983,2.302585092994046,0.6931471805599453,0.08464929958184556,0.5441631016631922,0.3711876112760769,-0.4595138020813466
43.46860122680664,44.11315092531868,43.27673406437453,397830000.0,0.0,0.0087652920695673,42.87391502427586,43.024749039915065,0.0,46.72325872431429,-0.7389026752445389,-0.9084142382770684,0.1695115630325294,0.1278446218440097,0.5443594492222826,0.0094702114512481,0.0145167439249481,0.0132025116766158,-0.0073930154991274,0.0146009786124774,0.0302448078795642,0.0298301946423138,0.2624529295799515,0.5306735376370612,-0.2908557367970624,894.0,1,2023-09-30,0.0,0.024276956495906,0.04539774493818416,43.46860122680664,43.05888748168945,42.43832778930664,42.19249725341797,41.5809211730957,0.024276956495906,0.04539774493818416,-0.00913454435668759,0.008805576391702943,0.014583471085605246,43.33202997843424,0.23654834103338973,1.003151738989389,0.5773502691913642,42.58422197614397,0.7598704733001737,1.0207677681925973,1.1638552644659872,42.553100858415874,0.9785346661480318,1.0215143044789345,0.9355829691702211,0.603805249107983,1.791759469228055,2.17136856570942,0.050354832783341394,0.2810157109051942,0.6686294615268707,-0.23066087812185282
44.75070190429688,45.14342496714759,43.83034418769884,433298000.0,0.0290682630243433,0.0121060581522539,43.45461540725564,43.30616567454012,0.0891536585978935,55.56159753057258,-0.4546454129710966,-0.7748679171789594,0.3202225042078628,0.1207030651705784,0.8102850779947744,0.0,0.0,0.0094702114512481,0.0145167439249481,0.0132025116766158,0.0544878706453861,0.0762316139655927,0.7951995872771533,0.6695670409124871,0.6114275696242495,534.0,0,2023-10-02,0.029494868509814864,0.029494868509814864,0.06063174302089158,43.46860122680664,43.46860122680664,43.46860122680664,42.43832778930664,42.19249725341797,0.029494868509814864,0.06063174302089158,0.018559707516534463,0.012237019786774684,0.016658644187430675,43.89596811930338,0.740221171276978,1.0194718062185222,1.1547005383795925,43.21934836251395,0.9088840509857155,1.0354321293541562,1.6848722783969303,42.58272225516183,1.054672300854118,1.0509121900695828,2.055595512823583,0.7345747738587148,1.6094379124341003,0.6931471805599453,0.03964526578783983,0.17934366548433897,0.7810110300779343,-0.13969839969649914
43.48658752441406,45.098463094837925,43.2157769974795,470850000.0,-0.028654571831851,0.0179757977640092,43.462608436545246,43.33022192118998,0.0866655281122923,49.98158019030215,-0.4043317369429999,-0.7007606811317676,0.2964289441887676,0.1102773569139553,0.594760368396891,0.0290682630243433,0.0,0.0,0.0094702114512481,0.0145167439249481,0.0099329097368454,0.0458303062451486,0.7078913363659437,1.130608545358089,-0.0873082509112096,647.0,1,2023-10-03,-0.028247922961884164,0.00041377677449472294,0.038319102734018395,44.75070190429688,43.46860122680664,43.46860122680664,43.05888748168945,41.881717681884766,0.00041377677449472294,0.038319102734018395,-6.903184806672513e-05,0.017959215763378646,0.01825364453351223,43.901963551839195,0.73508398834727,0.9905385546836725,-0.5650728814799048,43.448615482875276,0.6916933753909678,1.0008739528548096,0.054897217307196974,42.58250781467983,1.0544740155514847,1.021231246258882,0.8573750480341654,0.9838701378460045,1.791759469228055,0.6931471805599453,0.09311764687299724,0.1986545296385884,0.7082278281450272,-0.10553688276559116
44.01022720336914,44.11215712134903,43.26175000991843,361821000.0,0.0119694855710792,0.017892122309247,43.59951312825122,43.4208892921472,-0.2315578209620898,62.178996317823014,-0.3185325948739361,-0.6243150638802013,0.3057824690062651,0.0985040234467929,0.7482009644020755,-0.028654571831851,0.0290682630243433,0.0,0.0,0.0094702114512481,0.0124601657581859,0.0584235741233478,0.6966349691723847,0.7298690202392948,-0.011256367193559,812.0,1,2023-10-04,0.012041406529337273,0.012460165758185981,0.03703961715613535,43.48658752441406,44.75070190429688,43.46860122680664,43.46860122680664,42.43832778930664,0.012460165758185981,0.03703961715613535,0.04266204957034203,0.01787524054336196,0.016348979758705744,44.082505544026695,0.6351491244207753,0.9983603849244602,-0.11379743414346787,43.67317254202707,0.5496034546947107,1.0077176591880914,0.6132688185690122,42.71113232203892,1.113639808846727,1.0304158379959383,1.1665305703067026,1.093355108831393,1.791759469228055,0.6931471805599453,0.09311764687299724,0.1986545296385884,0.7082278281450272,-0.10553688276559116
44.656776428222656,44.86863010408986,43.85733614690028,393483000.0,0.0145840201670035,0.0178979807475353,43.86382895324408,43.58567424362393,0.0875073586110259,76.90170458391913,-0.1961044673970562,-0.5386729445835723,0.342568477186516,0.1029849279010009,0.8742978114356187,0.0119694855710792,-0.028654571831851,0.0290682630243433,0.0,0.0,0.0273341024988693,0.0584056250570723,0.2113540401116885,0.284961978066486,-0.4852809290606961,742.0,1,2023-10-05,0.014690885867638004,-0.002098860399443403,0.037109387631361734,44.01022720336914,43.48658752441406,44.75070190429688,43.46860122680664,43.05888748168945,-0.002098860399443403,0.037109387631361734,0.08949955266929366,0.017881162093128535,0.013717133361834166,44.05119705200195,0.5861692707926816,1.0137471718533737,1.033113481711133,43.90144239153181,0.5827755921320191,1.0172052214128742,1.2960975835098762,42.97316360473633,1.1086646138951808,1.0391782378177241,1.5185952562976868,1.3035640626546756,1.3862943611198906,0.6931471805599453,0.0787160272399584,0.1556843544046084,0.7655996282895406,-0.07696832716465
45.73002624511719,45.75700780664416,43.99523916079719,434436000.0,0.023749048068146,0.0192292299207791,44.33037827621236,43.87158784382303,0.1040781939753432,78.42283813666103,-0.0123348155486837,-0.4334053187765946,0.4210705032279108,0.1162756006808662,1.0264274764927874,0.0145840201670035,0.0119694855710792,-0.028654571831851,0.0290682630243433,0.0,0.0520243337601566,0.0918851655622745,0.0331197862092536,-0.2490872499083423,-0.1782342539024348,847.0,0,2023-10-06,0.02403330250716995,0.05158921056851429,0.052024333760156694,44.656776428222656,44.01022720336914,43.48658752441406,43.46860122680664,43.46860122680664,0.05158921056851429,0.052024333760156694,0.0997838661329633,0.019234680467902502,0.014381647430536961,44.79900995890299,0.8686771373395541,1.0207820727973291,1.071763312507065,44.22450310843332,0.8625112745917436,1.0340427371901162,1.7455112542111242,43.269528252737864,1.2530298205248733,1.0568644515375236,1.9636388153545,1.3374462529974804,1.3862943611198906,0.6931471805599453,0.0787160272399584,0.1556843544046084,0.7655996282895406,-0.07696832716465
45.73002624511719,45.75700780664416,43.99523916079719,434436000.0,0.0,0.0192292299207791,44.68029026843857,44.11937963066225,0.0,78.42283813666103,0.1317848241108521,-0.3203672901991052,0.4521521143099574,0.1274857675855422,0.9622044328604036,0.023749048068146,0.0145840201670035,0.0119694855710792,-0.028654571831851,0.0290682630243433,0.0218839995608266,0.0775642827434865,0.0255113439398694,-0.1354323076643294,-0.0076084422693841,865.0,1,2023-10-07,0.0,0.039077258878963184,0.052024333760156694,45.73002624511719,44.656776428222656,44.01022720336914,44.75070190429688,43.46860122680664,0.039077258878963184,0.052024333760156694,0.0997838661329633,0.019234680467902502,0.014381647430536961,45.372276306152344,0.6196410706915749,1.0078847694691557,0.5773502691898115,44.54756382533482,0.9511562144390991,1.0265438178486852,1.2431842444299974,43.5658929007394,1.312194197093435,1.0496749452446332,1.6492477631523093,1.3374462529974804,2.0794415416798357,0.6931471805599453,0.09571198320814538,0.09163047958697589,0.8126575606209892,0.004081503621169491
45.24135971069336,45.57312842393476,44.3369933910708,409675000.0,-0.0107434052909914,0.0175095100068948,45.017383124629504,44.455096139003416,-0.0569957370015375,71.2435165678702,0.2887327638841128,-0.1083769528946115,0.3971097167787243,0.1426118779242375,0.8037956254092443,0.0,0.0,0.023749048068146,0.0145840201670035,0.0119694855710792,0.0279737821310308,0.040782505851453,-0.3869549361055475,-0.8801930367876182,-0.1159092390957217,504.0,1,2023-10-09,-0.010685901027139844,-0.010685901027139844,0.010964248280301625,45.73002624511719,45.73002624511719,45.73002624511719,44.01022720336914,44.75070190429688,-0.010685901027139844,0.010964248280301625,0.07226077278534171,0.01746688378266676,0.014914403613952843,45.56713740030924,0.282131755193144,0.9928506000551689,-1.1547005383809403,44.940718514578684,0.9147257635002579,1.0066897282921088,0.32866811902646337,44.080033438546316,1.251081496600302,1.0263458573316668,0.9282578915145335,1.1711419534285636,1.9459101490553132,0.6931471805599453,0.0460178535431623,0.1992663793886701,0.754715750614802,-0.1532485258455078
45.7660026550293,46.22667910442184,45.056499625489394,368582000.0,0.011529809077006,0.0115142518178099,45.20453800722945,44.62988367447353,-0.100306340391774,76.2812279966384,0.3629701929660598,-0.0141075237224772,0.377077716688537,0.1478729082494329,0.8456570125686019,-0.0107434052909914,0.0,0.0,0.023749048068146,0.0145840201670035,0.0248389229032128,0.0528519750666802,-0.3092941065738066,-0.9361998381070664,0.0776608295317409,725.0,0,2023-10-10,0.011596533519127039,0.0007867130825438551,0.052416509557930535,45.24135971069336,45.73002624511719,45.73002624511719,44.656776428222656,43.48658752441406,0.0007867130825438551,0.052416509557930535,0.0927441659066579,0.011587313066587755,0.014551948276039107,45.57912953694662,0.29306981619176287,1.0040999711925434,0.637640274631367,45.26634924752371,0.6885599333295614,1.0110380760943056,0.7256498429838746,44.357482365199495,1.1529184767060063,1.031753837565291,1.221699815111016,0.7962722823628469,1.791759469228055,0.6931471805599453,0.10589976646006102,0.3359675288200378,0.558132690936327,-0.23006776235997675
46.77329254150391,46.8262569088581,46.01782030265103,378137000.0,0.0217708524676941,0.0127107339196948,45.59672664079807,44.915671523410914,0.0259236750573821,77.64460210368368,0.4973506176012776,0.0881841045422737,0.4091665130590039,0.1502372252715686,0.9470165264288692,0.011529809077006,-0.0107434052909914,0.0,0.0,0.023749048068146,0.0228135949626338,0.0760247908013955,-0.4230702629013288,-0.2569778235098954,-0.1137761563275222,895.0,0,2023-10-11,0.022009566666052693,0.02281359496263402,0.06278234659791182,45.7660026550293,45.24135971069336,45.73002624511719,45.73002624511719,44.01022720336914,0.02281359496263402,0.06278234659791182,0.10214739783619775,0.012803966509014256,0.015045288362824347,45.92688496907552,0.7785350915393917,1.018429457451737,1.0871797323288213,45.66107286725725,0.6386283531070084,1.0243581590270563,1.7415757832165912,44.66712270464216,1.1796537218612555,1.0471525746305317,1.7854136326876007,0.8510283219729965,2.1972245773362196,1.1223955811205886,0.10122724622488016,0.12897829129360613,0.7697944696992636,-0.02775104506872597
46.91218948364258,47.57572687289941,46.297621446476896,481325000.0,0.0029651775473547,0.0125719632431007,45.9255923515092,45.18187391810847,0.2728852241383415,76.18136502232663,0.608046710718547,0.1921566257775283,0.4158900849410186,0.1536501630112247,0.9156023848438044,0.0217708524676941,0.011529809077006,-0.0107434052909914,0.0,0.0,0.0258509197477578,0.0483006408249915,-0.5470031608008991,-1.1225011860535064,-0.1239328978995702,1083.0,0,2023-10-12,0.0029695780346319367,0.0369314667736278,0.05050550522931441,46.77329254150391,45.7660026550293,45.24135971069336,45.73002624511719,44.656776428222656,0.0369314667736278,0.05050550522931441,0.08948912123174857,0.012671899866731803,0.014917495366765399,46.48382822672526,0.6255223846267784,1.0092152749301968,0.6848056399658732,45.98327473231724,0.6160438563600944,1.02020114393185,1.5078711389378112,44.94235856192453,1.2242396439443435,1.0438301634526788,1.6090239614945863,0.8494656478971299,2.0794415416798357,0.6931471805599453,0.08333369450909746,0.08285219421876323,0.833814127104623,0.0004815002903342247
45.429229736328125,47.08307579073531,45.24835646569822,474115000.0,-0.0321218207144005,0.0171109575738956,45.80150169771393,45.2148546938711,-0.0149794837168233,61.625966385680215,0.5695463284951003,0.2676345663210427,0.3019117621740576,0.1453690108477311,0.6771454932014832,0.0029651775473547,0.0217708524676941,0.011529809077006,-0.0107434052909914,0.0,-0.0065776587832415,0.0446722155612562,-0.2823975445136183,-1.2645069236824784,0.2646056162872807,1117.0,1,2023-10-13,-0.03161139489836717,-0.007358582772449385,-0.006577658783241569,46.91218948364258,46.77329254150391,45.7660026550293,45.73002624511719,45.73002624511719,-0.007358582772449385,-0.006577658783241569,0.04510447666101536,0.017012304738354113,0.017962432471914615,46.3715705871582,0.8190407801147944,0.9796784788848398,-1.1505420410177896,45.940303802490234,0.6463958737226694,0.9888752571519911,-0.7906518078755269,45.08240345546177,1.1527366108604344,1.0076931630588195,0.3008720965385768,0.9471047289922405,1.3862943611198906,0.6931471805599453,0.041552642360329566,0.21753314137458798,0.7409142057100931,-0.1759804990142584
45.429229736328125,47.08307579073531,45.24835646569822,474115000.0,0.0,0.0171109575738956,45.70843370736748,45.24343803286537,0.0,61.625966385680215,0.5328916549183802,0.3206859840405102,0.2122056708778699,0.1344153492725926,0.6585703951901762,-0.0321218207144005,0.0029651775473547,0.0217708524676941,0.011529809077006,-0.0107434052909914,0.0041526166949035,0.0322425632206315,-0.39083152455708,-1.214375607941944,-0.1084339800434616,794.0,0,2023-10-14,0.0,-0.02873568936766946,-0.006577658783241569,45.429229736328125,46.91218948364258,46.77329254150391,45.24135971069336,45.73002624511719,-0.02873568936766946,-0.006577658783241569,0.04510447666101536,0.017012304738354113,0.017962432471914615,45.92354965209961,0.8561872093092517,0.9892360255355634,-0.5773502691897116,45.89733287266323,0.6721880066483698,0.9898010819575551,-0.6963872186133385,45.22244834899902,1.056692111742304,1.0045725385262931,0.19568745241047983,0.9471047289922405,1.0986122886681098,0.6931471805599453,0.055294698104262296,0.07380285533145065,0.870902419090271,-0.01850815722718835
46.06279373168945,46.19270015345539,44.88061784699003,375099000.0,0.0138498220654758,0.0172871517206583,45.74467296887809,45.3741547228865,-0.2088438459023655,58.42859572332513,0.5157073034128814,0.3880766131001063,0.127630690312775,0.1141078094929646,0.736570046918369,0.0,0.0,-0.0321218207144005,0.0029651775473547,0.0217708524676941,-0.0151902671633389,0.0072767831968563,-1.8015055851959751,-2.5325107817552497,-1.671923993931994,625.0,0,2023-10-16,0.013946175161642538,0.013946175161642538,0.018156704976352467,45.429229736328125,45.429229736328125,45.429229736328125,46.77329254150391,45.24135971069336,0.013946175161642538,0.018156704976352467,0.029320027877966837,0.017177546418783614,0.016651495451701654,45.6404177347819,0.3657883432703944,1.0092544288126808,1.1547005383802782,45.97170966012137,0.6403778178250457,1.0019813070308128,0.14223489482730337,45.45621408735003,0.9282382581041777,1.0133442623086428,0.6534740828053102,1.0315918151980878,1.0986122886681098,0.6931471805599453,0.35473553510382766,0.5291867777705193,0.1160776484757661,-0.1744512426666916
43.90729904174805,44.72273077097073,42.45031760329598,812333000.0,-0.0479249752881091,0.0250253926042344,45.28532948709558,45.17857396540138,1.165649601838448,52.424863252813104,0.3516762980951071,0.3807965500991065,-0.0291202520039993,0.1042814599338635,0.2826663348391101,0.0138498220654758,0.0,0.0,-0.0321218207144005,0.0029651775473547,-0.0640535109311468,-0.039858433354032,0.0480623032236715,-0.8804959802438268,1.849567888419647,990.0,0,2023-10-17,-0.046794701652203674,-0.03350113359643969,-0.04061319550434883,46.06279373168945,45.429229736328125,45.429229736328125,46.91218948364258,45.7660026550293,-0.03350113359643969,-0.04061319550434883,0.009674512103249988,0.02467820782654239,0.019715712998734584,45.13310750325521,1.1078382653985202,0.9728401492979681,-1.106486839995734,45.706180572509766,1.0154176851676784,0.9606424884287167,-1.7715680522785706,45.48626491001674,0.8641673503959941,0.9652869746198707,-1.8271528860065755,1.251702529253003,0.6931471805599453,0.6931471805599453,0.0785716027021408,0.0327578596770763,0.8886705040931702,0.045813743025064496
42.16651916503906,43.18880707493327,41.79577997825451,627294000.0,-0.0404540500174515,0.0245965191570853,44.505626906581455,44.776966658686405,-0.2277871267078894,40.68090081842452,0.0802886393981907,0.3206949679589234,-0.2404063285607326,0.112273146968569,-0.0386767407656481,-0.0479249752881091,0.0138498220654758,0.0,0.0,-0.0321218207144005,-0.0718196322109329,-0.077924885959553,0.4658947127251799,-0.5067687334009031,0.4178324095015083,937.0,0,2023-10-18,-0.03964670828542227,-0.0718196322109329,-0.09849153493688878,43.90729904174805,46.06279373168945,45.429229736328125,45.429229736328125,46.77329254150391,-0.0718196322109329,-0.09849153493688878,-0.041892718022344955,0.024162494169726233,0.022152106825588623,44.04553731282552,1.9518122961427953,0.9573391934251801,-0.9627043294582212,45.048070090157644,1.5569814561303206,0.9360338651722139,-1.8507291231844918,45.35457147870745,1.1867028655813643,0.9297082474880162,-2.686478988239877,1.0907537761516817,2.4849066497880004,0.6931471805599453,0.04460934278639876,0.1854303126985376,0.7699603346938436,-0.14082096991213883
42.07158279418945,43.26674621056965,41.85273405618411,501233000.0,-0.002254001665171,0.0240406379928634,43.897115878483454,44.41624881008681,-0.2009599964291065,36.16134603690101,-0.1408252611232754,0.2283909221424836,-0.369216183265759,0.1227881506328616,0.0021261262423836,-0.0404540500174515,-0.0479249752881091,0.0138498220654758,0.0,0.0,-0.0739093962549332,-0.0700636969528281,-0.0526963606958989,-1.864030970491108,-0.5185910734210789,1151.0,0,2023-10-19,-0.002251463310927515,-0.08664717474038486,-0.1031844120415858,42.16651916503906,43.90729904174805,46.06279373168945,45.429229736328125,46.91218948364258,-0.08664717474038486,-0.1031844120415858,-0.05789028767422155,0.023609477189787037,0.02157716786837806,42.71513366699219,1.033536133476814,0.9849338906950434,-0.622668963336415,44.3565548488072,1.662444472012799,0.9484862595301584,-1.3744651885131685,45.169914790562224,1.4707703753434966,0.931407176419555,-2.1066048434985367,1.0941879552407516,2.0794415416798357,0.6931471805599453,0.11551905024264537,0.2613322862557002,0.6231486882482257,-0.14581323601305485
41.35807418823242,42.44031742392992,41.049288238076365,477266000.0,-0.0171048528298066,0.0229620209956357,43.2623554559207,44.008492193839565,-0.0478160855330754,25.659287237065612,-0.3693758667235798,0.1088375643692709,-0.4782134310928507,0.1389918491993701,-0.0387153173860375,-0.002254001665171,-0.0404540500174515,-0.0479249752881091,0.0138498220654758,0.0,-0.0896153329414728,-0.0963144738687917,0.0119860408312338,-1.4951456515275825,0.0646824015271327,966.0,1,2023-10-20,-0.016959395358321916,-0.05805925003703294,-0.08961533294147284,42.07158279418945,42.16651916503906,43.90729904174805,45.429229736328125,45.429229736328125,-0.05805925003703294,-0.08961533294147284,-0.0956035326428788,0.02253649598103142,0.020214176264260416,41.86539204915365,0.44190698980026666,0.9878821662454375,-1.148019544000705,43.77496119907924,1.9172387426909445,0.9447883688610178,-1.2606082680420876,44.85763250078474,1.7753065216976682,0.921985220408342,-1.9712417375709308,1.11488569637522,2.3978952727983707,0.7847762537473608,0.11741149052977558,0.27918461393564936,0.6034038607031107,-0.1617731234058738
41.35807418823242,42.44031742392992,41.049288238076365,477266000.0,0.0,0.0229620209956357,42.78628513899863,43.65510312642528,0.0,25.659287237065612,-0.5442303199235496,-0.0217760124892931,-0.5224543074342565,0.1530097698538723,0.0249444635414342,-0.0171048528298066,-0.002254001665171,-0.0404540500174515,-0.0479249752881091,0.0138498220654758,-0.1021370864056029,-0.1157758639391557,0.3170501951048926,-0.6088132988831354,0.3050641542736587,921.0,1,2023-10-21,0.0,-0.01917267521282462,-0.08961533294147284,41.35807418823242,42.07158279418945,42.16651916503906,46.06279373168945,45.429229736328125,-0.01917267521282462,-0.08961533294147284,-0.0956035326428788,0.02253649598103142,0.020214176264260416,41.5959103902181,0.41194438571783526,0.9942822215031598,-0.5773502691904323,43.19336754935129,1.9490085768107828,0.9575098339109142,-0.9416548408021921,44.54535021100725,1.9824775978257372,0.9284487380236771,-1.6077236011496145,1.11488569637522,1.791759469228055,0.6931471805599453,0.06507304981350895,0.10553466379642482,0.8293922781944275,-0.04046161398291587
42.94497299194336,43.21778487682209,40.91639251850647,478530000.0,0.0376519313831898,0.0287139276491663,42.55816754896615,43.294984653414296,0.0026484182824673,38.60803090825549,-0.6432122143224746,-0.2505826900113584,-0.3926295243111161,0.1685492896410228,0.3051508867821896,0.0,0.0,-0.0171048528298066,-0.002254001665171,-0.0404540500174515,0.0184614201579562,-0.0546841044588126,-0.4958527433460772,-0.0624953100286564,-0.0067475451896856,493.0,0,2023-10-23,0.03836974604979204,0.03836974604979204,-0.06768631442345951,41.35807418823242,41.35807418823242,41.35807418823242,42.16651916503906,46.06279373168945,0.03836974604979204,-0.06768631442345951,-0.0507585698890306,0.02851849623351128,0.02350269322483554,41.88704045613607,0.9161964514989569,1.0252567983864878,1.1547005383795614,42.16637093680246,0.9666150166138443,1.0184650003745364,0.805493440261695,44.069040298461914,2.1258243620301682,0.9744930386750948,-0.5287677225813083,1.2134139675267297,0.6931471805599453,0.6931471805599453,0.0606642477214336,0.0527269393205642,0.8866087794303894,0.007937308400869397
43.63248443603516,43.66646107168209,42.6611674055464,401463000.0,0.0158823304917688,0.0244896965187223,42.8267467707334,43.339984624430414,-0.1610494639834493,39.58430251072974,-0.5561153584859184,-0.3116892237062704,-0.2444261347796479,0.1691683127022681,0.3998620276350088,0.0376519313831898,0.0,0.0,-0.0171048528298066,-0.002254001665171,0.0371010914773874,-0.0395504240490385,0.0843772018336085,-1.377888386060315,0.5802299451796857,1102.0,0,2023-10-24,0.01600912507782426,0.0549931371913317,-0.0062589731482135536,42.94497299194336,41.35807418823242,41.35807418823242,42.07158279418945,43.90729904174805,0.0549931371913317,-0.0062589731482135536,-0.046617971752437426,0.024461587651564524,0.023748375938652436,42.64517720540365,1.1664663000049962,1.0231516737725366,0.8464087051870134,42.1271117074149,0.8863724441469726,1.0357340597920768,1.698352355785391,43.91664613996233,2.0705711568847174,0.9935295217439523,-0.13723831851048499,1.0300320204949795,2.1972245773362196,0.6931471805599453,0.2565605691634118,0.17019288585288445,0.5732465400360525,0.08636768331052735
41.749813079833984,43.61950822005005,41.52597053911099,398379000.0,-0.0441069546538961,0.0254915198871641,42.55751334800855,43.12796175181756,-0.0076819034381748,27.406767907222033,-0.6317241937697844,-0.3756962177189732,-0.2560279760508111,0.1777050406186147,0.1833679060262594,0.0158823304917688,0.0376519313831898,0.0,0.0,-0.0171048528298066,0.0094718842521208,-0.0809922747501888,0.1757502435808214,-0.2790651830871515,0.0913730417472128,1033.0,0,2023-10-25,-0.043148387733023985,0.009471884252120866,-0.009882392321123201,43.63248443603516,42.94497299194336,41.35807418823242,41.35807418823242,42.16651916503906,0.009471884252120866,-0.009882392321123201,-0.107400595269456,0.02540966018386289,0.024801877652349605,42.7757568359375,0.9526743617074738,0.9760157661256953,-1.0769091699546962,42.067582266671316,0.8972115771386535,0.9924462217765938,-0.3541741936174594,43.55782617841448,1.9702919745394574,0.9584916590838394,-0.9176371430955591,1.0245055047860745,2.0794415416798357,0.6931471805599453,0.3515871859022549,0.0488849282264709,0.5995278821459838,0.302702257675784
40.29782104492188,42.22647269652664,39.852133556535904,541001000.0,-0.035397575030448,0.0285652397794038,41.99259027223688,42.7506096575648,0.3580058185797945,23.39420837536406,-0.7995911735576016,-0.4604752088866989,-0.3391159646709026,0.1926803986551078,0.0668399145735236,-0.0441069546538961,0.0158823304917688,0.0376519313831898,0.0,0.0,-0.025635940843982,-0.1251546469445142,0.4087701420630599,0.2761571907151703,0.2330198984822385,901.0,1,2023-10-26,-0.03477840804066845,-0.06164055447230332,-0.04216056614614816,41.749813079833984,43.63248443603516,42.94497299194336,41.35807418823242,42.07158279418945,-0.06164055447230332,-0.04216056614614816,-0.14099466495860324,0.02844018717493299,0.025581314407316067,41.89337285359701,1.6719605376591542,0.9619139806610694,-0.9542999208037496,41.814187731061665,1.1189659607542048,0.9637355938636744,-1.3551499682061126,43.08537128993443,1.8956944257976818,0.935301700750023,-1.4704639139504694,1.1117562890669648,1.6094379124341003,0.6931471805599453,0.13120462954975662,0.39564338396303356,0.47315198043361306,-0.2644387544132769
40.4717025756836,41.177210573030834,39.987040836148445,416784000.0,0.0043056289449662,0.0283425934670581,41.61236834809856,42.44675537998064,-0.2296058602479478,27.71144343454651,-0.9081278455977468,-0.5500057362289086,-0.3581221093688382,0.2024400622204346,0.1346118567544038,-0.035397575030448,-0.0441069546538961,0.0158823304917688,0.0376519313831898,0.0,-0.0214316461766255,-0.0782465909095845,0.2814112960513227,0.4195509572246723,-0.1273588460117372,937.0,1,2023-10-27,0.004314911482878658,-0.07244102418658371,-0.021431646176625407,40.29782104492188,41.749813079833984,43.63248443603516,41.35807418823242,41.35807418823242,-0.07244102418658371,-0.021431646176625407,-0.10912637501049616,0.02818281058544746,0.025096972619388747,40.839778900146484,0.7928936579605719,0.9909873085904105,-0.46421902958541106,41.687563214983264,1.2243705443963862,0.9708339719203674,-0.9930495672771037,42.73126220703125,1.8871963731909158,0.9471216267752595,-1.197310287072634,1.122956581770135,2.1972245773362196,0.8811568551569796,0.0523491357453167,0.24082465562969443,0.7068262025713921,-0.18847551988437772
40.4717025756836,41.177210573030834,39.987040836148445,416784000.0,0.0,0.0283425934670581,41.327201904994816,42.18341500607437,0.0,27.71144343454651,-0.9828146644827812,-0.6365675218796831,-0.3462471426030979,0.209034265857226,0.1729498211228477,0.0043056289449662,-0.035397575030448,-0.0441069546538961,0.0158823304917688,0.0376519313831898,-0.0575916165257284,-0.0401934193980296,-0.405792279740331,-0.8128736292590014,-0.6872035757916537,834.0,1,2023-10-28,0.0,-0.030613562310000786,-0.021431646176625407,40.4717025756836,40.29782104492188,41.749813079833984,42.94497299194336,41.35807418823242,-0.030613562310000786,-0.021431646176625407,-0.10912637501049616,0.02818281058544746,0.025096972619388747,40.413742065429695,0.10039054858960933,1.001434178259466,0.5773502692055744,41.56093869890486,1.3071608597042987,0.9737918305668596,-0.833283918451831,42.37715312412807,1.8053490500977816,0.955035900055316,-1.0554471714715041,1.122956581770135,1.3862943611198906,0.6931471805599453,0.03570583835244173,0.0517928798993428,0.9125012954076132,-0.01608704154690107
41.13224411010742,41.73682099798971,40.45271885502617,388028000.0,0.0161893140756029,0.0240332544474532,41.11805633202712,41.84546100576696,-0.0689949710161618,27.88637432171359,-1.0027679399902991,-0.7727775718102475,-0.2299903681800518,0.2124939790873046,0.298584554676516,0.0,0.0,0.0043056289449662,-0.035397575030448,-0.0441069546538961,-0.0147921373574929,-0.0054603625182638,0.1624158511272579,-0.2639879274188101,-0.0030851472318768,365.0,1,2023-10-30,0.0163210710789492,0.0163210710789492,-0.04221050231364709,40.4717025756836,40.4717025756836,40.4717025756836,41.749813079833984,42.94497299194336,0.0163210710789492,-0.04221050231364709,-0.10703974340553302,0.023696536209412755,0.025263642998296455,40.69188308715821,0.38136383270981816,1.0108218393827093,1.1547005383813749,41.175352913992754,1.198943406001744,0.9989530434875598,-0.035955662018353075,41.6708619253976,1.1658033813711084,0.9870744738552695,-0.4620142846529652,0.9379698807100239,1.0986122886681098,0.6931471805599453,0.06849592924118035,0.03872322291135785,0.8927808403968811,0.0297727063298225
40.751502990722656,40.85043664876845,39.20258684468398,517969000.0,-0.0092996199326173,0.0219808041224394,41.026417996701,41.69959993709438,0.3348753182760007,33.16632732336886,-1.0002755324991313,-0.8182771639480243,-0.1819983685511069,0.2013668275311205,0.2766849317496031,0.0161893140756029,0.0,0.0,0.0043056289449662,-0.035397575030448,0.0112582252349335,-0.0146663308051793,0.2029932801097233,0.1538333435870788,0.0405774289824654,774.0,1,2023-10-31,-0.00925651219917778,0.006913482686225381,-0.06602836126684464,41.13224411010742,40.4717025756836,40.4717025756836,40.29782104492188,43.63248443603516,0.006913482686225381,-0.06602836126684464,-0.07187406467486845,0.021638508757148543,0.022659257943313825,40.785149892171226,0.3315537138338705,0.9991750207725723,-0.10148250508039645,40.76378413609096,0.5133587395780066,0.9996987241094373,-0.023923125139353824,41.44544792175293,0.992296367990047,0.9832564258361881,-0.6993323299528936,0.9549522235582971,1.0986122886681098,0.6931471805599453,0.0968118123710155,0.0578326545655727,0.8453555405139923,0.038979157805442796
42.2954330444336,42.35139367956083,40.84044890706074,437593000.0,0.0371863921562455,0.0222817090759701,41.343671758634144,41.77904435140628,-0.1551753097193074,50.70240447889381,-0.8637611288125981,-0.8273739569209391,-0.036387171891659,0.1792916487273417,0.4810697289894313,-0.0092996199326173,0.0161893140756029,0.0,0.0,0.0043056289449662,0.0450618667534323,0.0226644705924889,0.6842209514071149,-0.2417647560568281,0.4812276712973915,928.0,1,2023-11-01,0.03788645670473634,0.04506186675343238,0.013068800177770346,40.751502990722656,41.13224411010742,40.4717025756836,40.4717025756836,41.749813079833984,0.04506186675343238,0.013068800177770346,0.0030572568461240124,0.022307009653902844,0.023031047027163323,41.393060048421226,0.8043312240279966,1.021800103567042,1.121892286480433,40.84172984531948,0.6967053105420572,1.0355935756056307,2.0865395700559533,41.45465605599539,1.0000700352251561,1.0202818469245654,0.8407181085561821,0.9685625506992134,1.3862943611198906,0.6931471805599453,0.30705342317620915,0.3174897101707756,0.37545686960220337,-0.010436286994566446
43.4755973815918,43.853331578454224,42.864025551225126,409172000.0,0.0275206865822483,0.0167546325435123,41.87665316437356,42.00525142209768,-0.0649484795232099,56.840948968060424,-0.6528178041132264,-0.7924627263593965,0.1396449222461701,0.1688492064925466,0.6585878782247201,0.0371863921562455,-0.0092996199326173,0.0161893140756029,0.0,0.0,0.0742221012395218,0.012355913921473,0.4930723627955735,-0.2435812208788753,-0.1911485886115413,1082.0,1,2023-11-02,0.02790287868475949,0.05697119916947457,0.0788572745193219,42.2954330444336,40.751502990722656,41.13224411010742,40.4717025756836,40.29782104492188,0.05697119916947457,0.0788572745193219,0.03337204103469693,0.01699958471837343,0.024140773184836064,42.17417780558268,1.366089194490012,1.030858208594095,0.9526607642152989,41.29569789341518,1.1626981718587328,1.0527875686664254,1.8748627467881431,41.55494281223842,1.1288054323090095,1.0462196417410956,1.7014930247320041,0.7041855945629635,1.0986122886681098,2.860155888303706,0.04736876860260955,0.46437428519129753,0.48825690895318985,-0.417005516588688
44.97355270385742,45.27733731815709,43.69244703893823,424610000.0,0.033874798351407,0.0184712200939654,42.650878049244525,42.40102492633231,0.0377298544377424,66.36512947738696,-0.3606142869274222,-0.7060930384730016,0.3454787515455794,0.1652587432410784,0.8795683352464787,0.0275206865822483,0.0371863921562455,-0.0092996199326173,0.0161893140756029,0.0,0.1112345130466205,0.0307355468100438,0.3704650292225874,-0.5975282074477192,-0.1226073335729861,949.0,1,2023-11-03,0.03445508313819934,0.1036047606414896,0.11123451304662058,43.4755973815918,42.2954330444336,40.751502990722656,40.4717025756836,40.4717025756836,0.1036047606414896,0.11123451304662058,0.08741892814375074,0.018744494420103883,0.024834123722825386,43.58152770996094,1.342198626656694,1.0319407112839307,1.0371229460753537,41.93881934029715,1.7351087184013803,1.0723609632149165,1.7490162612728284,41.81319127764021,1.448581977971196,1.0755828801784673,2.181693182903906,0.754787832633513,1.3862943611198906,2.5755512216158807,0.1933095256487528,0.0168436119953791,0.7898468375205994,0.17646591365337372
44.97355270385742,45.27733731815709,43.69244703893823,424610000.0,0.0,0.0184712200939654,43.23154671289775,42.744028630002326,0.0,66.36512947738696,-0.1275703428425032,-0.590388499346902,0.4628181565043987,0.1615502205815396,0.89182520825839,0.033874798351407,0.0275206865822483,0.0371863921562455,-0.0092996199326173,0.0161893140756029,0.093389229711541,0.0772156660404443,0.3588376170779712,0.1526721314954837,-0.0116274121446162,859.0,1,2023-11-04,0.0,0.06331935782783726,0.11123451304662058,44.97355270385742,43.4755973815918,42.2954330444336,41.13224411010742,40.4717025756836,0.06331935782783726,0.11123451304662058,0.08741892814375074,0.018744494420103883,0.024834123722825386,44.47423426310221,0.8648449085439802,1.0112271396917443,0.5773502691897026,42.58194078717913,1.924645084461635,1.0561649345348387,1.242624905748417,42.07143974304199,1.667013167559911,1.0689805953525846,1.7409058412318332,0.754787832633513,1.9459101490553132,1.99319142759176,0.16873423568904397,0.16271947417408222,0.6685462991396586,0.006014761514961747
45.719032287597656,45.90290564428218,44.86762640814462,400733000.0,0.0164400733350405,0.0184740015740747,44.18004422987767,43.39832967732718,-0.0562327783142178,63.59184268516286,0.259482065490765,-0.3169173885775376,0.5763994540683026,0.1644050674366967,0.9866166178141976,0.0,0.0,0.033874798351407,0.0275206865822483,0.0371863921562455,0.0809448916049018,0.1296542862782053,-1.4561703823616303,-1.8785705460853968,-1.7264877321432297,666.0,1,2023-11-06,0.016575954953994332,0.016575954953994332,0.11151320033042222,44.97355270385742,44.97355270385742,44.97355270385742,42.2954330444336,41.13224411010742,0.016575954953994332,0.11151320033042222,0.06459566981622555,0.018746988210989256,0.023304592150746685,45.2220458984375,0.4304028383476477,1.0109899138636125,1.1547005383796454,43.88031768798828,1.799606394381769,1.0419029463889389,1.0217315327116523,42.52783530099051,2.0317709458448325,1.0750378420162106,1.5706480069190139,0.8044332245646529,1.3862943611198906,1.7978758487841207,0.10373634224136667,0.014684431254863664,0.8815792202949524,0.089051910986503
45.922889709472656,46.18570260804149,45.12644574728523,343165000.0,0.0044490066050435,0.0160142819650121,44.61575559977641,43.734937681613246,-0.1436567490074438,61.78044842993015,0.4318439455733838,-0.1671651217473533,0.5990090673207371,0.180150255526929,0.944218418884598,0.0164400733350405,0.0,0.0,0.033874798351407,0.0275206865822483,0.0562911719510283,0.1346913222539907,-0.0267799085096184,-0.9693879297787024,1.429390473852012,797.0,1,2023-11-07,0.0044589181282890245,0.021108783908321493,0.12690051505406563,45.719032287597656,44.97355270385742,44.97355270385742,43.4755973815918,40.751502990722656,0.021108783908321493,0.12690051505406563,0.05249312073428247,0.016301907588741737,0.02307809570531467,45.538491566975914,0.4997563420402877,1.0084411698602573,0.7691711143222557,44.61908721923828,1.2905848260382393,1.0292207342527666,1.0102416082457055,42.69143567766462,2.2117978216905887,1.0756932621382578,1.461007873376994,0.7063801015864389,1.6094379124341003,1.4357507969523706,0.20877596130594608,0.07912234589457509,0.7121016830205917,0.129653615411371
46.54145431518555,46.83424882805,45.93587499644732,346719000.0,0.0133797268560821,0.0133329003144704,45.0971802786287,44.109139899422885,0.0103565340288198,78.3290782956996,0.6113081911585354,-0.0114704591661756,0.622778650324711,0.197524150142628,0.9498205799240632,0.0044490066050435,0.0164400733350405,0.0,0.0,0.033874798351407,0.0348627474830034,0.1499752012693631,0.2020274423316302,-0.434292893414816,0.2288073508412487,845.0,1,2023-11-08,0.013469635940294378,0.03486274748300344,0.10038959209357845,45.922889709472656,45.719032287597656,44.97355270385742,44.97355270385742,42.2954330444336,0.03486274748300344,0.10038959209357845,0.11477036379034766,0.013549075503098616,0.018752987063009454,46.06112543741862,0.4282830083320508,1.0104280751546015,1.121522144055099,45.22566168648856,0.9758973303627684,1.0290939386983051,1.3482900175655492,43.03369576590402,2.4161738299180024,1.0815119056555853,1.4517823617850245,0.722502258310857,1.791759469228055,1.5964149750162404,0.16009686291217798,0.20843231528997422,0.6314708158373833,-0.04833545237779624
46.91719055175781,48.19629482563236,46.71732955595706,540496000.0,0.0080407384783464,0.0119170158348146,45.55218284691098,44.48354665306754,0.5588877448308285,94.84150159754316,0.7749208674984303,0.1458078061667455,0.6291130613316847,0.2118059275840969,0.9275102256796508,0.0133797268560821,0.0044490066050435,0.0164400733350405,0.0,0.0,0.0432173517778078,0.1406426166820511,0.2841142092946548,-0.1113172426395755,0.0820867669630245,840.0,1,2023-11-09,0.008073152034049569,0.026206990922797546,0.0791614923645243,46.54145431518555,45.922889709472656,45.719032287597656,44.97355270385742,43.4755973815918,0.026206990922797546,0.0791614923645243,0.16426122641859497,0.012115302570480407,0.014181786651486748,46.46051152547201,0.5020680657512275,1.00982940159915,0.9095958445444872,45.71731785365513,0.7979889222529135,1.026245474459888,1.5036207454047772,43.506507873535156,2.4862614954381135,1.078394769999395,1.3718117279621254,0.8542860549386632,2.0794415416798357,0.7510707674325402,0.3921389473336084,0.1778949032138501,0.4299661722034216,0.21424404411975828
48.30122375488281,48.43812905946533,47.24996072733801,421245000.0,0.0290727522985447,0.0104167033173321,46.23944307390394,44.99257026664292,-0.2206325301204819,95.5681414514582,1.004683637330281,0.3175829723994526,0.6871006649308283,0.2330412322213754,0.9880369002673398,0.0080407384783464,0.0133797268560821,0.0044490066050435,0.0164400733350405,0.0,0.0739917318282035,0.1852623881352031,0.3504402219165249,0.2569604622495812,0.0663260126218701,918.0,1,2023-11-10,0.02949949020494258,0.051789729706830157,0.07399173182820351,46.91719055175781,46.54145431518555,45.922889709472656,44.97355270385742,44.97355270385742,0.051789729706830157,0.07399173182820351,0.19345667913421027,0.010561815196128796,0.01484823490508583,47.253289540608726,0.9267788398280918,1.0221769579316484,1.1307273852610482,46.19269943237305,1.1805498373558647,1.0456462676660991,1.7860527830255186,44.0657593863351,2.627664018610287,1.0961169040890542,1.6118744019594076,0.7113178949311446,1.791759469228055,2.038033824930865,0.22617127858102318,0.30810455828905103,0.4657241523265839,-0.08193327970802786
48.30122375488281,48.43812905946533,47.24996072733801,421245000.0,0.0,0.0104167033173321,46.75488824414866,45.433724065074905,0.0,95.5681414514582,1.1732478172574543,0.488715941371053,0.6845318758864014,0.2476407204810755,0.9235504281823328,0.0290727522985447,0.0080407384783464,0.0133797268560821,0.0044490066050435,0.0164400733350405,0.0564795739997681,0.1419961985999722,0.0366936137727783,-0.4350963707140524,-0.3137466081437466,881.0,1,2023-11-11,0.0,0.03781079610834359,0.07399173182820351,48.30122375488281,46.91719055175781,46.54145431518555,45.719032287597656,44.97355270385742,0.03781079610834359,0.07399173182820351,0.19345667913421027,0.010561815196128796,0.01484823490508583,47.83987935384115,0.7990719423916557,1.009643510963508,0.5773502691895817,46.66808101109096,1.2740898755687393,1.0349948553359998,1.2818112561037613,44.62501089913504,2.637062454062932,1.0823800998963795,1.3940560452346573,0.7113178949311446,2.3978952727983707,1.5834029433416852,0.25220552701503035,0.21978390701115127,0.5280105572193861,0.032421620003879076
48.58602523803711,49.08168084897678,48.06538938330792,384136000.0,0.0058790461369888,0.0101225107679318,47.50261040088343,46.18538640784767,-0.088093627224062,95.3654423188901,1.3929347633716702,0.7980761031031739,0.5948586602684963,0.2767979580528553,0.855676197779325,0.0,0.0,0.0290727522985447,0.0080407384783464,0.0133797268560821,0.0439301038812716,0.08032437548279,0.6182407271908626,0.3654399348073901,0.6033932609079645,603.0,1,2023-11-13,0.005896361644988524,0.005896361644988524,0.06270895963861411,48.30122375488281,48.30122375488281,48.30122375488281,46.54145431518555,45.719032287597656,0.005896361644988524,0.06270895963861411,0.1812150367477292,0.010270937602083734,0.014920012477659039,48.396157582600914,0.16443021296515284,1.0039231969007485,1.1547005383763238,47.55303301130022,1.067036033688375,1.021722951435956,0.9680949791041168,45.716675349644255,2.377358373888297,1.0627637479420335,1.2069488218134647,0.6884000678594105,0.6931471805599453,0.6931471805599453,0.146874725818634,0.0151515044271945,0.8379738330841064,0.1317232213914395
49.62129592895508,49.799172935741794,49.00572910678886,416954000.0,0.0210841519768668,0.0108852287874734,48.032281782901336,46.64350767732866,0.0854332840452338,100.0,1.538770827269147,0.9462150479363686,0.5925557793327784,0.2892094420215263,0.8871308896615205,0.0058790461369888,0.0,0.0,0.0290727522985447,0.0080407384783464,0.0576357054929401,0.1033439198299985,0.9257936870390024,0.5789546922942855,0.3075529598481398,1031.0,0,2023-11-14,0.021307993108015566,0.027329994386297907,0.0805351371152836,48.58602523803711,48.30122375488281,48.30122375488281,46.91719055175781,45.922889709472656,0.027329994386297907,0.0805351371152836,0.21765560254922844,0.011037636458414109,0.013749858125331789,48.836181640625,0.6946807219917143,1.0160764880044793,1.1301800431125861,48.08137675694057,1.0406496288608076,1.032027351874699,1.4797671851382357,46.350231988089426,2.1203670946611965,1.0705727630814494,1.5426875606123853,0.8027454798300159,2.4849066497880004,1.8037163234615512,0.1814984727481549,0.19522526826370842,0.6232762668620456,-0.01372679551555353
48.85383605957031,49.92508551038347,48.166317129461184,475497000.0,-0.0155871922659909,0.0146972414022524,48.23767035206858,46.93821812829422,0.1404063757632736,90.51736977850845,1.5742721318844062,1.071826464725976,0.5024456671584301,0.283184660326932,0.7979276818679565,0.0210841519768668,0.0058790461369888,0.0,0.0,0.0290727522985447,0.0114409586699475,0.0862792268439152,0.7533770570921116,0.4912516857144383,-0.1724166299468909,1055.0,1,2023-11-15,-0.015466340711527748,0.011440958669947543,0.04968434653384435,49.62129592895508,48.58602523803711,48.30122375488281,48.30122375488281,46.54145431518555,0.011440958669947543,0.04968434653384435,0.1550617299093915,0.014810120849011591,0.014084949043336032,49.0203857421875,0.5373550487838986,0.9966024403909606,-0.3099434591600287,48.411717006138396,0.8123186347535183,1.009132480332723,0.5442680181356035,46.81868934631348,1.8646868727072774,1.0434686818804997,1.0914147265390857,1.0514855824784584,2.3978952727983707,1.5237943965700038,0.08792192786931985,0.15485681239515542,0.7572212636470794,-0.06693488452583557
49.44542694091797,49.49039748083271,48.2962327546505,339756000.0,0.0120366726223518,0.0148247548207774,48.53960949928093,47.27251263664405,-0.2854718326298588,89.77367745542806,1.6313385561561802,1.183728883012017,0.4476096731441632,0.2762140703602974,0.8138046432911157,-0.0155871922659909,0.0210841519768668,0.0058790461369888,0.0,0.0,0.0236889067623153,0.0815064201245392,0.7464784192566203,0.8249213916293239,-0.0068986378354912,1027.0,0,2023-11-16,0.01210940489148693,0.017688248805503237,0.05388720764025878,48.85383605957031,49.62129592895508,48.58602523803711,48.30122375488281,46.91719055175781,0.017688248805503237,0.05388720764025878,0.13731449178094302,0.014934896791525605,0.013182339472112633,49.30685297648112,0.4020581058678501,1.0028104402546834,0.344661536266597,48.772893633161274,0.5599071948802979,1.013789079500082,1.2011513942064536,47.2451057434082,1.7182190248710192,1.04657246846816,1.2805824901600866,1.132947366673459,2.833213344056216,1.7575905387160367,0.17232329922262576,0.20241751143475992,0.6252591882366687,-0.030094212212134153
49.263553619384766,49.68225956451404,48.97275658813656,325205000.0,-0.0036850451967807,0.0117255361157548,48.72059552930689,47.53798476767615,-0.0428277940639753,84.6601352875693,1.642949551732201,1.275573016756054,0.3673765349761471,0.2623968935515416,0.7756146214696722,0.0120366726223518,-0.0155871922659909,0.0210841519768668,0.0058790461369888,0.0,0.0199235089650222,0.0727450718159623,0.5496820335401492,0.4716651862890949,-0.196796385716471,773.0,1,2023-11-17,-0.00367826375026592,-0.007209451161503511,0.019923508965022263,49.44542694091797,48.85383605957031,49.62129592895508,48.30122375488281,48.30122375488281,-0.007209451161503511,0.019923508965022263,0.0953894157256423,0.011761937986297445,0.01140792827092732,49.18760553995768,0.30301984390485825,1.001544049127689,0.2506373128848016,48.91036932809012,0.5426715062854695,1.0072210514078415,0.6508251994142018,47.55153438023159,1.663619675254002,1.0360034489205654,1.0290929258766954,1.0310319022843355,2.4849066497880004,2.0493048457794107,0.16291666267947716,0.04671176819300107,0.7903715480457653,0.11620489448647608
49.263553619384766,49.68225956451404,48.97275658813656,325205000.0,0.0,0.0117255361157548,48.85633505182636,47.76806061457064,0.0,84.6601352875693,1.6333234137734465,1.3471230961595324,0.286200317613914,0.2421802127218133,0.7566561733252578,-0.0036850451967807,0.0120366726223518,-0.0155871922659909,0.0210841519768668,0.0058790461369888,0.0139449230108503,0.0584876288086049,0.5595185601298199,0.542514821182266,0.0098365265896707,876.0,1,2023-11-18,0.0,0.00838659955617116,0.019923508965022263,49.263553619384766,49.44542694091797,48.85383605957031,48.58602523803711,48.30122375488281,0.00838659955617116,0.019923508965022263,0.0953894157256423,0.011761937986297445,0.01140792827092732,49.324178059895836,0.10500461114663433,0.9987708981092913,-0.5773502691839952,49.04784502301897,0.4810298032677677,1.0043979219936077,0.4484308350551788,47.85796301705496,1.5429650958112213,1.0293700465652684,0.9109672060279537,1.0310319022843355,2.302585092994046,1.4372620969673324,0.13733278401196,0.1122785261314776,0.7503886984454261,0.025054257880482406
50.373779296875,50.512682115669016,49.14663666812377,414120000.0,0.0222862575021255,0.0138810897659432,49.31204959450572,48.28830229721197,0.2734121554096647,85.51391260918614,1.6569259197119024,1.4506908767737028,0.2062350429381996,0.1932519239420749,0.839959938644239,0.0,0.0,-0.0036850451967807,0.0120366726223518,-0.0155871922659909,0.0311120550585082,0.0429089654645171,0.3201651367995599,0.0080487295629269,0.0071117511659934,483.0,0,2023-11-20,0.022536451309784766,0.022536451309784766,0.036795643399087696,49.263553619384766,49.263553619384766,49.263553619384766,48.85383605957031,48.58602523803711,0.022536451309784766,0.036795643399087696,0.10181201955449204,0.013950729620445813,0.011909513811576957,49.633628845214844,0.6409890937604106,1.0149122776005026,1.1547005383789108,49.44071415492466,0.47290344529990697,1.0188724042097477,1.9730563421008775,48.496873583112446,1.2601865473804377,1.0387015816709497,1.4893872003824327,1.1713937144003845,1.0986122886681098,3.057946062741517,0.0930130183696746,0.01436435710638755,0.8926226198673248,0.07864866126328705
49.90910339355469,50.48170107547834,49.18760774710226,565747000.0,-0.0092673687979285,0.0127750074185983,49.46131304426797,48.50440911005767,0.3661426639621365,79.24917847406105,1.6399593817364178,1.4885445777662458,0.1514148039701719,0.1705611289103264,0.778091812057431,0.0222862575021255,0.0,0.0,-0.0036850451967807,0.0120366726223518,0.0093775396699631,0.0332885900951802,0.6132626305063822,0.6053552186508976,0.2930974937068222,816.0,0,2023-11-21,-0.009224559082251282,0.013104003400921993,0.005800079566879335,50.373779296875,49.263553619384766,49.263553619384766,49.44542694091797,49.62129592895508,0.013104003400921993,0.005800079566879335,0.08680232688536105,0.012824007496100095,0.012672453815489494,49.848812103271484,0.557563039936233,1.0012094829894502,0.10813358484109434,49.481829507010325,0.5027874647024831,1.008634965416625,0.8498101415420045,48.781603131975444,1.0698281305671318,1.023113226896805,1.0539078468440892,1.0119593002915788,2.6390573296152584,2.4866975072082833,0.2763080588327004,0.09689619900802002,0.626795745239808,0.17941185982468036
48.68194961547852,50.29981749899062,47.6566657610322,899420000.0,-0.0248951019183242,0.0150499937496744,49.266472187070605,48.52808117744711,0.5897919034480077,64.41834100094155,1.5100849052226408,1.4928526432575249,0.0172322619651159,0.1492643363770219,0.6080385904146358,-0.0092673687979285,0.0222862575021255,0.0,0.0,-0.0036850451967807,-0.0118059693460155,0.0078823232829006,0.6963411752783225,0.827752103175577,0.0830785447719403,931.0,0,2023-11-22,-0.02458777446670457,-0.01180596934601541,-0.003518381727121711,49.90910339355469,50.373779296875,49.263553619384766,49.263553619384766,48.85383605957031,-0.01180596934601541,-0.003518381727121711,0.045991156309754144,0.015036367099598668,0.014850255250972201,49.6549441019694,0.8740821625214202,0.9804048820497557,-1.1131613573764374,49.457274300711504,0.5412920917776862,0.9843233438114921,-1.4323591587800513,48.934495653424946,0.8567971375894107,0.9948391000137191,-0.29475593097446495,1.012532569001754,2.9444389791664403,2.7365932527811427,0.23930831569143463,0.1735959074253009,0.5870957831955619,0.06571240826613373
48.68194961547852,50.29981749899062,47.6566657610322,899420000.0,0.0,0.0140315941337722,49.12034154417258,48.54859696918464,0.0,62.52119927398752,1.3911224531936384,1.4725066052447475,-0.0813841520511091,0.1376138915911172,0.5887180416014518,-0.0248951019183242,-0.0092673687979285,0.0222862575021255,0.0,0.0,-0.0118059693460155,0.0019743203312361,0.6887511061692914,0.7212311591103986,-0.0075900691090311,1070.0,0,2023-11-23,0.0,-0.03358552217068678,-0.015440807627199127,48.68194961547852,49.90910339355469,50.373779296875,49.263553619384766,49.44542694091797,-0.03358552217068678,-0.015440807627199127,0.037614338006319414,0.014018593397208404,0.01480813015188669,49.09100087483724,0.7084975641094831,0.9916674899254623,-0.5773502691895058,49.348206111363005,0.6158597905678339,0.9864988710150688,-1.0818314591868092,49.060549872262136,0.6394181043137983,0.9922830001341328,-0.5921012467889292,0.9466822112866362,2.8903717578961645,2.0886362702525654,0.16297725007376246,0.16800600673784222,0.6690167412161827,-0.005028756664079759
47.74261474609375,48.886815068886136,47.711634365879085,294645000.0,-0.0194839269752856,0.0154997680181021,48.77590984465287,48.44113267277252,-0.6724055502434902,45.7696432120621,1.2071323094229172,1.4194317460803816,-0.2122994366574644,0.1233240268501657,0.4175217065033489,0.0,-0.0248951019183242,-0.0092673687979285,0.0222862575021255,0.0,-0.0308735111770852,-0.0378603812675734,0.4262227822007235,0.3164526185872688,-0.2625283239685678,765.0,1,2023-11-24,-0.01929534204780714,-0.043408686995982326,-0.030873511177085255,48.68194961547852,48.68194961547852,49.90910339355469,49.263553619384766,49.263553619384766,-0.043408686995982326,-0.030873511177085255,-0.011565110888781427,0.015472226489414336,0.013728961174678032,48.36883799235026,0.5423252396986411,0.9870531674472819,-1.154700538378939,49.130929129464285,0.8675628958580249,0.9717425579371356,-1.600246379828731,49.0206492287772,0.7045571245586313,0.9739286504199706,-1.8139543808943455,1.126977219365411,2.4849066497880004,2.566276116421214,0.2002905959432775,0.2048852591860023,0.5948241596872156,-0.004594663242724811
47.74261474609375,48.886815068886136,47.711634365879085,294645000.0,0.0,0.0154997680181021,48.517586070013095,48.34799694921535,0.0,45.7696432120621,1.049223993825649,1.3453901956294352,-0.2961662018037863,0.1060490714520648,0.3773707522113171,-0.0194839269752856,0.0,-0.0248951019183242,-0.0092673687979285,0.0222862575021255,-0.0522328200803563,-0.0227458353960492,-0.2162640453276915,-0.2915456758167208,-0.642486827528415,948.0,1,2023-11-25,0.0,-0.01929534204780714,-0.030873511177085255,47.74261474609375,48.68194961547852,48.68194961547852,50.373779296875,49.263553619384766,-0.01929534204780714,-0.030873511177085255,-0.011565110888781427,0.015472226489414336,0.013728961174678032,48.05572636922201,0.5423252396986227,0.9934844055685985,-0.5773502691894957,48.91365214756557,1.0079149131848884,0.9760590888216859,-1.1618415266537585,48.98074858529227,0.7619166071112476,0.974722031104884,-1.6250253999487085,1.126977219365411,1.3862943611198906,2.8320579413973874,0.05051122109095254,0.46605832502245903,0.4834304327766101,-0.4155471039315065
48.20828628540039,48.49608321509884,47.61869845897272,395662000.0,0.009706530954188,0.0122724243283834,48.29495400062504,48.259413583901534,0.3428430823533404,47.21565187072248,0.8339889123037807,1.1740154570964172,-0.3400265447926365,0.0794813756101033,0.4019006168872764,0.0,0.0,-0.0194839269752856,0.0,-0.0248951019183242,-0.0097297526869697,-0.0214208528710185,0.1463632140004875,0.5254892633822398,0.3610315677723026,510.0,0,2023-11-27,0.009753792115978266,0.009753792115978266,-0.04298849603307309,47.74261474609375,47.74261474609375,47.74261474609375,48.68194961547852,50.373779296875,0.009753792115978266,-0.04298849603307309,-0.007774642004281351,0.012169561549827878,0.013909973160447186,47.8978385925293,0.268855588572865,1.0064814551552543,1.1547005383782696,48.38701902117048,0.7925091952808537,0.996306184191841,-0.22552764918613974,48.913866588047576,0.8318749897407464,0.9855750454448924,-0.8481806898258581,0.8748803041857662,2.3978952727983707,2.8859998010331096,0.23079053014516832,0.14877844331786033,0.6204310338944197,0.08201208682730798
47.78758239746094,48.289234319970646,47.43982600268848,401491000.0,-0.00876509764759,0.0122534811559893,48.168111099834015,48.19650275904279,0.0147322714842466,35.13692848551561,0.7285904031424053,1.0849304463056149,-0.3563400431632095,0.070795414396363,0.2497652412099063,0.009706530954188,0.0,0.0,-0.0194839269752856,0.0,-0.0183716392848246,-0.0299607136206074,0.6554835639929255,0.9455596456227916,0.5091203499924379,695.0,0,2023-11-28,-0.008726796166302675,0.0009418765940309992,-0.04250769602821047,48.20828628540039,47.74261474609375,47.74261474609375,48.68194961547852,49.90910339355469,0.0009418765940309992,-0.04250769602821047,-0.036954164480499374,0.012150337149636852,0.012542071106011993,47.912827809651695,0.25686047883296925,0.9973859732786315,-0.4876009449168781,48.083944593157085,0.44121604957333865,0.9938365664838088,-0.6716940509819019,48.78288705008371,0.8559335360477472,0.9795972581204363,-1.1628293678251778,0.9687664060374076,1.9459101490553132,3.4439373554014128,0.08306198753416534,0.193032622958223,0.7239053795735041,-0.10997063542405765
48.10636138916016,48.72792841118493,47.82655826003349,382005000.0,0.0066485985116968,0.0097865699100556,48.15267367216555,48.1844839097251,-0.0485340891825719,43.46614061272487,0.6631398622182729,1.0005723294881466,-0.3374324672698736,0.0633585427593438,0.3047624796188226,-0.00876509764759,0.009706530954188,0.0,0.0,-0.0194839269752856,0.0076189091234506,-0.0234898245296145,0.3620816114446704,0.1155627014522525,-0.2934019525482551,806.0,0,2023-11-29,0.006670749506594964,0.007618909123450868,-0.011823442381924454,47.78758239746094,48.20828628540039,47.74261474609375,47.74261474609375,48.68194961547852,0.007618909123450868,-0.011823442381924454,-0.015300224725417921,0.009737279422455196,0.012187364189629277,48.03407669067383,0.2194692428528856,1.0015048628695795,0.3293614063943759,48.001717703683035,0.35674297259135795,1.0021799987684419,0.29333075496064764,48.729496002197266,0.8742836006927993,0.9872123731177314,-0.7127373915550038,0.7989651635044305,2.6390573296152584,2.3732052063817495,0.11040143811931974,0.08076385179391268,0.8088347178239089,0.029637586325407056
46.73731994628906,48.07638377452515,46.3895635380406,526247000.0,-0.0288714339304281,0.0140891739020549,47.79883524069643,47.9915287146003,0.3775919163361736,29.16026231895124,0.4950925157698407,0.8994763667444855,-0.4043838509746448,0.0728602017630052,-0.0343618688539042,0.0066485985116968,-0.00876509764759,0.009706530954188,0.0,0.0,-0.0210565509482687,-0.0721895279914311,0.2569625163553626,0.1103526170366268,-0.1051190950893077,708.0,0,2023-11-30,-0.028458636307912233,-0.030512728255947197,-0.039945599643181895,48.10636138916016,47.78758239746094,48.20828628540039,47.74261474609375,48.68194961547852,-0.030512728255947197,-0.039945599643181895,-0.05476961495073762,0.013956969550395472,0.013567256842121914,47.54375457763672,0.7163502093005388,0.9830380532940286,-1.1257547228681317,47.7239134652274,0.4759819957572485,0.97932706169084,-2.0727538598781354,48.5360597882952,0.9949563559256323,0.962940134616368,-1.807858034468983,1.028724502882825,1.791759469228055,2.9171526427347394,0.044610720686614466,0.3038133790716529,0.6515759125351905,-0.2592026583850384
46.73232650756836,47.16702396235708,46.1547312180282,369317000.0,-0.0001068462097568,0.0128027837576026,47.53220805741441,47.82363508699604,-0.2982059755210006,29.976305176769714,0.3573910724063722,0.7910593078768628,-0.4336682354704906,0.0808110030883784,0.0361549299265911,-0.0288714339304281,0.0066485985116968,-0.00876509764759,0.009706530954188,0.0,-0.0211611417577008,-0.0636512513746456,0.490029727116428,-0.6667668467659456,0.2330672107610654,814.0,0,2023-12-01,-0.00010684050190390426,-0.02208221962592205,-0.021161141757700896,46.73731994628906,48.10636138916016,47.78758239746094,47.74261474609375,47.74261474609375,-0.02208221962592205,-0.021161141757700896,-0.05138133418820989,0.012672074540383911,0.013605861716259271,47.192002614339195,0.7918618632228293,0.9902594490314941,-0.5805003727543869,47.57958657400949,0.6050394419241499,0.9821927820847449,-1.400338569245451,48.35525785173689,1.0790220523376202,0.9664373345056988,-1.504076159196718,0.9313687588960672,2.1972245773362196,1.7012083129660156,0.13112302590161556,0.360224844655022,0.5086521453922614,-0.22910181875340646
46.73232650756836,47.16702396235708,46.1547312180282,369317000.0,0.0,0.0128027837576026,47.332237669952896,47.67812727640568,0.0,29.976305176769714,0.2454324934474598,0.6819339449909823,-0.4365014515435224,0.0875893844841418,0.0898344136898421,-0.0001068462097568,-0.0288714339304281,0.0066485985116968,-0.00876509764759,0.009706530954188,-0.0306163087626497,-0.0400481723371709,0.6440448098657506,-0.7102122267457885,0.1540150827493226,698.0,0,2023-12-02,0.0,-0.02856243627482946,-0.021161141757700896,46.73232650756836,46.73731994628906,48.10636138916016,48.20828628540039,47.74261474609375,-0.02856243627482946,-0.021161141757700896,-0.05138133418820989,0.012672074540383911,0.013605861716259271,46.73399098714193,0.002882963201762557,0.9999643839625418,-0.5773502667507043,47.435259682791575,0.6760049349296614,0.9851812095069393,-1.0398343841918192,48.17445591517857,1.126157723796816,0.9700644380883224,-1.2805749826481698,0.9313687588960672,2.3978952727983707,2.2379775482464064,0.1230705629102885,0.32357628680765627,0.5533531364053488,-0.20050572389736776
45.47819519042969,46.04480030339198,44.97854459860675,437543000.0,-0.0272031571325288,0.0141956115805362,46.756243707125,47.27551046498768,0.1847356065385563,12.134771920175993,-0.0178067723073525,0.4576633633869199,-0.4754701356942724,0.1048310639886559,-0.0338020370379416,0.0,0.0,-0.0001068462097568,-0.0288714339304281,0.0066485985116968,-0.0546324045892748,-0.0474297347915854,-0.7580890234840193,-1.9183944459340545,-0.9888544590397402,375.0,1,2023-12-04,-0.02683648366908431,-0.02683648366908431,-0.05663115836161747,46.73232650756836,46.73232650756836,46.73232650756836,48.10636138916016,48.20828628540039,-0.02683648366908431,-0.05663115836161747,-0.09718516606811389,0.01401859671807969,0.012654961676021884,46.314282735188804,0.7240730535491914,0.9819475225485059,-1.1547005383791922,46.90091977800642,0.8539556300133717,0.9696653158549803,-1.66604040956373,47.64396939958845,1.1050090364296927,0.9545425321094789,-1.9599606317758484,1.107754972078783,1.3862943611198906,2.4113923932499497,0.05841919903953866,0.1208654604852199,0.820715328057607,-0.06244626144568124
46.53755187988281,46.57152769132749,45.24334109197845,371718000.0,0.0230265694884052,0.0184735880575787,46.701570750314445,47.1771159869737,-0.1504423565226732,26.119335234782966,-0.0684229896932322,0.3524460927708895,-0.4208690824641217,0.1084094796893553,0.2081363494540261,-0.0272031571325288,0.0,0.0,-0.0001068462097568,-0.0288714339304281,-0.0042742730356774,-0.0252408225360035,0.1106443917418444,-0.3771524774616528,0.8687334152258638,756.0,1,2023-12-05,0.02329372757685988,-0.0041678778319329535,-0.02615806146419619,45.47819519042969,46.73232650756836,46.73232650756836,46.73731994628906,47.78758239746094,-0.0041678778319329535,-0.02615806146419619,-0.06755383856699937,0.018370088718568104,0.01501849418868318,46.24935785929362,0.6749097608455312,1.0062313085830505,0.4270111906933214,46.722343989780974,0.7635532891090558,0.9960448878605367,-0.24201599617727307,47.403144291469026,0.9263226750131869,0.9817397680148827,-0.9344394074925254,1.2231644855854082,2.302585092994046,2.0698990012787437,0.15848892471856538,0.14810279963745007,0.6934082673655616,0.010386125081115305
45.47520065307617,47.35805240480733,45.3842566412969,380590000.0,-0.023092417219033,0.0190835889835625,46.39497822600488,46.95019394245404,0.023867555512512,26.743690644026856,-0.1920457879067143,0.2435477166353687,-0.4355935045420831,0.1153507565384478,0.0680871790173012,0.0230265694884052,-0.0272031571325288,0.0,0.0,-0.0001068462097568,-0.0269005621684295,-0.0474924573167223,0.2963342173249886,0.197200551376726,0.1856898255831442,763.0,1,2023-12-06,-0.022827827934495892,-0.02690056216842951,-0.05469465285056607,46.53755187988281,45.47819519042969,46.73232650756836,46.73232650756836,48.10636138916016,-0.02690056216842951,-0.05469465285056607,-0.06587141615591252,0.01898539368769674,0.014847215364299917,45.830315907796226,0.6124861483931522,0.9922515206869947,-0.5797931196512668,46.34646388462612,0.5984623516701766,0.9812010850769791,-1.455836326409577,47.17409079415457,0.9806616537366475,0.96398679630114,-1.732391732260626,1.2787174713816747,2.1972245773362196,1.9815786223746985,0.1760279664304107,0.0692175987642258,0.7547544362023473,0.10681036766618489
46.56753540039063,46.60051618631754,45.57614082890342,350823000.0,0.0237364963433901,0.0198537777227803,46.43811751960132,46.89917280351225,-0.0782127749021256,36.762901419281555,-0.1995748860043704,0.1549231961074209,-0.3544980821117913,0.1146091133015313,0.2884158855656821,-0.023092417219033,0.0230265694884052,-0.0272031571325288,0.0,0.0,-0.0035262765518648,-0.0340346237428202,-0.0953870612311235,-0.0949934614242137,-0.3917212785561122,953.0,1,2023-12-07,0.02402044920368196,0.023953022000973823,-0.0036327403046120255,45.47520065307617,46.53755187988281,45.47819519042969,46.73232650756836,46.73731994628906,0.023953022000973823,-0.0036327403046120255,-0.043433227957978215,0.019832781505688447,0.016709730460918146,46.19342931111654,0.622184905633697,1.0080986862169175,0.6012779896887168,46.32220894949777,0.5832279656070407,1.005296087048878,0.4206356096754007,47.02306120736258,0.8891221575616197,0.990312714755784,-0.512332082940334,1.1869001449230259,1.6094379124341003,0.6931471805599453,0.18210869655013082,0.19931529066525397,0.6185759902000427,-0.017206594115123153
47.47697448730469,47.71183151295026,46.5215573196364,359224000.0,0.0193412127568415,0.0212339979026761,46.69783176152716,46.97621302801791,0.0239465485444227,48.330734844867365,-0.1306515469708742,0.0978082474917619,-0.2284597944626361,0.1107676380312185,0.4699545763077858,0.0237364963433901,-0.023092417219033,0.0230265694884052,-0.0272031571325288,0.0,0.0159343228849462,-0.0064997619585115,-0.0966050107418344,-0.1289977404036518,-0.0012179495107108,946.0,0,2023-12-08,0.01952946573389891,0.020186334894594316,0.015934322884946228,46.56753540039063,45.47520065307617,46.53755187988281,46.73232650756836,46.73232650756836,0.020186334894594316,0.015934322884946228,-0.00556400733813589,0.02121369445974148,0.017022637260516636,46.506570180257164,1.0022784989213245,1.0208659615896483,0.9681982683374885,46.42858723231724,0.721918949937849,1.022580640882773,1.4522229331668095,47.00408690316336,0.8753125321146651,1.010060563140298,0.5402499870519136,1.246204929065007,2.0794415416798357,2.1144241541942375,0.19669170651052673,0.21074340971452846,0.5925648941525391,-0.014051703204001731
47.47697448730469,47.71183151295026,46.5215573196364,359224000.0,0.0,0.0212339979026761,46.89261744297154,47.04298122258948,0.0,48.330734844867365,-0.0751628734036558,0.0632140233126783,-0.1383768967163341,0.1061988028893177,0.4862942875420242,0.0193412127568415,0.0237364963433901,-0.023092417219033,0.0230265694884052,-0.0272031571325288,0.0439502774572642,-0.0130832364718669,0.6585345971416525,0.706332028976958,0.755139607883487,842.0,1,2023-12-09,0.0,0.044019021477217146,0.015934322884946228,47.47697448730469,46.56753540039063,45.47520065307617,45.47819519042969,46.73232650756836,0.044019021477217146,0.015934322884946228,-0.00556400733813589,0.02121369445974148,0.017022637260516636,47.173828125,0.5250649016414671,1.006426155653542,0.5773502691895536,46.53496551513672,0.8220549188240553,1.0202430357848133,1.1459197562074162,46.98511259896414,0.860831231953012,1.0104684624795681,0.5713801615034715,1.246204929065007,2.1972245773362196,1.7927840651285774,0.2310492773540318,0.11291830497793849,0.6560324151068926,0.11813097237609331
46.598514556884766,47.50196163403656,45.802004370558734,509728000.0,-0.0186761817149523,0.019430142191725,46.92865866726231,47.03386933330706,0.418969779302051,40.383211229705246,-0.0658255521092385,0.0223586989871179,-0.0881842510963565,0.0769131852670817,0.3245843035616337,0.0,0.0,0.0193412127568415,0.0237364963433901,-0.023092417219033,0.0247016810849982,-0.0028633701911229,0.0081592238282943,0.0630636576551125,-0.2599396172002924,405.0,1,2023-12-11,-0.01850286249084432,-0.01850286249084432,0.02463420902619351,47.47697448730469,47.47697448730469,47.47697448730469,45.47520065307617,45.47819519042969,-0.01850286249084432,0.02463420902619351,-0.03339201312789941,0.019457038822563825,0.01741421088639875,47.18415451049805,0.5071790773003154,0.9875882071070494,-1.154700538379084,46.80138942173549,0.7408866709516206,0.995665195684201,-0.27382712202143944,46.85115459987095,0.7697947620944924,0.9946076026270038,-0.3281914289710054,1.117308096788963,1.3862943611198906,1.7234946650127174,0.12872716536124543,0.024260546391208903,0.8470122814178467,0.10446661897003652
47.62788772583008,47.63688109924922,46.01787182835999,372387000.0,0.0218498021099222,0.0192369341001668,47.10346593190425,47.11307178564346,-0.2694397796471843,49.110659131533566,-0.010376542618772,0.0158116506659399,-0.026188193284712,0.0719369707533071,0.6310411388976338,-0.0186761817149523,0.0,0.0,0.0193412127568415,0.0237364963433901,0.0227702049576485,0.0191636343659604,0.3069035980254584,0.2794337871173052,0.2987443741971641,748.0,1,2023-12-12,0.022090257140894742,0.003178661659785087,0.023429162083160593,46.598514556884766,47.47697448730469,47.47697448730469,46.56753540039063,46.53755187988281,0.003178661659785087,0.023429162083160593,-0.0033417608428616408,0.019258788314338828,0.018453549024058914,47.234458923339844,0.5558890440637361,1.0083292750982658,0.7077469985991042,46.95715168544224,0.7892120937764154,1.0142840018253445,0.8498805906259427,46.839747837611604,0.7559094071908529,1.0168263051063142,1.0426380208011932,1.0436360121963575,1.6094379124341003,1.9022176572978147,0.04910185607150192,0.1347231301479041,0.8161750435829163,-0.08562127407640219
48.05862808227539,48.56431952524785,47.57892173391864,447792000.0,0.0090032176922813,0.015322223366586,47.34225646949704,47.23914595852772,0.2024909569882944,49.737446951191075,0.0675457188080628,0.0261584642943645,0.0413872545136982,0.0679253041692963,0.7830912770985069,0.0218498021099222,-0.0186761817149523,0.0,0.0,0.0193412127568415,0.0122512776193486,0.0283808163176346,0.2281601097199614,0.1351001385076208,-0.0787434883054969,854.0,1,2023-12-13,0.009043868561311674,0.012251277619348633,0.056809588349215234,47.62788772583008,46.598514556884766,47.47697448730469,47.47697448730469,45.47520065307617,0.012251277619348633,0.056809588349215234,-0.0009922452146947647,0.01538183675375554,0.0185310714914437,47.42834345499674,0.7502308403245275,1.013289197584493,0.8401209246556778,47.32621274675642,0.5478386768899418,1.015475891541082,1.3369179037830345,46.836338315691265,0.7498401793071635,1.0260970394044369,1.6300670467052003,0.8300565221421627,1.0986122886681098,4.977850211991531,0.07069877535104746,0.32746584340929985,0.6018354147672653,-0.2567670680582524
48.32046127319336,48.6402654789673,47.39303060139569,391232000.0,0.0054334158337064,0.013637065694365,47.58680767042112,47.38332133381648,-0.1263086432986744,59.9156878270597,0.1487131500412601,0.0506694014437436,0.0980437485975165,0.0706147284375719,0.842060062795627,0.0090032176922813,0.0218498021099222,-0.0186761817149523,0.0,0.0,0.0177662286823736,0.0624973368195973,0.2901296187320054,0.0161661657401822,0.0619695090120439,787.0,1,2023-12-14,0.005448203608095392,0.03695282419800194,0.03764265937054567,48.05862808227539,47.62788772583008,46.598514556884766,47.47697448730469,46.56753540039063,0.03695282419800194,0.03764265937054567,0.03387317306006543,0.013669602573094089,0.01663140259953189,48.002325693766274,0.349702729244156,1.0066275034559087,0.909731474257295,47.57663072858538,0.5438654785345363,1.0156343678233832,1.3676737611886256,46.949419839041575,0.8468573629386675,1.0292025213272533,1.6189756317334876,0.8219151987505152,2.1972245773362196,2.6445495868082283,0.25639451225288207,0.2514205034822225,0.4921849926467985,0.004974008770659566
48.860130310058594,49.37381622355242,48.09060027989247,479948000.0,0.0111066330372698,0.0125322406599795,47.90513833033049,47.58022919731543,0.2267605921805986,62.49049985646217,0.25366165152613,0.0912678514602209,0.1623938000659091,0.0767871834938494,0.9475720636024684,0.0054334158337064,0.0090032176922813,0.0218498021099222,-0.0186761817149523,0.0,0.0291331921987523,0.0499076194676193,0.6586101954312106,0.6343187686851627,0.3684805766992051,851.0,1,2023-12-15,0.011168540668808236,0.02587229127862911,0.029133192198752322,48.32046127319336,48.05862808227539,47.62788772583008,47.47697448730469,47.47697448730469,0.02587229127862911,0.029133192198752322,0.045531732774862776,0.012545514467587329,0.01676734091523064,48.413073221842446,0.4086981588653237,1.009234222462342,1.0938563791364295,47.77422441755022,0.7232881975434888,1.0227299533534542,1.5013460695148144,47.101405824933735,0.9846305336716962,1.0373391081289947,1.7861770735125986,0.7482113312428443,1.791759469228055,3.3179595673679274,0.39185322374105447,0.05821988638490434,0.5499268896877766,0.33363333735615014
48.860130310058594,49.37381622355242,48.09060027989247,479948000.0,0.0,0.0125322406599795,48.143886325262514,47.75088267901452,0.0,62.49049985646217,0.3329955298800797,0.1396133871441927,0.193382142735887,0.0821874168547209,0.9032941156114672,0.0111066330372698,0.0054334158337064,0.0090032176922813,0.0218498021099222,-0.0186761817149523,0.0485340739866928,0.0744346282890662,-0.1354012943184476,0.0382744766340701,-0.7940114897496582,722.0,1,2023-12-16,0.0,0.016677592760472537,0.029133192198752322,48.860130310058594,48.32046127319336,48.05862808227539,46.598514556884766,47.47697448730469,0.016677592760472537,0.029133192198752322,0.045531732774862776,0.012545514467587329,0.01676734091523064,48.680240631103516,0.3115780637076372,1.0036953325748381,0.5773502691892773,47.971818106515066,0.8120351106075617,1.0185173762139086,1.0939332449293921,47.253391810825896,1.0826236172183425,1.0340026067475772,1.4841155076230452,0.7482113312428443,2.0794415416798357,2.4023929763686596,0.20552083796688483,0.2866596051358751,0.507819550377982,-0.08113876716899024
50.04641342163086,50.40219497597293,49.119981479065736,412587000.0,0.0239891104510458,0.0096515284353746,48.75381384650387,48.18513317095068,-0.1403506213173093,77.03138719907903,0.5272539507588192,0.2574204589682516,0.2698334917905675,0.0995325787625799,1.0524131924294398,0.0,0.0,0.0111066330372698,0.0054334158337064,0.0090032176922813,0.0413616746602174,0.0541196856386296,-0.0199311076003551,0.028077743496552,-0.4792196472586553,411.0,0,2023-12-18,0.024279163891792743,0.024279163891792743,0.07399160461514498,48.860130310058594,48.860130310058594,48.860130310058594,48.05862808227539,46.598514556884766,0.024279163891792743,0.07399160461514498,0.10044853829561151,0.009767963320232276,0.015187283963030908,49.255558013916016,0.6849008738014504,1.016056165833943,1.1547005383790898,48.66196877615793,0.7729232328269339,1.0284502390735832,1.7911800120296355,47.73167909894671,1.2087528432100643,1.0484947181071456,1.91497735511997,0.6431672275312416,0.6931471805599453,6.78105762593618,0.0354334190487861,0.0336915329098701,0.93087500333786,0.0017418861389160017
49.573692321777344,49.66963433728467,48.86512588284418,464444000.0,-0.0094905470036456,0.0105706780034967,48.95878346532224,48.3702743910609,0.1256874307721764,69.30599837383544,0.5900074762289478,0.3239378624203909,0.2660696138085568,0.1066338830173279,0.9070413757468416,0.0239891104510458,0.0,0.0,0.0111066330372698,0.0054334158337064,0.0259358254363195,0.044162835924461,0.3675212439227314,0.5299074868885959,0.3874523515230865,603.0,0,2023-12-19,-0.009445653894734396,0.014604177418082953,0.04085431222875746,50.04641342163086,48.860130310058594,48.860130310058594,48.32046127319336,47.62788772583008,0.014604177418082953,0.04085431222875746,0.06524065661492151,0.010650943090089786,0.014999413533949402,49.493412017822266,0.5972023112839326,1.0016220402005456,0.13442731623473209,48.939940861293245,0.6838005054168808,1.0129495755272835,0.9268075344544106,47.94854627336775,1.2496989904214084,1.0338935416132158,1.3004299922348381,0.7100906356093613,2.302585092994046,1.6660550384524981,0.1214554705139663,0.12427858387430504,0.7542659375402663,-0.002823113360338747
48.08160400390625,49.96845091462431,48.068611458987135,397894000.0,-0.0305606454657966,0.0170897026644161,48.73948859996824,48.33178500610695,-0.1432896108034553,65.71458799555646,0.5134226235194816,0.361834814640209,0.1515878088792726,0.1058443739117855,0.5998632474749624,-0.0094905470036456,0.0239891104510458,0.0,0.0,0.0111066330372698,-0.0159337746586417,0.0127352158205287,0.4341278009244884,0.4662910771266013,0.066606557001757,798.0,1,2023-12-20,-0.03009838985133717,-0.015933774658641764,0.000478081096936922,49.573692321777344,50.04641342163086,48.860130310058594,48.860130310058594,48.05862808227539,-0.015933774658641764,0.000478081096936922,0.057314829036466675,0.01702336333238791,0.01610806584749817,49.23390324910482,1.025529849602486,0.9765954115120962,-1.1236135600004449,48.94322313581194,0.6789027078378007,0.9823955375902647,-1.2691349172104698,48.13471794128418,1.0272347387239764,0.9988965565884749,-0.05170574492438548,1.0568223083736585,2.70805020110221,2.6560184110023357,0.1863617178584848,0.15060817989121586,0.6630301007202694,0.035753537967268934
48.96006774902344,49.06500313431384,48.389413683730325,300425000.0,0.0181053711492286,0.0183755262689346,48.79463338723204,48.415556038495815,-0.2449622261205245,64.80697678810884,0.5176461559243322,0.3929970828970337,0.1246490730272984,0.1072388648823132,0.7483231288292544,-0.0305606454657966,-0.0094905470036456,0.0239891104510458,0.0,0.0,0.002045378068594,0.0506787225857987,0.0567787650309565,0.2082745174815416,-0.3773490358935318,798.0,0,2023-12-21,0.018270267045288557,-0.021706763748586377,0.013236762625544518,48.08160400390625,49.573692321777344,50.04641342163086,48.860130310058594,48.32046127319336,-0.021706763748586377,0.013236762625544518,0.05137768894277217,0.0183232555968603,0.015627458361265133,48.871788024902344,0.7499512446487002,1.0018063534748536,0.11771395107484171,49.03459548950195,0.6217532166633236,0.9984800988009686,-0.1198670766489529,48.30561310904367,0.9419298798539193,1.013548211022649,0.6948018679280726,1.1725038821589238,2.1972245773362196,2.4858579820349647,0.08080472564324732,0.15917689306661484,0.76001837849617,-0.07837216742336751
48.800174713134766,49.35283451146827,48.43739367116176,252507000.0,-0.0032711289259664,0.017971228546245,48.79601871870772,48.46683852844768,-0.1595007073312806,59.02650735847102,0.502301089778328,0.4148578842732926,0.0874432055050353,0.1071810494688496,0.6965222990832906,0.0181053711492286,-0.0305606454657966,-0.0094905470036456,0.0239891104510458,0.0,-0.0012270863082713,0.0246134574359659,0.1221121380306487,0.344842040422068,0.0653333729996922,695.0,0,2023-12-22,-0.003265784612642042,-0.015603389064138273,-0.0012270863082713968,48.96006774902344,48.08160400390625,49.573692321777344,48.860130310058594,48.860130310058594,-0.015603389064138273,-0.0012270863082713968,0.02787035694921758,0.01793074440163637,0.015027168494079294,48.613948822021484,0.46790458403625296,1.0038307089966105,0.39799971504201503,49.02603040422712,0.6249618456808876,0.9953931474926658,-0.36139116756205997,48.40012741088867,0.9184812945860963,1.0082654183706983,0.43555302062669743,1.1932217575587234,1.9459101490553132,3.908583490867953,0.27407375878343976,0.2749082340548436,0.45101802547772724,-0.000834475271403845
48.800174713134766,49.35283451146827,48.43739367116176,252507000.0,0.0,0.017971228546245,48.79705771731448,48.51128335307262,0.0,59.02650735847102,0.4845543731137596,0.428797182041386,0.0557571910723735,0.1063880641183548,0.6772694276013994,-0.0032711289259664,0.0181053711492286,-0.0305606454657966,-0.0094905470036456,0.0239891104510458,-0.0249016587461879,0.0154300416064698,0.0240016383087033,-0.0134699254941005,-0.0981104997219454,622.0,1,2023-12-23,0.0,0.014944815675661305,-0.0012270863082713968,48.800174713134766,48.96006774902344,48.08160400390625,50.04641342163086,48.860130310058594,0.014944815675661305,-0.0012270863082713968,0.02787035694921758,0.01793074440163637,0.015027168494079294,48.85347239176432,0.09231428731248992,0.9989090298801659,-0.5773502691857305,49.01746531895229,0.6280178180187896,0.9955670778894087,-0.3459943326178418,48.494641712733674,0.8835970073741123,1.006300345555927,0.3457831996388026,1.1932217575587234,2.4849066497880004,2.8993355513534613,0.06469048170203509,0.05806907859038218,0.8772404410622336,0.006621403111652914
49.24889373779297,49.56969677808233,48.93008837769936,244200000.0,0.0091530121491464,0.0150003480520447,48.91103948668763,48.67194634070208,-0.0328980978745143,63.80658044451433,0.4592589543222658,0.4420696088889224,0.0171893454333433,0.0767278855454387,0.7382445107404986,0.0,0.0,0.0,-0.0032711289259664,0.0181053711492286,0.005899215463714,0.0079566596582396,0.6942655647666425,0.8880935318708915,0.3190207758813303,424.0,1,2023-12-26,0.009195029060775628,0.009195029060775628,-0.006551833619254044,48.800174713134766,48.800174713134766,48.800174713134766,48.96006774902344,49.573692321777344,0.009195029060775628,-0.006551833619254044,0.03403480795315161,0.014888242965280928,0.01290304279069383,48.949747721354164,0.25906804967714564,1.006111288216268,1.1547005383782545,48.78446633475168,0.35155159368239114,1.009519985313654,1.3210789294867427,48.86220359802246,0.5285417583960035,1.0079138907232206,0.7316170077914353,1.1538551957697063,1.0986122886681098,3.293775007412398,0.041915626265108544,0.3318906454369425,0.6261937469244003,-0.289975019171834
49.386810302734375,49.64965012045702,49.05501239405432,233648000.0,0.0027964854342025,0.0073894233610738,49.02998219069932,48.76726153563972,-0.0432104832104832,61.90642288550068,0.4765059737336301,0.448956881857864,0.027549091875766,0.0702033458967783,0.758734856030158,0.0091530121491464,0.0,0.0,0.0,-0.0032711289259664,0.012021178060285,0.0107793407290064,0.4164679342347496,0.5803990495173986,-0.2777976305318929,453.0,1,2023-12-27,0.0028003992470508887,0.01202117806028502,0.027145648026261515,49.24889373779297,48.800174713134766,48.800174713134766,48.800174713134766,48.08160400390625,0.01202117806028502,0.027145648026261515,0.027636706944383915,0.007446661823072413,0.012765558635011411,49.14529291788737,0.30673306988353427,1.0049143543665624,0.7873861952306319,48.970924377441406,0.24730808248746305,1.0084925071474564,1.6816511660675364,48.95707375662668,0.49108254061023665,1.0087778233691822,0.8750800742655032,0.5833400665011913,2.6390573296152584,2.2001177414044455,0.08604950572435667,0.2906273593409703,0.6233231247617648,-0.20457785361661363
49.49174880981445,49.85352719386826,49.38181539341571,246587000.0,0.0021225743461553,0.0038759472257752,49.1454238454781,48.86385983886302,0.0553781757173184,60.803855307733556,0.4929594912305859,0.4577574037324084,0.0352020874981774,0.0693183948745302,0.7627413817503406,0.0027964854342025,0.0091530121491464,0.0,0.0,0.0,0.0141715496049965,-0.0110830042333597,-0.1478242709143534,-0.2809168406406213,-0.564292205149103,661.0,0,2023-12-28,0.0021248286017423457,0.014171549604996558,0.01085948376371726,49.386810302734375,49.24889373779297,48.800174713134766,48.800174713134766,48.96006774902344,0.014171549604996558,0.01085948376371726,0.024239990798078148,0.003888866032588629,0.012727852269763121,49.3758176167806,0.12180014720897561,1.0023479346495814,0.9518148843855312,49.046878814697266,0.3156275265736268,1.0090703018391434,1.4094778105908077,49.04073715209961,0.4737505728064737,1.0091966737024372,0.9520023480775426,0.30553984679938506,1.3862943611198906,1.290400336969297,0.08569606641928351,0.08882064993182816,0.8254832824071249,-0.003124583512544646
49.49174880981445,49.96646094313931,48.72121986722186,389293000.0,0.0,0.0033619006100512,49.23200508656219,48.947578368323214,0.5787247502909723,56.47014413875085,0.5002326517626159,0.4662524533384499,0.0339801984241659,0.067368083595786,0.739087880514198,0.0021225743461553,0.0027964854342025,0.0091530121491464,0.0,0.0,0.0141715496049965,-0.0016529636612702,-0.0867491876169357,0.2499220698825407,0.0610750832974177,626.0,0,2023-12-29,0.0,0.004931178217209897,0.014171549604996558,49.49174880981445,49.386810302734375,49.24889373779297,48.800174713134766,48.800174713134766,0.004931178217209897,0.014171549604996558,0.012927073582237991,0.0033769463118645216,0.012441443849055739,49.45676930745443,0.06058627531212882,1.0007072743094594,0.5773502691792162,49.14567511422293,0.33327812469817747,1.0070417935003881,1.0383930715672722,49.08585275922503,0.4851654515541396,1.0082691045947683,0.8366136733133239,0.2714272035331992,1.3862943611198906,2.1334191484362734,0.0805473799506823,0.015458885580301266,0.9039937257766724,0.06508849437038103
48.13856887817383,49.26487918925224,47.565920930034586,411254000.0,-0.0277222613867694,0.0108517718541636,49.07126928946901,49.00432132303904,0.0564125221876581,34.3162734155938,0.3630422960686346,0.4556165462080794,-0.0925742501394448,0.0420944413614536,0.0586586353356283,0.0,0.0,0.0,0.0,0.0021225743461553,-0.0273415258943584,-0.01355744807985,-0.206158673217013,0.1109504009952741,0.3211668453988138,407.0,1,2024-01-02,-0.027341525894358454,-0.027341525894358454,-0.022545173614064162,49.49174880981445,49.49174880981445,49.49174880981445,49.49174880981445,49.24889373779297,-0.027341525894358454,-0.022545173614064162,-0.028949295006881592,0.010709278106104355,0.012519455652399416,49.040688832600914,0.7812587977947901,0.981604663884179,-1.1547005383791424,49.2834461757115,0.5063559528714989,0.9767695365000286,-2.2610128133088443,49.03395625523159,0.492352463654905,0.9817394425121014,-1.8185902237819311,0.8554108424076624,1.0986122886681098,0.6931471805599453,0.046874998137354795,0.0271004363894462,0.9260245859622955,0.019774561747908596
47.53993606567383,48.15455817196312,47.29108765317692,320896000.0,-0.012513586504778,0.0109704266942898,48.688435983520215,48.80906995539035,-0.2197133644900718,42.64386668559297,0.2160508387787985,0.4077034047222233,-0.1916525659434247,0.0487526135556692,-0.1155739485162147,-0.0277222613867694,0.0,0.0,0.0,0.0,-0.039437134291637,-0.0258244699915334,-0.6615647878653289,-0.4310682084362496,-0.4554061146483159,735.0,1,2024-01-03,-0.012435617145474032,-0.03943713429163709,-0.0373961028408083,48.13856887817383,49.49174880981445,49.49174880981445,49.49174880981445,49.386810302734375,-0.03943713429163709,-0.0373961028408083,-0.011265596259817268,0.010833515871400775,0.01013551276229882,48.39008458455404,0.9999191767160426,0.9824313487736375,-0.85021723622932,49.01960699898856,0.824645751103851,0.9698147124405697,-1.7943109890932891,48.995265688214985,0.5854325426954096,0.9702965255499938,-2.485904893227536,1.0688670741650412,2.1972245773362196,0.6931471805599453,0.26373215205967426,0.057726041646674234,0.6785418018698692,0.20600611041300004
47.96867752075195,48.47036973426666,47.478975200634494,306535000.0,0.0089781291745546,0.012014869765456,48.50849636782815,48.697017630771896,-0.0447528171120861,34.66299992328166,0.1326260713496481,0.3526879380477082,-0.2200618666980601,0.0523511109759643,0.1108578947323043,-0.012513586504778,-0.0277222613867694,0.0,0.0,0.0,-0.0307742467318202,-0.01703881589094,-0.771396921646641,-0.8087709318148815,-0.109832133781312,807.0,1,2024-01-04,0.00901855346388869,-0.030774246731820276,-0.030774246731820276,47.53993606567383,48.13856887817383,49.49174880981445,49.49174880981445,49.49174880981445,-0.030774246731820276,-0.030774246731820276,-0.02024895540082783,0.011891047650499207,0.009041829397424506,47.88239415486654,0.3085027155016374,1.0018019852058013,0.2796842995210405,48.80202538626535,0.8784822385049283,0.9829239082001722,-0.9486223272216115,48.924452100481304,0.6467639492327201,0.9804642762730101,-1.4777796147469588,1.315115241378728,2.0794415416798357,1.296980572741114,0.036888819986156,0.5280806362362844,0.43503055029681753,-0.4911918162501284
49.06700134277344,49.51672715055194,48.27648428603865,415039000.0,0.0226384921955797,0.0158514391910708,48.64812261156448,48.7463487923721,0.353969367282692,53.19901322559431,0.1533689536521763,0.3128241411686019,-0.1594551875164256,0.0523291968044656,0.5352878647651439,0.0089781291745546,-0.012513586504778,-0.0277222613867694,0.0,0.0,-0.008582187480851,-0.0036933295596028,0.4965639762107918,0.0143452489254858,1.2679608978574328,773.0,1,2024-01-05,0.022896687563386253,0.019286665271442294,-0.008582187480851045,47.96867752075195,47.53993606567383,48.13856887817383,49.49174880981445,49.49174880981445,0.019286665271442294,-0.008582187480851045,0.0054677392285411575,0.015805939236779518,0.011100603825046462,48.191871643066406,0.7876190718283201,1.0181592801829464,1.1111078070717237,48.74134717668806,0.8365710968913812,1.006681271342478,0.389272552321588,48.943511145455496,0.6467514583308546,1.002523116842822,0.19093918649468086,1.423881032589987,2.1972245773362196,0.6931471805599453,0.17636407003737983,0.24556119623593983,0.5780747379176319,-0.06919712619856
49.06700134277344,49.51672715055194,48.27648428603865,415039000.0,0.0,0.0158514391910708,48.75284229436672,48.78910246575895,0.0,53.19901322559431,0.1678727052720745,0.2838338539892964,-0.1159611487172219,0.0522929323226579,0.5312670627779371,0.0226384921955797,0.0089781291745546,-0.012513586504778,-0.0277222613867694,0.0,-0.008582187480851,-0.0064755945565334,0.0450094330994564,0.0628084267479039,-0.4515545431113353,629.0,1,2024-01-06,0.0,0.03212173602821111,-0.008582187480851045,49.06700134277344,47.96867752075195,47.53993606567383,49.49174880981445,49.49174880981445,0.03212173602821111,-0.008582187480851045,0.0054677392285411575,0.015805939236779518,0.011100603825046462,48.70089340209961,0.6341175543015624,1.007517478943375,0.5773502691895531,48.68066896711077,0.7870072331297987,1.0079360531368966,0.49088796061795764,48.96257019042969,0.6461338198117449,1.002132877255781,0.1616246497887646,1.423881032589987,1.3862943611198906,0.6931471805599453,0.05156236762801803,0.07618924230337136,0.8722483913103739,-0.02462687467535333
52.2210807800293,52.24307051371221,49.44877695414858,642510000.0,0.0622995212773423,0.0288322697463199,49.67880673735863,49.278812333450006,0.5480713860625146,73.35238807509262,0.4343137151260166,0.296888083846106,0.1374256312799105,0.0763148435478451,1.3413754303823338,0.0,0.0,0.0226384921955797,0.0089781291745546,-0.012513586504778,0.0984676274677509,0.0551472121282892,0.525122412011352,0.546730187665256,0.932743998252262,426.0,1,2024-01-08,0.06428107181896059,0.06428107181896059,0.055147212128289214,49.06700134277344,49.06700134277344,49.06700134277344,47.53993606567383,49.49174880981445,0.06428107181896059,0.055147212128289214,0.07010028318553907,0.02939705369815635,0.020345748099748977,50.118361155192055,1.8210086121451723,1.0419550754727622,1.1547005383792284,49.00989532470703,1.545187142673282,1.065521165349305,2.078185461578906,49.22597966875349,1.075318366831533,1.060843910703863,2.785315682927456,1.444874553348031,1.6094379124341003,1.9634982718060612,0.04649204947054383,0.2454992379061877,0.7080087279900908,-0.19900718843564386
53.10753631591797,54.29181377525728,51.65842135429988,773100000.0,0.0168325853053617,0.0242750640222076,50.53598913199846,49.789308864445736,0.2032497548676284,74.85512317478789,0.7014247027509057,0.377795407627066,0.3236292951238397,0.1031091375420314,1.244455736006478,0.0622995212773423,0.0,0.0,0.0226384921955797,0.0089781291745546,0.1071294657423662,0.0730583903995425,0.5275768377710175,0.0492327314265101,0.0024544257596654,694.0,1,2024-01-09,0.016975051505017325,0.0823472978289026,0.10322216786957883,52.2210807800293,49.06700134277344,49.06700134277344,47.96867752075195,48.13856887817383,0.0823472978289026,0.10322216786957883,0.07834983256007488,0.024935836461595404,0.020572991305340137,51.465206146240234,2.123673836493144,1.0319114658748474,0.7733438824060385,49.719747815813335,2.114625177102413,1.0681376847013522,1.6020751747346478,49.50159699576242,1.4944634454676904,1.0728449088312086,2.4128655211282704,1.212066640747707,2.8903717578961645,2.5385084066819954,0.18334294461152129,0.16047508346245568,0.6561819709399167,0.02286786114906561
54.31679916381836,54.56664645309511,53.45632503855136,533796000.0,0.0225147109279592,0.0213212180242275,51.48119163995344,50.39297423769542,-0.3095382227396197,77.90470959057797,0.9991716615174298,0.5020706584051388,0.497101003112291,0.1361084994868928,1.2003972017358984,0.0168325853053617,0.0622995212773423,0.0,0.0,0.0226384921955797,0.1069924323349365,0.0974920157407546,0.188455894261113,0.0856703725864086,-0.3391209435099044,919.0,1,2024-01-10,0.022770079950741984,0.1069924323349365,0.14255095103162674,53.10753631591797,52.2210807800293,49.06700134277344,49.06700134277344,47.53993606567383,0.1069924323349365,0.14255095103162674,0.09982399816598453,0.022001010657560025,0.02105111441609946,53.21513875325521,1.0519945814635974,1.0207020114270726,1.0472111073333223,50.68787111554827,2.471514400913399,1.071593617336928,1.468301397284574,49.85373905726841,1.9703848191410493,1.0895230767229536,2.2650702863695074,1.0451233232922863,3.044522437723423,2.16549858593055,0.2152615760453045,0.1493260379415005,0.6354123823344707,0.06593553810380398
54.78850555419922,55.31218749470485,53.527279337957886,596759000.0,0.0086468633335705,0.0213476182484522,52.30802011851488,50.979045079895926,0.117953300511806,78.78552548381413,1.2586916214758048,0.653394851019272,0.6052967704565329,0.1631930223932325,1.101810941555396,0.0225147109279592,0.0168325853053617,0.0622995212773423,0.0,0.0,0.1166059480883365,0.107023026499609,-0.1534819383684176,-0.1105215941657097,-0.3419378326295307,905.0,0,2024-01-11,0.008684355441457514,0.04916452773133284,0.14217252561313387,54.31679916381836,53.10753631591797,52.2210807800293,49.06700134277344,47.96867752075195,0.04916452773133284,0.14217252561313387,0.10702302649960904,0.02202769081634736,0.021006716639346147,54.07094701131185,0.867033364802806,1.013270685692582,0.8276019955132471,51.662132263183594,2.563435068759021,1.0605157618173573,1.219603074451629,50.23207882472447,2.364616119219689,1.090707508749012,1.9269202694001544,1.0486022730029547,3.1780538303479458,1.6384793174778816,0.18293999811715403,0.10772969683065357,0.7093302985734266,0.07521030128650046
54.67657470703125,54.93641799826661,54.29680960809761,352994000.0,-0.002045051918127,0.0226438455471974,52.90015876564397,51.47204903018064,-0.4084814807987814,77.83855016883318,1.4387462049001556,0.8104651217954487,0.6282810831047069,0.1816931245833817,0.9928686297891546,0.0086468633335705,0.0225147109279592,0.0168325853053617,0.0622995212773423,0.0,0.1143247643170675,0.1358163730501298,0.3179435718503299,0.3411426682588289,0.4714255102187475,818.0,0,2024-01-12,-0.0020429622242067458,0.029544552429990878,0.1143247643170675,54.78850555419922,54.31679916381836,53.10753631591797,49.06700134277344,49.06700134277344,0.029544552429990878,0.1143247643170675,0.10476142027514324,0.02334045176275617,0.021069744455965708,54.59395980834961,0.24646631776966096,1.0015132607887696,0.3351975208184418,52.463499886649,2.4927904173199513,1.0421831335149914,0.887790166796924,50.60242353166853,2.6307881880642805,1.0805129654079315,1.5486427960437439,1.1077709941635068,3.1354942159291497,1.6896949257797977,0.14504100720990784,0.0864162589423358,0.7685427286408164,0.05862474826757204
54.67657470703125,54.93641799826661,54.29680960809761,352994000.0,0.0,0.0226438455471974,53.3442627509908,51.899319120427386,0.0,77.83855016883318,1.5634186425699426,0.9610558259503476,0.602362816619595,0.1951962074851072,0.9262820791550722,-0.002045051918127,0.0086468633335705,0.0225147109279592,0.0168325853053617,0.0622995212773423,0.0470211242342,0.150118810246159,0.387916670604273,0.5074556997235498,0.069973098753943,859.0,1,2024-01-13,0.0,0.0066236514071422725,0.1143247643170675,54.67657470703125,54.78850555419922,54.31679916381836,52.2210807800293,49.06700134277344,0.0066236514071422725,0.1143247643170675,0.10476142027514324,0.02334045176275617,0.021069744455965708,54.71388498942057,0.06462330474514001,0.9993180838392935,-0.5773502691709134,53.2648675101144,2.087669822017861,1.026503533434093,0.6762119095788572,50.97276823861258,2.8205092422147406,1.0726624548048969,1.313169413871638,1.1077709941635068,2.302585092994046,1.8479678157398476,0.2328472816281848,0.12090116625444754,0.6462515427006615,0.11194611537373726
56.34756088256836,56.80028329797536,54.866467668882784,449580000.0,0.0301035870385578,0.0128522734232143,54.53225214446096,53.09148233820844,0.2736193816325489,92.62144490861081,1.835543184203964,1.339448569737747,0.4960946144662166,0.2278745291073236,0.9233689953222396,0.0,0.0,0.0,-0.002045051918127,0.0086468633335705,0.0284558834485246,0.1483799568050676,0.0404012737553172,-0.8947941916720578,-0.046446444341962,659.0,1,2024-01-16,0.030561281215778502,0.030561281215778502,0.061008753020976636,54.67657470703125,54.67657470703125,54.67657470703125,54.78850555419922,53.10753631591797,0.030561281215778502,0.061008753020976636,0.17052837663640052,0.013027160230143739,0.01935042102144591,55.23357009887695,0.96474431825864,1.020168726767022,1.154700538379076,54.87988063267299,0.6639313040619585,1.0267435029554635,2.21059052482695,52.299814224243164,3.071820606535912,1.077395048498067,1.3177028143221663,0.6732236066443126,1.9459101490553132,3.4205876780062745,0.24234398097420728,0.35697778857623536,0.4006782254825035,-0.11463380760202807
56.01876068115234,56.43650460830921,54.706563019184806,474394000.0,-0.0058523076180975,0.0121342376349166,54.9038792786338,53.48178611726763,0.0551937363761734,95.29147918098995,1.904680527849813,1.45249496136016,0.4521855664896526,0.2370977485077919,0.8509016501529515,0.0301035870385578,0.0,0.0,0.0,-0.002045051918127,0.0245477333083283,0.1416789114503889,0.1179862968291268,-0.2750316317702231,0.0775850230738096,904.0,1,2024-01-17,-0.005835216223489481,0.024547733308328157,0.031333980343740464,56.34756088256836,54.67657470703125,54.67657470703125,54.67657470703125,54.31679916381836,0.024547733308328157,0.031333980343740464,0.17835162007297356,0.012295485272407917,0.018795382663411762,55.680965423583984,0.8852276129539128,1.006066619984022,0.3815914151628918,55.123017992292134,0.7315514625141386,1.0162498847393562,1.2244424825312834,52.9054445539202,2.8917409345262004,1.0588468002392288,1.0766234589206873,0.6541758416200304,2.9444389791664403,2.397953014847631,0.1161385891027748,0.1900757562058667,0.6937856619349785,-0.0739371671030919
57.072113037109375,57.5648119047759,56.07272391506558,491650000.0,0.0186289624253999,0.0132506592932501,55.44593771825269,53.960496373246535,0.0363748276748863,95.5860233560434,2.0211703094965543,1.566230030987439,0.4549402785091152,0.2487468352750272,0.8840731230567703,-0.0058523076180975,0.0301035870385578,0.0,0.0,0.0,0.0438128822610766,0.0928941374751333,-0.2799057657971651,-1.0431064462702435,-0.397892062626292,731.0,1,2024-01-18,0.01880356407655137,0.0438128822610766,0.04168041197347705,56.01876068115234,56.34756088256836,54.67657470703125,54.67657470703125,54.78850555419922,0.0438128822610766,0.04168041197347705,0.18977874702547592,0.013415859569935277,0.01885978588962217,56.479478200276695,0.5389243272333363,1.0104929233717632,1.0996624328967965,55.449247632707866,1.0126777809625511,1.029267582044598,1.6025486437146608,53.55568994794573,2.7143230310010136,1.0656591875220258,1.2955064850430957,0.711347395376186,3.091042453358316,2.3949632185530407,0.24559499731376053,0.17432809882752948,0.5800769045239403,0.07126689848623105
59.45465850830078,59.46365188180549,57.19004013784853,543501000.0,0.0408983709528437,0.0180623768081759,56.44811791576471,54.6930513245871,0.1054632360418996,96.08903732128417,2.2794645599473427,1.70887693677942,0.5705876231679228,0.2713368664008179,0.9808110835376642,0.0186289624253999,-0.0058523076180975,0.0301035870385578,0.0,0.0,0.0873881333436032,0.1195145290609231,0.0703415728343348,-0.0230389844048397,0.3502473386315,640.0,1,2024-01-19,0.04174622848889853,0.05514165257672454,0.08738813334360329,57.072113037109375,56.01876068115234,56.34756088256836,54.67657470703125,54.67657470703125,0.05514165257672454,0.08738813334360329,0.21170352540928672,0.01837348699858665,0.020267866124276914,57.515177408854164,1.7602778183523757,1.0337212051987523,1.1018039761825642,56.13183103288923,1.7482348179975746,1.0591968481032557,1.9006757222794084,54.297665459769114,2.8109711045214376,1.0949763310238936,1.8345948274732036,0.9065328775079498,3.4965075614664802,2.5394490491384327,0.13955721841193733,0.04585752633283841,0.8145852483576164,0.09369969207909892
59.45465850830078,59.46365188180549,57.19004013784853,543501000.0,0.0,0.0180623768081759,57.199753063898726,55.3279322824156,0.0,96.08903732128417,2.4558550460846007,1.858272558640456,0.5975824874441447,0.2862816520330303,0.9186607313192136,0.0408983709528437,0.0186289624253999,-0.0058523076180975,0.0301035870385578,0.0,0.0873881333436032,0.0945906132831344,0.3024360280603386,0.2979033039016162,0.2320944552260037,670.0,1,2024-01-20,0.0,0.06133477044779512,0.08738813334360329,59.45465850830078,57.072113037109375,56.01876068115234,54.67657470703125,54.67657470703125,0.06133477044779512,0.08738813334360329,0.21170352540928672,0.01837348699858665,0.020267866124276914,58.66047668457031,1.375563269149018,1.0135386186512079,0.5773502691895688,56.81441443307059,1.9999966934611273,1.046471377054154,1.3201242201361216,55.0396409715925,2.6925481798653044,1.080215231399983,1.639717190475361,0.9065328775079498,3.6375861597263857,2.24808319704337,0.11794484220445152,0.188844128939751,0.6932110214555586,-0.07089928673529948
59.617557525634766,60.29414590763177,59.03391464914335,452955000.0,0.0027361398718848,0.0177877271179516,58.22699895015812,56.37674845650267,-0.1665976695535058,94.67583589399499,2.6361650789315405,2.1270979762468456,0.5090671026846949,0.2919484073239945,0.8449115471176272,0.0,0.0,0.0408983709528437,0.0186289624253999,-0.0058523076180975,0.0642427072774076,0.0903674534309868,-0.0157550630213209,-0.2037575739925053,0.1493351736224445,385.0,1,2024-01-22,0.0027398865189216526,0.0027398865189216526,0.09036745343098684,59.45465850830078,59.45465850830078,59.45465850830078,56.01876068115234,54.67657470703125,0.0027398865189216526,0.09036745343098684,0.1416377569196936,0.018097829751670777,0.014325360324029377,59.508958180745445,0.0940497915106036,1.001824924317436,1.1547005383534166,58.20285252162388,1.642831952687651,1.0243064547993637,0.8611379890051721,56.309936250959126,2.295304519644773,1.0587395670265796,1.4410381046901506,1.2633420271679627,2.302585092994046,2.30149440616609,0.05499215486148989,0.09606769722368978,0.8489401506053077,-0.041075542362199895
59.836421966552734,59.87339811111822,58.549206851244,294654000.0,0.0036644184941675,0.0161208801357046,58.62935470425677,56.83803825784268,-0.3494850481835944,94.20879224985167,2.6785036955956514,2.2373791201166067,0.4411245754790447,0.2791578969756196,0.830772549567937,0.0027361398718848,0.0,0.0,0.0408983709528437,0.0186289624253999,0.0484353703120463,0.0943703457498763,0.5235752912769223,-0.8432128710694737,0.5393303542982432,739.0,1,2024-01-23,0.0036711406840821414,0.006421085711873165,0.06191680756608742,59.617557525634766,59.45465850830078,59.45465850830078,57.072113037109375,56.34756088256836,0.006421085711873165,0.06191680756608742,0.1267030278077108,0.01641946427661127,0.014239514894768983,59.63621266682943,0.19156420655818443,1.0033571766343012,1.0451289586945602,58.70126124790737,1.5100189957434582,1.0193379272355214,0.7517526083083939,56.79057094029018,2.2775847056243137,1.0536330411163672,1.3373162450296876,1.1530915482691837,3.1780538303479458,1.9295596848422298,0.1848881077426283,0.07762677011930419,0.7374851306009552,0.1072613376233241
61.32451629638672,62.81060746868792,59.90138636580081,560271000.0,0.024565164030978,0.015674929731088,59.30314510228926,57.43623532964856,0.9014539086521818,94.4134740034456,2.7998590974064754,2.3498751155745805,0.4499839818318949,0.269548596995539,0.8933251577484311,0.0036644184941675,0.0027361398718848,0.0,0.0,0.0408983709528437,0.0314501476419191,0.1215866506813303,0.4303647866003099,-0.1903929110122245,-0.0932105046766123,769.0,0,2024-01-24,0.02486937355087493,0.03145014764191911,0.09471390567588034,59.836421966552734,59.617557525634766,59.45465850830078,59.45465850830078,56.01876068115234,0.03145014764191911,0.09471390567588034,0.12901564967834767,0.01597450114746551,0.014409682435528133,60.259498596191406,0.9288016134632754,1.017673855989612,1.1466578920164883,59.45922633579799,1.2480000295500062,1.031370908697238,1.4946233304668244,57.29112216404506,2.4552218995812662,1.0704017303203208,1.6427819143473523,1.1085949478025416,2.995732273553991,1.3731799560732492,0.1639646551522769,0.15922989299226745,0.6768054411207375,0.004734762160009454
61.579349517822266,62.6806773302913,60.81281608866899,482777000.0,0.0041468766655252,0.0157525339784858,59.87219620617251,57.98865055473839,-0.1383152081760433,94.2555596050016,2.8833594658068904,2.456571985621043,0.4267874801858475,0.2610048903895073,0.876332612058177,0.024565164030978,0.0036644184941675,0.0027361398718848,0.0,0.0,0.0357363251733224,0.1262473892663824,0.1638898620773856,0.3098252795133662,-0.2664749245229243,726.0,0,2024-01-25,0.004155486856250334,0.03290627918367761,0.07897441045826015,61.32451629638672,59.836421966552734,59.617557525634766,59.45465850830078,57.072113037109375,0.03290627918367761,0.07897441045826015,0.12394650839499977,0.01606483927045838,0.014463210318682924,60.913429260253906,0.941378524134356,1.0109322404871215,0.7073884101835719,60.103117261614116,0.9344756264240267,1.024561658753613,1.5797439916729255,57.77618244716099,2.5898815645121718,1.065825863004006,1.4684714246296573,1.110738136035161,3.5263605246161616,2.0365512010070836,0.22367440852703468,0.06646935949384258,0.7098562334748831,0.1572050490331921
60.99371719360352,61.74526054571479,60.53600059416135,390309000.0,-0.0095557171927365,0.0103244231549836,60.15257645303026,58.38932610658707,-0.191533565186411,88.7744699303699,2.8692040765441007,2.5390984038056543,0.3301056727384464,0.2414918091746797,0.816090452198483,0.0041468766655252,0.024565164030978,0.0036644184941675,0.0027361398718848,0.0,0.0258862589394548,0.0824553226131299,0.2794547498828977,0.255754520241032,0.115564887805512,853.0,1,2024-01-26,-0.009510206405302313,0.01934098311723398,0.025886258939454843,61.579349517822266,61.32451629638672,59.836421966552734,59.45465850830078,59.45465850830078,0.01934098311723398,0.025886258939454843,0.11553654413102632,0.010417628925866552,0.015008395609205687,61.2991943359375,0.29363617974229,0.9950166205992876,-1.0403252848544737,60.32298278808594,0.9375279297421233,1.0111190523829676,0.7154287186964954,58.22740691048758,2.5584225490033092,1.0475087322258496,1.0812562155511098,0.694120090989386,3.367295829986474,1.6378107186343218,0.10022227911810785,0.12895423210492088,0.7708234804283295,-0.028731952986813025
60.99371719360352,61.74526054571479,60.53600059416135,390309000.0,0.0,0.0103244231549836,60.36286163817358,58.736578251522594,0.0,88.7744699303699,2.825416189497261,2.596361960943976,0.2290542285532852,0.2127243799017451,0.8061455123859613,-0.0095557171927365,0.0041468766655252,0.024565164030978,0.0036644184941675,0.0027361398718848,0.0230831272713079,0.0888087571370532,0.6528432076060977,-0.0816373757052725,0.3733884577232,753.0,1,2024-01-27,0.0,-0.005394239086769392,0.025886258939454843,60.99371719360352,61.579349517822266,61.32451629638672,59.617557525634766,59.45465850830078,-0.005394239086769392,0.025886258939454843,0.11553654413102632,0.010417628925866552,0.015008395609205687,61.1889279683431,0.33811498003448426,0.9968097042843997,-0.5773502691885142,60.54284831455776,0.8785654361936581,1.0074471038545,0.5131875902142604,58.678631373814184,2.4382441858426414,1.039453643781175,0.9494889122392226,0.694120090989386,3.1354942159291497,1.738101840248784,0.12163672469217665,0.24113692085004662,0.637226361696693,-0.11950019615786997
62.42683792114258,62.45082152019551,60.86979110422985,348733000.0,0.0232244157585893,0.0126614740038269,60.99714112555894,59.48943781855684,-0.1065207310105582,90.4539066572525,2.7896881728526566,2.6610350440214763,0.1286531288311803,0.1981048873662864,0.8694904067681513,0.0,0.0,-0.0095557171927365,0.0041468766655252,0.024565164030978,0.0179752192325211,0.0499906901731987,0.101187330265253,-0.068675129258632,-0.0648757947866113,408.0,1,2024-01-29,0.023496202452952808,0.023496202452952808,0.047121695555874865,60.99371719360352,60.99371719360352,60.99371719360352,61.32451629638672,59.617557525634766,0.023496202452952808,0.047121695555874865,0.1417474166155961,0.012783003626871087,0.015361425036435129,61.4714241027832,0.827412637826171,1.0155424057975602,1.1547005383788873,61.164039611816406,0.7791547177144695,1.0206460906987282,1.620728567274028,59.683446066720144,1.9714515315130394,1.045965708001438,1.3915593716457995,0.8321495952720278,2.4849066497880004,3.05792297037965,0.3035194207490845,0.11621224389157508,0.580268344418569,0.18730717685750942
62.735652923583984,63.45421549320403,62.22196696017239,410735000.0,0.0049346354009124,0.0126218002306827,61.431769075065205,59.92226649922713,0.1777921791169749,88.87139709548538,2.8066448664594645,2.690157008509074,0.1164878579503905,0.1982166769610068,0.8569739537187304,0.0232244157585893,0.0,0.0,-0.0095557171927365,0.0041468766655252,0.0187774540461338,0.055184816423176,0.483118168077243,0.0672291831386571,0.3819308378119899,810.0,1,2024-01-30,0.004946830765823806,0.028559264955950958,0.04845261233453857,62.42683792114258,60.99371719360352,60.99371719360352,61.579349517822266,59.836421966552734,0.028559264955950958,0.04845261233453857,0.1133694509746177,0.012742171967320522,0.014153433420416662,62.052069346110024,0.9294749246053019,1.0110162897817494,0.7354513385761773,61.57821546282087,0.7244654104514066,1.0187962163577464,1.5976435093594408,60.139738355364116,1.8769671615533683,1.0431647133693978,1.3830367527961984,0.9002884027376452,2.0794415416798357,3.4277987391503735,0.23490750310676436,0.15226137571568996,0.6128311008214951,0.08264612739107441
61.48941802978516,62.230965375095856,60.66292351979887,453795000.0,-0.0200648177507747,0.0133778370927575,61.44618131374519,60.13122003663487,0.1048364517267825,79.94538376279911,2.688530719022623,2.689831750611784,-0.0013010315891612,0.191921819011462,0.7267609583262568,0.0049346354009124,0.0232244157585893,0.0,0.0,-0.0095557171927365,0.0081270802795672,0.0342237189235608,0.4951845606085683,0.374156073990475,0.0120663925313252,679.0,1,2024-01-31,-0.01986485890753087,0.008127080279567211,0.002689001778692468,62.735652923583984,62.42683792114258,60.99371719360352,60.99371719360352,61.32451629638672,0.008127080279567211,0.002689001778692468,0.09765759331540225,0.013400143037480444,0.015613819925622656,62.21730295817057,0.6490023329400642,0.9883009244409907,-1.121544394282829,61.601772853306365,0.7174884259440594,0.9981761105514162,-0.1565946145728646,60.53049959455218,1.4806581649755648,1.015841905182611,0.647629856719026,0.8582232343726781,2.772588722239781,2.659271772982412,0.24872799664735792,0.1257277127355337,0.6255442863951127,0.12300028391182422
62.98849487304688,63.15239614325578,61.61233723186135,369146000.0,0.0240869932001987,0.0161487123972872,61.83175970357061,60.51219001482313,-0.1865357705571899,80.87844483290007,2.6849370956326126,2.68885281961595,-0.0039157239833373,0.1874199183932291,0.8280028183259204,-0.0200648177507747,0.0049346354009124,0.0232244157585893,0.0,0.0,0.0327046419078151,0.0565426945906439,0.0470131428091715,0.4180033066242083,-0.4481714177993968,703.0,1,2024-02-01,0.02437942805924065,0.00899704310850713,0.022883407607558137,61.48941802978516,62.735652923583984,62.42683792114258,60.99371719360352,61.579349517822266,0.00899704310850713,0.022883407607558137,0.1036650216909012,0.016214272355878634,0.016009935446882537,62.40452194213867,0.8025232960207627,1.0093578624230095,0.7276710019556888,61.803079332624165,0.8876526077182331,1.0191805255211122,1.3354498484152515,60.95309829711915,1.2428744518642034,1.0333928320756738,1.6376525986794699,1.0127631313489078,2.8903717578961645,2.7302766931560067,0.16015551135163092,0.369378330076442,0.47046615271007314,-0.20922281872481108
66.11958312988281,66.55930912654547,63.65108714697043,476578000.0,0.0485128795307067,0.0222477861196684,62.90371556014866,61.259842430164426,0.291028481955649,82.2642299663614,2.901297427189938,2.731341741130748,0.1699556860591902,0.196469784969218,1.0272988313790652,0.0240869932001987,-0.0200648177507747,0.0049346354009124,0.0232244157585893,0.0,0.0840392448948308,0.1050056296287607,-0.1160814252528628,-0.2458484475861443,-0.1630945680620343,858.0,1,2024-02-02,0.04970889149116253,0.05393950725946328,0.08403924489483061,62.98849487304688,61.48941802978516,62.735652923583984,60.99371719360352,60.99371719360352,0.05393950725946328,0.08403924489483061,0.11210096548870951,0.022584049691318043,0.0174121166010664,63.53249867757162,2.3625330300429814,1.0407206470099766,1.0950468922181076,62.53534589494978,1.7772263335274818,1.0573153819434218,2.0167590178674395,61.42916434151787,1.7835979015183463,1.0763549177112093,2.629751237300779,1.2970306947022678,2.3978952727983707,2.178212755691258,0.061022941861301604,0.40356291830539703,0.5354141168296337,-0.34253997644409545
66.11958312988281,66.55930912654547,63.65108714697043,476578000.0,0.0,0.0222477861196684,63.7076824525822,61.907807856793546,0.0,82.2642299663614,3.037747288926425,2.792622850689884,0.2451244382365418,0.197289989521425,0.9721928101399032,0.0485128795307067,0.0240869932001987,-0.0200648177507747,0.0049346354009124,0.0232244157585893,0.0591531676392915,0.078191678028427,0.0219849551989862,0.16271066991487,0.1380663804518491,833.0,1,2024-02-03,0.0,0.07530019389441645,0.08403924489483061,66.11958312988281,62.98849487304688,61.48941802978516,62.42683792114258,60.99371719360352,0.07530019389441645,0.08403924489483061,0.11210096548870951,0.022584049691318043,0.0174121166010664,65.07588704427083,1.8077346479408318,1.0160381384413855,0.5773502691895878,63.26761245727539,2.06832613155607,1.0450778931247542,1.3788786154636987,61.90523038591658,2.0807596613872845,1.0680774906691082,2.0253914097683134,1.2970306947022678,3.4657359027997265,2.265978680662772,0.18841774545369608,0.1356967533788373,0.6758855062146341,0.05272099207485878
69.28964233398438,69.45454244217241,67.16394292298222,680078000.0,0.0468304655731074,0.0258187532556468,65.55540379992661,63.37874648530931,0.427002505361137,86.2635569330403,3.384109560818977,2.9617060163705644,0.4224035444484131,0.2091542304124301,1.0877652399550608,0.0,0.0,0.0485128795307067,0.0240869932001987,-0.0200648177507747,0.12685474272046,0.1360127816779603,-0.1155554249704619,-0.3321864786200209,0.2648498300546715,326.0,1,2024-02-05,0.04794433137720211,0.04794433137720211,0.10993355808780314,66.11958312988281,66.11958312988281,66.11958312988281,61.48941802978516,62.42683792114258,0.04794433137720211,0.10993355808780314,0.16223550929926533,0.026280523787365204,0.020353210140827426,67.17626953125,1.8302345348352391,1.031460109611345,1.1547005383791562,64.98027965000698,2.6974158803715267,1.066318007666145,1.59758927621641,63.0721596309117,2.7494295231598267,1.0985772920961705,2.2613719139551294,1.291222544528635,2.833213344056216,2.254914767428849,0.1698075402528047,0.06571348558645691,0.7644789915066212,0.10409405466634779
68.18132019042969,69.71138308978904,66.25949848302591,683111000.0,-0.0161248039237279,0.0282828625457048,66.21188289755239,64.01908964599203,0.0044597825543539,79.33123289956137,3.4718624172745365,3.063737296551359,0.4081251207231773,0.2082794739835314,0.9522187694102344,0.0468304655731074,0.0,0.0,0.0485128795307067,0.0240869932001987,0.0824408541250103,0.1178416946455584,0.23297029219496,0.4573388980019234,0.3485257171654219,660.0,1,2024-02-06,-0.01599549523163135,0.031181942821642883,0.08680338871229853,69.28964233398438,66.11958312988281,66.11958312988281,62.98849487304688,62.735652923583984,0.031181942821642883,0.08680338871229853,0.1394618519894384,0.028733396818623837,0.021540904568899233,67.86351521809895,1.6087475997515732,1.004683001923926,0.1975480630894555,65.75823211669922,2.727274454698709,1.0368484370052753,0.8884650642900388,63.668223789760056,2.894705296366905,1.0708845972454393,1.559086656017779,1.333899267169547,3.5553480614894135,2.196705281261202,0.1239137052941848,0.10326074121300784,0.7728255601490245,0.020652964081176964
70.05616760253906,70.17709586585252,67.55869397580136,495575000.0,0.0271266847935073,0.0248068381033111,67.17295407379905,64.82403337353163,-0.2745322502492274,79.87829647436237,3.650609748884904,3.181111787018068,0.4694979618668355,0.2181870973127332,1.0164525866406526,-0.0161248039237279,0.0468304655731074,0.0,0.0,0.0485128795307067,0.059537345613982,0.1485800640772545,0.5791206109413083,0.499664004076533,0.3461503187463483,769.0,1,2024-02-07,0.02749796288591866,0.05953734561398205,0.13932071317709016,68.18132019042969,69.28964233398438,66.11958312988281,66.11958312988281,61.48941802978516,0.05953734561398205,0.13932071317709016,0.14238434860132476,0.02526066683613614,0.021695317772528325,69.1757100423177,0.9426020528236092,1.0127278427598754,0.9340713375107835,66.9820534842355,2.394210386949121,1.0458945935276092,1.2839782731962965,64.29191316877093,3.267534555716794,1.0896575346674868,1.764098997417836,1.1643372593565988,3.9889840465642745,2.3437497160241163,0.09570658212211329,0.13081494159996504,0.7734784772795327,-0.03510835947785175
69.59844207763672,70.75073737144197,69.41255872885704,414422000.0,-0.006555131477273,0.0263402342482191,67.77932607475847,65.46062120074565,-0.1637552338193008,77.06424097168566,3.712537847175632,3.287396999049581,0.425140848126051,0.228932224445797,0.9218707374054276,0.0271266847935073,-0.0161248039237279,0.0468304655731074,0.0,0.0,0.0526146533761437,0.1148801444268776,0.5400786513404672,0.3962498821603357,-0.0390419596008411,727.0,1,2024-02-08,-0.006533693471490354,0.00445665085358482,0.10493896096282618,70.05616760253906,68.18132019042969,69.28964233398438,66.11958312988281,62.98849487304688,0.00445665085358482,0.10493896096282618,0.1302237295880102,0.026832343764374003,0.022092501667926617,69.27864329020183,0.977479745574095,1.0046161237034519,0.32716666394664407,67.92633165631976,1.781797327074011,1.024616527649059,0.9384403017726063,64.86470549447196,3.453049263045812,1.072978618296019,1.3708859105558475,1.214545286346117,3.7376696182833684,2.040016656975756,0.1306980183211768,0.09693010739709543,0.7723718837085294,0.03376791092408138
72.08895111083984,72.14091368127717,70.1691190330097,436637000.0,0.0351586054449356,0.0238073827061845,68.85673233377881,66.34439852209154,0.0536047796690331,83.17992605512899,3.9174219741583594,3.4134019940713367,0.5040199800870218,0.2483420676517123,1.0018327824850242,-0.006555131477273,0.0271266847935073,-0.0161248039237279,0.0468304655731074,0.0,0.0902813916601839,0.1490906327004959,0.7365105221110114,0.5527018802079411,0.1964318707705442,778.0,1,2024-02-09,0.03578397675087297,0.05731233876809938,0.0902813916601839,69.59844207763672,70.05616760253906,68.18132019042969,66.11958312988281,66.11958312988281,0.05731233876809938,0.0902813916601839,0.18190781653819066,0.024186611693768394,0.022485528043584762,70.58118693033855,1.3256669197198847,1.0213621256042267,1.13736275535931,68.77909851074219,2.161071941497451,1.0481229424602114,1.5315790911635232,65.65722220284599,3.7562067179812604,1.097959199189439,1.7122936491233722,1.0756523772484392,3.9318256327243257,2.29444224396592,0.15892826236784455,0.10747301740571853,0.7335987240821124,0.051455244962126015
72.08895111083984,72.14091368127717,70.1691190330097,436637000.0,0.0,0.0238073827061845,69.66478702804406,67.11033886725798,0.0,83.17992605512899,4.033300740607409,3.5373817433785515,0.4959189972288573,0.2595376721396072,0.9378981393785618,0.0351586054449356,-0.006555131477273,0.0271266847935073,-0.0161248039237279,0.0468304655731074,0.0404001042949893,0.17237979185167,0.4671342153081865,0.3332866042777416,-0.2693763068028249,670.0,0,2024-02-10,0.0,0.02901648174410143,0.0902813916601839,72.08895111083984,69.59844207763672,70.05616760253906,69.28964233398438,66.11958312988281,0.02901648174410143,0.0902813916601839,0.18190781653819066,0.024186611693768394,0.022485528043584762,71.25878143310547,1.4378960607392937,1.0116500683991305,0.5773502691895154,69.63186536516461,2.1139621029124767,1.0352868005587634,1.1623130529587165,66.44973891122001,3.8654669866023497,1.0848643244054592,1.4588695800960811,1.0756523772484392,4.499809670330265,2.8000930879099872,0.16577139979207445,0.14733895712814635,0.686889639710275,0.0184324426639281
72.20386505126953,74.56542046599529,71.2064736279646,613710000.0,0.0015927884392395,0.0184166184790446,70.75408729937463,68.36478199549565,0.4055382388574491,81.74031284714184,4.075937007563098,3.731611782352618,0.3443252252104809,0.2654314566765175,0.8557555414382024,0.0,0.0,0.0351586054449356,-0.006555131477273,0.0271266847935073,0.0306567932878565,0.092019362999234,-0.2757244025934207,-1.398656445954027,-0.8119051090929426,342.0,1,2024-02-12,0.001594057600491361,0.001594057600491361,0.042058561988792764,72.08895111083984,72.08895111083984,72.08895111083984,70.05616760253906,69.28964233398438,0.001594057600491361,0.042058561988792764,0.15661576744408023,0.01862586959035824,0.022403926932070196,72.12725575764973,0.06634559444700565,1.0010621406958446,1.1547005382699376,70.90094975062779,1.6195780333621046,1.018376556382169,0.804478249150492,67.94061470031738,3.7425277674146304,1.0627496582089686,1.1391365985501392,0.8313662889025121,3.713572066704308,2.3944503648103823,0.09542452786117789,0.16735720105934884,0.7372182711027563,-0.07193267319817095
72.08395385742188,73.40514518374027,69.5774897432117,602580000.0,-0.0016621114985353,0.016215548601142,71.08655393888644,68.86067157708581,-0.0181356015055971,80.72534143781904,4.018207459897937,3.7889309178616815,0.2292765420362554,0.2668483702150597,0.813937631462969,0.0015927884392395,0.0,0.0,0.0351586054449356,-0.006555131477273,0.0357121755256042,0.0902058126383356,-0.1821579736947994,-1.0526050402152405,0.0935664288986213,667.0,1,2024-02-13,-0.0016607309561962325,-6.932065650788743e-05,0.05723904518264211,72.20386505126953,72.08895111083984,72.08895111083984,69.59844207763672,68.18132019042969,-6.932065650788743e-05,0.05723904518264211,0.14901097698345023,0.016460293761453703,0.022602616950813156,72.12559000651042,0.06783421047152836,0.9994227270919408,-0.6137927868420034,71.45846884591239,1.1229068689220838,1.0087531264189025,0.5570230522411059,68.6083504813058,3.5725246450877624,1.050658605719767,0.9728703707880756,0.728247255495852,3.9512437185814275,2.6735723283638544,0.1570508685876049,0.15431212925114757,0.6886369999059859,0.0027387393364573243
73.8548583984375,74.19065168292555,71.89405893388704,504917000.0,0.0242703286657532,0.0156796858552798,71.77863005377421,69.52656315326604,-0.1620747452620399,89.28690030236672,4.06845495762137,3.844835725813619,0.2236192318077505,0.2720903569064176,0.8684289733217443,-0.0016621114985353,0.0015927884392395,0.0,0.0,0.0351586054449356,0.024496226680875,0.1169891717762316,0.1288560994430216,0.2676052714895553,0.311014073137821,704.0,0,2024-02-14,0.02456725035530627,0.024496226680875033,0.054223502739261464,72.08395385742188,72.20386505126953,72.08895111083984,72.08895111083984,70.05616760253906,0.024496226680875033,0.054223502739261464,0.20109867298894546,0.015912754599327845,0.021127056750165706,72.71422576904297,0.9896346649309368,1.0156865127467278,1.1525795021278202,72.00113895961216,1.243671792301559,1.025745696048852,1.4905214143313599,69.49159622192383,3.1846149864575035,1.062788342961348,1.370106651845933,0.7531931583041276,3.912023005428146,2.5250200804637335,0.1582551369329496,0.15381570768599603,0.6879291436349859,0.0044394292469535634
72.61360931396484,73.92980608164119,72.35577132172895,420122000.0,-0.0169494338209752,0.0176106649744654,71.98737486882186,69.93816930802588,-0.1679384928612028,81.08981420283469,3.962441475223159,3.868356875695528,0.0940845995276311,0.264863724768973,0.7736199342156147,0.0242703286657532,-0.0016621114985353,0.0015927884392395,0.0,0.0,0.0072779281018851,0.0479720614512417,0.1015432505101092,0.0442442622903509,-0.0273128489329123,790.0,0,2024-02-15,-0.016806600288585938,0.005674824504261267,0.04332233806275032,73.8548583984375,72.08395385742188,72.20386505126953,72.08895111083984,69.59844207763672,0.005674824504261267,0.04332233806275032,0.15280750016836175,0.017803352452542585,0.022311539965982938,72.8508071899414,0.908968012431766,0.9967440597417387,-0.2609529408433043,72.43187713623047,0.6562186059196697,1.0025090082560275,0.27693847156266327,70.17910439627511,2.6700956147028347,1.034689882959221,0.9117669435821615,0.7979436865266264,4.04305126783455,2.119978714716466,0.17853380696448892,0.1934175733476877,0.6280486243776977,-0.014883766383198771
72.56863403320312,74.35654245789623,72.45670295069786,495327000.0,-0.0006195700130198,0.0120811993568365,72.13268965991718,70.28889793804952,0.1790075263851929,76.01804940810007,3.8306386791498426,3.860813236386391,-0.0301745572365481,0.2527631311579943,0.7481522847510108,-0.0169494338209752,0.0242703286657532,-0.0016621114985353,0.0015927884392395,0.0,0.0066540421933141,0.0643477396817737,0.0901880350951954,0.2472555211162395,-0.0113552154149137,852.0,0,2024-02-16,-0.0006193781191519143,0.006723828950059074,0.006654042193314114,72.61360931396484,73.8548583984375,72.08395385742188,72.08895111083984,72.08895111083984,0.006723828950059074,0.006654042193314114,0.09753617004287585,0.012141830499702723,0.01935572059993578,73.01236724853516,0.7299652027450398,0.9939224924207489,-0.6078826958646372,72.50040326799665,0.6392665755074988,1.0009411087681026,0.10673288393392459,70.63975088936942,2.4642325062408643,1.0273059165632474,0.7827520897271876,0.6272993266777682,4.276666119016055,2.08559712380207,0.17360942330683618,0.12282753916798338,0.7035630348230332,0.050781884138852804
72.56863403320312,74.35654245789623,72.45670295069786,495327000.0,0.0,0.0120811993568365,72.24167575323867,70.59286275073667,0.0,76.01804940810007,3.683720378190429,3.825394664747199,-0.1416742865567695,0.2354703061578934,0.7284468685906468,-0.0006195700130198,-0.0169494338209752,0.0242703286657532,-0.0016621114985353,0.0015927884392395,0.0050519315229813,0.0358636008312422,0.1252701781104968,-0.0656293192993611,0.0350821430153013,766.0,0,2024-02-17,0.0,-0.017415568767261802,0.006654042193314114,72.56863403320312,72.61360931396484,73.8548583984375,72.20386505126953,72.08895111083984,-0.017415568767261802,0.006654042193314114,0.09753617004287585,0.012141830499702723,0.01935572059993578,72.58362579345703,0.025966490471156088,0.9997934553407877,-0.577350268822785,72.56892939976284,0.6129793732139205,0.999995929848185,-0.0004818539947979181,71.10039738246373,2.1350497185500092,1.0206501890958704,0.6876826511265194,0.6272993266777682,4.30406509320417,2.0296243483729053,0.12731931276925618,0.1515061853721431,0.7211744968001157,-0.024186872602886933
69.40957641601562,71.91204456852859,67.69262359545532,704833000.0,-0.044507943668658,0.0210296678817957,71.64093410454625,70.86127242273997,0.4229650311814215,55.447250422611084,2.9451242573333047,3.5371753302934947,-0.59205107296019,0.1691360643909878,0.4285194522656574,0.0,0.0,0.0,-0.0006195700130198,-0.0169494338209752,-0.0441244131536789,-0.0371676193582642,0.1764077484328579,-0.1570525748412693,0.4240917338196368,757.0,1,2024-02-20,-0.04353199780144823,-0.04353199780144823,-0.037100870558460564,72.56863403320312,72.56863403320312,72.56863403320312,72.61360931396484,72.08395385742188,-0.04353199780144823,-0.037100870558460564,0.018014556217970323,0.020785597994576743,0.019288579234014166,71.51561482747395,1.8238827656689591,0.9705513485895495,-1.1547005383791107,72.30751146589007,1.363741541752564,0.9599220746071243,-2.1249884682329685,71.88299015590123,1.2784402086046753,0.9655911122433665,-1.9347120993520317,1.0776116655560966,3.8918202981106265,2.085297390601013,0.07923583236212527,0.12229983636643733,0.7984643173792089,-0.04306400400431207
67.4307861328125,68.84592156210476,66.2075347659216,673755000.0,-0.028923165515722,0.0178986535268034,70.5883971116128,70.40387425074964,-0.0440927141606592,38.46294143127465,2.426023503555797,3.3149449649459557,-0.8889214613901584,0.143717802708696,0.1988632629272444,-0.044507943668658,0.0,0.0,0.0,-0.0006195700130198,-0.0707998430567102,-0.0646169060063756,0.5649450687253368,0.145394075752176,0.3885373202924789,780.0,1,2024-02-21,-0.028508894382858307,-0.07079984305671028,-0.08698239228850668,69.40957641601562,72.56863403320312,72.56863403320312,72.56863403320312,73.8548583984375,-0.07079984305671028,-0.08698239228850668,-0.037475379535768516,0.017545953545650826,0.01927842884313249,69.80299886067708,2.5914197222488555,0.9660156043925937,-0.9154104630360507,71.38978685651507,2.1075809272820347,0.9445438780807723,-1.878457274145176,71.69546290806362,1.692513634325182,0.9405167830393983,-2.5197296427992892,0.9101339994260569,4.770684624465665,2.216707356101349,0.11582434895790664,0.1661655868952855,0.7180100712670475,-0.05034123793737885
78.49002075195312,78.52699308470093,74.17465795695503,865100000.0,0.1518698113475919,0.0645719408329275,72.56380302169788,71.48202711757678,0.2839978924089616,70.2269392617523,2.8738917885498125,3.226734329666727,-0.3528425411169142,0.1629066366375164,1.1380587102139854,-0.028923165515722,-0.044507943668658,0.0,0.0,0.0,0.081597053570565,0.0870612078206618,0.3452743660152961,-0.1682478197356006,-0.2196707027100406,977.0,1,2024-02-22,0.16400868584504158,0.08159705357056501,0.0809271360218442,67.4307861328125,69.40957641601562,72.56863403320312,72.56863403320312,72.61360931396484,0.08159705357056501,0.0809271360218442,0.12775542682978291,0.06881732873750664,0.04842153758386713,71.77679443359375,5.8974111648553285,1.0935292021792684,1.1383344540000475,72.22927420479911,3.4310783314026625,1.086678796320205,1.8247168797788862,72.33057567051479,2.375535503470183,1.0851568651892978,2.5928659337823476,1.4212132074144397,5.4680601411351315,2.3396097992816656,0.13171062013923612,0.13457538662241547,0.733713995906035,-0.0028647664831793485
78.76885223388672,82.34366290568272,77.5226123761237,829388000.0,0.0035461499734259,0.064464854459487,74.11506532474509,72.45360379975143,-0.0412807767888105,66.89585621690966,3.2142778076760123,3.224243025268584,-0.0099652175925717,0.1741560862718405,1.0632741632252858,0.1518698113475919,-0.028923165515722,-0.044507943668658,0.0,0.0,0.0854393676177884,0.0927376762613105,0.477987546108554,0.1504536049686584,0.1327131800932578,1458.0,1,2024-02-23,0.003552445002082072,0.13484127552911462,0.08543936761778848,78.49002075195312,67.4307861328125,69.40957641601562,72.56863403320312,72.56863403320312,0.13484127552911462,0.08543936761778848,0.09266192696820119,0.06869718049478674,0.047845198545153164,74.89655303955078,6.467046727691213,1.0517019680771034,0.598773962426336,73.11501966203961,4.238570743728793,1.0773279224703882,1.333900721183496,72.80771146501813,2.9295181911062653,1.0818751290065303,2.034853644864209,1.4358218292260787,5.564520407322694,1.8832368544462237,0.16076375349926258,0.1462642923892977,0.692971956027815,0.01449946110996489
78.76885223388672,82.34366290568272,77.5226123761237,829388000.0,0.0,0.064464854459487,75.2785120520305,73.29563692430281,0.0,66.89585621690966,3.444332064168904,3.2682608330486485,0.1760712311202557,0.177237256156534,0.9993323403418788,0.0035461499734259,0.1518698113475919,-0.028923165515722,-0.044507943668658,0.0,0.0854393676177884,0.0665358236683475,0.2643760305884245,0.3887598497138408,-0.2136115155201294,1033.0,0,2024-02-24,0.0,0.16814376268345188,0.08543936761778848,78.76885223388672,78.49002075195312,67.4307861328125,72.56863403320312,72.56863403320312,0.16814376268345188,0.08543936761778848,0.09266192696820119,0.06869718049478674,0.047845198545153164,78.67590840657552,0.1609834311563977,1.0011813505454668,0.5773502691771204,74.00076511928013,4.725257701746501,1.0644329434556659,1.0090639316548293,73.28484725952148,3.321241214994,1.0748313625454506,1.651191412899271,1.4358218292260787,4.867534450455582,1.9837630905675796,0.1539335941838086,0.14645067430570605,0.6996157308968232,0.00748291987810254
79.04369354248047,80.59674521460998,78.45704646976243,503973000.0,0.0034831398874176,0.0643727607107247,76.87424620874103,74.6945049091673,-0.392355568202096,67.16152828356769,3.676851122944584,3.4007087346299216,0.2761423883146618,0.1910184562984229,0.9039343015710236,0.0,0.0,0.0035461499734259,0.1518698113475919,-0.028923165515722,0.1722196651659235,0.0892266968441866,0.3918472749893801,0.2749202626726985,0.247519985198344,375.0,1,2024-02-26,0.0034892130683543687,0.0034892130683543687,0.0892266968441866,78.76885223388672,78.76885223388672,78.76885223388672,67.4307861328125,72.56863403320312,0.0034892130683543687,0.0892266968441866,0.09472939552964665,0.06859424803216928,0.04783040567171371,78.86046600341797,0.1586797035046074,1.002323439720158,1.1547005383532232,75.81151907784599,5.0839672126670195,1.042634345069851,0.6357583220799142,74.25054223196847,3.832877586653961,1.06455375498185,1.2505359751643788,1.434113866877258,3.6109179126442243,1.995291723061695,0.08786235459976723,0.14965244354162777,0.7624851990905073,-0.06179008894186054
78.65291595458984,79.4314469973946,77.1148623296948,391705000.0,-0.0049560784980275,0.0601628445144147,77.31891364520322,75.22229304855698,-0.2227659021415829,66.26088441117003,3.675487117467583,3.455664411197454,0.2198227062701288,0.1951376012699544,0.8361313286169384,0.0034831398874176,0.0,0.0,0.0035461499734259,0.1518698113475919,0.0020753619514448,0.0838417589423401,0.4099528021552903,0.3945558816281549,0.0181055271659101,913.0,1,2024-02-27,-0.004943817404997719,-0.001471854368940484,0.13317095443967308,79.04369354248047,78.76885223388672,78.76885223388672,78.49002075195312,69.40957641601562,-0.001471854368940484,0.13317095443967308,0.09112932553839959,0.06462212228110052,0.04788659735696858,78.82182057698567,0.20070130749081613,0.997857133707907,-0.8415721078626132,77.13199615478516,4.281031497734991,1.019718403200049,0.3552694719974324,74.71975381033761,3.947607979334918,1.052638853096811,0.9963406105271082,1.3494824407626562,4.060443010546419,1.9467910384712104,0.16097608241334294,0.13050399302390578,0.7085199191382057,0.030472089389437157
77.61556243896484,78.88478331880187,77.07788905731108,393110000.0,-0.0132767499150645,0.0583998680297766,77.39307584364363,75.54139563394469,0.0035868829859204,59.6601146617197,3.549780711730989,3.474487671304161,0.0752930404268279,0.1915090796870738,0.7394555575753713,-0.0049560784980275,0.0034831398874176,0.0,0.0,0.0035461499734259,-0.0146414447108793,0.0695469671298008,0.4841689612037393,0.3498426220630775,0.074216159048449,938.0,1,2024-02-28,-0.01318900263308631,-0.014641444710879359,0.1510404503677636,78.65291595458984,79.04369354248047,78.76885223388672,78.76885223388672,67.4307861328125,-0.014641444710879359,0.1510404503677636,0.050920198373935355,0.06295699085198685,0.047898210641933996,78.43739064534505,0.7380568957757235,0.9895224943152928,-1.1135025105570397,78.5869641985212,0.45920592880849526,0.9876391489420248,-2.1153946380371447,74.98837552751813,4.011659647189439,1.035034588934156,0.654887787723297,1.3143912895332497,4.07753744390572,1.9563017509333627,0.17092861646208266,0.1361054475981228,0.6929659336676885,0.034823168863959864
79.06365966796875,79.94112153625711,78.30212423623774,507289000.0,0.0184853925752135,0.0096581306619176,77.81072179972492,76.01103083848123,0.2904505100353591,66.39402150832886,3.5263571732341887,3.4848615716901667,0.0414956015440219,0.1970965887510395,0.8063872135489948,-0.0132767499150645,-0.0049560784980275,0.0034831398874176,0.0,0.0,0.0037426904889596,0.0895018312153137,-0.0455814417506625,-0.0264687850867301,-0.5297504029544019,872.0,1,2024-02-29,0.018657305100928223,0.00025259605913463545,0.007308431193163489,77.61556243896484,78.65291595458984,79.04369354248047,78.76885223388672,78.49002075195312,0.00025259605913463545,0.007308431193163489,0.088827017620283,0.009687642931322366,0.047619842031025664,78.44404602050781,0.7463018043565759,1.0078987976639928,0.8302454098916958,78.66891261509487,0.48922596146432357,1.0050178277511634,0.8068808361934581,75.44909340994698,4.087609263082228,1.0479073517607733,0.88427391792733,0.20343710768739207,3.7612001156935624,1.4440365755844546,0.08341326908252775,0.14912590211523427,0.7674608352106242,-0.06571263303270652
82.22872924804688,82.24972013852617,79.38646508056598,479135000.0,0.0392513986824803,0.0174707597349384,78.91522366180541,76.84005729308998,-0.0554989365036497,71.19180558345049,3.720303174552228,3.5319498922625794,0.1883532822896487,0.2131394552721136,0.9475425395748708,0.0184853925752135,-0.0132767499150645,-0.0049560784980275,0.0034831398874176,0.0,0.0439244309906512,0.1846885328214356,0.0160965105781468,-0.0747758079987161,0.0616779523288094,852.0,1,2024-03-01,0.040031913440004896,0.04546320056997666,0.04392443099065124,79.06365966796875,77.61556243896484,78.65291595458984,78.76885223388672,78.76885223388672,0.04546320056997666,0.04392443099065124,0.13311667421525208,0.017720373057303385,0.0483490077678668,79.63598378499348,2.359235718045425,1.0325574613362403,1.098976860693438,79.16318075997489,1.4369094026045601,1.0387244228774335,2.1334319912691297,76.13910021100726,4.369580404237988,1.0799803126141916,1.3936416025514435,0.36650954953165576,3.5553480614894135,1.7225391221531847,0.08673344097812381,0.1735745709499015,0.7396919796352878,-0.08684112997177769
82.22872924804688,82.24972013852617,79.38646508056598,479135000.0,0.0,0.0174707597349384,79.74360005836579,77.55854688708423,0.0,71.19180558345049,3.829858552513059,3.591531624312676,0.2383269282003834,0.2243087112197548,0.892497676499853,0.0392513986824803,0.0184853925752135,-0.0132767499150645,-0.0049560784980275,0.0034831398874176,0.040294621402714,0.2194538127746006,0.3456910248588557,2.5686447465005635,0.3295945142807088,829.0,1,2024-03-02,0.0,0.05943610616375716,0.04392443099065124,82.22872924804688,79.06365966796875,77.61556243896484,79.04369354248047,78.76885223388672,0.05943610616375716,0.04392443099065124,0.13311667421525208,0.017720373057303385,0.0483490077678668,81.1737060546875,1.8273537740623464,1.0129971051543292,0.5773502691895167,79.65744890485492,1.822097570598814,1.0322792203182802,1.4111650137083125,76.82910701206752,4.5224384972906035,1.070280944891514,1.1939625578577284,0.36650954953165576,3.784189633918261,2.6015433576037768,0.13279977044480482,0.10408393100857036,0.7631162941282572,0.028715839436234458
85.1849136352539,87.64141180521226,83.66784349827213,615616000.0,0.0353196029138645,0.0205381597996647,81.56989017565301,79.11506130410699,0.2848487378296305,74.49930708503697,4.096796467556686,3.737467121293108,0.359329346263578,0.2472988536880718,0.94549746282246,0.0,0.0,0.0392513986824803,0.0184853925752135,-0.0132767499150645,0.0975236274586224,0.0814542959483033,0.2227776460198065,0.0602847069683543,-0.0066916974377224,528.0,1,2024-03-04,0.03595074877406357,0.03595074877406357,0.0776939919877726,82.22872924804688,82.22872924804688,82.22872924804688,77.61556243896484,79.04369354248047,0.03595074877406357,0.0776939919877726,0.17385306710166715,0.02083788474976384,0.04873199702730357,83.21412404378255,1.7067538517285497,1.023683354407894,1.1547005383789828,81.02903420584542,2.669255918042607,1.051288769144785,1.5569430421853427,78.4202766418457,4.748348077457221,1.0862613252985969,1.4246295518063035,0.4276016995176452,3.6635616461296463,1.968636030253063,0.10269406462382326,0.11390143507895496,0.7834045032137319,-0.011207370455131704
85.91552734375,86.04845558668288,83.36996636051644,520639000.0,0.0085402252027717,0.0194281632300549,82.65629946767726,80.02179010939273,-0.1542796158644349,85.39043084867623,4.284477334479149,3.846869163930316,0.4376081705488328,0.2643755251673659,0.919712260707218,0.0353196029138645,0.0,0.0,0.0392513986824803,0.0184853925752135,0.0866626678369806,0.0907297098686015,0.4253669737802442,0.1311497972194495,0.2025893277604377,850.0,1,2024-03-05,0.00857679696224678,0.04483588800918614,0.0923374715484575,85.1849136352539,82.22872924804688,82.22872924804688,79.06365966796875,78.65291595458984,0.04483588800918614,0.0923374715484575,0.23780509520478477,0.019717842441159285,0.046035527397549465,84.44305674235027,1.9521485053097216,1.0174374384135867,0.7542820627604442,82.06655011858258,2.9845816371978944,1.0469006826728529,1.289620353216764,79.59927313668388,4.373294210562779,1.0793506518108547,1.4442783638499623,0.42831794389758404,4.174387269895637,2.112884966090328,0.149440413020784,0.14912815502611917,0.7014314334373921,0.00031225799466483295
88.64997100830078,89.67339555623481,86.98091470216241,582520000.0,0.0313311321340993,0.0166341835361697,84.15471735283313,81.17221422924713,0.118855867501282,94.06810142041952,4.600827054345757,3.9976607420134047,0.6031663123323523,0.2850980748472763,0.9719675713954462,0.0085402252027717,0.0353196029138645,0.0,0.0,0.0392513986824803,0.0780900035665628,0.1254444935299332,0.1402094174224512,-0.0331719570127645,-0.285157556357793,868.0,0,2024-03-06,0.03182711843937369,0.07809000356656282,0.1421674754726303,85.91552734375,85.1849136352539,82.22872924804688,82.22872924804688,77.61556243896484,0.07809000356656282,0.1421674754726303,0.31468096536342793,0.01695271883926302,0.044314161058344154,86.58347066243489,1.8265450603147042,1.023867146119871,1.1313711283475498,83.6428941999163,3.1512558327957043,1.0598625484720434,1.5889147292564776,81.11492919921875,3.4004094671893994,1.092893403020496,2.2159219005204402,0.38255759410503154,3.9889840465642745,1.9434515290358039,0.18434438260518152,0.1774170927984534,0.6382385167591976,0.006927289806728104
92.6167221069336,92.71466639598265,89.55145092677502,608119000.0,0.0437740041722491,0.0190736542841053,86.27021854135825,82.69814861293867,0.0439452722653299,91.5908015800603,5.112684306504306,4.220665454911585,0.892018851592721,0.3171102859700963,1.0370697633723631,0.0313311321340993,0.0085402252027717,0.0353196029138645,0.0,0.0,0.1263304559596298,0.1717155152568694,0.3196202965104572,0.1533405670983543,0.179410879088006,769.0,0,2024-03-07,0.04474621991992955,0.08724324712590925,0.1714196192774471,88.64997100830078,85.91552734375,85.1849136352539,82.22872924804688,79.06365966796875,0.08724324712590925,0.1714196192774471,0.1799808589632581,0.01947070593028349,0.01865111401135499,89.0607401529948,3.3694289250859737,1.0399276038783203,1.0553663641526623,85.57904597691127,3.934926776608688,1.0822359731834477,1.7885151438796867,82.12397929600307,4.484698304277929,1.127767101653843,2.339676406085456,1.0439433225505739,4.0943445622221,2.0990163671183657,0.19079314213309245,0.11393946005126172,0.6952673959845709,0.07685368208183073
87.47863006591797,97.3450634515258,86.45720334881955,1142269000.0,-0.0570751739398703,0.0339818487073496,86.57232142249818,83.33554614000258,0.8783642675200085,69.93793714354376,5.045571571373671,4.385646678204003,0.6599248931696682,0.3173431517912546,0.7995790606862924,0.0437740041722491,0.0313311321340993,0.0085402252027717,0.0353196029138645,0.0,0.063845092413316,0.1122108952250879,0.2562695308869034,0.2613207599809359,-0.0633507656235538,850.0,0,2024-03-08,-0.05547693682230814,0.018193483419056022,0.06384509241331604,92.6167221069336,88.64997100830078,85.91552734375,82.22872924804688,82.22872924804688,0.018193483419056022,0.06384509241331604,0.11057388275976754,0.03377297571401738,0.025960046161500768,89.58177439371745,2.6928034865719894,0.9765226315058683,-0.7810240659175774,86.32903180803571,3.6821266211009114,1.013316473425053,0.31221040886924867,82.74610628400531,4.586431199000168,1.0571933108933182,1.031853215839004,1.300959771177269,4.672828834461906,2.316749103090498,0.1410664955136489,0.12322332557589515,0.7357101719123575,0.01784316993775374
87.47863006591797,97.3450634515258,86.45720334881955,1142269000.0,0.0,0.0339818487073496,86.79889858335312,83.88795733012464,0.0,69.93793714354376,4.935490977509232,4.495615538065048,0.4398754394441839,0.3129731373295129,0.7714110633986827,-0.0570751739398703,0.0437740041722491,0.0313311321340993,0.0085402252027717,0.0353196029138645,0.0269263221946238,0.1270759022677858,-0.2143066649443138,-0.2106703120774628,-0.4705761958312173,741.0,1,2024-03-09,0.0,-0.013213100117913545,0.06384509241331604,87.47863006591797,92.6167221069336,88.64997100830078,85.1849136352539,82.22872924804688,-0.013213100117913545,0.06384509241331604,0.11057388275976754,0.03377297571401738,0.025960046161500768,89.19132741292317,2.9664788230017387,0.9807974901071262,-0.577350269189567,87.07901763916016,3.212477822641582,1.0045890782600895,0.1243938320574042,83.36823327200753,4.5961456141112365,1.049304113000684,0.8943138749326316,1.300959771177269,5.384495062789089,2.39804642015698,0.1440406265252265,0.16335133561426726,0.6926080361351988,-0.019310709089040756
85.72562408447266,88.74691405918401,84.11852931570184,678364000.0,-0.0202427573190288,0.0332474659455305,86.65802961161393,84.5479017468405,-0.4061258775297237,64.32637037279375,4.486900793577092,4.541454196926843,-0.0545534033497503,0.2710726355553186,0.6586521288777762,0.0,0.0,-0.0570751739398703,0.0437740041722491,0.0313311321340993,-0.0329875677404823,0.0425264365435738,-0.1049371439450458,-0.4114527198171472,1.195913580606581,370.0,1,2024-03-11,-0.020039248215528382,-0.020039248215528382,0.0063474907251062085,87.47863006591797,87.47863006591797,87.47863006591797,88.64997100830078,85.1849136352539,-0.020039248215528382,0.0063474907251062085,0.08453464460641769,0.03305236779191977,0.02700354544343196,86.89429473876953,1.0120984752792743,0.9865506629887468,-1.15470053837834,87.906247820173,2.3097023946114232,0.9751937571017573,-0.944114592766484,84.46764101300921,4.299321491064161,1.014893076879816,0.2926003728909486,1.2240010431652062,4.127134385045092,2.457993305218882,0.1708008139775913,0.168646821004079,0.6605523685756766,0.0021539929735123198
91.86116790771484,91.90813847414768,86.10141744907258,668075000.0,0.0691266144152962,0.0422374237163291,87.95881418563916,85.52300390162374,-0.0151673732686286,72.72179855880941,4.685391337183489,4.5702416249781725,0.1151497122053166,0.2295255281319891,0.9412966170266144,-0.0202427573190288,0.0,0.0,-0.0570751739398703,0.0437740041722491,-0.0081578594235541,0.1171420104354434,0.4811260453862317,0.3940324237416089,0.5860631893312775,864.0,0,2024-03-12,0.07157187700606671,0.0500983821819625,0.0692033296865675,85.72562408447266,87.47863006591797,87.47863006591797,92.6167221069336,85.91552734375,0.0500983821819625,0.0692033296865675,0.16793086172101712,0.04255078774253437,0.031886577413706464,88.35514068603516,3.1602891722303976,1.0396810779141663,1.1094007638564551,88.75562504359654,2.537606619104611,1.0349898145902625,1.2238078355951363,85.41108758108956,4.373751084578303,1.0755180680787089,1.4747250590844199,1.3344419876259246,4.1588830833596715,2.32804659246681,0.0946243907664976,0.17627485616812627,0.7291007527992839,-0.08165046540162867
90.83673095703124,91.45238079004136,88.38511175577527,635713000.0,-0.0112146630461105,0.0416391982290916,88.67829337848718,86.23150084234474,-0.0484406690865546,72.75413051955978,4.705787632123318,4.597350826407202,0.1084368057161162,0.2338498522734022,0.8464048302120952,0.0691266144152962,-0.0202427573190288,0.0,0.0,-0.0570751739398703,0.0383876712356245,0.1046836280665111,0.451311643466241,0.5333699056473948,-0.0298144019199907,826.0,0,2024-03-13,-0.01115201313043146,0.038387671235624365,0.024667350974380886,91.86116790771484,85.72562408447266,87.47863006591797,87.47863006591797,88.64997100830078,0.038387671235624365,0.024667350974380886,0.1703417214616363,0.04203728323262434,0.03176910447940559,89.47450764973958,3.2867862352044663,1.015224708613366,0.4144544883086731,89.06801932198661,2.6543483780237653,1.019857987732394,0.666344949174109,86.35545676095145,3.969768554377589,1.0518933529410286,1.1288502427019678,1.3232127225957886,4.3694478524670215,2.1387050279116533,0.17440553809492249,0.11143609479021944,0.7141583714252099,0.06296944330470304
87.89439392089844,90.5948732884495,86.55115025815236,602318000.0,-0.0329277050291858,0.0392949884953083,88.48231851409,86.45321991948524,-0.0525315669177758,64.45458650657827,4.433424081035696,4.564565477332901,-0.1311413962972052,0.2282591125602964,0.6767390438830809,-0.0112146630461105,0.0691266144152962,-0.0202427573190288,0.0,0.0,0.004752747667255,0.0318070438768773,0.3917110968730359,0.0274125428427352,-0.059600546593205,744.0,0,2024-03-14,-0.0323914897105293,0.02529896818585664,-0.05098785703712172,90.83673095703124,91.86116790771484,85.72562408447266,87.47863006591797,92.6167221069336,0.02529896818585664,-0.05098785703712172,0.11169144319924906,0.039693021097341116,0.033782813154768755,90.19743092854817,2.0592115870974603,0.974466711701865,-1.1184071719875839,88.39340100969586,2.1552930166896105,0.9943547020128495,-0.2315263330476843,86.98622349330357,3.379755341933569,1.010440393790228,0.268708925858314,1.1749471814409298,4.02535169073515,1.6601819427366518,0.1406081268055872,0.10619824147698549,0.7531936334276741,0.034409885328601716
87.7874526977539,89.49548835416286,86.20834970674177,642086000.0,-0.0012174420796632,0.0326546793629772,88.30860206000597,86.6311176232544,0.066024923711395,60.11105334984942,4.160979559322627,4.483848293730847,-0.3228687344082201,0.2203012755225078,0.6523371031808664,-0.0329277050291858,-0.0112146630461105,0.0691266144152962,-0.0202427573190288,0.0,0.003530263695296,0.0217879749083571,0.4602641273647754,0.2169810588191238,0.0685530304917395,830.0,1,2024-03-15,-0.001216701297704792,-0.04434643389308368,0.0035302636952960764,87.89439392089844,90.83673095703124,91.86116790771484,87.47863006591797,87.47863006591797,-0.04434643389308368,0.0035302636952960764,0.0676007461204815,0.03339812660374681,0.03256199468818017,88.8395258585612,1.7304566623639193,0.9881576004527278,-0.6079742900756002,88.43751852852958,2.13652642216421,0.9926494338421994,-0.3042629494453828,87.38327516828265,3.092134146199799,1.0046253419626683,0.1307115119723978,1.0256781540434976,4.290459441148391,2.1787655032559834,0.13980156285429576,0.18367572406875998,0.6765227142410973,-0.04387416121446422
87.7874526977539,89.49548835416286,86.20834970674177,642086000.0,0.0,0.0326546793629772,88.17831471944295,86.78529563318767,0.0,60.11105334984942,3.900107303743184,4.367100095733314,-0.4669927919901306,0.2099904189554942,0.6338245300303816,-0.0012174420796632,-0.0329277050291858,-0.0112146630461105,0.0691266144152962,-0.0202427573190288,0.0240514856007296,-0.0097294821502661,0.4730485772985393,0.456965253193253,0.0127844499337638,753.0,1,2024-03-16,0.0,-0.03356878024066867,0.0035302636952960764,87.7874526977539,87.89439392089844,90.83673095703124,85.72562408447266,87.47863006591797,-0.03356878024066867,0.0035302636952960764,0.0676007461204815,0.03339812660374681,0.03256199468818017,87.82309977213542,0.06174254398337151,0.9995941036643662,-0.57735026906432,88.48163604736328,2.1165209239051945,0.9921544923826026,-0.3279832208455264,87.78032684326172,2.712984900157731,1.0000811782633814,0.0026265735912401164,1.0256781540434976,4.060443010546419,2.2572599450108113,0.18814344632259583,0.1975103161346755,0.6143462365133721,-0.009366869812079681
88.40511322021484,92.3528823706334,87.03588315502401,668976000.0,0.0070112271701299,0.0313682535173245,88.16172771556923,87.11707612780785,0.0418791252262158,56.402031526150346,3.46398219657452,4.071944427246122,-0.6079622306716024,0.1822789756948951,0.6329958416485831,0.0,0.0,-0.0012174420796632,-0.0329277050291858,-0.0112146630461105,-0.0267691022254713,0.0105909655146489,0.0774443846384071,0.1830838076956643,-0.2009259645021238,345.0,1,2024-03-18,0.007035863366345652,0.007035863366345652,0.031256571933519606,87.7874526977539,87.7874526977539,87.7874526977539,90.83673095703124,85.72562408447266,0.007035863366345652,0.031256571933519606,0.037802463459072566,0.03210251343939355,0.03135413201207524,87.99333953857422,0.3566064689129599,1.0046796005674965,1.1547005383716982,88.90853772844586,1.7072576908760286,0.9943377259249429,-0.2948731822509485,88.40739277430943,2.0193824562339473,0.9999742153453116,-0.0011288372282070253,1.0238686699102397,2.995732273553991,2.147883253426404,0.17676807425327987,0.15075109428481048,0.6724808220016328,0.026016979968469384
89.34757232666016,90.49292195267432,84.96204715287253,672171000.0,0.0106042610291259,0.0145093552289077,88.45818886834196,87.41447562098816,0.0047759560881108,56.76620425033955,3.352949522221323,3.9281454462411625,-0.5751959240198397,0.1568541397178352,0.6796176419184277,0.0070112271701299,0.0,0.0,-0.0012174420796632,-0.0329277050291858,0.0165332319950863,0.0213645579421382,0.2719799529041837,0.1565504907998728,0.1945355682657766,892.0,1,2024-03-19,0.010660685475258225,0.01777155596799962,-0.02736298305699625,88.40511322021484,87.7874526977539,87.7874526977539,87.89439392089844,91.86116790771484,0.01777155596799962,-0.02736298305699625,0.03994673709187002,0.014338616050956272,0.03138703179216462,88.5133794148763,0.7856745450924263,1.0094244838158746,1.0617537719587504,88.54945264543805,1.159058861272057,1.0090132649878465,0.6885928815954825,88.6525388445173,1.8982980937467842,1.0078399726753662,0.36613505773007027,0.4568324952133807,3.7612001156935624,2.9063426065977818,0.15506846253715806,0.15323945230227848,0.6916920849609942,0.00182901023487958
90.32102966308594,90.35901024319512,88.17323967680368,479063000.0,0.0108362490858707,0.0150561016100862,88.92389906702796,87.80201615993452,-0.2872899901959471,53.540275729951844,3.305402576021635,3.803596872197257,-0.4981942961756225,0.1346107695618148,0.7428255231637285,0.0106042610291259,0.0070112271701299,0.0,0.0,-0.0012174420796632,0.0288603540423362,0.0324925023977413,0.2388680027522356,0.2168363452901533,-0.0331119501519481,1073.0,1,2024-03-20,0.01089517388191319,0.028860354042336223,-0.005677233080847444,89.34757232666016,88.40511322021484,87.7874526977539,87.7874526977539,90.83673095703124,0.028860354042336223,-0.005677233080847444,0.018850075592564908,0.014882609405547946,0.0304044420486702,89.35790506998698,0.9580000147213954,1.0107782808062098,1.0053492466584655,88.4757810320173,0.9940954994168514,1.0208559744773644,1.85620861592381,88.77190017700195,1.9499577651356061,1.0174506739519509,0.7944425842352811,0.48948799592258485,4.442651256490317,2.4480398398936556,0.1730368436048073,0.15135997194530704,0.6756031802367597,0.021676871659500274
91.3834228515625,92.59574371140432,90.3540050520513,480372000.0,0.0116937728283396,0.0057846566449424,89.5387800131616,88.2795370521516,0.0027324172394862,47.020487638003196,3.315231603851672,3.70592381852814,-0.3906922146764686,0.127148376562072,0.8098280483890534,0.0108362490858707,0.0106042610291259,0.0070112271701299,0.0,0.0,0.0409622337054165,0.0659989218802856,0.3183790136066192,0.2381441241524647,0.0795110108543836,949.0,1,2024-03-21,0.0117624122802793,0.0336893367686637,0.039695693604805404,90.32102966308594,89.34757232666016,88.40511322021484,87.7874526977539,87.89439392089844,0.0336893367686637,0.039695693604805404,-0.013316161782827352,0.0058148271685424645,0.02800011544917284,90.35067494710286,1.0182489735258387,1.011430439286306,1.0142390822979146,88.97421373639789,1.4321707896282152,1.0270776106243809,1.6822079689183116,88.68380737304688,1.7836675469144128,1.0304409063895932,1.513519424169443,0.20767154260838028,3.8501476017100584,2.241085653494834,0.1627524914624898,0.11438726186347391,0.7228602418757003,0.04836522959901589
94.23580932617188,94.72453187599704,90.78275659770236,586719000.0,0.0307361580418558,0.0103500666285574,90.71303734141416,89.07370668868764,0.2213846768754215,68.35130662955837,3.512692793387046,3.667277613499922,-0.1545848201128756,0.1264106141524499,1.0107785623382564,0.0116937728283396,0.0108362490858707,0.0106042610291259,0.0070112271701299,0.0,0.0734541945375635,0.02585032906225,0.6844387920909072,0.442772554064924,0.3660597784842879,849.0,1,2024-03-22,0.031213390630405735,0.05471035051338635,0.07345419453756352,91.3834228515625,90.32102966308594,89.34757232666016,87.7874526977539,87.7874526977539,0.05471035051338635,0.07345419453756352,0.07724377090910273,0.010510209061722316,0.024266599727490817,91.98008728027344,2.0244459199979663,1.0245240259342765,1.1142416913269304,89.89540754045758,2.3324693366690106,1.0482827978032236,1.8608612415513255,89.16646303449359,2.2781570056891405,1.056852611611579,2.2251961910521674,0.43311420552322594,3.713572066704308,2.3731136561040116,0.16253286199644204,0.1917887044139206,0.6456784407608211,-0.029255842417478556
94.23580932617188,94.72453187599704,90.78275659770236,586719000.0,0.0,0.0103500666285574,91.5937303376036,89.76198704035221,0.0,68.35130662955837,3.627368166460201,3.6592957240919777,-0.0319275576317767,0.119446911849749,0.9805185210394992,0.0307361580418558,0.0116937728283396,0.0108362490858707,0.0106042610291259,0.0070112271701299,0.0659542858277091,0.0374196465827079,0.204587634694153,0.4600801292213547,-0.4798511573967541,800.0,0,2024-03-23,0.0,0.0433429476799454,0.07345419453756352,94.23580932617188,91.3834228515625,90.32102966308594,88.40511322021484,87.7874526977539,0.0433429476799454,0.07345419453756352,0.07724377090910273,0.010510209061722316,0.024266599727490817,93.28501383463542,1.6468260989491654,1.0101923712336252,0.5773502691894142,90.8166013445173,2.6171838271029753,1.0376495919362105,1.3064454801554328,89.64911869594029,2.587813040494377,1.0511626962646237,1.7724196294162515,0.43311420552322594,3.8501476017100584,2.093772546035029,0.1626373840010036,0.0936221528757849,0.7437404612808124,0.0690152311252187
94.94840240478516,96.71140716240863,93.45724736719572,552136000.0,0.0075333606557544,0.0103257311895198,92.92778816475554,90.970484108638,-0.0589430374676804,76.54768995075432,3.728835447057861,3.675856515272288,0.0529789317855726,0.1259138868201591,0.934358160884188,0.0,0.0,0.0307361580418558,0.0116937728283396,0.0108362490858707,0.051232506526555,0.0815714488457239,0.1283799059133826,-0.2827577792201448,0.5373533497436522,512.0,0,2024-03-25,0.007561807806487186,0.007561807806487186,0.07401482726763953,94.23580932617188,94.23580932617188,94.23580932617188,90.32102966308594,88.40511322021484,0.007561807806487186,0.07401482726763953,0.10758484897379716,0.010485470691202807,0.023117727189431964,94.4733403523763,0.4114158057625142,1.0050285302778215,1.1547005383723248,92.67255074637276,2.2641339977633073,1.0245579909054296,1.0051753388539109,90.79054423740932,2.743292077527752,1.0457961586451492,1.515645454392478,0.4535684068456407,3.258096538021482,2.570883380698952,0.1238377299904823,0.05027227450162167,0.8258900003135204,0.07356545548886063
92.50879669189452,96.32064875325118,92.44983185631352,513648000.0,-0.0260298721008493,0.0171293195461767,92.82304029654028,91.1755924530722,-0.0697074633785879,52.36805604375121,3.533221606587233,3.647329533535278,-0.1141079269480447,0.1270919786599524,0.6998145850887832,0.0075333606557544,0.0,0.0,0.0307361580418558,0.0116937728283396,0.0123148576100067,0.0537815353908932,0.5022914291988737,0.4727668106761307,0.373911523285491,636.0,0,2024-03-26,-0.02569401539259275,-0.018326500792281264,0.035381200439075444,94.94840240478516,94.23580932617188,94.23580932617188,91.3834228515625,89.34757232666016,-0.018326500792281264,0.035381200439075444,0.007050082193928775,0.017157275497020192,0.015887907073396594,93.89766947428386,1.2544612103091526,0.9852086554419786,-1.1071468539446225,93.12415422712054,1.7464979497557196,0.9933920738359112,-0.3523379659919406,90.8368034362793,2.768082732191661,1.01840656201413,0.6040257526159273,1.0798952573022713,3.4965075614664802,2.36315889063592,0.15569303656229747,0.10050864124787036,0.7437983310082927,0.05518439531442711
90.1990966796875,93.18740810778952,89.07273343467564,586067000.0,-0.0252843269877334,0.0202270362897171,92.16705439232707,91.0453930166209,0.1409895492633086,47.86880296372462,3.155448692349154,3.548953365298053,-0.3935046729488993,0.1247734772315982,0.5090951861534622,-0.0260298721008493,0.0075333606557544,0.0,0.0,0.0307361580418558,-0.0428362920141364,0.0274713971965527,0.2094266189394565,0.4001125173234635,-0.2928648102594171,739.0,1,2024-03-27,-0.024967355481874787,-0.04283629201413641,-0.0013499954977624906,92.50879669189452,94.94840240478516,94.23580932617188,94.23580932617188,90.32102966308594,-0.04283629201413641,-0.0013499954977624906,-0.0070195643395110086,0.020221111547384346,0.017061027088449105,92.55209859212239,2.3749489486167477,0.9745764607369457,-0.9907589440208223,93.10673522949219,1.7794128673506218,0.9687709106904259,-1.6340437922840738,90.79125813075474,2.7733247862937223,0.9934777701811949,-0.2135204120317286,1.1852224044046402,3.4339872044851463,2.3440536453460035,0.12413033734386161,0.15952305942773817,0.7163465994099776,-0.03539272208387656
90.3050308227539,91.24849853375164,89.14268488587938,435212000.0,0.0011737588131017,0.0195770308539788,91.7015484999338,90.94667805743865,-0.2574023106573139,59.94230344436102,2.83196382004428,3.4055554562472987,-0.5735916362030191,0.1215481341501892,0.5060957075984384,-0.0252843269877334,-0.0260298721008493,0.0075333606557544,0.0,0.0,-0.0417121530713726,0.021491037490178,0.2273452347932305,0.2164435383148146,0.017918615853774,843.0,0,2024-03-28,0.0011744479375730421,-0.04890415704137463,-0.011800740168818824,90.1990966796875,92.50879669189452,94.94840240478516,94.23580932617188,91.3834228515625,-0.04890415704137463,-0.011800740168818824,0.027426514869935303,0.019578881944861244,0.014359035246366857,91.00430806477864,1.3040015462066905,0.9923159984741934,-0.5362549178403321,92.95267922537667,1.987941572705307,0.9715161690369013,-1.3318542350415707,90.96344648088727,2.6518035367437203,0.9927617555885846,-0.2482897578988319,1.3635234964560117,3.6375861597263857,2.205178167771796,0.10811741934535467,0.2616721788874349,0.630210406272798,-0.1535547595420802
90.3050308227539,91.24849853375164,89.14268488587938,435212000.0,0.0,0.0136360005164808,91.35241908063882,90.86112509281402,0.0,60.47577565768839,2.546248164306334,3.233693997859106,-0.687445833552772,0.1179067871536309,0.4930125639955452,0.0011737588131017,-0.0252843269877334,-0.0260298721008493,0.0075333606557544,0.0,-0.0417121530713726,0.0107161109268107,0.7373873229064191,0.6876981110148579,0.5100420881131885,904.0,1,2024-03-29,0.0,-0.023822230403454214,-0.04171215307137266,90.3050308227539,90.1990966796875,92.50879669189452,94.23580932617188,94.23580932617188,-0.023822230403454214,-0.04171215307137266,0.028678108859905516,0.013484616848729874,0.014341541891887263,90.26971944173177,0.061161106030804026,1.0003911763683384,0.5773502690477089,92.39113943917411,2.11612069862381,0.9774209017327511,-0.9858174053005941,91.14327348981585,2.5009329350300598,0.9908030221543929,-0.3351719893487959,0.9402487508234986,3.2188758248682006,2.0923590133685575,0.12025073085290687,0.1504927416875337,0.7292565343280634,-0.03024201083462684
90.31202697753906,92.17297617207028,89.15368416261286,452441000.0,7.746948016831075e-05,0.0126503763954107,90.7486467827454,90.667960417117,0.0395876032829978,58.35960520286699,1.8704107377729144,2.6543465948319245,-0.78393585705901,0.1016517430668358,0.4609094303158776,0.0,0.0,0.0,0.0011737588131017,-0.0252843269877334,0.0012520114059744,-0.0416379121343533,-0.1223905710843643,-0.0148240706112121,0.1776796506185337,412.0,0,2024-04-01,7.747248100598014e-05,7.747248100598014e-05,-0.04883047328674628,90.3050308227539,90.3050308227539,90.3050308227539,90.1990966796875,94.94840240478516,7.747248100598014e-05,-0.04883047328674628,0.021570174935177544,0.012491199170885349,0.014278407677053753,90.30736287434895,0.00403923207653038,1.0000516469869305,1.1547004731937252,90.60572052001953,0.8401344075592216,0.996758554086929,-0.34957923379630906,91.63913563319615,1.9600633161172865,0.9855181015568599,-0.67707438057969,0.8748313855024217,1.6094379124341003,1.4259456186640502,0.06952393334358928,0.2452891715802252,0.6851868778467178,-0.17576523823663592
89.40155792236328,90.04319416490718,87.57059032830745,433064000.0,-0.0101325322218149,0.0098030042117024,90.41187456764987,90.49910675114982,-0.0428276836095755,50.23732988451466,1.6207752119177457,2.447632318249089,-0.8268571063313432,0.1024781950807506,0.3708603019740694,7.746948016831075e-05,0.0,0.0,0.0,0.0011737588131017,-0.0100046796082038,-0.051299515952329,0.2643045139603296,0.2433510876868262,0.3866950850446939,651.0,0,2024-04-02,-0.01008137106038176,-0.010004679608203837,-0.03358857622891864,90.31202697753906,90.3050308227539,90.3050308227539,90.3050308227539,92.50879669189452,-0.010004679608203837,-0.03358857622891864,0.0006042200621383387,0.009688595874667428,0.014344168246174946,90.00620524088542,0.5236516221633175,0.9932821596366171,-1.154674774087803,90.16182926722935,0.3376357682718519,0.9915677027513193,-2.251750010839867,91.64299174717495,1.9552554444761396,0.9755416777423053,-1.1463636790497211,0.6754379695212384,2.833213344056216,2.7577035101086174,0.27143266354687506,0.05694839323405173,0.6716189528815448,0.21448427031282333
88.913818359375,90.323026734509,88.35014110939444,370067000.0,-0.0054705408981831,0.004174399636289,90.03736051558116,90.28773496557986,-0.145468106330704,43.537679526420234,1.3678134506028812,2.2316685447198474,-0.8638550941169663,0.1001286303047786,0.3085540904029075,-0.0101325322218149,7.746948016831075e-05,0.0,0.0,0.0,-0.0154057027687583,-0.0564752508080684,0.1683081680063838,0.0517914226064352,-0.0959963459539458,738.0,0,2024-04-03,-0.00545560473802742,-0.0154057027687583,-0.01424934802702893,89.40155792236328,90.31202697753906,90.3050308227539,90.3050308227539,90.1990966796875,-0.0154057027687583,-0.01424934802702893,-0.015580106969108942,0.0041559428504531724,0.014063908330489506,89.54246775309245,0.7096749398675067,0.9929793157426606,-0.8858272406164135,89.97821807861328,0.577947281058281,0.9881704734549386,-1.8416899847495705,91.54247665405273,2.0617145169954663,0.9712848243705305,-1.2749865575513697,0.2955041196794065,2.70805020110221,1.9735574114894603,0.16258395649492735,0.1636186374484428,0.6737974073205676,-0.0010346809535154433
85.85652923583984,90.58286493111729,85.83154181638737,434965000.0,-0.034989929103267,0.01286047296166,88.99215269564583,89.69690753494785,0.1753682441287658,28.54918649763141,0.9101501069476684,1.967364857165412,-1.0572147502177434,0.1074557101279317,0.0171482388816636,-0.0054705408981831,-0.0101325322218149,7.746948016831075e-05,0.0,0.0,-0.0492608390295038,-0.0957559362629897,-0.531805443841918,-0.9038797683846308,-0.7001136118483018,903.0,1,2024-04-04,-0.03438485918103418,-0.04933448944521324,-0.049260839029503845,88.913818359375,89.40155792236328,90.31202697753906,90.3050308227539,90.3050308227539,-0.04933448944521324,-0.049260839029503845,-0.060480264836437536,0.012641197752474815,0.016096292191003884,88.0573018391927,1.9214636371992873,0.9750074944679563,-1.1453626083503154,89.34271785191127,1.6359822196485536,0.9609795996820926,-2.130945296471708,91.14769853864398,2.5627730027870474,0.9419495018784173,-2.0646265966786457,0.7853484269836938,3.4011973816621555,2.1090271139619365,0.09278004147626198,0.3098515881996216,0.5973683704846892,-0.21707154672335963
87.95836639404297,88.4310991932804,85.87753991776991,399678000.0,0.0241859549173291,0.0175253214141954,88.73370612024512,89.46510204949388,-0.0811260676146357,24.128923202113967,0.7088778006704786,1.7156674458664252,-1.0067896451959466,0.1070059269075787,0.2311717322506992,-0.034989929103267,-0.0054705408981831,-0.0101325322218149,7.746948016831075e-05,0.0,-0.0259859767205755,-0.0491891631993335,-0.1197140132848408,0.0335324156853378,0.4120914305570771,807.0,0,2024-04-05,0.024480807422689654,-0.01614280066096374,-0.025985976720575565,85.85652923583984,88.913818359375,89.40155792236328,90.3050308227539,90.3050308227539,-0.01614280066096374,-0.025985976720575565,-0.06661419875327046,0.017421876680651083,0.015017251302573312,87.57623799641927,1.5640558750972138,1.00436337991179,0.24431889148458427,89.00748007638114,1.6463251541989998,0.9882131964477829,-0.6372457346365503,90.69930975777763,2.529854774470232,0.969779887288507,-1.0834390145215467,1.1601242018015454,3.258096538021482,1.8256054806500241,0.20478201970458026,0.16367728736251588,0.6315406903624534,0.04110473234206438
87.95836639404297,88.4310991932804,85.87753991776991,399678000.0,0.0,0.0175253214141954,88.53987118869458,89.26420396210042,0.0,24.128923202113967,0.5431074433231657,1.481155445357773,-0.9380480020346076,0.1065530078260351,0.2291690145128472,0.0241859549173291,-0.034989929103267,-0.0054705408981831,-0.0101325322218149,7.746948016831075e-05,-0.0260614301579285,-0.0248420479597678,0.2728441397462917,0.2690433732365375,0.3925581530311325,699.0,0,2024-04-06,0.0,-0.010745820874211609,-0.025985976720575565,87.95836639404297,85.85652923583984,88.913818359375,90.31202697753906,90.3050308227539,-0.010745820874211609,-0.025985976720575565,-0.06661419875327046,0.017421876680651083,0.015017251302573312,87.25775400797527,1.2134962490820176,1.0080292278208727,0.5773502691892958,88.67224230085101,1.575469776296877,0.9919492742228625,-0.4531193917829377,90.25092097691127,2.4082127698210765,0.9745979923744512,-0.9519734350709534,1.1601242018015454,2.70805020110221,1.927811518495091,0.1558093970109309,0.2974259811453521,0.5467646175197192,-0.14161658413442121
87.08385467529297,88.77989605626742,86.68307988880372,283220000.0,-0.0099920920732345,0.0175709107865355,88.066834911347,88.82259393821724,-0.2913795605462397,18.014906200160098,0.2260361941811481,1.058273303722813,-0.8322371095416647,0.1125527053622872,0.1706214422500482,0.0,0.0,0.0241859549173291,-0.034989929103267,-0.0054705408981831,-0.0205813192802677,-0.0356699523616054,-0.1822420944938734,-0.4305118086582234,0.1168144590750456,424.0,1,2024-04-08,-0.00994233697829594,-0.00994233697829594,-0.03574465561545803,87.95836639404297,87.95836639404297,87.95836639404297,88.913818359375,90.31202697753906,-0.00994233697829594,-0.03574465561545803,-0.08282970045102978,0.017478661095936387,0.014632035777827214,87.66686248779297,0.5048995762314716,0.9933497356246646,-1.1547005383754165,87.87583705357143,1.1640806663826697,0.9909874841044684,-0.6803500832459599,89.24077878679547,1.7197580512953732,0.9758302858757475,-1.2542020721332547,1.1945474547309973,2.4849066497880004,1.3345686665413816,0.25367917763915926,0.16662071924656627,0.5797000994736498,0.08705845839259299
85.30583953857422,87.5855584540804,82.97516214642668,501700000.0,-0.0206285903060865,0.0184860188806961,87.37658606815381,88.35369335159817,0.7714144481321941,19.03949251456359,-0.0601886614749673,0.8345809106832569,-0.8947695721582243,0.1238247553173118,0.0630108590768964,-0.0099920920732345,0.0,0.0,0.0241859549173291,-0.034989929103267,-0.0064140689376451,-0.0553589455496875,0.523916670812907,0.6049001199493662,0.7061587653067805,633.0,1,2024-04-09,-0.0204172764670143,-0.03015661800249614,-0.045812606390436716,87.08385467529297,87.95836639404297,87.95836639404297,85.85652923583984,89.40155792236328,-0.03015661800249614,-0.045812606390436716,-0.07786240239736475,0.018387042363351556,0.014147210994236905,86.78268686930339,1.351666088673829,0.9829822354664666,-1.0926125491379033,87.29073442731585,1.2917139945269989,0.9772611044944937,-1.536636513308402,88.7262818472726,1.7441393571524348,0.9614495024756464,-1.9611060863179883,1.2996937962430768,2.995732273553991,2.1001651717519234,0.2350482712254712,0.19327796221171553,0.5716737553869423,0.04177030901375567
86.98991394042969,87.35071040768491,83.66179013581636,431929000.0,0.0195492692259502,0.0210097133381508,87.27991803622278,88.17185609677571,-0.1390691648395455,35.42190571514918,-0.1494108763113786,0.6377825532843299,-0.7871934295957085,0.1273599102518263,0.2402522021960916,-0.0206285903060865,-0.0099920920732345,0.0,0.0,0.0241859549173291,-0.0110103506160486,-0.0367102126218301,0.3802384559363951,0.369350639972376,-0.1436782148765119,765.0,1,2024-04-10,0.019741607502660408,-0.011010350616048603,-0.021637856234777875,85.30583953857422,87.08385467529297,87.95836639404297,87.95836639404297,88.913818359375,-0.011010350616048603,-0.021637856234777875,-0.03557887891775868,0.020924108120293525,0.014500184495388433,86.45986938476562,1.0005223035213648,1.0061305269072898,0.5297678560473431,87.01589093889508,1.0753657652842126,0.999701468338885,-0.02415643058762442,88.49705450875419,1.7465668482962864,0.9829695962572922,-0.8629160514495415,1.4430235785584746,3.1354942159291497,2.531011788112038,0.19297705844722007,0.17731989149681546,0.6297030626711521,0.015657166950404616
90.56488800048828,90.687819723934,86.87697442257391,431637000.0,0.0402744080538862,0.0212420408275558,88.10116052728915,88.49092701727072,-0.0006760370338643,50.897550630182785,0.0675714829674518,0.5237403392209543,-0.4561688562535024,0.1197895283546321,0.5727390793726896,0.0195492692259502,-0.0206285903060865,-0.0099920920732345,0.0,0.0,0.029633583629423,0.0027998599014071,0.2417866989151802,0.1523522308354508,-0.1384517570212148,706.0,0,2024-04-11,0.04109642024139393,0.03997334911476913,0.05483984510618889,86.98991394042969,85.30583953857422,87.08385467529297,87.95836639404297,85.85652923583984,0.03997334911476913,0.05483984510618889,0.002877549294506121,0.021456039185811866,0.018616629265904787,87.62021382649739,2.6855830169582497,1.033607247065407,1.0964748270288411,87.68851361955915,1.582339031610729,1.032802179694919,1.8177990452533763,88.51561573573521,1.7685017246652979,1.0231515337459913,1.1587618129922441,1.1525200872484087,3.295836866004329,2.7288267529781676,0.2088470517012935,0.12413572634641937,0.6670172337729198,0.08471132535487413
88.13626861572266,90.1241530507074,87.48064030544892,426805000.0,-0.0271824644943021,0.0233376865067137,88.10993754939753,88.44363923039765,-0.0111945917518655,43.585261609145604,0.0430658422163787,0.4276054398200392,-0.3845395976036604,0.1115843080724377,0.3656557661711161,0.0402744080538862,0.0195492692259502,-0.0206285903060865,-0.0099920920732345,0.0,0.0020225730532863,-0.0141528776012986,0.3806547084333815,0.3559092007493799,0.1388680095182012,510.0,0,2024-04-12,-0.02681634614015682,0.033179781037950606,0.0020225730532863473,90.56488800048828,86.98991394042969,85.30583953857422,87.95836639404297,87.95836639404297,0.033179781037950606,0.0020225730532863473,-0.024015962203567387,0.02349312901757546,0.019986285716308262,88.56369018554688,1.825411400558226,0.9951738509435555,-0.23415081646444724,87.71392822265625,1.588811063242543,1.0048149752453717,0.26582165925032525,88.3607041495187,1.693078898658344,0.9974600074098973,-0.13256058768075762,1.175462482176251,2.9444389791664403,2.4304297342414514,0.14608174831502962,0.052242564296142865,0.8016756922006607,0.09383918401888676
88.13626861572266,90.1241530507074,87.48064030544892,426805000.0,0.0,0.0233376865067137,88.11652031597882,88.40265648177432,0.0,43.585261609145604,0.023375487300683,0.346759449316168,-0.3233839620154849,0.1006589862748267,0.3845418233091902,-0.0271824644943021,0.0402744080538862,0.0195492692259502,-0.0206285903060865,-0.0099920920732345,0.0120850638083693,-0.0087449820286608,-0.1671714956516005,-0.0746508984407397,-0.5478262040849821,772.0,0,2024-04-13,0.0,0.013178018270922687,0.0020225730532863473,88.13626861572266,90.56488800048828,86.98991394042969,87.08385467529297,87.95836639404297,0.013178018270922687,0.0020225730532863473,-0.024015962203567387,0.02349312901757546,0.019986285716308262,88.94580841064453,1.4021640555542034,0.9908985054002276,-0.5773502691893678,87.73934282575335,1.594784397221244,1.0045239202527148,0.24888993813891477,88.20579256330218,1.5980446885304966,0.999211798391476,-0.043505634153108604,1.175462482176251,2.9444389791664403,3.2449686415909107,0.07038256453557143,0.1699405148004492,0.7596769208709399,-0.09955795026487776
85.9524917602539,90.56188993656951,85.8805337738884,443077000.0,-0.025089401554171,0.0250787964124959,87.57921598324955,88.0451852543834,0.0381251391150525,38.576423666296826,-0.1789051073410235,0.1873741754919861,-0.3662792828330096,0.0759767269196442,0.1205217140126989,0.0,0.0,-0.0271824644943021,0.0402744080538862,0.0195492692259502,-0.0119257754512345,-0.0228048190981967,0.0697497039182599,0.1720407022410096,-0.5298501583713946,407.0,0,2024-04-15,-0.024777278296067795,-0.024777278296067795,-0.012991649476904121,88.13626861572266,88.13626861572266,88.13626861572266,86.98991394042969,87.08385467529297,-0.024777278296067795,-0.012991649476904121,-0.04827192305593353,0.025201549696441693,0.0209130027852963,87.40834299723308,1.2608041553556197,0.9833442531106527,-1.1547005383786486,87.60313415527344,1.732190559305537,0.9811577244246327,-0.9529219439235949,87.73948560442243,1.424880336057287,0.979632957363971,-1.2541360835347193,1.2050660517369902,2.70805020110221,2.3426487135954632,0.12743171437510417,0.1569113885052502,0.7156568842806986,-0.029479674130146016
87.36569213867188,88.06829089560239,86.01545628049773,370453000.0,0.0163079449187728,0.024348814253227,87.52583502210513,87.95458617228853,-0.1639083048770304,44.80223178058988,-0.2103189934414615,0.1078355417052965,-0.3181545351467581,0.0746837962583598,0.3489464705111135,-0.025089401554171,0.0,0.0,-0.0271824644943021,0.0402744080538862,-0.0353249027570061,-0.006738122587634,-0.1335563425424258,0.1144997101617157,-0.2033060464606857,640.0,0,2024-04-16,0.016441645256309645,-0.008743012259919025,0.024146677545635375,85.9524917602539,88.13626861572266,88.13626861572266,90.56488800048828,85.30583953857422,-0.008743012259919025,0.024146677545635375,-0.022772151078836456,0.0244531905333396,0.021448409257078672,87.15148417154948,1.1075351590382725,1.0024578808858922,0.1934096316259598,87.89739881243024,1.4245220917121144,0.9939508258385097,-0.3732526696860932,87.59406661987305,1.3437855617363768,0.997392808782446,-0.16994860467623799,1.140093432582617,3.332204510175204,1.5936786253292499,0.17823860632186683,0.14176582013843234,0.6799955888202897,0.0364727861834345
83.98759460449219,88.7249183584023,83.90263584788114,495400000.0,-0.0394335624817601,0.0277942271835369,86.64127491770189,87.42565396324902,0.3372816524633355,39.040364401221545,-0.5020120807944153,-0.0141339827946458,-0.4878780979997695,0.0840847940621098,-0.0482715632279776,0.0163079449187728,-0.025089401554171,0.0,0.0,-0.0271824644943021,-0.0470711328762831,-0.04514376462794,-0.1270746284397541,0.2830149746961735,0.0064817141026716,714.0,0,2024-04-17,-0.0386661794977573,-0.04707113287628317,-0.03451341885443726,87.36569213867188,85.9524917602539,88.13626861572266,88.13626861572266,86.98991394042969,-0.04707113287628317,-0.03451341885443726,-0.05540447869387222,0.027792049077373995,0.023651197119546358,85.76859283447266,1.6965405532397164,0.9792348437683049,-1.0497822917226893,87.46849605015346,2.055517624741359,0.9602039408146978,-1.6934427629144109,87.24219349452427,1.5934086650978103,0.962694669177061,-2.0425387167279547,1.1750800154807157,2.70805020110221,1.4698804998238277,0.15530286217108366,0.1988508694006928,0.6458462780075414,-0.04354800722960914
84.62323760986328,86.14138561304675,82.35552028108327,447260000.0,0.0075398004778749,0.0207700050009819,86.13676559074224,87.05199844946425,-0.0971740008074283,46.92488150378526,-0.6741190510180388,-0.1461309964393244,-0.5279880545787144,0.087540595165856,0.0913810064137031,-0.0394335624817601,0.0163079449187728,-0.025089401554171,0.0,0.0,-0.0398590848130446,-0.028255720587984,-0.64975126554044,-0.6248794179359372,-0.5226766371006859,966.0,0,2024-04-18,0.0075682963461973785,-0.015464986798734093,-0.065606555938025,83.98759460449219,87.36569213867188,85.9524917602539,88.13626861572266,90.56488800048828,-0.015464986798734093,-0.065606555938025,-0.01436456419742782,0.02052926310836502,0.022084238326429376,85.32550811767578,1.795208521931839,0.9917695127365199,-0.391191607678411,86.61968885149274,1.7708497532818028,0.9769515306727513,-1.1273973062534315,87.15410123552594,1.7060207029310879,0.9709610495687032,-1.4834893980562038,0.929588913365265,3.044522437723423,2.070717435327885,0.12821488589979704,0.3282923796214163,0.543492733174935,-0.20007749372161923
76.15702056884766,84.27643922651326,75.56336143765269,875198000.0,-0.1054116360993557,0.0419724663440374,83.6418293352686,85.5993347320487,0.9567991772123596,27.66345920025323,-1.4766461671316051,-0.4122340305777806,-1.0644121365538246,0.1446518421634366,-0.3654345392590835,0.0075398004778749,-0.0394335624817601,0.0163079449187728,-0.025089401554171,0.0,-0.1359173497474116,-0.1072472766133387,-0.6293581261376835,-0.214962827127496,0.0203931394027565,928.0,1,2024-04-19,-0.10004600722141177,-0.12829603126171274,-0.13591734974741165,84.62323760986328,83.98759460449219,87.36569213867188,88.13626861572266,88.13626861572266,-0.12829603126171274,-0.13591734974741165,-0.13416967946319847,0.040138463867920665,0.033330140158675574,81.5892842610677,4.715201705540265,0.9334193976400381,-1.15207450952464,84.90836770193917,4.19290126215761,0.896931864668367,-2.0871817831904274,86.31114796229771,3.3761327894633264,0.8823543929935266,-3.007620856958107,1.2042692793019336,2.833213344056216,1.7101916766011986,0.15668359945993868,0.1882426108932122,0.655073786736466,-0.031559011433273526
76.15702056884766,84.27643922651326,75.56336143765269,875198000.0,0.0,0.0419724663440374,81.77062714366336,84.34035951028856,0.0,27.66345920025323,-2.0885788516407477,-0.747502994790374,-1.3410758568503731,0.1798874607345539,-0.15607590601891,-0.1054116360993557,0.0075398004778749,-0.0394335624817601,0.0163079449187728,-0.025089401554171,-0.1139637838392005,-0.1245304527947958,-0.5249856365059916,-0.3505063646537587,0.1043724896316918,903.0,1,2024-04-20,0.0,-0.09323488870611973,-0.13591734974741165,76.15702056884766,84.62323760986328,83.98759460449219,85.9524917602539,88.13626861572266,-0.09323488870611973,-0.13591734974741165,-0.13416967946319847,0.040138463867920665,0.033330140158675574,78.97909291585286,4.887972687648292,0.9642681089030494,-0.5773502691896102,83.1970465523856,5.0191121021138505,0.9153812992735849,-1.4026437027722425,85.46819468906948,4.2843412151860845,0.8910568527380791,-2.1733035845085937,1.2042692793019336,3.912023005428146,2.3924019967452157,0.07246905263057166,0.3596846811777475,0.5678462589121595,-0.28721562854717586
79.47313690185547,80.02782409829473,76.35689973345642,596341000.0,0.0426217949176928,0.048181080495097,80.14370335043344,82.74576621815321,-0.3186216147660301,36.81383989518243,-2.6076618580603395,-1.4070081799061025,-1.2006536781542372,0.2110855964319155,0.1844938789779353,0.0,0.0,-0.1054116360993557,0.0075398004778749,-0.0394335624817601,-0.0537514822742078,-0.0982924719860646,-0.1256985989205292,-0.4663094823909013,-0.1723145069340766,389.0,1,2024-04-22,0.0435431468857157,0.0435431468857157,-0.07538297873284716,76.15702056884766,76.15702056884766,76.15702056884766,83.98759460449219,85.9524917602539,0.0435431468857157,-0.07538297873284716,-0.08739527897352917,0.04655555024644266,0.0362387903039212,77.26239267985027,1.9145606575264673,1.0286134579233883,1.154700538379073,80.56010328020368,4.724328965864766,0.9865073859877324,-0.23007846959896117,84.08161871773856,5.004102959217392,0.9451903770864148,-0.9209406467935326,1.2846883092950578,2.833213344056216,2.6156826491383622,0.0692347397562116,0.3419649665593169,0.588800294790417,-0.2727302268031053
82.37651062011719,82.72231614993429,80.21873169463018,438559000.0,0.0358812670333313,0.0505529276174621,80.70190516785438,82.69653213841508,-0.2645835184902597,45.115195002639894,-2.3960483201317544,-1.6048162079512327,-0.7912321121805217,0.2094837451877529,0.3626598556993013,0.0426217949176928,0.0,0.0,-0.1054116360993557,0.0075398004778749,-0.026549764027041,-0.0653505995439654,0.3233234374477336,0.1997957578805038,0.4490220363682628,645.0,1,2024-04-23,0.036532768573703134,0.08166666716756565,-0.05710687337811704,79.47313690185547,76.15702056884766,76.15702056884766,84.62323760986328,87.36569213867188,0.08166666716756565,-0.05710687337811704,-0.03433913708958258,0.04902319578118295,0.03765040820205827,79.33555603027344,3.1120267506289774,1.0383302864693273,0.9771620983750018,79.8473630632673,3.815385752938746,1.0316747787255782,0.6628812184723007,83.87238093784877,5.010215366711136,0.9821649236494185,-0.2985640752432412,1.3020627961877702,2.9444389791664403,2.097333199997456,0.1854682159092691,0.1998395285983052,0.6146922771715455,-0.014371312689036103
79.63206481933594,84.03457921776213,79.13834013698539,512208000.0,-0.0338834948848509,0.0500258611380109,80.43444508072477,82.2879364958712,0.1679340750047313,38.14949890146619,-2.421878993097522,-1.7682287649804906,-0.6536502281170313,0.2168436802155219,0.2340473926767599,0.0358812670333313,0.0426217949176928,0.0,0.0,-0.1054116360993557,0.0456299921469061,-0.0964892652021083,0.284245335221783,0.1238764532198715,-0.0390781022259505,730.0,1,2024-04-24,-0.033315878277939914,0.045629992146906106,-0.05185920379869158,82.37651062011719,79.47313690185547,76.15702056884766,76.15702056884766,83.98759460449219,0.045629992146906106,-0.05185920379869158,-0.08458278423096699,0.04849139564479371,0.03798273346782161,80.49390411376953,1.6323204232156296,0.9892931110259545,-0.52798413974126,79.2251445225307,3.3550398754261885,1.005136251871267,0.1212862773362861,83.34682028634208,5.043835743190647,0.9554301477339637,-0.7364941398064342,1.2766694552374667,3.1780538303479458,1.7481134484287812,0.1427800677635747,0.2463851758562352,0.6108347642356935,-0.10360510809266052
82.58538818359375,83.2759926322814,78.178871245499,424641000.0,0.0364159302729369,0.0526070682692946,80.97218085644201,82.32759672090087,-0.170959844438197,36.88566420878433,-2.178924192225665,-1.8503678504295256,-0.3285563417961394,0.2148789002149062,0.4087620762914215,-0.0338834948848509,0.0358812670333313,0.0426217949176928,0.0,0.0,0.0844093895313919,-0.039174007730363,-0.0357398847072081,0.2055805552124108,-0.3199852199289912,760.0,1,2024-04-25,0.03708711272221965,0.03916104740626669,-0.02408144008463242,79.63206481933594,82.37651062011719,79.47313690185547,76.15702056884766,84.62323760986328,0.03916104740626669,-0.02408144008463242,-0.08810809567667666,0.051133433154586364,0.03761690262021409,81.5313212076823,1.648116676888548,1.01292836863549,0.6395584673661631,78.93402317592076,2.8605454726689494,1.0462584429471582,1.2764575996291339,82.77685601370675,4.596444065108329,0.9976869400538564,-0.04165564236198002,1.359320666851208,3.1354942159291497,2.0746810121901476,0.15938385101881888,0.15991041385992003,0.6807057369839061,-0.0005265628411011414
87.6855239868164,88.28118855401848,83.3399763925944,551011000.0,0.0599240565148015,0.032482489614691,82.6505166390356,83.04198702302294,0.2975925546520472,49.319000216702705,-1.5568955041946282,-1.7916733811825465,0.234777876987918,0.2143716752983449,0.6917635865904254,0.0364159302729369,-0.0338834948848509,0.0358812670333313,0.0426217949176928,0.0,0.151378078237012,0.0036608403174656,0.2343654442209007,0.2646819883008527,0.2701053289281089,721.0,1,2024-04-26,0.061755910039251294,0.06444814579707026,0.151378078237012,82.58538818359375,79.63206481933594,82.37651062011719,76.15702056884766,76.15702056884766,0.06444814579707026,0.151378078237012,-0.005114178714230699,0.032917157698490344,0.04111238054173503,83.30099232991536,4.074140168335493,1.0526348070325022,1.0761857657667102,80.58095223563058,4.061746711220089,1.0881668875097308,1.7491419963633628,82.74465996878487,4.557429101562294,1.05971217985421,1.084134038714458,0.8006628967902906,3.091042453358316,1.548497698321805,0.14064844848499408,0.3021429491983283,0.5572086025384211,-0.1614945007133342
87.6855239868164,88.28118855401848,83.3399763925944,551011000.0,0.0,0.032482489614691,83.90926847598081,83.66112528486207,0.0,49.319000216702705,-1.051808691586885,-1.643700443263414,0.5918917516765292,0.2138608450113276,0.6930102867215883,0.0599240565148015,0.0364159302729369,-0.0338834948848509,0.0358812670333313,0.0426217949176928,0.1033353835661821,0.0440294712539182,0.0519006046888231,0.2772612882851436,-0.1824648395320776,704.0,0,2024-04-27,0.0,0.10113337115835974,0.151378078237012,87.6855239868164,82.58538818359375,79.63206481933594,79.47313690185547,76.15702056884766,0.10113337115835974,0.151378078237012,-0.005114178714230699,0.032917157698490344,0.04111238054173503,85.98547871907552,2.94456477889452,1.0197713066562686,0.5773502691895742,82.2278812953404,4.299299539033697,1.0663721672685889,1.2694260174071659,82.712463923863,4.5178301586695495,1.0601246756175844,1.10076295219073,0.8006628967902906,2.9444389791664403,3.5362639721386238,0.07823069028866783,0.2571437229505843,0.6646255868383579,-0.17891303266191647
87.70751190185547,87.94237235498613,85.21791179771557,388971000.0,0.0002507273455053,0.0315280426788223,85.56687724073115,84.66568512824259,-0.2940776136955524,52.83685091962047,-0.3155741159485927,-1.218138943921504,0.9025648279729112,0.217435383805213,0.6825113746079533,0.0,0.0,0.0599240565148015,0.0364159302729369,-0.0338834948848509,0.1014094900193858,0.1516667963994982,-0.9514966991381442,-0.5101007055197992,-0.7032789552964467,494.0,0,2024-04-29,0.0002507587802333955,0.0002507587802333955,0.10361205460115364,87.6855239868164,87.6855239868164,87.6855239868164,79.63206481933594,79.47313690185547,0.0002507587802333955,0.10361205460115364,0.020418490559841018,0.0319857957863018,0.04047076233729703,87.69285329182942,0.012694728733483752,1.0001671585479979,1.15470053230698,85.0511496407645,3.4272486244768308,1.0312325262187612,0.7750713625266843,82.80562646048409,4.599206828059847,1.0591974923794656,1.0658110462579944,0.7903432981993606,1.6094379124341003,2.0415540671480357,0.11416736477985975,0.038645900087431025,0.847186729311943,0.07552146469242874
86.353271484375,88.76890816331654,86.25133163329888,363709000.0,-0.0155608600326805,0.0315957990290458,85.7634758016421,84.89069664239358,-0.0649457157474464,48.36037702185158,-0.1626171278959418,-1.0070345807163916,0.8444174528204498,0.2167091624054082,0.6108290560164235,0.0002507273455053,0.0,0.0,0.0599240565148015,0.0364159302729369,0.0456240914240779,0.1338845826605008,-0.2897079573772467,-0.2781995391303742,0.6617887417608974,896.0,1,2024-04-30,-0.015440415400175267,-0.01519352843967392,0.04827542262134421,87.70751190185547,87.6855239868164,87.6855239868164,82.58538818359375,82.37651062011719,-0.01519352843967392,0.04827542262134421,-0.011588309203684921,0.032082401781675,0.040506248540509875,87.24876912434895,0.7756016274498191,0.9897362719387174,-1.1545845293264185,85.61925833565849,3.23416124583099,1.008572991205307,0.22695626251248194,82.73331069946289,4.529421062263602,1.0437545742374796,0.799210480798845,0.7920358694681322,2.833213344056216,2.373840194507922,0.06745048385346303,0.2790984689490869,0.6534510739147663,-0.21164798509562388
82.99414825439453,85.9514784070707,81.20915281271795,559863000.0,-0.0396765878504198,0.0328865434293008,85.0711439148302,84.6378235239937,0.539315771674608,48.39011664925479,-0.3088900914668642,-0.8674056828664862,0.558515591399622,0.206420252856843,0.4448765454579023,-0.0155608600326805,0.0002507273455053,0.0,0.0,0.0599240565148015,-0.053502283149123,0.0897767222834822,0.0148416920504811,0.4212349875523182,0.3045496494277278,538.0,1,2024-05-01,-0.03889977961736257,-0.05350228314912309,0.04222022174969675,86.353271484375,87.70751190185547,87.6855239868164,87.6855239868164,79.63206481933594,-0.05350228314912309,0.04222022174969675,-0.011828489133138276,0.03330360916769689,0.04052342282116993,85.68497721354167,2.426708087641493,0.9685962575161673,-1.1088391606929309,86.09955596923828,2.3162005455527677,0.9639323608596396,-1.340733521890539,82.66235024588448,4.516021306949134,1.0040138951714184,0.07347131157230961,0.8218360357827098,3.2188758248682006,1.869364765377191,0.16364242858253417,0.2535462833475321,0.582811297227939,-0.08990385476499793
85.76860046386719,86.18836175340402,83.15307206256357,377898000.0,0.0328828752018613,0.0323632315657005,85.24550805208945,84.7885937826435,-0.3250170130907025,51.7357445797943,-0.1986474782215594,-0.733654041937501,0.5350065637159415,0.2024651879548244,0.6141592981285153,-0.0396765878504198,-0.0155608600326805,0.0002507273455053,0.0,0.0,-0.0218613453600098,0.0792149876981229,0.1393163536440362,0.3703995740249207,0.1244746615935551,736.0,1,2024-05-02,0.03342949193198996,-0.022106560726040447,0.03854449740185162,82.99414825439453,86.353271484375,87.70751190185547,87.6855239868164,82.58538818359375,-0.022106560726040447,0.03854449740185162,0.01353485031244439,0.032766133875241785,0.04147655819024013,85.0386734008789,1.7945813875419951,1.008583471893398,0.40673945916047244,86.55430058070591,1.756004816459612,0.9909224601023018,-0.4474361969136414,82.74416187831334,4.564392595367028,1.036551685543709,0.6626157856411679,0.7899916315368714,2.772588722239781,2.3034740635005653,0.1504983155056834,0.23311423131575182,0.6163874499499797,-0.08261591581006841
88.7389144897461,89.23063371341577,86.9909005732954,398341000.0,0.0340455358422791,0.0259372475053336,86.1188596615036,85.31530321025718,0.0540966080794287,72.87823994202246,0.1269368559093635,-0.561535862368128,0.6884727182774916,0.2040229552301729,0.7850909938057672,0.0328828752018613,-0.0396765878504198,-0.0155608600326805,0.0002507273455053,0.0,0.0120132771640626,0.077235656399303,0.6430953501686821,1.0487867701672648,0.5037789965246459,784.0,1,2024-05-03,0.034631718482222906,0.027626550382665593,0.012013277164062641,85.76860046386719,82.99414825439453,86.353271484375,87.6855239868164,87.6855239868164,0.027626550382665593,0.012013277164062641,0.165209902211499,0.02595079256116802,0.03010178332989096,85.83388773600261,2.8729395391545554,1.0338447532829738,1.011168774751999,86.7047849382673,1.9076892757347987,1.0234604070920317,1.0662792821411118,83.64286858694894,4.403469197975042,1.0609262449852457,1.157279788658588,0.8621014999931575,2.833213344056216,1.3666608161635643,0.14557288074865932,0.18770837612100874,0.6667187355924398,-0.042135495372349424
88.7389144897461,89.23063371341577,86.9909005732954,398341000.0,0.0,0.0259372475053336,86.77387336856422,85.77178471418904,0.0,72.87823994202246,0.3805777233235119,-0.3731131452298,0.7536908685533119,0.2055561099557709,0.7811156155954992,0.0340455358422791,0.0328828752018613,-0.0396765878504198,-0.0155608600326805,0.0002507273455053,0.0117595695685082,0.1143615915406839,0.2594141283510971,0.320429277702849,-0.383681221817585,581.0,1,2024-05-04,0.0,0.06921893116780531,0.012013277164062641,88.7389144897461,85.76860046386719,82.99414825439453,87.70751190185547,87.6855239868164,0.06921893116780531,0.012013277164062641,0.165209902211499,0.02595079256116802,0.03010178332989096,87.74880981445312,1.7149116024194035,1.011283397203752,0.5773502691894588,86.85526929582868,2.0352307565432364,1.02168717234071,0.9255192257003417,84.54157529558454,4.0258908572364955,1.0496482254971746,1.042586434407899,0.8621014999931575,2.6390573296152584,2.3686869916956805,0.17609724259147275,0.10051122214645145,0.7233915449335024,0.0755860204450213
92.08802795410156,92.16798466023728,89.00476895897276,376203000.0,0.0370464317750984,0.0291257580939036,88.47085722517016,86.95681880913064,-0.0555754993836938,72.91074715967586,0.9878710813295442,0.0507757445300743,0.9370953367994698,0.2244160805387557,0.913590858821298,0.0,0.0,0.0340455358422791,0.0328828752018613,-0.0396765878504198,0.109572540847487,0.0502078765925728,-0.7512082769858546,-0.7949577758881216,-0.8576028522294706,395.0,0,2024-05-06,0.03774120388572544,0.03774120388572544,0.04994459376692717,88.7389144897461,88.7389144897461,88.7389144897461,82.99414825439453,87.70751190185547,0.03774120388572544,0.04994459376692717,0.15873151034449196,0.029196311022212974,0.029661912225960225,89.85528564453125,1.9336115601926969,1.0248482022349032,1.1547005383789728,87.6315416608538,2.891050442954099,1.0508548201798729,1.541476491393934,86.34134565080915,3.3273888492875314,1.0665577106770348,1.7270846791840726,0.9843030617783383,1.3862943611198906,2.861741867269355,0.0606781619911392,0.30220182550450164,0.6371200134356817,-0.24152366351336244
90.50292205810548,91.72922732116892,88.96079315014337,437342000.0,-0.0173628070517812,0.0293649837112431,88.97887343340399,87.42963257566062,0.1625159820628756,65.50117574601444,1.1736702593796906,0.2753546474999976,0.8983156118796929,0.2330088723101104,0.7998591677557263,0.0370464317750984,0.0,0.0,0.0340455358422791,0.0328828752018613,0.0551987740109245,0.0321307091888127,0.4671665239829708,0.2013969141454488,1.2183748009688251,647.0,0,2024-05-07,-0.01721294212952551,0.01987862459781642,0.04805435280447168,92.08802795410156,88.7389144897461,88.7389144897461,85.76860046386719,86.353271484375,0.01987862459781642,0.04805435280447168,0.09864961961624696,0.029433653947507243,0.029578777354057843,90.4432881673177,1.6753529180389048,1.0006593512022413,0.03559482312394466,88.22434888567243,3.0083202368126076,1.0258270330267418,0.7574237425092957,86.92180361066546,3.2911475246325423,1.0411993113198657,1.088106327849844,0.9950936644603842,2.6390573296152584,1.2814475892628236,0.16090013631261307,0.03902057895007038,0.800079284952237,0.12187955736254269
90.36101531982422,91.14257199813076,89.36957035953105,325721000.0,-0.0015692101969916,0.0219224634421723,89.32440890500905,87.82048360821577,-0.2552258872918677,72.72148546599836,1.2945440606742693,0.479192530134852,0.8153515305394172,0.2400494619416171,0.7690356544146867,-0.0173628070517812,0.0370464317750984,0.0,0.0,0.0340455358422791,0.0182794756889386,0.0305123492608663,0.3475716459379889,-0.1466503259519964,-0.1195948780449818,851.0,0,2024-05-08,-0.0015679796304273186,0.018279475688938618,0.08876369262624029,90.50292205810548,92.08802795410156,88.7389144897461,88.7389144897461,82.99414825439453,0.018279475688938618,0.08876369262624029,0.13473153716193886,0.022204388605522218,0.02737292894086514,90.98398844401042,0.9587553444315151,0.9931529367437044,-0.6497727786389432,89.2767584664481,1.9898629438042426,1.0121448949536358,0.544890218068599,87.6881572178432,2.649777813515003,1.0304814034960372,1.0087102731211266,0.811180588437988,2.772588722239781,2.0611372381447035,0.11900624614208932,0.27746502306933196,0.6035287329306205,-0.15845877692724264
88.69694519042969,91.0206307579062,88.18123739175036,378013000.0,-0.0185874789922656,0.0224348859637135,89.16754297636422,87.93734515251096,0.1605423046103873,63.69048799112383,1.241746782868745,0.6317033806816307,0.6100434021871143,0.22088946267828,0.6689269913720753,-0.0015692101969916,-0.0173628070517812,0.0370464317750984,0.0,0.0,-0.0004729525885879,0.011281055261052,-0.6257979666350569,-0.8030656705917116,-0.973369612573046,805.0,1,2024-05-09,-0.018415797161029146,-0.036824360766657516,0.03414238673273173,90.36101531982422,90.50292205810548,92.08802795410156,88.7389144897461,85.76860046386719,-0.036824360766657516,0.03414238673273173,0.07400288527129595,0.022674778381419514,0.02707410590314745,89.85362752278645,1.0042260174303026,0.987127038003408,-1.1518147431756265,89.6950934273856,1.3267321444014928,0.9888717632278963,-0.7523359113351336,88.12469700404576,2.211658889413159,1.0064936187679336,0.2587416120646755,0.8375079296259789,2.4849066497880004,2.6126423958999014,0.27283455516127025,0.3242011467333544,0.40296430682594125,-0.05136659157208412
89.82730865478516,91.34945233112953,89.17667483195356,335325000.0,0.0126635854344071,0.0189780510906061,89.33248439596946,88.18934028614753,-0.1129273331869539,55.835710068765955,1.2764018782361577,0.760643080192536,0.5157587980436215,0.197914069220125,0.7132377562139696,-0.0185874789922656,-0.0015692101969916,-0.0173628070517812,0.0370464317750984,0.0,0.0122651282280992,0.0402305217937082,0.5430317881631748,0.4462829199564551,1.1688297547982316,564.0,1,2024-05-10,0.01274410817563787,-0.007465100440475991,0.01226512822809922,88.69694519042969,90.36101531982422,90.50292205810548,88.7389144897461,88.7389144897461,-0.007465100440475991,0.01226512822809922,0.024425749777018613,0.019146233804444652,0.021909191536171733,89.62842305501302,0.8496757971338811,1.0022190014394214,0.23407233728796242,89.85057830810547,1.257993307253857,0.9997410183244395,-0.018497438091391052,88.27768162318638,2.2526396301471583,1.0175540068917233,0.687916083362851,0.8738904752753892,2.70805020110221,1.7376697804455048,0.07150051649659868,0.22408251570803775,0.7044169547568474,-0.15258199921143906
89.82730865478516,91.34945233112953,89.17667483195356,335325000.0,0.0,0.0189780510906061,89.45619046067338,88.40773606863254,0.0,55.835710068765955,1.2890074158802918,0.8663159473300872,0.4226914685502045,0.166607906271593,0.7040885402331687,0.0126635854344071,-0.0185874789922656,-0.0015692101969916,-0.0173628070517812,0.0370464317750984,-0.0245495462281285,0.0823330384624896,0.582119555619433,0.5270947962658903,0.0390877674562581,642.0,1,2024-05-11,0.0,-0.005906381896551904,0.01226512822809922,89.82730865478516,88.69694519042969,90.36101531982422,92.08802795410156,88.7389144897461,-0.005906381896551904,0.01226512822809922,0.024425749777018613,0.019146233804444652,0.021909191536171733,89.45052083333333,0.6526156504290975,1.0042122484915865,0.577350269188439,90.00606318882534,1.16123491460329,0.998013972306897,-0.15393486002894435,88.430666242327,2.2818690399633703,1.015793643447522,0.612060722152823,0.8738904752753892,2.70805020110221,2.6699398919318673,0.2596462736172335,0.06627313599788712,0.6740805936445083,0.1933731376193464
90.34801483154295,90.94667600491071,88.47906681215352,289680000.0,0.005780010451488,0.0114834264592507,89.74873121478674,88.83047940253158,-0.1361216730038023,57.00421107507886,1.3073259413516922,1.0213784355473956,0.2859475058042966,0.139378618037,0.7090844228218973,0.0,0.0,0.0126635854344071,-0.0185874789922656,-0.0015692101969916,-0.0001438727556926,0.0181329730147059,-0.5190693484983309,-0.2391148398577137,-1.1430504660917922,498.0,1,2024-05-13,0.005796746942056563,0.005796746942056563,-0.018895106793098693,89.82730865478516,89.82730865478516,89.82730865478516,90.36101531982422,92.08802795410156,0.005796746942056563,-0.018895106793098693,0.03010577854086427,0.011432263636134473,0.021926291211414234,90.0008773803711,0.3006298513227996,1.0038570451897346,1.1547005383677746,89.91297476632255,0.610843949043859,1.0048384570341604,0.7121950964749095,88.77225821358817,2.330485217126666,1.0177505523647203,0.6761495873797408,0.5213952294030988,1.6094379124341003,1.9458060040840093,0.16290102526545522,0.09779414278455074,0.739304855465889,0.06510688248090447
91.30448150634766,91.5993133075769,88.88384272491611,296507000.0,0.0105308270822926,0.0103402332499855,90.13766878767696,89.16034634970705,0.023567384700359,63.41673382286723,1.3868502869542283,1.0944728058287625,0.292377481125466,0.1122174881359063,0.7955727541759688,0.005780010451488,0.0,0.0,0.0126635854344071,-0.0185874789922656,0.0293982651862436,0.0289114086120358,-0.5031642808193958,-0.500522510084575,0.015905067678935,813.0,1,2024-05-14,0.010586471397164177,0.016444585434919556,0.008856724512469771,90.34801483154295,89.82730865478516,89.82730865478516,88.69694519042969,90.50292205810548,0.016444585434919556,0.008856724512469771,0.057336681481355845,0.01030974126673875,0.02139951892652929,90.49326833089192,0.7492221584116385,1.0089643482926212,1.0827405013961642,90.02748325892857,0.7890130772894041,1.0141845378899053,1.6184753892877413,89.1259160723005,2.3107561397828693,1.024443680694175,0.9427933119121205,0.48177444091781035,2.1972245773362196,2.0160908672533724,0.06508009880781171,0.2405063387705013,0.6944135650992393,-0.17542623996268958
94.57662963867188,94.80850105677926,91.54734077306348,417735000.0,0.0352105296503364,0.0162938152633324,91.2474090004257,89.88251745490237,0.4088537538742762,81.53472386378412,1.6943771860937176,1.2144536818817533,0.4799235042119643,0.110402801435894,1.0704850077049637,0.0105308270822926,0.005780010451488,0.0,0.0,0.0126635854344071,0.0528716829548885,0.0657852891540649,-0.4534315316652073,-0.1933586257591658,0.0497327491541885,922.0,0,2024-05-15,0.03583776040715736,0.05287168295488853,0.046653020707291715,91.30448150634766,90.34801483154295,89.82730865478516,89.82730865478516,90.36101531982422,0.05287168295488853,0.046653020707291715,0.13955780772367943,0.016441951157174076,0.019008572418169892,92.07637532552083,2.2174672146004273,1.027154134861541,1.1275270708349912,90.6297138759068,1.9052544429072857,1.0435499086775153,2.0715950971579176,89.95323617117745,1.9989228513590642,1.051397744698104,2.312942425142114,0.8649755907738533,2.5649493574615367,2.3169350157343205,0.2734937643011411,0.13954673544503746,0.5869594973822435,0.13394702885610363
94.3057861328125,95.7649618311796,94.04992617640087,323952000.0,-0.0028678550132319,0.013010040195281,92.0120032835224,90.47228661195706,-0.2245035728392401,76.91244279531185,1.894402172859884,1.3504433800773796,0.5439587927825045,0.121223959544012,0.9620395623925008,0.0352105296503364,0.0105308270822926,0.005780010451488,0.0,0.0,0.0498565252048077,0.02408302390639,0.3235943327136894,0.4650581951571677,0.7770258643788968,790.0,0,2024-05-16,-0.002863746645383025,0.04380584685395639,0.0632360103309173,94.57662963867188,91.30448150634766,90.34801483154295,89.82730865478516,88.69694519042969,0.04380584685395639,0.0632360103309173,0.09953742538380217,0.013226832361505307,0.017945110936375776,93.39563242594402,1.8160460284819724,1.009745142071715,0.5011732591542736,91.43097686767578,2.1238221333988854,1.0314423991039416,1.3536017070016977,90.5630351475307,1.9249685599367183,1.0413275789529879,1.944317981694642,0.7370716407605904,2.70805020110221,2.0495761835361366,0.1781699383365256,0.1834271755069494,0.6384029010576862,-0.005257237170423784
92.42682647705078,94.68655257434128,91.75420961084316,359691000.0,-0.0201252801872398,0.0167385484035431,92.1157090819045,90.73289192730287,0.1103218995406727,62.4847357187281,1.8796397577827548,1.4562826556184547,0.4233571021643001,0.1234859503257069,0.7610017079460977,-0.0028678550132319,0.0352105296503364,0.0105308270822926,0.005780010451488,0.0,0.0289390594151697,0.0212579259895069,0.5397164429215706,0.6669767238776141,0.2161221102078812,847.0,1,2024-05-17,-0.019924118474719532,0.01229233168171584,0.02893905941516972,94.3057861328125,94.57662963867188,91.30448150634766,89.82730865478516,89.82730865478516,0.01229233168171584,0.02893905941516972,0.04155912891779656,0.01688901987235261,0.017385938406463183,93.76974741617839,1.1708614511244213,0.9856785266449816,-1.1469511937880887,91.80233655657086,2.0214817710280966,1.006802549302164,0.30892681271239475,90.82645743233817,1.9084100345909336,1.0176200755810036,0.8385876282900837,0.9714183656646428,3.1780538303479458,1.7968420287187041,0.1264662464432742,0.1581334885128814,0.7154002642339986,-0.03166724206960719
92.42682647705078,94.68655257434128,91.75420961084316,359691000.0,0.0,0.0167385484035431,92.19348843069108,90.95874986726928,0.0,62.4847357187281,1.8466533669641196,1.5343567978875876,0.3122965690765318,0.124745343459851,0.736516783631055,-0.0201252801872398,-0.0028678550132319,0.0352105296503364,0.0105308270822926,0.005780010451488,0.0230089354966329,0.0228617523819849,-0.0201343041290005,0.2159344927285418,-0.5598507470505711,746.0,1,2024-05-18,0.0,-0.022730807492658323,0.02893905941516972,92.42682647705078,94.3057861328125,94.57662963867188,90.34801483154295,89.82730865478516,-0.022730807492658323,0.02893905941516972,0.04155912891779656,0.01688901987235261,0.017385938406463183,93.05314636230469,1.084817863051429,0.9932692239893177,-0.577350269189118,92.17369624546596,1.8276682604614496,1.0027462306698727,0.13849900283375774,91.08987971714565,1.8517817308224085,1.0146772260986254,0.7219785883249699,0.9714183656646428,2.772588722239781,1.7004463515013413,0.12429113822678722,0.26961591318249695,0.606092952688535,-0.14532477495570972
94.72654724121094,95.14630855060346,93.38730659931326,318764000.0,0.024577024455281,0.0184752411516963,92.87050401701347,91.63076725870292,-0.1137837755184311,59.61539103153675,1.92597219243153,1.6551451644558068,0.2708270279757232,0.1266858834470587,0.8748021259853598,0.0,0.0,-0.0201252801872398,-0.0028678550132319,0.0352105296503364,0.001585144269909,0.0545406364700742,0.1637190593352497,-0.0149466311707868,0.21170806982135,494.0,1,2024-05-20,0.024881529008584646,0.024881529008584646,0.04846296200123379,92.42682647705078,92.42682647705078,92.42682647705078,94.57662963867188,90.34801483154295,0.024881529008584646,0.04846296200123379,0.028652142365612088,0.018638654869581266,0.01566692936265209,93.19340006510417,1.3277444022496243,1.0164512419874767,1.1547005383785642,93.17056056431362,1.3434119559429754,1.0167004112401283,1.1582349479725542,91.54176766531808,1.9652528588548281,1.0347904531135623,1.6205444309841448,1.1896814262795734,3.2188758248682006,1.29220961931181,0.24584228351401782,0.0889854141278192,0.6651722979731858,0.15685686938619864
95.33219909667967,95.3461911389766,93.12744211033532,328946000.0,0.0063733336901104,0.0184005188736524,93.48592778693003,92.12429150376649,0.0319421264634651,68.95196132618179,2.051218299321377,1.734359791428921,0.3168585078924559,0.1089834918478906,0.9315961760784188,0.024577024455281,0.0,0.0,-0.0201252801872398,-0.0028678550132319,0.0108838811058917,0.0612830388033815,-0.1186663454124828,-0.0318997698611696,-0.2823854047477326,1155.0,1,2024-05-21,0.006393686596920967,0.03143430030403871,0.04411303283127466,94.72654724121094,92.42682647705078,92.42682647705078,94.3057861328125,91.30448150634766,0.03143430030403871,0.04411303283127466,0.053360454322940676,0.01856884797373204,0.014662792893794237,94.16185760498047,1.5327926486234338,1.0124290399686986,0.7635354284548935,93.7459487915039,1.2715779508371015,1.0169207344490552,1.247466035512421,91.88671602521624,2.180881322139863,1.0374970748820525,1.5798581227165303,1.2663922970357828,3.1354942159291497,1.8451204057942292,0.2020887232978235,0.10980553247711872,0.6881057459183715,0.0922831908207048
94.8964385986328,95.96583473980164,93.19640167904086,548648000.0,-0.0045814475205358,0.0133993948235035,93.83855548985574,92.49391111641532,0.667896858450931,67.39750995473759,2.0912083627177083,1.805729505686679,0.2854788570310296,0.1001192871492975,0.870084425024196,0.0063733336901104,0.024577024455281,0.0,0.0,-0.0201252801872398,0.0267196464026082,0.0564319472525756,0.2018956196540087,0.1898039352694296,0.3205619650664916,858.0,1,2024-05-22,-0.0045709686986760145,0.026719646402608044,0.003381479771300322,95.33219909667967,94.72654724121094,92.42682647705078,92.42682647705078,94.57662963867188,0.026719646402608044,0.003381479771300322,0.050192256724383544,0.013440262034407619,0.014769241604970437,94.9850616455078,0.31240050550286663,0.9990669791087177,-0.28368407001245005,93.79163578578404,1.3115161662913832,1.011779331958471,0.8423859661393629,92.21067483084542,2.2717756602140784,1.0291263866435665,1.1822310692131845,0.9100170742609043,3.784189633918261,2.596370673972379,0.14538418302355807,0.26740322848998527,0.5872125894177792,-0.1220190454664272
103.74046325683594,106.26003756449909,101.46274160839002,835065000.0,0.0891060574966739,0.0358509898683932,96.3140324316008,93.99345140180476,0.5220414546302912,87.20945329324638,2.804214415175849,2.0054264875845127,0.7987879275913365,0.1509988514153882,1.3244096465614774,-0.0045814475205358,0.0063733336901104,0.024577024455281,0.0,0.0,0.122406418255573,0.1482317951342224,-0.0753086085448615,-0.1789423628491424,-0.2772042281988702,803.0,1,2024-05-23,0.0931965918722113,0.09515723182300762,0.10004345980146345,94.8964385986328,95.33219909667967,94.72654724121094,92.42682647705078,94.3057861328125,0.09515723182300762,0.10004345980146345,0.1696058193899268,0.037272716408273246,0.027015229828095694,97.9897003173828,4.985070470139578,1.0586874224620215,1.153597120421875,95.13944680350167,4.006642476764981,1.0904043143229387,2.146689279917695,93.28521183558873,3.632306416809331,1.1120783371288705,2.878405679890644,1.3796927379647839,4.700480365792417,2.5103415154296624,0.1213788683825266,0.18101217295256775,0.6976089568108047,-0.05963330457004115
106.40895080566406,106.41494412748668,102.94190563238328,429494000.0,0.025397463012865,0.0326995254954683,98.8377620251166,95.64885132231932,-0.4856759653440151,88.11386447501192,3.543751332932189,2.313091456654048,1.2306598762781409,0.197732819255946,1.220511258316838,0.0891060574966739,-0.0045814475205358,0.0063733336901104,0.024577024455281,0.0,0.1512777714172084,0.1654296596412556,0.0953879684620948,0.2992801569323409,0.1706965770069564,922.0,0,2024-05-24,0.025722726360124293,0.11619108563467706,0.15127777141720844,103.74046325683594,94.8964385986328,95.33219909667967,92.42682647705078,92.42682647705078,0.11619108563467706,0.15127777141720844,0.1845946672476153,0.034153248912859015,0.02727975005939656,101.68195088704427,6.025992798842569,1.046488092305299,0.7844350427248644,97.13689313616071,5.5981242703250835,1.0954535127709544,1.6562793574721637,94.46961484636579,4.900184706349647,1.126382816090814,2.436507330800677,1.251963410166761,5.0369526024136295,2.282828816397783,0.1696580496732316,0.17271073361603065,0.6576312178977175,-0.0030526839427990615
106.40895080566406,106.41494412748668,102.94190563238328,429494000.0,0.0,0.0326995254954683,100.73055922025348,97.08353125343196,0.0,88.11386447501192,4.082775968405883,2.6670283590044157,1.415747609401468,0.2276135786876113,1.0787586838173562,0.025397463012865,0.0891060574966739,-0.0045814475205358,0.0063733336901104,0.024577024455281,0.1233276616185021,0.1251082980245472,-0.1349065590412719,-0.2351197568026653,-0.2302945275033668,822.0,1,2024-05-25,0.0,0.12131658866276074,0.15127777141720844,106.40895080566406,103.74046325683594,94.8964385986328,94.72654724121094,92.42682647705078,0.12131658866276074,0.15127777141720844,0.1845946672476153,0.034153248912859015,0.02727975005939656,105.51945495605469,1.5406520046459706,1.008429685786188,0.577350269189293,99.13433946881976,6.108624430622463,1.0733813467242836,1.1908755268005609,95.65401785714286,5.639905355983954,1.1124357678794365,1.906935005054684,1.251963410166761,3.332204510175204,2.4155421302341575,0.1874225232750177,0.1468737731101336,0.6657037169293121,0.0405487501648841
113.83676147460938,114.87417806167193,109.82102986026251,652728000.0,0.0674758078497086,0.037998200549201,105.8703320228053,101.32882281892972,0.5197604623114642,90.66698318792908,5.431977909999048,3.774957201736513,1.657020708262536,0.3103263322335949,1.070743845539701,0.0,0.0,0.0,0.025397463012865,0.0891060574966739,0.097322663701409,0.2316420006357633,0.2702578245716702,-0.0027774045502834,1.4142962079344057,603.0,0,2024-05-28,0.06980437841653764,0.06980437841653764,0.19410611056148608,106.40895080566406,106.40895080566406,106.40895080566406,103.74046325683594,95.33219909667967,0.06980437841653764,0.19410611056148608,0.24678175262071034,0.039573148517649745,0.03145396105145607,108.8848876953125,4.288448489205489,1.045478062971911,1.1547005383791602,105.44420950753349,5.602321751482976,1.0795923456230783,1.4980489053229258,99.5950791495187,7.2163813656245885,1.1429958432354888,1.9735212987677293,1.2581292528756984,2.4849066497880004,1.333036593413449,0.07371179031377485,0.06465252395719286,0.8616356958042491,0.009059266356581996
114.76023864746094,115.42686229387073,110.83845570707368,557442000.0,0.0080795653138119,0.0366124846488521,108.0928086789692,103.11967826273388,-0.1459811743942346,89.80244311671305,6.015529319310417,4.223071625251293,1.7924576940591237,0.3372275405653974,1.0067438159856028,0.0674758078497086,0.0,0.0,0.0,0.025397463012865,0.0784829450771384,0.2416334415198757,0.5059026726410188,0.5145581268673151,0.2356448480693486,773.0,0,2024-05-29,0.008112293084317379,0.07848294507713849,0.2093208169048646,113.83676147460938,106.40895080566406,106.40895080566406,106.40895080566406,94.8964385986328,0.07848294507713849,0.2093208169048646,0.21341011078424055,0.0381898954094455,0.031000098417515044,111.6686503092448,4.578376532481036,1.0276853739134,0.6752586460032374,108.28189522879464,4.232449252769608,1.059828500461484,1.5306369980519046,101.03676550728935,8.098854969069585,1.1358265288013552,1.6944954802355445,1.2319281989075306,2.772588722239781,2.005171090497962,0.22855887810389197,0.08989622909575697,0.6815449082603057,0.13866264900813502
110.43768310546876,115.75368367922724,109.60115714782084,484553000.0,-0.0383936625668243,0.0320891352000287,108.67902728559407,104.0954122417652,-0.1307562042329068,77.4291828323339,6.05935543072809,4.590328386346653,1.4690270443814368,0.3421274252673573,0.8363111508345962,0.0080795653138119,0.0674758078497086,0.0,0.0,0.0,0.0378608403644766,0.1658577908920411,0.1028520912451097,0.1436145197611293,-0.4030505813959091,787.0,0,2024-05-30,-0.03766596857009763,0.03786084036447668,0.0645574507610609,114.76023864746094,113.83676147460938,106.40895080566406,106.40895080566406,103.74046325683594,0.03786084036447668,0.0645574507610609,0.1710594612926235,0.032652359836722655,0.03375839424090609,113.01156107584636,2.276365167760648,0.977224649001617,-1.130696430797007,109.23864092145648,3.7660111708525954,1.010976355746447,0.31838519048811825,102.18904386247907,8.214300879323368,1.0807194091578967,1.004180314815685,0.9672367590623365,2.1972245773362196,2.0275288112137178,0.09319494664669031,0.15892330184578893,0.7478817403316498,-0.06572835519909861
109.57115936279295,112.6534193153438,106.879677688503,613263000.0,-0.0078772126941274,0.0317066663273247,108.9020603048938,104.82551185790224,0.2656262576023676,80.19004960152186,5.955515243041546,4.863365757685632,1.0921494853559146,0.3395536356524185,0.7809392170987346,-0.0383936625668243,0.0080795653138119,0.0674758078497086,0.0,0.0,0.0297175052773905,0.1493615001126016,0.6391641574524191,0.689919488560432,0.5363120662073093,815.0,1,2024-05-31,-0.007846268758176289,-0.03747121805435272,0.029717505277390366,110.43768310546876,114.76023864746094,113.83676147460938,106.40895080566406,106.40895080566406,-0.03747121805435272,0.029717505277390366,0.18549087466504166,0.03232321895606569,0.03303031431446165,111.58969370524089,2.779745001279111,0.9819111041940862,-0.7261580977820263,109.69038500104632,3.5536824610119613,0.9989130712026197,-0.033549885101275295,103.41363906860352,7.919651698266975,1.0595426323804793,0.7774988760600247,0.9785925331601714,2.772588722239781,1.328411634923399,0.06641075965017076,0.2558225554724534,0.6777666759987672,-0.18941179582228265
109.57115936279295,112.6534193153438,106.879677688503,613263000.0,0.0,0.0317066663273247,109.0693350693686,105.45826485855432,0.0,80.19004960152186,5.806289851058736,5.051950576360253,0.7543392746984834,0.3322214340242617,0.7549175301881447,-0.0078772126941274,-0.0383936625668243,0.0080795653138119,0.0674758078497086,0.0,0.0297175052773905,0.1546393203039715,0.3557987489848729,0.4405300550152974,-0.2833654084675461,756.0,1,2024-06-01,0.0,-0.04521670001583589,0.029717505277390366,109.57115936279295,110.43768310546876,114.76023864746094,106.40895080566406,106.40895080566406,-0.04521670001583589,0.029717505277390366,0.18549087466504166,0.03232321895606569,0.03303031431446165,109.86000061035156,0.5002877160961463,0.997370824267669,-0.5773502691860974,110.14212908063617,3.2555043025186996,0.9948160642743232,-0.17538595092670212,104.63823427472796,7.398448988556732,1.0471426636951229,0.6667512468755011,0.9785925331601714,2.6390573296152584,1.4338569882842522,0.22359428612085486,0.13444293877826283,0.6419627742411999,0.08915134734259203
114.93514251708984,114.93514251708984,111.93983111247248,438392000.0,0.0477937957702498,0.0355666309044987,110.629878986316,107.19711635573776,-0.2851484599592671,82.11968135223759,5.843579670471328,5.301677394940719,0.5419022755306093,0.3212792573843653,0.8553187038037657,0.0,0.0,-0.0078772126941274,-0.0383936625668243,0.0080795653138119,0.0015240807416425,0.0801266401639206,0.1772766566981322,0.204404595271033,0.1654238534840512,387.0,1,2024-06-03,0.048954334201544825,0.048954334201544825,0.08012664016392068,109.57115936279295,109.57115936279295,109.57115936279295,114.76023864746094,106.40895080566406,0.048954334201544825,0.08012664016392068,0.21333613294718634,0.036216178421469646,0.034313970905357906,111.35915374755858,3.0968971180624267,1.0321122121459159,1.1547005383790667,111.81190054757255,2.565756434108582,1.0279330013551504,1.217279211696647,107.30630057198661,6.170161305485045,1.071094072803166,1.236408833967027,1.055435365418892,2.0794415416798357,3.070847175128366,0.2868349977902004,0.2604385686240026,0.452726415757622,0.026396429166197777
116.37132263183594,116.53423270815344,113.98067349692546,403324000.0,0.0124181446456598,0.0257247864136752,112.06523989769596,108.42034385921752,-0.0799923356265625,82.57959650844792,6.064210032514225,5.454183922455421,0.6100261100588042,0.3271891823791449,0.855410549019776,0.0477937957702498,0.0,0.0,-0.0078772126941274,-0.0383936625668243,0.0537283955939253,0.0936234381670229,0.3787771136303277,0.5245805229539028,0.2015004569321954,842.0,1,2024-06-04,0.012495569964882991,0.06206161647452735,0.022264874056452166,114.93514251708984,109.57115936279295,109.57115936279295,110.43768310546876,113.83676147460938,0.06206161647452735,0.022264874056452166,0.22069273272317735,0.025871914867661158,0.03424264271518253,113.62587483723958,3.5841584109158497,1.0241621707954196,0.7659951039649563,112.17398071289062,3.035050524588486,1.037418141821038,1.382956192966316,108.80909511021206,5.561541124482882,1.0694999578294824,1.3597359710842785,0.7555466756130376,2.5649493574615367,2.5790084365831127,0.1846369731550415,0.03199981929113462,0.7833632243176302,0.15263715386390686
122.3709487915039,122.37993877462908,117.40175277551737,528402000.0,0.0502708596312805,0.0313919201242133,114.64166712114796,110.28042451685572,0.3101179200841011,86.29137798112436,6.646563428247674,5.692659823613872,0.953903604633802,0.3443474411799702,0.9595556780598398,0.0124181446456598,0.0477937957702498,0.0,0.0,-0.0078772126941274,0.116817139684819,0.1500061589272827,0.4709099824164228,0.4940646700616787,0.092132868786095,769.0,0,2024-06-05,0.05155588184426674,0.116817139684819,0.0663183541071466,116.37132263183594,114.93514251708984,109.57115936279295,109.57115936279295,114.76023864746094,0.116817139684819,0.0663183541071466,0.28952098306950513,0.03172852485154868,0.03506693197573331,117.89247131347656,3.9443914259870003,1.0379878157454097,1.135403917704922,113.26122501918248,4.903806629242447,1.080431089905469,1.8576841341985635,110.77156012398856,5.1031190678651,1.1047145012179294,2.272999809186888,0.9047989962026093,2.833213344056216,2.6575395973583738,0.13314702140633014,0.18517261085798958,0.6816803554538637,-0.05202558945165944
120.92975616455078,125.51616477932996,118.25326519915949,664696000.0,-0.0118471459727778,0.02579177548006,116.21368938199866,111.70033540321506,0.2579361925200889,78.22559125619091,6.9121119654528655,5.936550251981672,0.975561713471194,0.3416925996605464,0.8786200865299312,0.0502708596312805,0.0124181446456598,0.0477937957702498,0.0,0.0,0.1036641107734308,0.1364622548098066,0.5827107948095714,0.4935929362074568,0.1118008123931486,849.0,0,2024-06-06,-0.011777244854157654,0.05215649031426217,0.09500446554154895,122.3709487915039,116.37132263183594,114.93514251708984,109.57115936279295,110.43768310546876,0.05215649031426217,0.09500446554154895,0.16569516240888937,0.026347652204254706,0.02857636545202486,119.8906758626302,3.131875543396591,1.0086668983592282,0.33177573231204177,114.76009259905133,5.467962289206828,1.0537614028167004,1.1283295749273368,111.9993667602539,5.34351663671404,1.0797360705030885,1.6712569664213788,0.9220085125411834,3.044522437723423,2.423100295601267,0.19397566234692926,0.06774970833212132,0.738274628482759,0.12622595401480793
120.81982421875,121.62337164710613,117.95544321860926,412386000.0,-0.0009094696520578,0.0249748362919195,117.3652230911865,112.9162672452864,-0.379587059347431,75.83401125783212,7.032622807011833,6.155764762987705,0.8768580440241287,0.3301391122677498,0.8440395964873336,-0.0118471459727778,0.0502708596312805,0.0124181446456598,0.0477937957702498,0.0,0.1026608180599093,0.0613427741063958,0.4133820615844528,0.3419082350351992,-0.1693287332251186,902.0,1,2024-06-07,-0.0009090562098810206,0.03822678548552538,0.10266081805990956,120.92975616455078,122.3709487915039,116.37132263183594,109.57115936279295,109.57115936279295,0.03822678548552538,0.10266081805990956,0.13542914673977657,0.025535892343680214,0.028434397773319527,121.37350972493489,0.8655546064914471,0.9954381684484556,-0.6396887059838694,116.36704472133091,5.340270325343525,1.0382649530035102,0.83381162865246,113.02871486118862,5.567108935249488,1.0689303542655484,1.3994892947450877,0.8980634141525927,3.091042453358316,2.7613511324471007,0.2707788587680885,0.13104456694175795,0.5981765719396728,0.13973429182633054
120.81982421875,121.62337164710613,117.95544321860926,412386000.0,0.0,0.0249748362919195,118.22887337307736,113.9700748417482,0.0,75.83401125783212,7.046896283367005,6.3339910670635655,0.7129052163034393,0.3097906205084099,0.8202105106418784,-0.0009094696520578,-0.0118471459727778,0.0502708596312805,0.0124181446456598,0.0477937957702498,0.0512000209229752,0.0528021346304783,0.4700429741348223,0.6309033643625399,0.0566609125503694,731.0,1,2024-06-08,0.0,-0.012675594886468633,0.10266081805990956,120.81982421875,120.92975616455078,122.3709487915039,114.93514251708984,109.57115936279295,-0.012675594886468633,0.10266081805990956,0.13542914673977657,0.025535892343680214,0.028434397773319527,120.8564682006836,0.0634692385252758,0.9996967975113029,-0.577350268965347,117.9739968436105,4.594889270875196,1.0241224969169436,0.6193462360840433,114.05806296212333,5.581228348051683,1.0592835007102666,1.2115184749584904,0.8980634141525927,2.6390573296152584,1.5763082715292158,0.06392818159208843,0.20660330498447782,0.729468514999518,-0.14267512339238939
121.72130584716795,123.0305645078952,116.94400320335374,313434100.0,0.0074336734512168,0.0200320059122124,119.58778477516364,115.79509890381328,-0.2399497073130513,76.59063176931176,6.916010326595384,6.553399979613445,0.3626103469819384,0.2647215823921355,0.8081666548214078,0.0,0.0,-0.0009094696520578,-0.0118471459727778,0.0502708596312805,-0.0053088004199657,0.1108881803846353,-0.8111626608733131,-0.7190244001266349,-0.5329525675487192,508.0,1,2024-06-10,0.007461371792643723,0.007461371792643723,0.05904341510751654,120.81982421875,120.81982421875,120.81982421875,122.3709487915039,114.93514251708984,0.007461371792643723,0.05904341510751654,0.1439010057478063,0.02047349705894768,0.028312702237088753,121.12031809488933,0.5204706608396169,1.0049619069841593,1.1547005383725584,120.55040087018692,1.9369987688390486,1.0097129911516587,0.6044944353180067,116.18115070887973,5.032779316769052,1.0476854903268298,1.100814239922783,0.7231205586631727,2.6390573296152584,2.2544062394111375,0.25243080665285766,0.1409731028028405,0.6065960904726615,0.11145770385001716
120.85173797607422,122.81079255068148,118.682777888368,222551200.0,-0.0071695649461043,0.0207007134307101,119.90377307539129,116.46931744678142,-0.2899585590719069,65.77496729085965,6.719438835692827,6.586607750829322,0.132831084863505,0.2248539945577317,0.7739984774700734,0.0074336734512168,0.0,0.0,-0.0009094696520578,-0.0118471459727778,-0.000645152946231,0.1029520786207158,0.3945297408557116,0.4404220454417898,1.2056924017290247,841.0,1,2024-06-11,-0.007143924927863976,0.00026414338483427,0.038501026222869106,121.72130584716795,120.81982421875,120.81982421875,120.92975616455078,116.37132263183594,0.00026414338483427,0.038501026222869106,0.06162312077921772,0.021153690895547275,0.022731499987109566,121.13095601399739,0.5115069072096234,0.997694907667608,-0.5458734456712712,121.19046020507812,0.6151101319765443,0.9972050421425026,-0.550669240182216,116.68222045898436,5.129691184909641,1.0357339575874416,0.8128203758845385,0.9305893103201713,3.091042453358316,1.1922395496225258,0.18892747882221422,0.214107787857453,0.5969647391743603,-0.025180309035238768
125.1396713256836,126.81886214949532,122.51094129451408,299595000.0,0.0348659958011353,0.0152313897400545,121.21274763796436,117.62536463063503,0.3461846083058639,70.27314026815414,6.830912392524979,6.635468679168454,0.195443713356525,0.2231696642134881,0.8989821588217071,-0.0071695649461043,0.0074336734512168,0.0,0.0,-0.0009094696520578,0.0357544561487881,0.1420858559262194,0.5780581592852392,0.5967281452594065,0.1835284184295275,840.0,1,2024-06-12,0.0354809407081782,0.03575445614878814,0.022625652260791496,120.85173797607422,121.72130584716795,120.81982421875,120.81982421875,122.3709487915039,0.03575445614878814,0.022625652260791496,0.09044450238647439,0.015431704235435929,0.02419426915538943,122.57090504964192,2.26670624614428,1.0209573901326854,1.1332594509814415,121.58599199567523,1.6009247451386597,1.029227703551037,2.219766632253893,117.42360850742884,5.562358279781856,1.0657113413250845,1.3871927031923164,0.6378247731446112,2.5649493574615367,1.5967834457294872,0.1542265762885411,0.20919934636913237,0.636574100703001,-0.05497277008059126
129.5475311279297,129.7374419918796,127.09871503024355,260704500.0,0.0346173654214981,0.0175334730158508,123.29644351045567,119.21498683027434,-0.1298102438291694,87.20144720465524,7.192028213099434,6.74678058595465,0.4452476271447834,0.2366953055755187,0.9907689644795094,0.0348659958011353,-0.0071695649461043,0.0074336734512168,0.0,0.0,0.0722373746660793,0.1271359506833786,0.2092146126626402,0.2285792566526812,-0.3688435466225989,785.0,1,2024-06-13,0.03522352069132717,0.06429626453883319,0.07126265062217252,125.1396713256836,120.85173797607422,121.72130584716795,120.81982421875,120.92975616455078,0.06429626453883319,0.07126265062217252,0.1730373861991552,0.01781791616401793,0.021677243679443094,125.17964680989583,4.348034402401935,1.0348929273196237,1.004565261861994,122.81710270472935,3.359657350591952,1.0548004168391865,2.0033079927077906,118.78859765189034,6.040373117026933,1.0905721061508644,1.7811703462012103,0.8219641033474643,2.6390573296152584,1.7352436860474527,0.24327331036329267,0.08081408618734429,0.6759126197833282,0.16245922417594838
131.8164520263672,132.7759808624214,128.2581700274141,309320400.0,0.0173625904361918,0.0170200770421022,125.42644563943357,120.8951821897534,0.1864789445521653,91.0631621790241,7.573989816979292,6.912222432159579,0.6617673848197132,0.2496321538229567,0.9943882798429052,0.0346173654214981,0.0348659958011353,-0.0071695649461043,0.0074336734512168,0.0,0.0910167505930754,0.1327228138791119,0.2857539055709976,0.2582643416116752,0.0765392929083573,774.0,0,2024-06-14,0.01751419636239082,0.0907286418376847,0.09101675059307546,129.5475311279297,125.1396713256836,120.85173797607422,120.81982421875,120.81982421875,0.0907286418376847,0.09101675059307546,0.20302142272602497,0.017287964963210046,0.020968201016202597,128.8345514933268,3.395011796853911,1.023145192795543,0.878318165434253,124.38804953438895,4.608829105664235,1.0597195833505255,1.6117765101875337,120.37754712785993,6.347237866713846,1.0950252366112538,1.8021862641220852,0.8244848926167414,2.302585092994046,1.3929027015942739,0.2511078187574942,0.11508997467656928,0.633802179661062,0.13601784408092493
131.8164520263672,132.7759808624214,128.2581700274141,309320400.0,0.0,0.0170200770421022,127.02394723616698,122.3513515013019,0.0,91.0631621790241,7.786934209569154,7.087164787641495,0.6997694219276589,0.2538945226059865,0.9386956627188028,0.0173625904361918,0.0346173654214981,0.0348659958011353,-0.0071695649461043,0.0074336734512168,0.0829365583037251,0.0771874642482062,0.1766468730278562,0.0556305383230998,-0.1091070325431413,699.0,1,2024-06-15,0.0,0.05335462871168062,0.09101675059307546,131.8164520263672,129.5475311279297,125.1396713256836,121.72130584716795,120.81982421875,0.05335462871168062,0.09101675059307546,0.20302142272602497,0.017287964963210046,0.020968201016202597,131.06014506022134,1.3099620914840806,1.0057706861670137,0.5773502691890943,125.95899636404855,5.043504873261065,1.0465028765820692,1.1613859428138686,121.96649660382953,6.216977088857482,1.0807595175462996,1.5843641180842483,0.8244848926167414,2.833213344056216,1.9195826857899778,0.12019142718054351,0.14477267663460222,0.7350358972325921,-0.024581249454058707
130.91688537597656,133.66556033801308,129.5175660413327,288504400.0,-0.0068477809058897,0.0185114327095255,128.8957764192819,124.58716763415497,-0.0672959171137759,85.32304491011405,7.764827646869293,7.3471559524081025,0.4176716944611902,0.2567673638671375,0.828606329552041,0.0,0.0,0.0173625904361918,0.0346173654214981,0.0348659958011353,0.0461661277282519,0.0835712286664591,-0.1399256871276134,0.1255377827608061,0.1042309356495549,436.0,0,2024-06-17,-0.006824388280536331,-0.006824388280536331,0.07554617874667313,131.8164520263672,131.8164520263672,131.8164520263672,125.1396713256836,121.72130584716795,-0.006824388280536331,0.07554617874667313,0.13905009824571612,0.01878102282363932,0.018909374658574264,131.51659647623697,0.519365047760127,0.9954400348220024,-1.1547005383723639,128.84359741210938,4.260213708041178,1.0160915094386547,0.48666290143000207,124.69699914114815,5.350256582647286,1.049879999339743,1.1625398032314243,0.9932122644321957,2.0794415416798357,2.1496557481726883,0.19678381697407787,0.0810660203652722,0.72215017250606,0.11571779660880567
135.51466369628906,136.2643022594959,130.6270208742377,294335100.0,0.034517194559625,0.0186207432097097,130.5504982385337,126.04416710910618,0.0202100903833701,87.12272254642792,7.964607026031302,7.470646167132743,0.4939608588985598,0.2719873967104345,0.9150660300991376,-0.0068477809058897,0.0,0.0,0.0173625904361918,0.0346173654214981,0.0460613376141205,0.121626062383052,0.1437526804560306,-0.0017469307025697,0.283678367583644,719.0,0,2024-06-18,0.035119826652675545,0.02805576703871626,0.12132987051553834,130.91688537597656,131.8164520263672,131.8164520263672,129.5475311279297,120.85173797607422,0.02805576703871626,0.12132987051553834,0.16450222126474356,0.018916276288550925,0.020113008184792072,132.74933369954428,2.436717573458063,1.0208312156428871,1.1348586421611304,130.93830108642578,3.130903723881972,1.034950526865647,1.461674651620747,126.06438064575195,5.502844845267059,1.0749639430434592,1.717344994501381,0.9404996067596679,2.6390573296152584,2.297710899058438,0.16117739591460958,0.28656711486669684,0.5522554975289565,-0.12538971895208725
135.51466369628906,136.2643022594959,130.6270208742377,294335100.0,0.0,0.0174731293360147,131.7915396029725,127.30689998739724,0.0,83.21765074952987,8.030364579209163,7.582589849548027,0.4477747296611358,0.2722114643200246,0.8730556615484438,0.034517194559625,-0.0068477809058897,0.0,0.0,0.0173625904361918,0.0280557670387162,0.121626062383052,-0.0427755518139052,0.1581259709871532,-0.1865282322699358,792.0,0,2024-06-19,0.0,0.02805576703871626,0.0829073007839689,135.51466369628906,130.91688537597656,131.8164520263672,131.8164520263672,125.1396713256836,0.02805576703871626,0.0829073007839689,0.10740878480217941,0.01774525664799889,0.016543234577153322,133.98207092285156,2.6545285509072465,1.0114387900028803,0.5773502691894954,132.42044285365515,2.264108613300919,1.0233666401950754,1.3666397559093904,127.00321742466518,5.928961032301855,1.067017564154803,1.4355712957552371,1.0726594346008729,3.044522437723423,2.72601681144095,0.587557028606534,0.0693408130202442,0.34310216605663296,0.5182162155862898
130.71697998046875,140.69216665961412,129.45759262565218,517768400.0,-0.0360453257450647,0.0217083573771549,131.5228996973466,127.76157731980676,0.7591119781500746,71.14718566905621,7.607648695346228,7.587601618707668,0.0200470766385603,0.254876120291964,0.7098951734804827,0.0,0.034517194559625,-0.0068477809058897,0.0,0.0,-0.0083409318715277,0.0739038582497271,0.1627721204089471,0.1098034446874941,0.2055476722228523,864.0,0,2024-06-20,-0.03540342856602385,-0.001526964187497315,0.009027179772219895,135.51466369628906,135.51466369628906,130.91688537597656,131.8164520263672,129.5475311279297,-0.001526964187497315,0.009027179772219895,0.08093313115260359,0.021697367170186208,0.019580519776799633,133.91543579101562,2.7699439848161154,0.9761158540712342,-1.1547005383790123,132.58750697544642,2.049793400480693,0.9858921323912964,-0.912544159103553,127.70230484008789,5.731468476311246,1.023607053483928,0.5259865168657604,1.108109867231143,3.044522437723423,1.1966645018519004,0.11120035671629007,0.17877348498441276,0.7100261593237519,-0.06757312826812269
126.50900268554688,130.5670512631637,124.24010000634736,649445800.0,-0.0327210547702555,0.0236888921193705,130.26942544439666,127.59456736857211,0.2543171811952989,60.443163484807755,6.854085085370414,7.4408983120402175,-0.5868132266698032,0.2286294528583708,0.5554245528109453,-0.0360453257450647,0.0,0.034517194559625,-0.0068477809058897,0.0,-0.0402639371583045,0.0468116123459694,0.51189339987991,0.2375992545458533,0.3491212794709628,817.0,0,2024-06-21,-0.03219151249937546,-0.06645525115219542,-0.040263937158304564,130.71697998046875,135.51466369628906,135.51466369628906,131.8164520263672,131.8164520263672,-0.06645525115219542,-0.040263937158304564,0.047088120708538295,0.02362567419208041,0.022030675971085028,130.9135487874349,4.506047273609963,0.9663553074323902,-0.9774744547585236,131.8292999267578,3.0967580110760835,0.9596425282985891,-1.7180216284843655,128.10867473057337,5.3979342297470945,0.9875131637385932,-0.2963489321916845,1.0723989687419848,3.295836866004329,2.462271370496885,0.11330643611458628,0.13346399162681052,0.7532295693571751,-0.020157555512224243
126.50900268554688,130.5670512631637,124.24010000634736,649445800.0,0.0,0.0236888921193705,129.3293197546842,127.44982541083542,0.0,60.443163484807755,6.185577013903654,7.189834052412905,-1.0042570385092515,0.1959299215560786,0.5298721913759395,-0.0327210547702555,-0.0360453257450647,0.0,0.034517194559625,-0.0068477809058897,-0.0336693214001448,0.0109424241358242,-0.0256675227437435,0.0547958239928645,-0.5375609226236535,767.0,0,2024-06-22,0.0,-0.06645525115219542,-0.040263937158304564,126.50900268554688,130.71697998046875,135.51466369628906,130.91688537597656,131.8164520263672,-0.06645525115219542,-0.040263937158304564,0.047088120708538295,0.02362567419208041,0.022030675971085028,127.91166178385417,2.4294768239676463,0.9890341578027693,-0.5773502691894689,131.0710928780692,3.6928018549719637,0.9651937731474759,-1.2354007530569142,128.51504462105888,5.0069929511726645,0.984390606240483,-0.40064804465965465,1.0723989687419848,2.772588722239781,1.9767431676033957,0.2408023245632648,0.045249736060698785,0.7139479468266169,0.19555258850256602
118.0530776977539,124.40001580098117,117.98311173916277,476060900.0,-0.0691791387810304,0.0337118185842605,125.98144978998836,126.08820842305788,-0.2669736258206612,44.728529151726526,4.387479578472707,6.373601904872403,-1.986122326399696,0.1727678351564107,0.1162529830992642,0.0,0.0,-0.0327210547702555,-0.0360453257450647,0.0,-0.1288538488917293,-0.1044131754195614,0.0294621214541111,0.1553336350818884,0.2911053243934824,374.0,1,2024-06-24,-0.06684049995091002,-0.06684049995091002,-0.09825934707566131,126.50900268554688,126.50900268554688,126.50900268554688,135.51466369628906,130.91688537597656,-0.06684049995091002,-0.09825934707566131,-0.030136286526697642,0.03312015102578508,0.028889475322808552,123.69036102294922,4.882030567949887,0.9544242309701935,-1.1547005383791726,128.47519901820593,6.114901262009382,0.9188783407218142,-1.7043809660840328,128.65939821515764,5.066660563935249,0.9175628001953908,-2.093355255116174,1.1464434938919215,2.302585092994046,1.2553055648116884,0.1568352120618025,0.24201358823726574,0.6011511739343405,-0.08517837617546323
126.02922058105467,126.43902662016784,119.262487096698,414192600.0,0.065379455109167,0.0421858929286283,125.99339248775496,126.08034337745744,-0.1299587930871869,56.17841147189973,4.030568624778326,5.904995248853588,-1.8744266240752625,0.1699066141455281,0.472605548313786,-0.0691791387810304,0.0,0.0,-0.0327210547702555,-0.0360453257450647,-0.0358619010331671,-0.0439037112313938,-0.7282726456333429,-0.3872547113482283,-0.7577347670874541,771.0,0,2024-06-25,0.06756404016608308,-0.00379247400823135,-0.06999569534772154,118.0530776977539,126.50900268554688,126.50900268554688,130.71697998046875,135.51466369628906,-0.00379247400823135,-0.06999569534772154,0.042841606514632646,0.04219680451331855,0.03423059242905368,123.53043365478516,4.749591448426932,1.0202281077815412,0.5261056563290548,127.12013571602958,5.290360358794629,0.9914182349725312,-0.20620809566618328,129.02921840122767,4.622413446453465,0.9767494691718256,-0.6490111399435146,1.2327220044694127,2.3978952727983707,2.076101026092087,0.1196761433035135,0.1479065258055925,0.732417322229594,-0.028230382502078988
126.3390884399414,128.0582531537486,122.54091663746888,362975900.0,0.0024556808721892,0.0422965331278447,126.07981647580158,126.11484271912198,-0.1236543096134503,51.58143807554851,3.7297239332790753,5.469940985738686,-1.7402170524596103,0.1642566917523093,0.473614103723276,0.065379455109167,-0.0691791387810304,0.0,0.0,-0.0327210547702555,-0.001343100032397,-0.0415529586953997,-0.3820057214777709,-0.1598432108514113,0.346266924155572,911.0,0,2024-06-26,0.0024586985260885985,-0.0013431000323970155,-0.06770909513461698,126.02922058105467,118.0530776977539,126.50900268554688,126.50900268554688,135.51466369628906,-0.0013431000323970155,-0.06770909513461698,0.009584627333216078,0.04229968408295523,0.03297549204211867,123.47379557291667,4.69703536649212,1.023205675777033,0.6100215654038427,125.80933925083706,3.786865449141896,1.0042107302387793,0.13989120981955983,129.1148910522461,4.555407981570919,0.9785012976451999,-0.6093422638618331,1.2827612709744263,2.1972245773362196,1.432966902597432,0.0377919720485806,0.24509423598647115,0.7171137640252709,-0.20730226393789056
123.93024444580078,126.34908399185862,122.8607604065947,252571700.0,-0.0192506077848745,0.0410313499293815,125.54242346830138,125.82356294934584,-0.3041639954608557,42.181426160267655,3.2593569311954558,5.02782417483004,-1.7684672436345847,0.1594487869528008,0.3462608327319408,0.0024556808721892,0.065379455109167,-0.0691791387810304,0.0,0.0,-0.020383989953315,-0.0533669962443045,0.193663447183545,0.2232908228202631,0.575669168661316,804.0,0,2024-06-27,-0.01906649813518113,0.04978410442711145,-0.05191931098532121,126.3390884399414,126.02922058105467,118.0530776977539,126.50900268554688,130.71697998046875,0.04978410442711145,-0.05191931098532121,-0.0433608161670157,0.04104517663318568,0.031837555764394815,125.43285115559895,1.3104864424112947,0.9880206285996466,-1.146602254833996,124.83980560302734,3.1333738705255554,0.9927141735535953,-0.2902817202193632,128.7136562892369,4.757279254179926,0.9628367961773446,-1.0054931795801616,1.2892062737770877,2.4849066497880004,2.3762776375123114,0.2036561696705493,0.09067282995039762,0.7056709947911176,0.11298333972015169
123.48046875,127.648457456266,122.69084852465332,315516700.0,-0.0036358667373459,0.0395098900480878,125.02693478872604,125.51115038943306,0.2492163611362634,37.77842704129868,2.817812564300297,4.585821852724092,-1.7680092884237943,0.1549074514664905,0.312336254779298,-0.0192506077848745,0.0024556808721892,0.065379455109167,-0.0691791387810304,0.0,-0.0239392760298225,-0.0888036365810543,0.099606114646763,0.3341777162053128,-0.094057332536782,898.0,1,2024-06-28,-0.003629264977343616,-0.020223499116345467,-0.023939276029822598,123.93024444580078,126.3390884399414,126.02922058105467,126.50900268554688,126.50900268554688,-0.020223499116345467,-0.023939276029822598,-0.063239323682447,0.0394987410481626,0.031302373174212174,124.58326721191406,1.5371257862419845,0.9911481012932642,-0.7174419112506207,124.40715789794922,3.072986614508592,0.9925511589235936,-0.3015597736657918,128.11822891235352,4.859626564536531,0.9638009344827406,-0.9543449688496435,1.261844935153442,2.3978952727983707,1.3932034134167797,0.19259243980050086,0.03733676942065354,0.7700707890093327,0.15525567037984733
123.48046875,127.648457456266,122.69084852465332,315516700.0,0.0,0.0395098900480878,124.64031827904452,125.24039283750864,0.0,37.77842704129868,2.439761421413195,4.156609766461912,-1.7168483450487173,0.1501261131221365,0.2996013019483164,-0.0036358667373459,-0.0192506077848745,0.0024556808721892,0.065379455109167,-0.0691791387810304,0.045974159743142,-0.0888036365810543,0.0899455598530304,-0.5688022982738319,-0.0096605547937326,701.0,0,2024-06-29,0.0,-0.02262656573860211,-0.023939276029822598,123.48046875,123.93024444580078,126.3390884399414,118.0530776977539,126.50900268554688,-0.02262656573860211,-0.023939276029822598,-0.063239323682447,0.0394987410481626,0.031302373174212174,123.6303939819336,0.2596781190516606,0.998787310894152,-0.5773502691760005,123.9745101928711,2.937975306411507,0.9960149756421501,-0.1681571120740713,127.52280153547015,4.882276478590983,0.9683010980248439,-0.8279606456528987,1.261844935153442,2.1972245773362196,1.8582985156608962,0.18833478214219207,0.1462226513540372,0.6654425682500005,0.04211213078815487
124.24010467529295,124.7798377464592,118.77273936918628,284885500.0,0.006133025576897,0.0268612492574587,124.32279309141076,124.90365207687891,-0.0970826583822662,40.17069057733469,1.8984062573382372,3.3784337351366864,-1.480027477798449,0.140890470768061,0.3148406429138375,0.0,0.0,-0.0036358667373459,-0.0192506077848745,0.0024556808721892,-0.0166138903689039,-0.017934676284608,-0.078929152904188,-0.1138779252255197,-0.2774367783300453,423.0,1,2024-07-01,0.006151871085223304,0.006151871085223304,0.05240885793235672,123.48046875,123.48046875,123.48046875,126.3390884399414,118.0530776977539,0.006151871085223304,0.05240885793235672,-0.05100014930471919,0.027619207018669975,0.03141064488031592,123.73368072509766,0.43857600595762425,1.00409285448576,1.1547005383696927,124.42572348458427,1.2377830821594373,0.9985081958610085,-0.14996069340960955,126.45046125139508,4.730739320625597,0.9825199801232221,-0.46723279941999196,0.8792944915301016,1.6094379124341003,3.8547647906045355,0.25512614008039236,0.0995517957489937,0.6453220397233963,0.15557434433139866
122.61087799072266,123.35052684202404,120.9716689903923,218374000.0,-0.0132002743052525,0.0090708021191173,123.89481431623877,124.59794886539142,-0.2334674807949158,29.184138087381243,1.576510702844331,3.018049128678216,-1.4415384258338846,0.1443651890170156,0.2374364173032726,0.006133025576897,0.0,0.0,-0.0036358667373459,-0.0192506077848745,-0.0106460409319626,-0.0308130220938779,0.7338471756325146,0.5381992844314832,0.8127763285367027,605.0,1,2024-07-02,-0.013113532774528425,-0.007042334452405763,-0.027123412924176082,124.24010467529295,123.48046875,123.48046875,123.93024444580078,126.02922058105467,-0.007042334452405763,-0.027123412924176082,-0.09522058612406659,0.009008115261516294,0.029460170826281534,123.44381713867188,0.8152315026370595,0.9932524838646757,-1.0217210022611733,123.93738882882255,1.1723059773337772,0.989296927661337,-1.1315397718237603,125.52876227242606,4.034732440850125,0.9767552533070395,-0.7231915187636593,0.30577267574701633,2.4849066497880004,1.0557820938839702,0.2919077019799839,0.10337985425510188,0.6047124337743629,0.18852784772488201
128.21817016601562,128.21817016601562,121.30150730962696,215749000.0,0.0447175203479231,0.0206727871379224,124.97565327868296,125.08064503880796,-0.0120206618003975,40.03275841440602,1.7536527558671224,2.765169854115997,-1.0115170982488748,0.1437344209215231,0.5460495038754402,-0.0132002743052525,0.006133025576897,0.0,0.0,-0.0036358667373459,0.0383680226028912,0.0135102438892598,0.6641175362480479,0.3270966595496849,-0.0697296393844666,748.0,0,2024-07-03,0.04573242005262568,0.038368022602891294,0.014873320278604663,122.61087799072266,124.24010467529295,123.48046875,123.48046875,126.3390884399414,0.038368022602891294,0.014873320278604663,-0.05384283391372391,0.020980357287587622,0.032627696499845385,125.02305094401042,2.8844730939207133,1.0255562410121961,1.1076959701025484,124.20582907540458,1.8393075916348027,1.03230396770006,2.181441053611277,125.00758416312081,2.9786389660193704,1.025683129742795,1.0778701412025828,0.6430229387381682,2.0794415416798357,1.842516934960449,0.26403391467673437,0.1634282419191939,0.5725378564425877,0.10060567275754048
128.21817016601562,128.21817016601562,121.30150730962696,215749000.0,0.0,0.01852680300507,125.78628250051614,125.49898172243566,0.0,46.071632814419054,1.872454617855169,2.586626806863832,-0.7141721890086625,0.1403375793995081,0.5573099073165056,0.0447175203479231,-0.0132002743052525,0.006133025576897,0.0,0.0,0.0383680226028912,0.0861061199462072,-0.0545363376507068,0.0099736933056471,-0.7186538738987548,884.0,0,2024-07-04,0.0,0.03201917368887863,0.034599509904865045,128.21817016601562,122.61087799072266,124.24010467529295,123.48046875,123.93024444580078,0.03201917368887863,0.034599509904865045,-0.019116183795146457,0.01887687418469847,0.03130606769493786,126.3490727742513,3.2373716468307587,1.014793123136755,0.5773502691895415,124.81838989257812,2.369762061053512,1.0272378154882742,1.4346504779159466,124.82909774780273,2.668973145166318,1.0271496989032154,1.2698038660863706,0.6029781309056209,2.1972245773362196,2.061100044490603,0.1810939307324588,0.1498418534174561,0.6690642053727061,0.03125207731500271
125.76936340332033,128.78791231292527,125.61943416430904,214176700.0,-0.0192834869554065,0.0205555324489478,125.7820527262172,125.53503261322028,-0.007287635168645,48.76913537047826,1.7488480771708907,2.419071060925244,-0.670222983754353,0.1366835605894872,0.4352257312742044,0.0,0.0447175203479231,-0.0132002743052525,0.006133025576897,0.0,0.0185364914507608,-0.0020618803840594,0.346295593660248,0.2692461342188155,0.4008319313109548,841.0,1,2024-07-05,-0.019098749884861155,0.02576023811554995,0.01853649145076086,128.21817016601562,128.21817016601562,122.61087799072266,123.48046875,123.48046875,0.02576023811554995,0.01853649145076086,-0.005846534764525901,0.020859621131454373,0.03048495849498703,127.40190124511719,1.4138192436365962,0.9871859224560872,-1.1547005383783582,125.14537484305245,2.311583760309914,1.0049861096428887,0.26993984426686635,124.77626637050084,2.640328828386999,1.0079590218693566,0.37612626963065954,0.6842594565081841,1.9459101490553132,1.812756103038149,0.20817728433758018,0.08373934604848421,0.7080833663543066,0.12443793828909597
125.76936340332033,128.78791231292527,125.61943416430904,214176700.0,0.0,0.0205555324489478,125.77888039549296,125.56627671856695,0.0,48.76913537047826,1.6320754532482198,2.261671939389839,-0.6295964861416192,0.1321669055594029,0.4509235810847957,-0.0192834869554065,0.0,0.0447175203479231,-0.0132002743052525,0.006133025576897,0.0123088976142133,-0.004509491430215,0.6320180986217819,0.5406553219348829,0.2857225049615339,815.0,1,2024-07-06,0.0,-0.019098749884861155,0.01853649145076086,125.76936340332033,128.21817016601562,128.21817016601562,124.24010467529295,123.48046875,-0.019098749884861155,0.01853649145076086,-0.005846534764525901,0.020859621131454373,0.03048495849498703,126.58563232421875,1.413819243636591,0.9935516463763617,-0.5773502691891762,125.47235979352679,2.195811626915238,1.0023670839560384,0.13525914798564811,124.72343499319894,2.610219009427222,1.0083859814330678,0.40070523061239455,0.6842594565081841,1.9459101490553132,0.876249228671297,0.2974394739915927,0.0220342975420256,0.6805262317260107,0.2754051764495671
128.13819885253906,130.70696731901708,126.9787619894619,237677300.0,0.0186595795691623,0.0214382602757122,126.36692557372211,125.93266746444586,0.109725287577967,71.04712670434702,1.607359093875388,2.012459904747377,-0.4051008108719887,0.1103118088825873,0.656450498068692,0.0,0.0,-0.0192834869554065,0.0,0.0447175203479231,-0.0006237127965016,0.0377203791797158,0.235294705613186,0.187852195921964,0.3182409613628439,322.0,0,2024-07-08,0.018834757409261105,0.018834757409261105,0.03137549012401397,125.76936340332033,125.76936340332033,125.76936340332033,128.21817016601562,124.24010467529295,0.018834757409261105,0.03137549012401397,0.08542870166083816,0.021730856939154428,0.023926453642715426,126.55897521972658,1.3676477842734862,1.0124781638763327,1.1547005383783016,126.35621534075055,2.048168052755162,1.01410285601688,0.8700377439201904,125.39096941266742,1.90961920908387,1.0219093085629667,1.4386268355509553,0.908235598290202,1.3862943611198906,2.0165778184106524,0.0636875927448272,0.4403048635770877,0.49600752505163354,-0.3766172708322605
131.3166961669922,133.7555228326683,128.58800070420872,285366600.0,0.0245025736524405,0.0210073806903004,127.60436822203962,126.6505379581187,0.2006472641686858,63.797650911309184,1.9094833098550053,1.9918645857689024,-0.0823812759138971,0.093973507560128,0.970682659856379,0.0186595795691623,0.0,0.0,-0.0192834869554065,0.0,0.0241660444612852,0.0634612704042896,-0.3252731321376748,-0.3952853110533394,-0.5605678377508608,656.0,0,2024-07-09,0.024805228596282314,0.04410718646863576,0.07100363621022487,128.13819885253906,125.76936340332033,125.76936340332033,128.21817016601562,122.61087799072266,0.04410718646863576,0.07100363621022487,0.041954362342000895,0.02129467899775532,0.017290037602142733,128.40808614095053,2.783496822176103,1.0226512995672947,1.044948211497415,127.5999036516462,2.03803206113771,1.0291284899829785,1.8237164106589796,125.76864624023438,2.482497312973452,1.044113140219068,2.2348664378260876,1.2316155399868127,2.1972245773362196,1.7685828755576016,0.1762191490270197,0.1628765170462429,0.6609043348580599,0.013342631980776815
134.84500122070312,135.03491211498738,132.35619546389498,248978600.0,0.0265140460420482,0.0166364482745186,129.4145264717055,127.74313305979663,-0.1275131707775191,69.00404290201209,2.4058900553219047,2.074669679679503,0.3312203756424017,0.1087929872291888,1.1483115552271603,0.0245025736524405,0.0186595795691623,0.0,0.0,-0.0192834869554065,0.0721609585339064,0.0920350609756097,0.0881425840104733,0.1257691207185407,0.4134157161481481,707.0,0,2024-07-10,0.026868670600911804,0.07216095853390647,0.05168402455055432,131.3166961669922,128.13819885253906,125.76936340332033,125.76936340332033,128.21817016601562,0.07216095853390647,0.05168402455055432,0.06732605787958668,0.016729050585524343,0.018416969018222956,131.43329874674478,3.3549212543083007,1.0259576721157417,1.016924754814178,128.54659380231584,3.434071386029826,1.0489970774960653,1.8340933284060104,126.37621143886021,3.4752224793872593,1.067012530961494,2.4369057900822817,0.9083498250429549,2.3978952727983707,1.9340822993201943,0.3106188081204891,0.023853596486151162,0.6655276224017144,0.28676521163433794
127.33861541748048,136.08439171293904,126.98878558577708,374782700.0,-0.0572761783015561,0.0297130590279493,128.89554870814925,127.68919737415447,0.5052807751348911,56.20227942536227,2.1685951615665715,2.093454776056917,0.0751403855096546,0.1091377622708175,0.5971789974715962,0.0265140460420482,0.0245025736524405,0.0186595795691623,0.0,0.0,0.0124772199818474,0.0249396984193275,0.0064774956836383,0.118930390321177,-0.081665088326835,768.0,1,2024-07-11,-0.05566677099833173,-0.006240008383282647,-0.006859829206705248,134.84500122070312,131.3166961669922,128.13819885253906,125.76936340332033,128.21817016601562,-0.006240008383282647,-0.006859829206705248,0.027502333969576798,0.02930567593976128,0.023861503822862434,131.16677093505862,3.7554380753896695,0.9708145935873235,-1.0193632382504203,128.4209431239537,3.4640513551964762,0.9915720311645078,-0.3124456295515342,126.61966650826592,3.40945414480155,1.0056780192922687,0.21086921210269208,1.2281571252723233,2.833213344056216,1.7017747928953768,0.2647026253398508,0.13380006025545296,0.6014973260462284,0.13090256508439782
129.177734375,131.85643576222122,127.15870339191848,252680500.0,0.0143394405240403,0.0289700653905303,128.96609512486194,127.88766897426724,-0.3257946538087271,59.868435311076595,2.1046773677818607,2.0956992944019057,0.0089780733799549,0.1112975292281925,0.7166919462484312,-0.0572761783015561,0.0265140460420482,0.0245025736524405,0.0186595795691623,0.0,0.0271001687489633,0.0535585136644582,0.5598427744121652,1.1584144551944435,0.5533652787285269,792.0,0,2024-07-12,0.014442743479579745,-0.016288574525756605,0.02710016874896337,127.33861541748048,134.84500122070312,131.3166961669922,125.76936340332033,125.76936340332033,-0.016288574525756605,0.02710016874896337,0.046139002246053495,0.02850977130449696,0.024009910290863867,130.45378367106122,3.9125034582978206,0.9902183803324649,-0.326146496651629,128.90785326276506,3.2629280906489835,1.0020935971347287,0.08271132698522414,127.02661405290876,3.3453477310300395,1.0169344065267714,0.6430184528018887,1.1874168191017922,2.6390573296152584,1.0754405112965606,0.22946768017629016,0.1240963319029945,0.6464360000995489,0.10537134827329565
129.177734375,131.85643576222122,127.15870339191848,252680500.0,0.0,0.0289700653905303,129.01900493739646,128.05967769436492,0.0,59.868435311076595,2.0306143969501704,2.0826823149115588,-0.0520679179613883,0.1132412207393417,0.7034155798377136,0.0143394405240403,-0.0572761783015561,0.0265140460420482,0.0245025736524405,0.0186595795691623,0.0081126122559067,0.0074838395193281,0.14854696577048,0.1474091281324084,-0.4112958086416852,819.0,0,2024-07-13,0.0,-0.042028008412617446,0.02710016874896337,129.177734375,127.33861541748048,134.84500122070312,128.13819885253906,125.76936340332033,-0.042028008412617446,0.02710016874896337,0.046139002246053495,0.02850977130449696,0.024009910290863867,128.5646947224935,1.0618158251970586,1.0047683359248023,0.5773502691888484,129.39476340157645,2.956443392051813,0.9983227371736605,-0.07340882195137644,127.43356159755162,3.2251565568809895,1.0136869185447133,0.5408025150677189,1.1874168191017922,2.70805020110221,2.294545068180152,0.08600668649056122,0.10677334958953513,0.8072199544736317,-0.020766663098973917
128.37811279296875,131.32668826604316,127.11871779694197,208326200.0,-0.0062093263266082,0.02836549191032,128.8885436708402,128.2313333683855,-0.1755351125235228,57.157675335510504,1.7998508211521198,2.0047983574606545,-0.2049475363085346,0.0967339171813454,0.6168853320579796,0.0,0.0,0.0143394405240403,-0.0572761783015561,0.0265140460420482,-0.0479579396284027,0.0207423280126068,-0.402050851600677,-1.0153921674730928,-0.4512629890287247,457.0,0,2024-07-15,-0.0061900882988856765,-0.0061900882988856765,0.0018723061708225686,129.177734375,129.177734375,129.177734375,134.84500122070312,128.13819885253906,-0.0061900882988856765,0.0018723061708225686,0.03330654081860818,0.02792947069759049,0.024131202195805522,128.91119384765628,0.46166173563884144,0.9958647419298784,-1.154700538371147,129.91594696044922,2.479923369557794,0.9881628529563916,-0.6201135834913668,128.1360811505999,2.861158801846116,1.0018888640903916,0.08459217370692274,1.1574007159264192,1.3862943611198906,1.9429818725367358,0.05267938598990437,0.23741865654786423,0.7099019785722097,-0.18473927055795986
126.29910278320312,128.97780386568002,124.51996185494664,214769500.0,-0.0163269901348407,0.0267004118091235,128.24118344893094,127.9737026236945,0.0309288990055018,56.2819197693811,1.496287805616646,1.9030962470918529,-0.4068084414752069,0.096748891071472,0.4477504281990452,-0.0062093263266082,0.0,0.0,0.0143394405240403,-0.0572761783015561,-0.0081633731517285,0.004211990627511,-0.0824514781247068,0.054576303497562,0.3195993734759701,728.0,0,2024-07-16,-0.016194427262833933,-0.02228427062701277,-0.03820986614990918,128.37811279296875,129.177734375,129.177734375,127.33861541748048,131.3166961669922,-0.02228427062701277,-0.03820986614990918,0.030080730624566066,0.02625850079589917,0.024299138681277383,127.95164998372398,1.4859451053378387,0.9870845964023827,-1.112118606928713,129.1991479056222,2.720997880101868,0.9775536822848282,-1.0658020513821576,128.3995257786342,2.4541325040674313,0.9836415050391052,-0.8558718781279635,1.0806350439133665,1.3862943611198906,0.8283022165960001,0.09848115841547646,0.22759852558374405,0.6739203333854675,-0.1291173671682676
117.93313598632812,121.7912763806817,116.66375138152576,390086200.0,-0.068535105798406,0.0314189750070234,125.66417158328024,126.634960405379,0.816301662945623,33.98695465631246,0.5740312506103038,1.6372832477955432,-1.0632519971852394,0.1144322143404929,-0.1008781581186441,-0.0163269901348407,-0.0062093263266082,0.0,0.0,0.0143394405240403,-0.0870474965602745,-0.0623063296572693,0.57339342854532,0.7554256270528141,0.6558449066700269,790.0,0,2024-07-17,-0.06623932088603568,-0.08704749656027455,-0.1254170720551595,126.29910278320312,128.37811279296875,129.177734375,129.177734375,134.84500122070312,-0.08704749656027455,-0.1254170720551595,-0.08021510653576269,0.03051493699199037,0.027192867372092117,124.20345052083336,5.528851953742282,0.9495157782798194,-1.1341078739250887,126.78316715785435,4.054043267247272,0.9301955348653872,-2.183013497420186,127.6648804800851,3.723651391789644,0.9237711698224237,-2.6134950535957,1.1221669482089143,2.5649493574615367,1.3624021955799968,0.2209190470942606,0.3106175705324858,0.4684633870298664,-0.08969852343822518
121.0316390991211,122.34101295266512,116.50382347473696,320979500.0,0.0259341718962718,0.0303088458604815,124.50603846224044,125.88785089787794,-0.1771575103143868,39.795642673675005,0.0920979444251628,1.3282461871214672,-1.2361482426963044,0.1193068557167932,0.1364997377694277,-0.068535105798406,-0.0163269901348407,-0.0062093263266082,0.0,0.0,-0.0630611406469707,-0.0554601189735479,0.0891965567167431,0.0763999599707695,-0.4841968718285768,825.0,0,2024-07-18,0.02627338861871853,-0.057225281895949665,-0.049529173045285035,117.93313598632812,126.29910278320312,128.37811279296875,129.177734375,127.33861541748048,-0.057225281895949665,-0.049529173045285035,-0.056049240584150284,0.02960638946393647,0.028485172038811735,121.75462595621747,4.229584212219596,0.9940619352125778,-0.17093568086612584,125.88217054094586,4.577127716370197,0.9614676850503858,-1.0597325970338864,127.15155683244977,4.116171497314668,0.9518691089139159,-1.4867985304599733,1.0393614412297405,2.6390573296152584,1.8983169419335044,0.1882534357360922,0.33764645113394803,0.47410009500498956,-0.14939301539785582
117.8731689453125,121.54139851435872,117.31344125378136,217223800.0,-0.0264427846097929,0.0293707911160931,122.84782108300848,124.81922663753588,-0.3232471232586504,39.00946848461341,-0.5384924125128805,0.9548984671945976,-1.4933908797074782,0.1329518285651733,0.0015983919210041,0.0259341718962718,-0.068535105798406,-0.0163269901348407,-0.0062093263266082,0.0,-0.0875117177459592,-0.1023748511353338,0.1092655993893499,0.317777334409123,0.0200690426726067,926.0,1,2024-07-19,-0.026096235474609264,-0.06671412268346866,-0.08751171774595923,121.0316390991211,117.93313598632812,126.29910278320312,129.177734375,129.177734375,-0.06671412268346866,-0.08751171774595923,-0.06278313131542312,0.028699545995047183,0.028834905771081328,118.94598134358726,1.8064814464640682,0.9909806755456846,-0.5938684841599905,124.26723262241909,5.175709017475181,0.9485458592569235,-1.2353986005623139,126.58754294259208,4.803698423701081,0.9311593084539797,-1.8140968122152556,0.995305697299351,2.6390573296152584,2.8643992238135763,0.19223912246525285,0.3380235784615462,0.46973727758114153,-0.14578445599629333
117.8731689453125,121.54139851435872,117.31344125378136,217223800.0,0.0,0.0293707911160931,121.60415804858448,123.89308561190612,0.0,39.00946848461341,-1.0264080207975184,0.5586371695961745,-1.5850451903936928,0.1448513147246664,0.0568902241038569,-0.0264427846097929,0.0259341718962718,-0.068535105798406,-0.0163269901348407,-0.0062093263266082,-0.0818281529391014,-0.125861782948947,-0.2904111008996974,-0.5638745901394645,-0.3996767002890473,671.0,1,2024-07-20,0.0,-0.0005084833920008247,-0.08751171774595923,117.8731689453125,121.0316390991211,117.93313598632812,128.37811279296875,129.177734375,-0.0005084833920008247,-0.08751171774595923,-0.06278313131542312,0.028699545995047183,0.028834905771081328,118.92599232991539,1.8235435935296085,0.9911472390183449,-0.5773502691893797,122.6522947038923,5.151741363871743,0.9610351704375562,-0.9276719115006363,126.02352905273438,5.340693372954294,0.9353266793218323,-1.52608650942141,0.995305697299351,2.0794415416798357,1.492325264501073,0.08827575602169543,0.4124909095200045,0.49923333312783924,-0.3242151534983091
123.48046875,124.01021213043964,119.8022417845173,258068900.0,0.0464737888230795,0.0371463499475626,121.37367526707486,123.14243521551226,0.1880323426806822,44.05312828881104,-1.2240902011343169,-0.1108072319679388,-1.113282969166378,0.1550817963863086,0.3870031269937089,0.0,0.0,-0.0264427846097929,0.0259341718962718,-0.068535105798406,0.0470379483872536,-0.0441040838234627,0.0945186300238548,0.3511129358537241,0.6788404243981385,393.0,0,2024-07-22,0.04757062064980211,0.04757062064980211,-0.038150148311239196,117.8731689453125,117.8731689453125,117.8731689453125,117.93313598632812,128.37811279296875,0.04757062064980211,-0.038150148311239196,-0.03634927089851758,0.036770236331588026,0.03150210559551703,119.74226888020836,3.237376051663726,1.031218715869927,1.1547005383790794,120.3376933506557,3.413222770516368,1.0261163008184515,0.9207648051840603,125.12682015555245,5.73719950007365,0.9868425378067965,-0.28696080823602466,1.1672310671455781,1.9459101490553132,2.8667305694510934,0.13461177206287778,0.21125006334235266,0.6541381627321243,-0.07663829127947488
122.53091430664062,124.62990831594026,122.04115259647224,173911000.0,-0.007719635954285,0.0368718575731805,121.6629850269663,123.0608990943294,-0.326106322768842,38.10553749373551,-1.1504325346405864,-0.3187322925024683,-0.8317002421381181,0.1557587599798675,0.3531824697864205,0.0464737888230795,0.0,0.0,-0.0264427846097929,0.0259341718962718,0.0123874651180397,-0.0514548432089991,-0.0642387889329961,-0.0135669226145246,-0.158757418956851,777.0,0,2024-07-23,-0.007689916089336002,0.03951489047935164,-0.02983543345538031,123.48046875,117.8731689453125,117.8731689453125,121.0316390991211,126.29910278320312,0.03951489047935164,-0.02983543345538031,-0.06690529168643489,0.03647630897917377,0.03054396924283026,121.29485066731773,3.001056941355375,1.0101905697770561,0.41187610347861187,119.79938071114677,2.4881013625301884,1.022800899130522,1.0978385513667817,124.49926430838448,5.482921376759216,0.9841898664005897,-0.3589965761842253,1.1942229475540753,2.5649493574615367,1.2741586420525624,0.20320041694988802,0.05730294389650222,0.7394966458280882,0.1458974730533858
114.1949462890625,119.8921965766103,113.38533904444206,327776900.0,-0.0704563167516534,0.0374323420000139,119.79597534249037,121.87877205362712,0.884739320687018,25.263410329355196,-1.7445907000760457,-0.6039039740171839,-1.1406867260588618,0.1742673356008353,0.0167001176683007,-0.007719635954285,0.0464737888230795,0.0,0.0,-0.0264427846097929,-0.0312049187203622,-0.1159858404269795,0.2595334143963572,0.5621231757269288,0.3237722033293533,678.0,0,2024-07-24,-0.06803154995413552,-0.03120491872036224,-0.03169753492944505,122.53091430664062,123.48046875,117.8731689453125,117.8731689453125,117.93313598632812,-0.03120491872036224,-0.03169753492944505,-0.15313919496238737,0.03699077670226127,0.033441319598302426,120.06877644856773,5.10899441840208,0.9510794535161993,-1.149703773084639,119.26535361153739,3.2422834432452867,0.9574863347239143,-1.5638383908224225,123.02426038469586,5.258672940553741,0.9282311141881758,-1.6790004237653982,1.1061398636954216,2.0794415416798357,1.598028228199921,0.1845641902514866,0.08685206608580688,0.7285837382078171,0.09771212416567972
112.22588348388672,116.57378540069556,106.24876991914482,460067000.0,-0.0173933860112965,0.0350478258084278,117.90345237783944,120.5917202443284,0.4035979960759894,29.12754597120758,-2.3472940939204108,-0.9525819979978292,-1.3947120959225816,0.1966018296792062,0.0162811085657737,-0.0704563167516534,-0.007719635954285,0.0464737888230795,0.0,0.0,-0.04790984676119,-0.1258176254322277,-0.0963819929759872,0.1186772748923613,-0.3559154073723445,849.0,1,2024-07-25,-0.017242994275696533,-0.09114465939467276,-0.0727558155931668,114.1949462890625,122.53091430664062,123.48046875,117.8731689453125,121.0316390991211,-0.09114465939467276,-0.0727558155931668,-0.11868145325788704,0.034637663059054136,0.031005656356706317,116.31724802652997,5.470515383683974,0.9648258137803426,-0.7478938008009086,118.00738852364677,4.050338538855469,0.9510072622393341,-1.4274127913746606,121.94477953229632,5.825505681830489,0.9203008436631303,-1.6683351762444314,1.1171401327732977,1.6094379124341003,1.3037339394022465,0.2577327191829681,0.04444257915019985,0.6978247463703156,0.21329014003276825
113.00550842285156,116.14399449340688,111.52622597755057,293399100.0,0.0069229075582804,0.0348326450261467,116.67896638909248,119.58022533479816,-0.3622687565072043,26.990882435565055,-2.7305555145486125,-1.308176701307986,-1.4223788132406263,0.2124726783646901,0.1041813905901641,-0.0173933860112965,-0.0704563167516534,-0.007719635954285,0.0464737888230795,0.0,-0.0412957466573186,-0.1052548598319854,-0.4285506119993243,-0.4332392758393699,-0.3321686190233371,658.0,0,2024-07-26,0.006946926277276999,-0.07773879708390319,-0.04129574665731861,112.22588348388672,114.1949462890625,122.53091430664062,117.8731689453125,117.8731689453125,-0.07773879708390319,-0.04129574665731861,-0.12519360267769397,0.034362782032340417,0.030641046077029173,113.14211273193361,0.9916136524017455,0.998792630738603,-0.13775960904852605,117.31200844900948,4.473018540578053,0.9632902029119229,-0.9627726751164744,120.78962053571429,5.884060304988857,0.9355564486556097,-1.3229150806396215,1.1214624313398143,2.0794415416798357,2.333876398669634,0.20565317730818472,0.44026376586407423,0.3540830542998655,-0.2346105885558895
113.00550842285156,116.14399449340688,111.52622597755057,293399100.0,0.0,0.0348326450261467,115.76060189753224,118.70359641320528,0.0,26.990882435565055,-2.9997141145901054,-1.64648418396441,-1.3532299306256954,0.2255209045810185,0.1481988038142251,0.0069229075582804,-0.0173933860112965,-0.0704563167516534,-0.007719635954285,0.0464737888230795,-0.0848309083467779,-0.0417832318479839,0.9253826982317712,0.8823983569679502,1.3539333102310955,633.0,0,2024-07-27,0.0,-0.010415853808452336,-0.04129574665731861,113.00550842285156,112.22588348388672,114.1949462890625,123.48046875,117.8731689453125,-0.010415853808452336,-0.04129574665731861,-0.12519360267769397,0.034362782032340417,0.030641046077029173,112.74563344319664,0.45011666838164965,1.0023049671345885,0.5773502691852742,116.61662837437221,4.74154574693031,0.9690342620785782,-0.7615912920082019,119.63446153913226,5.695062700047299,0.944589936453115,-1.1639824643591092,1.1214624313398143,1.791759469228055,2.223085705302248,0.06449115695431822,0.48265676870942115,0.4528520707041025,-0.4181656117551029
111.53620910644533,116.22395093081532,111.24635559929368,248152100.0,-0.0130872810980193,0.0260348591427625,114.18792367325788,117.0894990489742,-0.1542165603098305,26.48616866032532,-3.395855094653186,-2.241146270012213,-1.154708824640973,0.2358196480872162,0.1683942343101375,0.0,0.0,0.0069229075582804,-0.0173933860112965,-0.0704563167516534,-0.0232824417280875,-0.0537608337467132,0.265467680325113,0.2406662005508887,0.1299463803563458,355.0,0,2024-07-29,-0.013002015007165024,-0.013002015007165024,-0.0967299506105469,113.00550842285156,113.00550842285156,113.00550842285156,114.1949462890625,123.48046875,-0.013002015007165024,-0.0967299506105469,-0.13118983695985487,0.0251706302351543,0.03064598686268939,112.5157419840495,0.8483003558490528,0.9912942592713557,-1.154700538376846,114.21492549351284,3.7566817729562225,0.9765467045966802,-0.7130538461764794,117.27630942208427,4.688656421948449,0.9510549032116965,-1.2242527067601912,0.8213352811228547,1.791759469228055,2.713717295596932,0.06399092152714723,0.04326014388352628,0.8927489161491394,0.020730777643620954
103.68000030517578,111.93601308136988,102.49057150448816,486833300.0,-0.073040047983697,0.0337489477734944,111.56094283123736,115.3015658831344,0.9618342943702674,22.807014647388257,-4.155793033829696,-2.6240756227757096,-1.531717411053986,0.2461519631079542,-0.0360447284724043,-0.0130872810980193,0.0,0.0,0.0069229075582804,-0.0173933860112965,-0.0761489498983355,-0.1204105121388707,0.1346898591685755,0.2057314944712924,-0.1307778211565374,615.0,1,2024-07-30,-0.070436397867637,-0.08252259777267645,-0.15384618737349298,111.53620910644533,113.00550842285156,113.00550842285156,112.22588348388672,122.53091430664062,-0.08252259777267645,-0.15384618737349298,-0.17909155314312752,0.03257271280581137,0.03470989699811085,109.40723927815758,5.014046251335534,0.9476521022670097,-1.1422389594942997,111.52193777901786,3.552924772409507,0.9296825572616845,-2.207178022664372,115.66065924508231,5.208644827465258,0.8964154361724691,-2.3001489517450584,0.9384272389971138,2.0794415416798357,1.3195967179899633,0.15333166133080203,0.27343992383352345,0.5732284097799233,-0.12010826250272141
116.96358489990234,118.28294826345072,110.82654541521488,473174200.0,0.1205534106333029,0.0581774946712583,112.9116033484036,115.52316841870346,-0.0280570371829536,48.95764177576154,-3.6441673713962928,-2.8280939724998264,-0.8160733988964664,0.2396877436487481,0.4313226026080811,-0.073040047983697,-0.0130872810980193,0.0,0.0,0.0069229075582804,0.0350255180680236,-0.0077166335099734,-0.1368850074784392,0.0802243324600998,-0.2715748666470148,779.0,0,2024-07-31,0.1281209930133791,0.035025518068023676,0.024244843583809406,103.68000030517578,111.53620910644533,113.00550842285156,113.00550842285156,114.1949462890625,0.035025518068023676,0.024244843583809406,-0.00822119312199232,0.06016919081179353,0.04820602067557511,110.72659810384117,6.678698032024692,1.0563278101455986,0.9338626729572904,111.9174575805664,4.023082237330568,1.045087937381917,1.254293852736202,115.5914055960519,5.182485830435757,1.0118709457400812,0.2647724178601503,1.248167551865153,2.8903717578961645,2.9139079379167954,0.15446171783568224,0.3818492213373675,0.4636890551842311,-0.22738750350168524
109.1573715209961,120.1020993651303,106.75852653969832,523462300.0,-0.0690720297712228,0.0642239921599131,111.97304539155172,114.67439549900917,0.1062781952185896,38.407496622170186,-3.824509958161556,-3.0273771696321727,-0.7971327885293835,0.2379466032127389,0.1876985484727321,0.1205534106333029,-0.073040047983697,-0.0130872810980193,0.0,0.0,-0.0340526488979302,-0.1159948401070829,0.1944820276493988,0.3910223227238056,0.331367035127838,775.0,0,2024-08-01,-0.06674054480791458,-0.02132794008785943,-0.027342283862093142,116.96358489990234,103.68000030517578,111.53620910644533,113.00550842285156,112.22588348388672,-0.02132794008785943,-0.027342283862093142,-0.09810878929269351,0.06584738288671958,0.050718617252000185,109.93365224202476,6.675729453752432,0.9929386433981139,-0.11628402954411546,111.47909872872489,4.149075866331116,0.9791734304079859,-0.5595769473798081,114.74324362618583,5.19530426817525,0.9513185096685295,-1.0751770862405456,1.298288211595965,2.3978952727983707,2.7322940923238814,0.08464044630527494,0.2154010821133852,0.699958467669785,-0.13076063580811026
107.21829986572266,108.66760564065456,101.3211493614294,482027500.0,-0.0179236746390473,0.0642088502794415,110.78435901009443,113.68024941457097,-0.0791552705896871,39.344254539977584,-4.076903627322409,-3.23728246117022,-0.8396211661521886,0.2354720528321074,0.1508743850013822,-0.0690720297712228,0.1205534106333029,-0.073040047983697,-0.0130872810980193,0.0,-0.0512117385948474,-0.1249693967238119,-0.103714968656235,0.3438017331096488,-0.2981969963056338,668.0,0,2024-08-02,-0.017764000985498796,0.03412711757457654,-0.0512117385948474,109.1573715209961,116.96358489990234,103.68000030517578,113.00550842285156,113.00550842285156,0.03412711757457654,-0.0512117385948474,-0.09039265826927234,0.06594018269543672,0.050515485784343866,111.11308542887372,5.15861006148498,0.9649475527736631,-0.7550067783239058,110.65235464913505,4.365182761582547,0.9689653709195674,-0.7866920976677308,113.98218154907227,5.47444941388698,0.9406584293139048,-1.2355364296894844,1.3053459087168353,2.833213344056216,1.9107777732863784,0.2560139701236039,0.1318973652669228,0.6120886642020196,0.12411660485668108
107.21829986572266,108.66760564065456,101.3211493614294,482027500.0,0.0,0.0642088502794415,109.8928442240015,112.8186561413912,0.0,39.344254539977584,-4.228187514815119,-3.4354634718992,-0.7927240429159186,0.2262487741389853,0.1751298116517757,-0.0179236746390473,-0.0690720297712228,0.1205534106333029,-0.073040047983697,-0.0130872810980193,-0.0387130715246187,-0.0610941784208191,-0.3377100778968462,0.090610728061651,-0.2339951092406112,820.0,0,2024-08-03,0.0,-0.08331896668967287,-0.0512117385948474,107.21829986572266,109.1573715209961,116.96358489990234,111.53620910644533,113.00550842285156,-0.08331896668967287,-0.0512117385948474,-0.09039265826927234,0.06594018269543672,0.050515485784343866,107.86465708414715,1.1195235421514438,0.994007701541013,-0.5773502691889457,109.8256105695452,4.393172399926683,0.9762595382779911,-0.5934915515416745,113.2211194719587,5.6303166239923765,0.9469814498016622,-1.0661602192417257,1.3053459087168353,3.044522437723423,1.972449775453713,0.07714402154088015,0.43730366197414694,0.48555232724174857,-0.36015964043326676
100.4015884399414,103.36016867781126,90.6462974352404,552842400.0,-0.0656889135230059,0.0679400082739924,107.0185532108092,110.5158948337873,0.1469104978450399,27.46436346369059,-4.848439323165252,-3.856149335287326,-0.9922899878779256,0.2199687045233839,-0.0200765752624938,0.0,0.0,-0.0179236746390473,-0.0690720297712228,0.1205534106333029,-0.141599596781637,-0.1115336779491135,-0.7489357450523955,-1.517361014253519,-0.0088838013332084,373.0,1,2024-08-05,-0.06357787275416904,-0.06357787275416904,-0.09982964954347262,107.21829986572266,107.21829986572266,107.21829986572266,116.96358489990234,111.53620910644533,-0.06357787275416904,-0.09982964954347262,-0.18690308308421122,0.06954720907495208,0.05025133682237611,104.94606272379559,3.9356301766631896,0.956697048313145,-1.1547005383791427,107.40820639474052,5.122910082754702,0.9347664560280544,-1.367702700538421,110.81156594412667,5.576745543007656,0.9060569407580237,-1.8666760790686794,1.38398724238484,2.3978952727983707,2.805972086581618,0.06467377832159396,0.4869045777246356,0.44842165261507033,-0.42223079940304165
104.19976806640624,107.65809998114992,100.50155392872522,409012100.0,0.0371318752191308,0.0649558380221022,106.31385692470846,109.6737445981365,-0.2601651031107599,33.04364910664228,-4.921038164871376,-4.069127101204137,-0.8519110636672398,0.2292396358453677,0.1715327627739836,-0.0656889135230059,0.0,0.0,-0.0179236746390473,-0.0690720297712228,-0.0454170285113201,-0.0779231072833671,-1.0940313058477202,-1.1614953114449509,-0.3450955607953248,853.0,1,2024-08-06,0.03782987585636488,-0.02815313993130608,0.005013192126741339,100.4015884399414,107.21829986572266,107.21829986572266,109.1573715209961,103.68000030517578,-0.02815313993130608,0.005013192126741339,-0.14960425574202152,0.06659890222942122,0.05209700167619182,103.9398854573568,3.415778519380609,1.0025003164849173,0.07608298008050193,107.48245893205915,5.0632862859561225,0.969458357221545,-0.6483320674080796,109.50219835553851,4.6959206310793995,0.9515769512506405,-1.1291567097703403,1.2783634390970473,3.2188758248682006,2.2951008070689847,0.14921650519439325,0.42094808898400515,0.42983540054410696,-0.27173158378961193
98.86234283447266,108.74757662368852,98.64244762367623,411440400.0,-0.0525814973608389,0.0398170413541138,104.4509784021495,108.23222436298131,0.0059369881722326,34.984341589893845,-5.347614903628767,-4.324824661689063,-1.0227902419397037,0.245252348582975,0.0353856690826505,0.0371318752191308,-0.0656889135230059,0.0,0.0,-0.0179236746390473,-0.077934056422409,-0.125154656492116,-0.4513945609051363,-0.4110927259348423,0.6426367449425838,860.0,1,2024-08-07,-0.05122300491621101,-0.07793405642240903,-0.1547596380610321,104.19976806640624,100.4015884399414,107.21829986572266,107.21829986572266,116.96358489990234,-0.07793405642240903,-0.1547596380610321,-0.13426691769509935,0.039034160679512445,0.05084223136288344,101.15456644694012,2.747227499842558,0.9773393956102828,-0.8343770629111833,104.89656720842633,3.903588262837821,0.9424745295814699,-1.5458147651993737,108.40701239449638,5.270121205335373,0.9119552384186147,-1.8110910903454884,0.7677507385722002,2.6390573296152584,1.5355492967776745,0.11877668942683015,0.17940144728009513,0.7018218635079952,-0.06062475785326499
104.91941833496094,105.44916171874117,97.47300376138202,391910000.0,0.0594642049866274,0.0448922281317316,104.56808838535235,107.7905168925786,-0.0474683575069438,43.37503138941482,-5.137700457845554,-4.487399820920362,-0.6503006369251922,0.246166523646326,0.2799421534144359,-0.0525814973608389,0.0371318752191308,-0.0656889135230059,0.0,0.0,-0.0214411302328126,-0.0593241497491598,-1.1214779281396074,0.4960119883635517,-0.670083367234471,886.0,0,2024-08-08,0.06126777220553814,0.04499759381518165,-0.03882425095972564,98.86234283447266,104.19976806640624,100.4015884399414,107.21829986572266,109.1573715209961,0.04499759381518165,-0.03882425095972564,-0.06510499113134482,0.04473315950163965,0.05409796540641161,102.66050974527997,3.3089315555061427,1.0220036759537405,0.682670086034899,104.29114532470703,3.4328881702719034,1.0060242219825835,0.18301586858978386,107.88512202671596,5.224429817170411,0.9725105405078874,-0.567660739169671,0.8268917170097111,2.6390573296152584,1.585225830019315,0.15091774125511825,0.14409647165582726,0.7049857908143446,0.006821269599290997
104.69951629638672,106.54862317361376,103.38015276837264,290844200.0,-0.0020981131273259,0.0445688314274713,104.60094536311097,107.378383479753,-0.2578801255390268,42.39150474163349,-4.932230322968962,-4.5763659213300825,-0.3558644016388799,0.245092214292757,0.2938926604682895,0.0594642049866274,-0.0525814973608389,0.0371318752191308,-0.0656889135230059,0.0,-0.0234921051023043,0.0098332946393717,-1.585683089051528,-0.7863939775859614,-0.4642051609119204,1166.0,1,2024-08-09,-0.0020959136265145117,0.00479605894767432,-0.023492105102304373,104.91941833496094,98.86234283447266,104.19976806640624,107.21829986572266,107.21829986572266,0.00479605894767432,-0.023492105102304373,-0.07350077215160988,0.04436574487310626,0.05401794948526184,102.8270924886068,3.4353339126805076,1.0182094403572424,0.5450485616168,103.93131910051618,3.198972123973827,1.0073913927247242,0.24013875898245463,107.29183687482562,5.067487430154324,0.9758386038122985,-0.5115593505004423,0.8213148647045725,2.302585092994046,1.200585955356378,0.16123945617841345,0.14576671883049933,0.6929938321312269,0.015472737347914128
104.69951629638672,106.54862317361376,103.38015276837264,290844200.0,0.0,0.0445688314274713,104.6255880964299,107.0212011886375,0.0,42.39150474163349,-4.715041695097341,-4.604101076083534,-0.1109406190138067,0.2414724598818531,0.3144318512537827,-0.0020981131273259,0.0594642049866274,-0.0525814973608389,0.0371318752191308,-0.0656889135230059,0.0428073691186297,-0.104853733869488,-0.7382393753095067,-0.3788574597242766,0.8474437137420212,895.0,1,2024-08-10,0.0,0.05904344662039174,-0.023492105102304373,104.69951629638672,104.91941833496094,98.86234283447266,100.4015884399414,107.21829986572266,0.05904344662039174,-0.023492105102304373,-0.07350077215160988,0.04436574487310626,0.05401794948526184,104.77281697591148,0.1269605011779925,0.9993003845688179,-0.5773502691360618,103.57149287632534,2.894825725881915,1.0108912538453834,0.38966885293853987,106.69855172293526,4.8276354837727595,0.981264643293946,-0.41408168310717497,0.8213148647045725,2.1972245773362196,2.416215559958652,0.30496760923415417,0.04279548337217416,0.6522368933074176,0.26217212586198
108.96746063232422,111.01647580125626,106.20879614847053,325559900.0,0.0399548133873191,0.0372442674464488,105.72491776789538,107.01241886024675,0.1193618439013053,47.76172466815533,-3.9240869625192554,-4.450025600529089,0.5259386380098343,0.1792248872500411,0.5502982803646349,0.0,0.0,-0.0020981131273259,0.0594642049866274,-0.0525814973608389,0.1022140231369064,0.0163140132681842,0.6481105721497114,0.8321580628645274,0.4776285187221479,423.0,1,2024-08-12,0.040763744541624014,0.040763744541624014,0.08531610231950437,104.69951629638672,104.69951629638672,104.69951629638672,98.86234283447266,100.4015884399414,0.040763744541624014,0.08531610231950437,-0.02303062381893939,0.03742719275034907,0.05523511329643122,106.1221644083659,2.464098811240447,1.0268115170833625,1.154700538378966,104.43536267961774,2.946681979966299,1.0433962006395272,1.538034298753309,105.92178453717914,4.301119296031885,1.0287540104092188,0.7081124436504133,0.6775978271192804,1.3862943611198906,1.1945063128187032,0.16457842042048768,0.21790582593530408,0.6175157676140467,-0.053327405514816406
116.08402252197266,116.1739831093698,111.52622277964618,312646700.0,0.063264949638114,0.0413070381530951,108.3146939564147,108.22196601514356,-0.0396645901414762,60.94936228056423,-2.867387276140533,-4.133497935651378,1.2661106595108444,0.1843868206111691,0.90118474957581,0.0399548133873191,0.0,0.0,-0.0020981131273259,0.0594642049866274,0.1064112283902309,0.0826885211512697,-0.1298392578358637,0.094258752650014,-0.7779498299855752,621.0,1,2024-08-13,0.06530905509178564,0.10873504127142586,0.1140525998867159,108.96746063232422,104.69951629638672,104.69951629638672,104.91941833496094,104.19976806640624,0.10873504127142586,0.1140525998867159,0.11963755960924383,0.041736490367740506,0.05386912837783385,109.91699981689455,5.751344538225806,1.0561061775280571,1.0722749548543886,106.13311331612724,5.284519512707103,1.0937587610023813,1.883030080959596,106.8077861240932,5.021114299647299,1.0868498143674843,1.8474457748414639,0.7747756762464028,1.791759469228055,1.6807601008122295,0.16133916601538653,0.19904982894659037,0.6396109856665134,-0.03771066293120384
118.02310180664062,118.54284787534029,114.0150319977807,339246400.0,0.0165661223355699,0.0286659225529128,110.74179591897118,109.52878412067648,0.0850791004670767,51.169492099214445,-1.852127495999753,-3.677223847721053,1.8250963517213004,0.1988596972880855,0.947514424047436,0.063264949638114,0.0399548133873191,0.0,0.0,-0.0020981131273259,0.1272554638412757,0.1007738600075698,0.1826388501302049,0.3327564603528991,0.3124781079660687,764.0,1,2024-08-14,0.016704101413275385,0.12725546384127573,0.1938125116481333,116.08402252197266,108.96746063232422,104.69951629638672,104.69951629638672,98.86234283447266,0.12725546384127573,0.1938125116481333,0.00905851943273639,0.02953748872027455,0.0418799360381821,114.35819498697919,4.7681253947334925,1.0320476098812046,0.7686263502443572,108.87036459786552,5.825472652256024,1.0840700519611794,1.5711578708090816,106.88346590314593,5.191068717671629,1.1042222556067656,2.145923413722637,0.7052897285551034,1.9459101490553132,1.388878392209218,0.07513923880954579,0.360571335380276,0.5642894531289736,-0.2854320965707302
122.80079650878906,123.180610648127,117.41339446628128,318086700.0,0.0396831185939037,0.025542405545309,113.75654606642564,111.29838577242484,-0.0623726589287314,66.13856085706959,-0.6544625353648001,-3.0726715852498026,2.4182090498850024,0.2282700071008727,1.0606463100718369,0.0165661223355699,0.063264949638114,0.0399548133873191,0.0,0.0,0.1728879067708457,0.2230961523307622,-0.2212579473075569,-0.1106816402182085,-0.4038967974377618,736.0,1,2024-08-15,0.04048101286115857,0.12694923600303953,0.17042963502467057,118.02310180664062,116.08402252197266,108.96746063232422,104.69951629638672,104.91941833496094,0.12694923600303953,0.17042963502467057,0.12498858114377276,0.026263510948842324,0.038079590816240245,118.9693069458008,3.4569121078681553,1.0322056979346261,1.1083560829526298,111.42484719412667,7.487612851051773,1.1020952651148175,1.519302552223227,107.85799625941685,6.709398474969502,1.1385414226816548,2.227144550307863,0.6897004507107629,2.5649493574615367,2.748515145756496,0.049440438315893176,0.271833775487418,0.6787257835579416,-0.22239333717152482
124.51995849609376,124.93975424016854,121.12159565561768,302589900.0,0.0139025103422564,0.0236197392831407,116.44739917384268,113.06126213558068,-0.0487187927065168,70.5728504703674,0.4284783477138489,-2.372441598657072,2.800919946370921,0.2590643403822389,1.0317337416023369,0.0396831185939037,0.0165661223355699,0.063264949638114,0.0399548133873191,0.0,0.1893078678950024,0.1950118585363596,0.1721843554916248,0.4497633920153406,0.3934423027991818,720.0,1,2024-08-16,0.0139995996457698,0.07267094808438723,0.18930786789500265,122.80079650878906,118.02310180664062,116.08402252197266,104.69951629638672,104.69951629638672,0.07267094808438723,0.18930786789500265,0.16136852246341582,0.024331324160417958,0.03729265330348375,121.78128560384117,3.3662796340776384,1.0224884544343011,0.8135607228016254,114.25633893694196,8.231206099784876,1.0898297604723384,1.2469156323785948,109.09382901872907,8.043335417127802,1.1414024020984392,1.9178771837011392,0.6524428273422157,2.302585092994046,1.9592145525763907,0.2371827475726604,0.09845423377636403,0.6643630228936672,0.13872851379629636
124.51995849609376,124.93975424016854,121.12159565561768,302589900.0,0.0,0.0236197392831407,118.46553900440544,114.58908831698244,0.0,70.5728504703674,1.27205336040835,-1.6435426068439878,2.915595967252337,0.2843992338435495,0.9634312213680908,0.0139025103422564,0.0396831185939037,0.0165661223355699,0.063264949638114,0.0399548133873191,0.1427260741281881,0.2595287035082729,0.1834646723457959,0.0138200654276599,0.0112803168541711,720.0,1,2024-08-17,0.0,0.05504733048023991,0.18930786789500265,124.51995849609376,122.80079650878906,118.02310180664062,108.96746063232422,104.69951629638672,0.05504733048023991,0.18930786789500265,0.16136852246341582,0.024331324160417958,0.03729265330348375,123.94690450032556,0.992558636151944,1.0046233828757434,0.577350269189014,117.08783067975726,7.7932035794806325,1.0634748100907587,0.953667864638512,110.3296617780413,9.004717074717798,1.1286172411785345,1.575873689346001,0.6524428273422157,1.9459101490553132,1.2600134108369712,0.13762246755262214,0.06661860163634016,0.7957589129606882,0.07100386591628198
129.9373321533203,129.9373321533203,123.360502280311,318333600.0,0.0425862616058717,0.023920764355307,122.46869094632572,117.78308804919148,0.0520298265077585,86.32897214012651,2.8352275436204053,-0.1778653404867545,3.01309288410716,0.3328835043680036,0.9816891067285868,0.0,0.0,0.0139025103422564,0.0396831185939037,0.0165661223355699,0.1009482903287779,0.2410499756798263,-0.0608862148704258,0.4585958126812894,-0.3828564057034332,434.0,0,2024-08-19,0.043506067000467885,0.043506067000467885,0.1924415912723909,124.51995849609376,124.51995849609376,124.51995849609376,118.02310180664062,108.96746063232422,0.043506067000467885,0.1924415912723909,0.2941760600834189,0.024641481775091546,0.031221123671925415,126.32574971516931,3.1277221393008396,1.028589439970031,1.15470053837913,122.91501835414341,4.612425028636572,1.0571314546684945,1.5224776024712292,113.67519051688058,10.284365484658812,1.1430579668483145,1.5812489025888834,0.7892567235576342,1.791759469228055,1.8278118339942437,0.2144832074642181,0.028505497798323582,0.7570112884044647,0.1859777096658945
127.18868255615234,129.81742012912812,125.82933728380516,300087400.0,-0.0213806005355784,0.0228067054877922,123.64868884878236,119.03716731678628,-0.0573178577442029,79.02577079759143,3.301903128102353,0.5180883532310671,2.783814774871286,0.3509929201225111,0.8721978930834613,0.0425862616058717,0.0,0.0,0.0139025103422564,0.0396831185939037,0.0357317393055283,0.2147972316901882,0.715972326829269,0.6749206655180987,0.7768585416996948,730.0,1,2024-08-20,-0.021153655778654024,0.02143209885620312,0.09566053788390882,129.9373321533203,124.51995849609376,124.51995849609376,122.80079650878906,116.08402252197266,0.02143209885620312,0.09566053788390882,0.22062347082284606,0.023108794824671628,0.03244602467368196,127.21532440185551,2.708785092336001,0.9997905767577261,-0.009835348613865948,124.50139835902623,3.6885471141972537,1.0215843695937998,0.7285481556634413,115.31725583757672,10.48833708210801,1.1029457962067395,1.1318692968809148,0.7122226854316588,2.5649493574615367,2.630907926531671,0.2713180676413079,0.09794907869460677,0.6307328517238299,0.1733689889467011
128.43804931640625,129.2876456264653,126.5989400526864,257883600.0,0.0097750082649858,0.0227766813014823,124.84602896568832,120.29061825006892,-0.1406383606909187,91.64089899854665,3.729568206470546,1.1603843238789628,2.569183882591583,0.3685113210616504,0.8583165368978023,-0.0213806005355784,0.0425862616058717,0.0,0.0,0.0139025103422564,0.0314655647788013,0.2267301116541908,0.6641798456252747,0.9227049486312344,-0.0517924812039943,832.0,1,2024-08-21,0.009822939707723854,0.03146556477880136,0.08824499060216717,127.18868255615234,129.9373321533203,124.51995849609376,124.51995849609376,118.02310180664062,0.03146556477880136,0.08824499060216717,0.29916048551927243,0.02308930307395293,0.026431475382001805,128.521354675293,1.376217093746184,0.9993518169871675,-0.060532134984592194,125.98924800327846,2.5711637272579164,1.019436589645047,0.9524097151679155,117.42980630057198,9.879966828329305,1.0937431761375616,1.1141983781028295,0.8735533200570148,1.6094379124341003,0.6931471805599453,0.09531749598681924,0.09513710136525327,0.8095454126596451,0.00018039462156596575
123.68036651611328,130.68699047324503,123.0406755475636,376189100.0,-0.0377461333400958,0.0257456926610271,124.55461335329456,120.74258468554152,0.4587554229892867,77.41753060205542,3.642600985151944,1.656827656133559,1.9857733290183848,0.3704157016250934,0.7220701995687676,0.0097750082649858,-0.0213806005355784,0.0425862616058717,0.0,0.0,-0.006742629776951,0.135021095273873,0.0344125877334811,0.4585183354417819,-0.6297672578917936,657.0,1,2024-08-22,-0.03704262736482744,-0.04815371790013423,0.0071625757513817945,128.43804931640625,127.18868255615234,129.9373321533203,124.51995849609376,122.80079650878906,-0.04815371790013423,0.0071625757513817945,0.1788129259471969,0.025797209170376444,0.02743178706934312,126.43569946289067,2.4666017232431803,0.97820763472277,-1.11705628063641,126.11490086146763,2.4055313958273308,0.9806959024768327,-1.0120567744729205,118.76987402779716,9.308380978136904,1.0413445962497767,0.5275345411677563,0.9404129998955325,2.4849066497880004,1.9937161320691177,0.06722704422744834,0.14966703477230936,0.7831059314987876,-0.08243999054486102
129.30763244628906,129.53753255606168,125.15963905002394,323230300.0,0.0444937647519201,0.0304614232674363,125.7428681265432,121.8845910536412,-0.1407770719566303,81.05455718322605,3.981851857635405,2.121832496433929,1.8600193612014768,0.3797113215881613,0.817790330374228,-0.0377461333400958,0.0097750082649858,-0.0213806005355784,0.0425862616058717,0.0,0.0384490487149133,0.1139141256223561,-0.1182386794496127,0.2837518023472026,-0.1526512671830939,809.0,0,2024-08-23,0.04549845774788075,0.01665989337692242,0.03844904871491339,123.68036651611328,128.43804931640625,127.18868255615234,124.51995849609376,124.51995849609376,0.01665989337692242,0.03844904871491339,0.23503562404472733,0.030668032271828145,0.028458591850724402,127.14201609293623,3.029241992559318,1.0170330502842573,0.7149037147485089,126.79885428292411,2.5526011446713763,1.0197854955200711,0.9828320294387133,120.52759660993304,8.753955492672404,1.0728466847702198,1.0029792639116624,1.077637025496309,2.4849066497880004,2.3757646027185992,0.17145055769519368,0.2781108780340715,0.550438576462594,-0.10666032033887779
129.30763244628906,129.53753255606168,125.15963905002394,323230300.0,0.0,0.0304614232674363,126.63405920647966,122.87432990599424,0.0,81.05455718322605,4.202269471602392,2.537919891467621,1.6643495801347703,0.3844966450837564,0.7862006270292626,0.0444937647519201,-0.0377461333400958,0.0097750082649858,-0.0213806005355784,0.0425862616058717,-0.0048461800515361,0.0956128966864138,-0.0172279515264908,0.2070568853195322,0.1010107279231219,708.0,0,2024-08-24,0.0,0.006770447967024085,0.03844904871491339,129.30763244628906,123.68036651611328,128.43804931640625,129.9373321533203,124.51995849609376,0.006770447967024085,0.03844904871491339,0.23503562404472733,0.030668032271828145,0.028458591850724402,127.43187713623051,3.2489034995888812,1.0147196710290416,0.5773502691895621,127.48280770438058,2.4806145579055405,1.0143142810765515,0.7356341339257648,122.28531919206891,7.743579173418845,1.0574256443914618,0.9068562607747898,1.077637025496309,2.5649493574615367,0.7846982046156211,0.16880830811957515,0.13489664679703608,0.6962950251375636,0.03391166132253906
126.39906311035156,131.19674560847827,124.31007385741808,331964700.0,-0.0227502434256522,0.026974780080336,127.0766051649119,124.08769818234263,0.0270222191422029,72.77961570879675,4.143518168057625,3.1453039199283284,0.9982142481292966,0.353620137602676,0.6747172420481602,0.0,0.0,0.0444937647519201,-0.0377461333400958,0.0097750082649858,-0.015875250495526,0.0150907905604285,-1.1761199260194966,-0.7395148176547693,-0.7689122707385001,539.0,0,2024-08-26,-0.02249340801399058,-0.02249340801399058,-0.027230580960318274,129.30763244628906,129.30763244628906,129.30763244628906,128.43804931640625,129.9373321533203,-0.02249340801399058,-0.027230580960318274,0.15997071398079754,0.0270808999116503,0.029162730325464223,128.33810933430993,1.6792632890607608,0.9848911111904624,-1.154700538378893,127.66129411969867,2.0975784327197435,0.9901126569486003,-0.6017562869916057,125.28815623692104,4.232573024554514,1.0088668147636382,0.26246608551956346,0.9286133228754607,1.0986122886681098,3.268345798795653,0.034626359120011246,0.1234575472772121,0.8419161140918732,-0.08883118815720085
128.23817443847656,129.1377346219971,123.82029866993176,303134600.0,0.0144452031085086,0.0265097684761708,127.36699748330308,124.64109501649382,-0.0868468846235759,68.42433961491676,4.099198165888097,3.3360827691202823,0.763115396767815,0.317491163482391,0.7019060656220222,-0.0227502434256522,0.0,0.0,0.0444937647519201,-0.0377461333400958,0.0368515072420123,0.0298604013950056,-0.2355718919068217,-0.2453804267750273,0.9405480341126748,902.0,0,2024-08-27,0.014550039239763723,-0.00827064874346628,0.008251456507232025,126.39906311035156,129.30763244628906,129.30763244628906,123.68036651611328,127.18868255615234,-0.00827064874346628,0.008251456507232025,0.10470133315894814,0.026586816957689465,0.0247133063014452,127.98162333170576,1.4711586414387317,1.002004593316541,0.1743871119975912,127.81122153145927,2.095673849428925,1.0033404962561303,0.20373060776305457,126.15630994524274,3.3549690494441453,1.0165022621075193,0.6205316539592961,1.0758097938572755,2.0794415416798357,1.4807798585835141,0.39096879373703686,0.0222744676949722,0.5867567456194333,0.36869432604206465
125.54946899414062,128.26815944285755,122.580899020736,448101100.0,-0.0211894165348478,0.027403703092181,126.91261536101246,124.76221154684671,0.4782248545695542,61.155600507335926,3.8032763832625136,3.4295214919487287,0.3737548913137849,0.2923514337575566,0.6127121448793178,0.0144452031085086,-0.0227502434256522,0.0,0.0,0.0444937647519201,-0.0290637403303279,0.008267835216787,-0.1885842991741385,-0.0941955689121291,0.0469875927326832,799.0,0,2024-08-28,-0.020966498128261124,-0.029063740330327992,-0.022490066904937378,128.23817443847656,126.39906311035156,129.30763244628906,129.30763244628906,128.43804931640625,-0.029063740330327992,-0.022490066904937378,0.06377028795456141,0.027506817905840183,0.025657378145542156,126.72890218098962,1.3743651628995168,0.9906932580764838,-0.8581658053386118,127.39856719970703,2.2316555732075107,0.9854857221222292,-0.8285768770799774,126.69390760149274,2.4258012022914084,0.9909669010213824,-0.4717775744653269,1.072082180408576,2.833213344056216,1.7233184754142779,0.3090425108675845,0.341536016203463,0.34942147799301887,-0.032493505335878525
117.53331756591795,124.37002462838784,116.65374447412272,453023300.0,-0.0659780090143596,0.0344885499815279,124.56779091223883,123.79835901605622,0.0109845746863821,42.87640174915428,2.8886215805692927,3.3213415096728416,-0.4327199291035488,0.2627010904763153,0.3550469167771625,-0.0211894165348478,0.0144452031085086,-0.0227502434256522,0.0,0.0,-0.0910566117221411,-0.095461515038389,0.2733397189134856,0.5115312507792287,0.461924018087624,956.0,1,2024-08-29,-0.0638485490416274,-0.0701409118570242,-0.04970108937536566,125.54946899414062,128.23817443847656,126.39906311035156,129.30763244628906,123.68036651611328,-0.0701409118570242,-0.04970108937536566,-0.04289450144156115,0.03411970596802286,0.029358593632431314,123.7736536661784,5.568988258630324,0.9495826784180513,-1.1205511325310715,126.52041734967914,4.242283651610625,0.9289671977691751,-2.1184580103098813,126.31765910557338,3.3198339154437493,0.9304583254482758,-2.6460183742298025,1.1621709948099193,3.1780538303479458,2.4251197042827606,0.1489615514874458,0.38016801007577905,0.47087042697745823,-0.23120645858833325
119.3124771118164,121.69132742002542,117.1635116938346,333751600.0,0.0150240625090966,0.0283710101808837,123.25396246213325,123.20024142882426,-0.2632793942386627,42.96895070998089,2.281020185191068,3.113277244776487,-0.8322570595854195,0.2258665917349731,0.3701768111970369,-0.0659780090143596,-0.0211894165348478,0.0144452031085086,-0.0227502434256522,0.0,-0.0772974892926322,-0.0619253638456289,-0.2316134495096736,-0.0026973714932297,-0.5049531684231592,1084.0,0,2024-08-30,0.015137491076950393,-0.06960249836480903,-0.07729748929263225,117.53331756591795,125.54946899414062,128.23817443847656,129.30763244628906,129.30763244628906,-0.06960249836480903,-0.07729748929263225,-0.04182045550907176,0.027695717223762267,0.029409981945001357,120.79842122395836,4.209595391288555,0.9876989773782967,-0.3529897707549286,125.09253801618304,4.794020272259077,0.9537937194653539,-1.205681364722913,125.94569614955357,3.7945377853204207,0.9473327057570862,-1.7480967150725149,0.9417114663842746,3.1780538303479458,1.8170406048354517,0.1992413665613402,0.3643131586925491,0.43644546814586804,-0.1650717921312089
119.3124771118164,121.69132742002542,117.1635116938346,333751600.0,0.0,0.0283710101808837,122.26859112455402,122.6818728532232,0.0,42.96895070998089,1.778984673881169,2.846418730597424,-1.0674340567162548,0.1796181603032584,0.3048160816057929,0.0150240625090966,-0.0659780090143596,-0.0211894165348478,0.0144452031085086,-0.0227502434256522,-0.0560651782074387,-0.0710503799548454,0.4157187810002693,0.2154622635089662,0.6473322305099429,984.0,0,2024-08-31,0.0,-0.049677564806070995,-0.07729748929263225,119.3124771118164,117.53331756591795,125.54946899414062,126.39906311035156,129.30763244628906,-0.049677564806070995,-0.07729748929263225,-0.04182045550907176,0.027695717223762267,0.029409981945001357,118.71942392985028,1.0271982427566535,1.0049954182924317,0.5773502691891025,123.66465868268695,4.817779389775643,0.9648065856710293,-0.9033584186330327,125.57373319353376,4.180638503238738,0.9501388075158399,-1.4976793800436843,0.9417114663842746,2.0794415416798357,2.2572399829959577,0.16573930132601938,0.3796518093773297,0.45460887040410725,-0.2139125080513103
107.9479522705078,116.15399476413344,107.238295351223,477155100.0,-0.1000967221114549,0.042444223908793,117.71845650061294,119.99055896819624,0.4296713483920376,26.086908699005548,-0.1585692554179871,1.7645439741140667,-1.9231132295320537,0.1761363014018747,-0.2278602671399676,0.0,0.0,0.0,0.0150240625090966,-0.0659780090143596,-0.0815544519113421,-0.1651849915715801,0.3079635285799262,0.3138761594190289,0.4531587632978276,623.0,0,2024-09-03,-0.09525009551732033,-0.09525009551732033,-0.1582229492646371,119.3124771118164,119.3124771118164,119.3124771118164,117.53331756591795,128.23817443847656,-0.09525009551732033,-0.1582229492646371,-0.15127706254170836,0.04068595138047783,0.03548273049056567,115.52430216471356,6.561311476341871,0.9344176960843834,-1.1547005383792275,118.32580675397601,5.234553029843401,0.9122942427508993,-1.9825674559607396,123.06851414271763,6.236740970222381,0.8771370404726336,-2.4244332006738265,1.1466409382247407,2.1972245773362196,1.8240108382927276,0.10225042933598155,0.17971280647907403,0.7180367484688759,-0.07746237714309248
106.1588134765625,113.21540862229496,104.069824367125,372470300.0,-0.0167129743258633,0.042537894036066,114.82854574460032,118.1463262359784,-0.2193936520850348,22.67713178860322,-1.2273854926422416,1.1661580807628051,-2.3935435734050468,0.2190555417448902,-0.1247338408267709,-0.1000967221114549,0.0,0.0,0.0,0.0150240625090966,-0.1102454994956365,-0.1790212884714439,0.0926392388671122,0.227095989512048,-0.215324289712814,751.0,0,2024-09-04,-0.016574087384834124,-0.11024549949563656,-0.1544463363559354,107.9479522705078,119.3124771118164,119.3124771118164,119.3124771118164,125.54946899414062,-0.11024549949563656,-0.1544463363559354,-0.17346289482300536,0.0407664281453037,0.034986574049248265,111.13974761962892,7.134100147906247,0.9551831432970906,-0.698186742518361,115.5557131086077,5.867193681214848,0.9186807871350047,-1.60160038045642,121.47714015415737,7.47977614495564,0.8738995118081019,-2.047965925815246,1.1652020597363868,2.5649493574615367,2.6622348084188117,0.14109667460434136,0.27400200099994737,0.5849013335537165,-0.132905326395606
107.15833282470705,109.5971593888533,104.70951657024186,306850700.0,0.0093712735271816,0.0395646335465266,112.910992514627,116.68126044780888,-0.1761740466286842,27.680254350625944,-1.9710560952577796,0.5387152455586883,-2.509771340816468,0.2486756690305927,0.0072646338661456,-0.0167129743258633,-0.1000967221114549,0.0,0.0,0.0,-0.1018681749077997,-0.1522220957353661,-0.3328016183780465,-0.0894484900391048,-0.4254408572451588,891.0,0,2024-09-05,0.009415321398305032,-0.10186817490779965,-0.08827271241954138,106.1588134765625,107.9479522705078,119.3124771118164,119.3124771118164,117.53331756591795,-0.10186817490779965,-0.08827271241954138,-0.13358655182553747,0.03780879803654592,0.03472563695180469,107.08836619059247,0.8966191518251335,1.0006533542027343,0.07803383852793733,114.07357243129185,6.554536081838166,0.939379126477783,-1.0550311296242774,120.2969948904855,8.357342706364818,0.8907814606862003,-1.5721100028328685,1.0887863076210902,2.772588722239781,2.762657365803133,0.09231960711379841,0.36954903782655796,0.5381313604613145,-0.2772294307127595
102.78044891357422,108.09788494505916,100.90134998938431,413638100.0,-0.0417123374740425,0.0386187009812826,110.3783566143638,114.82781890991092,0.3480109382184886,12.912285597196174,-2.8804747301579567,-0.1451227495846407,-2.735351980573316,0.2876995326226527,-0.0242323541571321,0.0093712735271816,-0.0167129743258633,-0.1000967221114549,0.0,0.0,-0.1385607658011225,-0.1985190886908322,0.2277330768892342,0.228014651674384,0.5605346952672807,772.0,1,2024-09-06,-0.0408543488474602,-0.04787032313484074,-0.13856076580112253,107.15833282470705,106.1588134765625,107.9479522705078,119.3124771118164,119.3124771118164,-0.04787032313484074,-0.13856076580112253,-0.20514785578286365,0.03690744624772677,0.03172363024461358,105.36586507161462,2.294132137546505,0.9754624881949846,-1.1269691556674741,111.71185411725726,7.289446506875358,0.920049619852265,-1.2252514913524641,118.40219606672015,9.128827627545837,0.8680620151306737,-1.7112544776295255,1.1634055107546641,2.302585092994046,2.004589371845175,0.08674948041637735,0.13867187396519712,0.7745786425140169,-0.051922393548819765
102.78044891357422,108.09788494505916,100.90134998938431,413638100.0,0.0,0.0386187009812826,108.4788796891664,113.22150291039937,0.0,12.912285597196174,-3.560156284793038,-0.8281294566263203,-2.7320268281667177,0.3188860179896846,0.0511684371504743,-0.0417123374740425,0.0093712735271816,-0.0167129743258633,-0.1000967221114549,0.0,-0.1385607658011225,-0.1813549691845294,0.2083511019465913,0.2472111990100756,-0.0193819749426429,763.0,1,2024-09-07,0.0,-0.03182368427407256,-0.13856076580112253,102.78044891357422,107.15833282470705,106.1588134765625,119.3124771118164,119.3124771118164,-0.03182368427407256,-0.13856076580112253,-0.20514785578286365,0.03690744624772677,0.03172363024461358,104.23974355061853,2.527572454574015,0.986000592601845,-0.5773502691895142,109.35013580322266,7.091928716301461,0.9399206334643179,-0.9263611004080453,116.5073972429548,9.438905516030559,0.8821795984270806,-1.4542944948508514,1.1634055107546641,2.0794415416798357,2.637427368424376,0.28974684540714535,0.08188934171838416,0.6283638051577977,0.20785750368876119
106.41869354248048,106.4986568208146,103.640034438972,273912000.0,0.0347861033965236,0.0437188409400946,106.8953773820714,111.10793986615484,-0.3377979446284083,22.62395996602237,-4.10111563940076,-1.9985617787980712,-2.102553860602689,0.3445545562142592,0.225128469762086,0.0,0.0,-0.0417123374740425,0.0093712735271816,-0.0167129743258633,0.0024480309962708,-0.1080673528993303,-0.3689062856109485,-0.1404911530603452,0.2825394741272363,398.0,1,2024-09-09,0.03539821695043943,0.03539821695043943,-0.10806735289933023,102.78044891357422,102.78044891357422,102.78044891357422,106.1588134765625,119.3124771118164,0.03539821695043943,-0.10806735289933023,-0.15807371570806183,0.042221476621416315,0.03443780140285382,103.99319712320967,2.1005415158774037,1.0233236066047389,1.1547005383788742,105.14644840785435,2.2852226126063466,1.012099744250906,0.5567270022657044,113.18542916434151,8.910803971813655,0.9402154882318292,-0.7593855328054947,1.2260212586601849,1.3862943611198906,2.2847848340850074,0.10051308820645011,0.1038656470676263,0.7956212759017944,-0.0033525588611761914
108.0478973388672,109.34727382600164,104.8994140244394,268283700.0,0.0151933700238954,0.0243168409095083,107.18350737127034,110.69993419584982,-0.0205478401822483,22.176311668037755,-3.9628178559322578,-2.3914129942249085,-1.5714048617073493,0.3431723502217159,0.2878401418898818,0.0347861033965236,0.0,0.0,-0.0417123374740425,0.0093712735271816,0.0083014030800137,-0.0944124206087211,0.0844016954204295,0.0339512020798326,0.4533079810313781,684.0,1,2024-09-10,0.015309376033040278,0.051249517597673266,0.0009258634949271816,106.41869354248048,102.78044891357422,102.78044891357422,107.15833282470705,107.9479522705078,0.051249517597673266,0.0009258634949271816,-0.1574435786224938,0.024217074052552544,0.03448279527045854,105.749013264974,2.696823498830428,1.0217390593341322,0.8524414278094942,105.16072627476284,2.3058624322739325,1.0274548414258835,1.252100309061878,111.74326651436942,7.858963456595251,0.9669298268184506,-0.4702107594610412,0.7022944010951265,2.1972245773362196,2.3089635503827486,0.12962050328496838,0.4907109052874148,0.379668585723266,-0.3610904020024464
116.8536605834961,117.13352442144716,107.36822866067496,441422400.0,0.0783477650074111,0.0367215454179178,109.60104567432676,111.520431047536,0.645356762263231,39.74540967816061,-3.1068505262252017,-2.5345005006249672,-0.5723500256002345,0.3393142935902449,0.5168086213189681,0.0151933700238954,0.0347861033965236,0.0,0.0,-0.0417123374740425,0.1369249873753297,-0.0206082095338274,0.3888154772590162,-0.1425757178823688,0.3044137818385867,712.0,1,2024-09-11,0.0814987006828245,0.13692498737532977,0.10074384553379345,108.0478973388672,106.41869354248048,102.78044891357422,102.78044891357422,106.1588134765625,0.13692498737532977,0.10074384553379345,-0.06926200867524468,0.037497994718469055,0.04232209740444792,110.44008382161462,5.6137377399512145,1.0580729074077926,1.1424788721849355,106.68856157575335,5.0214635827403225,1.0952782459300952,2.0243299269722916,111.12213734218052,6.978134345703909,1.051578590714705,0.8213546712301671,0.886014564923905,1.791759469228055,2.4754868724175574,0.07493121549487111,0.5039310317486525,0.4211377382278442,-0.42899981625378136
119.0927734375,120.7421209186122,115.33426173002456,366052700.0,0.018980410397306,0.0367118256873162,111.97397761512008,112.5300766995312,-0.1707428077958889,52.12909236319974,-2.222196458742431,-2.47203969224846,0.249843233506029,0.3248507643310568,0.5908102159590898,0.0783477650074111,0.0151933700238954,0.0347861033965236,0.0,0.0,0.1587103840891224,-0.0018414140719792,-0.4168771205480701,-0.4261650180171147,-0.8056925978070864,729.0,0,2024-09-12,0.019161683449394173,0.11909636806394586,0.11137202584437067,116.8536605834961,108.0478973388672,106.41869354248048,102.78044891357422,107.15833282470705,0.11909636806394586,0.11137202584437067,0.013268202615887459,0.0374631934573641,0.03901891453423024,114.66477711995446,5.838726755146577,1.0386168833077072,0.7583838914267489,108.3934816632952,6.88703006173144,1.0987078891647766,1.553542191380377,111.23352704729352,7.099733293366071,1.070655373418708,1.1069776941550877,0.9601290529109581,1.9459101490553132,1.6271408704556103,0.2091802336896459,0.2067724231941004,0.5840473410983881,0.002407810495545476
119.0527801513672,119.91243980632908,117.55337484057826,238358300.0,-0.0003358726283659,0.028442450196446,113.74367824918184,113.39977049310932,-0.3488415739045225,49.627764102238864,-1.5069575915600666,-2.279023272110781,0.7720656805507149,0.3083302765713306,0.6094151082035242,0.018980410397306,0.0783477650074111,0.0151933700238954,0.0347861033965236,0.0,0.1583212703368908,0.1028720568319043,0.5014480879693873,0.7845211033517718,0.9183252085174576,760.0,0,2024-09-13,-0.00033581622946909917,0.10185189238792614,0.1583212703368908,119.0927734375,116.8536605834961,108.0478973388672,102.78044891357422,102.78044891357422,0.10185189238792614,0.1583212703368908,-0.002176611924717853,0.029546738346131498,0.038826465831207,118.3330713907878,1.2813633826064381,1.0060820593272917,0.5616742060440646,110.71810041155133,7.403542392692031,1.0752783845535188,1.1257691653178017,111.2149772644043,7.077305194006111,1.0704743468888114,1.1074558284699765,0.7609947934633581,2.1972245773362196,2.4802289810508875,0.5292898090556264,0.18436177924741057,0.28634841646999115,0.3449280298082158
119.0527801513672,119.91243980632908,117.55337484057826,238358300.0,0.0,0.028442450196446,115.07095372472818,114.15350511421038,0.0,49.627764102238864,-0.9294119538352988,-2.009101008455685,1.079689054620386,0.2893815488100467,0.632554813587385,-0.0003358726283659,0.018980410397306,0.0783477650074111,0.0151933700238954,0.0347861033965236,0.11872055734121,0.1214592199417468,0.7816766147282699,0.9436566736817812,0.2802285267588825,735.0,0,2024-09-14,0.0,0.01881943241563877,0.1583212703368908,119.0527801513672,119.0927734375,116.8536605834961,106.41869354248048,102.78044891357422,0.01881943241563877,0.1583212703368908,-0.002176611924717853,0.029546738346131498,0.038826465831207,119.06611124674482,0.023090134560257363,0.9998880361906672,-0.5773502680477461,113.04271915980748,7.041641008447367,1.0531662811743174,0.8535028957525489,111.19642748151507,7.0547532667545285,1.070652923369846,1.113625434198405,0.7609947934633581,2.0794415416798357,2.0639475766694924,0.6258073864238602,0.0299171118863991,0.34427551100296633,0.5958902745374611
116.73370361328124,118.13315013570288,114.31466480568342,248772300.0,-0.0196716222704719,0.0313418237454911,116.23323365186128,115.06367002949128,0.0436905280831421,46.53413589800746,-0.2831950526669828,-1.4170760309223764,1.1338809782553936,0.2540092777003402,0.6046080080640753,0.0,0.0,-0.0003358726283659,0.018980410397306,0.0783477650074111,-0.0010265572307778,0.1357578688086875,-0.0073941692729792,0.1991236057386756,-0.3950682232929348,307.0,1,2024-09-16,-0.01947939842427382,-0.01947939842427382,0.09692855387933497,119.0527801513672,119.0527801513672,119.0527801513672,116.8536605834961,106.41869354248048,-0.01947939842427382,0.09692855387933497,-0.021613611258095133,0.0324096982718085,0.03919516321862242,118.27975463867192,1.3389194635360744,0.9869288617471886,-1.1547005383785929,116.84091077532086,4.02236922485424,0.9990824518456058,-0.026652740225137722,110.99367959158761,6.833580853434236,1.0517148728000967,0.8399730894833801,0.8268800436174736,1.0986122886681098,0.8958797346140275,0.1729963002726435,0.5539582967758178,0.27304536383599043,-0.38096199650317425
115.54417419433594,118.75290839853,114.78448096424104,231925900.0,-0.0102423857946822,0.0325264889128027,116.06096878747994,115.12773725147058,-0.0677181502924562,64.05278240721924,-0.2313792791938027,-1.1799366805766618,0.948557401382859,0.2361727112746505,0.5872266357985881,-0.0196716222704719,0.0,0.0,-0.0003358726283659,0.018980410397306,-0.0297969317594771,0.1241843698454212,-0.1740722891058989,0.0526141619714716,-0.1666781198329197,724.0,1,2024-09-17,-0.010190111185763517,-0.029471012374262195,0.06937920163275746,116.73370361328124,119.0527801513672,119.0527801513672,119.0927734375,108.0478973388672,-0.029471012374262195,0.06937920163275746,0.07036930079778347,0.0336140941695685,0.028592827105591724,117.1102193196615,1.7843491805961729,0.9866275963410938,-0.8776562022475466,117.91180746895927,1.4951826785837028,0.9799203037808862,-1.583507693431847,111.53626687186105,6.874594743114593,1.0359336692439187,0.5830027037577893,1.1756128222450168,1.3862943611198906,2.3485921922931707,0.0359582180778185,0.276526041328907,0.6875157157580057,-0.2405678232510885
113.3250503540039,117.65332766764698,113.17510830529989,310318900.0,-0.0193926762399532,0.0135031741097198,115.37698917911092,114.88737899847504,0.3380088209208201,63.04971264854873,-0.3651701985881033,-1.0169833841789502,0.6518131855908469,0.2338726002805081,0.512241503432848,-0.0102423857946822,-0.0196716222704719,0.0,0.0,-0.0003358726283659,-0.048110844535347,0.1025934557777268,0.541485727172389,0.5130081882636762,0.715558016278288,708.0,1,2024-09-18,-0.019205847943485677,-0.0481108445353472,-0.030196830906900618,115.54417419433594,116.73370361328124,119.0527801513672,119.0527801513672,116.8536605834961,-0.0481108445353472,-0.030196830906900618,0.06750486975839798,0.01348107827044408,0.02875545876993454,115.20097605387372,1.7300485493795412,0.9837160607129533,-1.084319686024179,117.40772029331752,2.2932279393129043,0.9652265632182112,-1.7803158025960846,112.04814093453544,6.708176514864872,1.0113960785856724,0.19035119553561547,0.4688180556708527,1.3862943611198906,2.7041759211595457,0.40839205558101327,0.018635308369994132,0.5729726689557234,0.38975674721101916
117.82327270507812,119.6125639674696,117.2035157611041,293506400.0,0.0389255717089806,0.0198614381100786,115.98856006060272,115.27883149268878,-0.0541781373935006,67.2258800710292,-0.1069981080154605,-0.8349863289462522,0.7279882209307917,0.2316602046850211,0.6871585600964598,-0.0193926762399532,-0.0102423857946822,-0.0196716222704719,0.0,0.0,-0.0103274148216095,0.107167066076085,0.7950503274162767,1.055197069239153,0.2535646002438877,668.0,0,2024-09-19,0.039693098189876874,0.009333800419855098,-0.010659762937573314,113.3250503540039,115.54417419433594,116.73370361328124,119.0527801513672,119.0927734375,0.009333800419855098,-0.010659762937573314,0.09952506351341928,0.020061832645129046,0.030210699777706292,115.56416575113934,2.2491778112647496,1.0195485074396127,1.0044145654577885,117.22636304582868,2.185421882976489,1.0050919404453083,0.27313246192834506,112.80992235456195,6.715726597834604,1.0444406861194284,0.7465090005499426,0.6640638182083253,1.791759469228055,2.0688639608963166,0.08939716964960091,0.1417510295286774,0.7688517987728118,-0.052353859879076495
115.95401763916016,118.57298181753792,115.3442588328446,382462400.0,-0.0159921000116634,0.0205731974244754,115.97992445524208,115.3688563122183,0.3030802735476978,73.15415614237125,-0.052621539656954,-0.6785133710883926,0.6258918314314386,0.2273662782255547,0.624616382566255,0.0389255717089806,-0.0193926762399532,-0.0102423857946822,-0.0196716222704719,0.0,-0.026028476682923,0.0731723660988723,0.2214422631824875,0.3223068433759464,-0.5736080642337891,561.0,1,2024-09-20,-0.01586490531965512,0.0035470714787826374,-0.026028476682923185,117.82327270507812,113.3250503540039,115.54417419433594,119.0527801513672,119.0527801513672,0.0035470714787826374,-0.026028476682923185,0.12817193216059297,0.020775643857746315,0.02779373075006648,115.70078023274742,2.259778300615598,1.0021887268685943,0.11206294278679949,116.78368268694196,2.0642882118304122,0.9928957108673662,-0.401913377709082,113.75089154924665,6.096732188258637,1.0193679896474455,0.36136179544779584,0.7474938879047974,1.3862943611198906,1.3647815207407001,0.5672549232840538,0.055606472305953426,0.3771385997533798,0.5116484509781004
115.95401763916016,118.57298181753792,115.3442588328446,382462400.0,0.0,0.0205731974244754,115.9734477512216,115.44687782247722,0.0,73.15415614237125,-0.0094191394939429,-0.5446945247695026,0.5352753852755597,0.2227946711144415,0.6340573362719867,-0.0159921000116634,0.0389255717089806,-0.0193926762399532,-0.0102423857946822,-0.0196716222704719,-0.0066791847597336,-0.0076988854251006,0.3852460967052896,0.2441398085375457,0.1638038335228021,616.0,1,2024-09-21,0.0,0.023198465625595688,-0.026028476682923185,115.95401763916016,117.82327270507812,113.3250503540039,116.73370361328124,119.0527801513672,0.023198465625595688,-0.026028476682923185,0.12817193216059297,0.020775643857746315,0.02779373075006648,116.57710266113283,1.0792149154928368,0.9946551680583119,-0.5773502691890902,116.34100232805524,1.8136287021903508,0.9966737033277067,-0.21337591780926002,114.69186074393136,5.2280242956749285,1.0110047643053484,0.24142139053809744,0.7474938879047974,1.791759469228055,1.745166411305513,0.2068099714815616,0.32056924551725385,0.4726207923144101,-0.11375927403569225
116.21392059326172,116.94362697511984,114.81447398076048,206228500.0,0.0022389229507733,0.0193825414268288,116.02992281572013,115.60775301517629,-0.4607875179364037,69.5363903845194,0.0715928333934954,-0.3303601315029308,0.4019529648964262,0.2157411445112736,0.6387359783993668,0.0,0.0,-0.0159921000116634,0.0389255717089806,-0.0193926762399532,0.0254918946008282,-0.0238453865125708,-0.1154568361439515,-0.0319861709131413,0.5767023753056933,339.0,1,2024-09-23,0.0022414312103471445,0.0022414312103471445,-0.004452724482566506,115.95401763916016,115.95401763916016,115.95401763916016,113.3250503540039,116.73370361328124,0.0022414312103471445,-0.004452724482566506,0.09204423325185007,0.019593296456693252,0.02676479291887554,116.04065195719403,0.15005504052109206,1.0014931718595619,1.1547005383223656,115.82406725202289,1.3243171171686314,1.0033659096117782,0.29438065564865107,116.33248901367188,2.924939416534348,0.998980779819847,-0.040537051721448496,0.7320548496706403,1.3862943611198906,1.9583102436173434,0.07281094106535113,0.020237223245203467,0.9069518049558004,0.052573717820147664
120.82209014892578,121.75172180406904,115.33426088161052,354966800.0,0.0388864984464913,0.023731784917503,117.22796464902152,116.30299796634289,0.7212305767631535,72.77189977931776,0.4752479349930638,-0.1692385182037319,0.6444864531967958,0.2156276208794516,0.7961488963638241,0.0022389229507733,0.0,0.0,-0.0159921000116634,0.0389255717089806,0.025451826069659,0.0148615596822605,0.5834168288858166,0.4669910430153282,0.6988736650297681,659.0,1,2024-09-24,0.03965247478219269,0.04198278428708435,0.045678771702611476,116.21392059326172,115.95401763916016,115.95401763916016,117.82327270507812,115.54417419433594,0.04198278428708435,0.045678771702611476,0.11822713004766094,0.024028926422902476,0.02812800402507988,117.66334279378258,2.7386403609470453,1.026845636713545,1.1533998403685555,116.57805524553571,2.2892976526528392,1.036405092660461,1.8538589328792974,117.2449313572475,1.9823230813615673,1.0305101359203206,1.8045286488927421,0.8542705839162094,0.6931471805599453,2.0794415416798357,0.0201333370059728,0.0483911707997322,0.9314755797386168,-0.0282578337937594
123.4610366821289,124.89047006468223,121.5617884105282,284692900.0,0.0216064795833182,0.0212390942184702,118.78623265729836,117.25740312844768,-0.1979731625605549,65.0982032963393,0.9966002544506124,0.0639292363271369,0.9326710181234756,0.2205242855002106,0.859812190049085,0.0388864984464913,0.0022389229507733,0.0,0.0,-0.0159921000116634,0.0647413448521465,0.0370277495843183,0.487514176069372,0.2880827188984937,-0.0959026528164445,777.0,0,2024-09-25,0.02184158981151829,0.06474134485214655,0.08944171034084958,120.82209014892578,116.21392059326172,115.95401763916016,115.95401763916016,113.3250503540039,0.06474134485214655,0.08944171034084958,0.05654402323076235,0.021549525455369565,0.019344628616136596,120.16568247477215,3.667877612107236,1.027423421891259,0.8984362500207674,118.02605329241071,2.9878031695694243,1.046049014078722,1.8190567052987763,117.71688679286412,2.578809324421435,1.0487963116062715,2.22744265536325,1.1139797968203806,1.3862943611198906,1.2296264847046454,0.37158384174108505,0.0219129274288813,0.6065032271047434,0.34967091431220376
123.9908218383789,127.61937987933592,121.7517120835012,302582900.0,0.0042819315957626,0.0177304189074841,120.08737995256853,118.15519228977186,0.0628396422952592,62.140708059992775,1.4359719672939804,0.3383377825205056,1.0976341847734747,0.2089065009340835,0.8543266876429505,0.0216064795833182,0.0388864984464913,0.0022389229507733,0.0,0.0,0.0693102693882385,0.0621681485335139,0.6784891983240815,0.4971856674885408,0.1909750222547094,730.0,0,2024-09-26,0.004291112163702371,0.06691884419195904,0.05234576320705919,123.4610366821289,120.82209014892578,116.21392059326172,115.95401763916016,117.82327270507812,0.06691884419195904,0.05234576320705919,0.04112800684291229,0.017962065541484648,0.01885658438098001,122.75798288981122,1.6973298459956296,1.0100428413659608,0.7263402287282137,118.90713174002511,3.7341901376549123,1.0427534498895208,1.3613902642746463,118.0667473929269,3.066053723451508,1.0501756385795626,1.9321495902502246,0.9525619899435429,2.302585092994046,1.0012125941421433,0.057798721310165134,0.112436706924604,0.8297645780775282,-0.05463798561443887
121.35187530517578,123.98082995705606,119.21272426875332,271009200.0,-0.0215131596908511,0.0190149271533864,120.40350379072032,118.58141669182572,-0.104347271441975,55.04830573922771,1.553330457986462,0.581336317613697,0.971994140372765,0.1845842507539825,0.7317364024742005,0.0042819315957626,0.0216064795833182,0.0388864984464913,0.0022389229507733,0.0,0.0465517088231761,0.0502639025406141,0.4523875141775051,0.664708306770865,-0.2261016841465764,746.0,1,2024-09-27,-0.02128340222345626,0.004384836875417353,0.04655170882317616,123.9908218383789,123.4610366821289,120.82209014892578,115.95401763916016,115.95401763916016,0.004384836875417353,0.04655170882317616,0.019311562072598765,0.019207907228050394,0.019945231028237552,122.93457794189455,1.3960224945018849,0.9871256511941918,-1.13372287549241,119.67825426374164,3.5767428032940574,1.0139843370187027,0.46791763721249346,118.2309684753418,3.182296649622323,1.026396695130556,0.9807089575399501,0.963032576602232,2.1972245773362196,2.220212305049368,0.44664419651962817,0.2581094014458358,0.29524642415344715,0.1885347950737924
121.35187530517578,123.98082995705606,119.21272426875332,271009200.0,0.0,0.0190149271533864,120.6405966693342,118.95081117360571,0.0,55.04830573922771,1.6275762218283063,0.7905842984566188,0.8369919233716875,0.1506199374069286,0.7291877629332681,-0.0215131596908511,0.0042819315957626,0.0216064795833182,0.0388864984464913,0.0022389229507733,0.0442111812912364,0.0708301026657189,0.5876651227804747,0.6343971010029835,0.1352776086029695,806.0,0,2024-09-28,0.0,-0.017083619525919858,0.04655170882317616,121.35187530517578,123.9908218383789,123.4610366821289,116.21392059326172,115.95401763916016,-0.017083619525919858,0.04655170882317616,0.019311562072598765,0.019207907228050394,0.019945231028237552,122.23152414957684,1.5235964913225748,0.9928034207990025,-0.577350269189365,120.44937678745815,3.202269867189878,1.0074927620365373,0.28183087470688756,118.3951895577567,3.28561293515423,1.024973022624173,0.899888637454581,0.963032576602232,1.9459101490553132,0.876249228671297,0.08964612583319342,0.020577325175205816,0.8897765576839447,0.06906880065798761
121.39186096191406,121.45183473616017,118.1031642748816,226553700.0,0.0003294474882429,0.0190997520260528,120.96177748669946,119.5537407783616,-0.1640368666451176,61.365868551068395,1.682431217195358,1.1092118908756632,0.5732193263196947,0.0976917602298576,0.7306889407925922,0.0,0.0,-0.0215131596908511,0.0042819315957626,0.0216064795833182,-0.0167597468466288,0.0468965494552853,0.5579520982489011,0.6944930767910588,0.0637634015151067,391.0,1,2024-09-30,0.0003295017620266183,0.0003295017620266183,0.0445552507153999,121.35187530517578,121.35187530517578,121.35187530517578,123.4610366821289,116.21392059326172,0.0003295017620266183,0.0445552507153999,0.039904133977145984,0.019294898940448554,0.019019820256027605,121.36520385742189,0.023085729729277235,1.0002196437170203,1.1547005359924511,121.960205078125,1.2318289853683482,0.9953399216092916,-0.4613823208917171,118.89213616507394,3.4127584920879492,1.0210251483190564,0.7324646038198789,1.0144627383812301,1.3862943611198906,0.6931471805599453,0.35931530470649403,0.20344955598314599,0.43723513434330624,0.15586574872334805
116.95362091064452,122.3914669216292,115.74410147280145,302094500.0,-0.0372463794941719,0.0190792737476573,119.95973834268572,119.20705812933268,0.3334344131214806,52.968433907237916,1.321145348805146,1.1515985824615598,0.1695467663435863,0.0975766058155014,0.3473989761835852,0.0003294474882429,0.0,0.0,-0.0215131596908511,0.0042819315957626,-0.056755821305123,0.0086206868191067,0.4501965557501278,0.6477753304331324,-0.1077555424987732,743.0,1,2024-10-01,-0.03656126544317506,-0.03624381068253402,-0.032017897004703144,121.39186096191406,121.35187530517578,121.35187530517578,123.9908218383789,120.82209014892578,-0.03624381068253402,-0.032017897004703144,0.01219833649023272,0.01890587409872923,0.021559170524588847,119.89911905924481,2.5509545704978955,0.9754335296896981,-1.1546650742688025,121.40756661551339,2.2633724997834603,0.963314101179755,-1.9678359197591144,118.99281093052456,3.3260864407300463,0.9828629141211679,-0.6130899049732618,0.8769295681931056,1.3862943611198906,1.110734836725068,0.31814341184993583,0.042794988801081936,0.6390615577499071,0.2753484230488539
118.8028793334961,119.33266799005564,115.0943511112096,221845900.0,0.0156881897123748,0.017810866029911,119.67052359038831,119.15316762322114,-0.265640718384479,61.719430956573504,1.1705500229855232,1.1553888705663524,0.0151611524191708,0.0975470321521861,0.5082867771636514,-0.0372463794941719,0.0003294474882429,0.0,0.0,-0.0215131596908511,-0.021004998606486,0.0245688916377297,-0.1120023415793966,0.111646073752045,-0.5621988973295244,827.0,1,2024-10-02,0.015811895420189348,-0.02100499860648608,-0.03772977672807021,116.95362091064452,121.39186096191406,121.35187530517578,121.35187530517578,123.4610366821289,-0.02100499860648608,-0.03772977672807021,0.04833731785144235,0.01759874424592746,0.0210498076820939,119.04945373535158,2.2293705142737577,0.9979288069443508,-0.11060270164908291,120.7421155657087,2.2436952875954406,0.9839390239012562,-0.8643046330461742,119.38408442905971,2.9033971865241464,0.995131636697277,-0.20018104937940584,0.8360524956671171,1.0986122886681098,0.6931471805599453,0.0678796377032995,0.10219620075076814,0.8299241662025452,-0.03431656304746865
122.80130004882812,124.31070361178112,120.29229289145832,277118000.0,0.0331019589250666,0.0230173877817445,120.45321770499828,119.63958527996874,0.2491463669150522,60.88287961314804,1.3581849669654673,1.1959480898461754,0.1622368771192919,0.1021524936279967,0.8216827986123424,0.0156881897123748,-0.0372463794941719,0.0003294474882429,0.0,0.0,0.0119439830658349,0.0566832219577346,0.1219707924041088,0.0640537208449798,0.2339731339835055,816.0,1,2024-10-03,0.03365592431567177,0.011610655572339201,-0.009593627753361589,118.8028793334961,116.95362091064452,121.39186096191406,121.35187530517578,123.9908218383789,0.011610655572339201,-0.009593627753361589,0.04224994968702345,0.022961212923645564,0.020301679374117365,119.51926676432294,2.988937275868156,1.0274602863066165,1.0980602741326855,120.57218388148716,1.987000340118404,1.0184878144824183,1.1218499173523697,119.73965781075614,3.000736745852061,1.0255691580721802,1.020296846200891,1.1310006675072823,1.9459101490553132,2.220693451783157,0.2550851004198193,0.16887950183202818,0.5760354250669479,0.08620559858779112
124.87047576904295,124.99043094258552,121.78170440742984,243678100.0,0.0167094038608138,0.0219535685150422,121.55753222100944,120.33703734517864,-0.1206702559920323,69.32409373201845,1.654776960961584,1.2877138640692571,0.3670630968923269,0.1113536930613901,0.928372827637311,0.0331019589250666,0.0156881897123748,-0.0372463794941719,0.0003294474882429,0.0,0.02899502339802,0.0335069987212366,0.3464169350414361,0.3744359569649993,0.2244461426373273,756.0,1,2024-10-04,0.01684978676440796,0.0676922595192424,0.02899502339802007,122.80130004882812,118.8028793334961,116.95362091064452,121.35187530517578,121.35187530517578,0.0676922595192424,0.02899502339802007,0.07689650010774196,0.02188675024479446,0.01982162832404399,122.15821838378908,3.0844930129763117,1.0222028236915888,0.8793203206632478,121.07484109061105,2.5751299855557517,1.031349491308366,1.4739584796581655,120.37654767717633,3.0806204771839196,1.037332255979947,1.4587736870380883,1.1041852811983888,1.3862943611198906,0.9241962407465937,0.08171675540506837,0.33330315165221686,0.584980092321833,-0.2515863962471485
124.87047576904295,124.99043094258552,121.78170440742984,243678100.0,0.0,0.0219535685150422,122.38576810801784,120.94149580169388,0.0,69.32409373201845,1.868291748725369,1.4038294410004797,0.4644623077248893,0.118933842305805,0.8796235854448743,0.0167094038608138,0.0331019589250666,0.0156881897123748,-0.0372463794941719,0.0003294474882429,0.028656079407336,0.0114160639242233,0.1763534250236415,0.2414195132484652,-0.1700635100177946,744.0,1,2024-10-05,0.0,0.0510728062281578,0.02899502339802007,124.87047576904295,122.80130004882812,118.8028793334961,121.39186096191406,121.35187530517578,0.0510728062281578,0.02899502339802007,0.07689650010774196,0.02188675024479446,0.01982162832404399,124.18075052897137,1.1946391590677263,1.0055542041510748,0.5773502691890913,121.57749829973493,2.953788849989606,1.0270854188921503,1.114831708204063,121.01343754359654,3.0170121331212854,1.0318728093651324,1.2784298024867644,1.1041852811983888,1.791759469228055,1.6304972151560482,0.04480035752058022,0.37911821156740183,0.576081445813179,-0.3343178540468216
127.66936492919922,130.58820542607234,124.90045886173723,346250200.0,0.0221668292701919,0.0228639314712216,124.1725499997554,122.29256048158828,0.4209327797614968,72.36533769472074,2.328984402412999,1.6865332171697398,0.6424511852432593,0.1302552993023936,0.9574986931358186,0.0,0.0,0.0167094038608138,0.0331019589250666,0.0156881897123748,0.0746319082958728,0.0520592665596326,-0.4479115558673702,0.1501652292912604,-0.5603505974789881,451.0,1,2024-10-07,0.02241433888129829,0.02241433888129829,0.051712725363479484,124.87047576904295,124.87047576904295,124.87047576904295,118.8028793334961,121.39186096191406,0.02241433888129829,0.051712725363479484,0.09857204952262588,0.022792380373138393,0.020295058134774505,125.8034388224284,1.6159394100489688,1.0148320755317712,1.154700538378645,122.97694178989956,3.7971324604776093,1.0381569347147732,1.2357807340514644,122.46857343401227,2.762828021919705,1.0424663352348855,1.882415935383942,1.123050755596746,1.791759469228055,2.12127740490775,0.059241961501538695,0.22443382609635587,0.7163242239505052,-0.16519186459481716
132.83731079101562,133.4270732055081,129.36868536610157,285722500.0,0.0396813168287113,0.0151121461301452,126.33874019757044,123.69852718951194,-0.1748091409044673,72.95645230271643,2.9612609368981424,1.9414787611154205,1.019782175782722,0.146225298591979,1.1402980505222666,0.0221668292701919,0.0,0.0,0.0167094038608138,0.0331019589250666,0.0817256066360616,0.0946457189636027,-0.0649038683683095,-0.0537334199924491,0.3830076874990606,651.0,1,2024-10-08,0.04047913816037507,0.06380079016202278,0.13581186932644562,127.66936492919922,124.87047576904295,124.87047576904295,122.80130004882812,116.95362091064452,0.06380079016202278,0.13581186932644562,0.0994455618776322,0.01539774761825879,0.02039852867057848,128.4590504964193,4.041697358553985,1.0340829258637434,1.083272671401291,125.24604034423828,4.30917846410561,1.0606108618357335,1.761651440062357,123.32680347987584,3.860249360527491,1.0771163043457272,2.463702839611431,0.7548459924203997,2.1972245773362196,1.5477467043151507,0.11432412080466745,0.04930563864763821,0.8363702446222305,0.06501848215702924
132.59739685058594,134.46666574879316,131.3279114002274,246191600.0,-0.0018077063688764,0.0169325621150235,127.90340436082433,124.8850431443218,-0.1383541723175458,69.21780492384426,3.40374929274941,2.2339328674422183,1.1698164253071917,0.1635527671419208,1.020038208956274,0.0396813168287113,0.0221668292701919,0.0,0.0,0.0167094038608138,0.0618794877968951,0.0926687083914434,0.4850858400651878,0.5191798032216898,0.5499897084334974,765.0,1,2024-10-09,-0.0018060734518114963,0.061879487796895116,0.11611265311480135,132.83731079101562,127.66936492919922,124.87047576904295,124.87047576904295,118.8028793334961,0.061879487796895116,0.11611265311480135,0.07400197190940583,0.017233002980258674,0.020050035680289097,131.03469085693362,2.916925371794297,1.0119258952223462,0.5357373927914526,127.21668570382255,4.015763334522889,1.0422956400490608,1.3398974736649087,123.97940063476562,4.588307437819706,1.0695115170076384,1.8782516935951992,0.8594998659877794,2.302585092994046,1.8549651714555226,0.2023098054859373,0.11557229515165085,0.6821178653173976,0.08673751033428645
134.7565460205078,134.94647312682827,130.94805910825556,242311300.0,0.0161523416464129,0.0151458004526477,129.6166897757452,126.20124352781328,-0.0157613013604038,71.19243281982949,3.883878858122386,2.563922065578252,1.319956792544135,0.1787253112481764,1.027645170224875,-0.0018077063688764,0.0396813168287113,0.0221668292701919,0.0,0.0,0.0791705980983836,0.1100953964515532,0.6395624612124475,0.8874240705353472,0.1544766211472596,883.0,0,2024-10-10,0.01628349591474154,0.05551199455906186,0.0973543925587601,132.59739685058594,132.83731079101562,127.66936492919922,124.87047576904295,122.80130004882812,0.05551199455906186,0.0973543925587601,0.08682678300303515,0.01541142970756946,0.020258769025421987,133.3970845540365,1.1834235437162646,1.0101910882911436,1.1487531017020718,128.92457798549108,4.353039584507012,1.0452355022304052,1.339746152498452,124.74838093348912,5.417574317372868,1.080226813463452,1.8473516929753782,0.7607288324493073,1.9459101490553132,3.078685103502013,0.4313929248601198,0.06540023814886804,0.5032068397849798,0.3659926867112518
134.74656677246094,135.72617401836632,133.60701929174726,170209500.0,-7.405664408115913e-05,0.0158241574760716,130.89915902492413,127.34061996043296,-0.2975585538107385,79.41178737098502,4.214991952423716,2.894136042947345,1.3208559094763714,0.187166052551149,0.9591454977763724,0.0161523416464129,-0.0018077063688764,0.0396813168287113,0.0221668292701919,0.0,0.0790906813047187,0.1521367677483935,0.5476729920171555,0.3966079382137276,-0.091889469195292,839.0,1,2024-10-11,-7.405390195558414e-05,0.014372889439541847,0.07909068130471875,134.7565460205078,132.59739685058594,132.83731079101562,124.87047576904295,124.87047576904295,0.014372889439541847,0.07909068130471875,0.11037894085773448,0.016102999962459983,0.018788753370506034,134.03350321451828,1.2437146026105006,1.0053200396978463,0.5733337507222098,130.3354481288365,4.420023538214526,1.0338443509187465,0.9979853286949487,125.70514460972377,5.93012754197087,1.0719256335196783,1.5246589721293344,0.8570552630563527,2.302585092994046,2.112353037076569,0.3899238658034139,0.2549108215090301,0.3551652992351187,0.13501304429438382
134.74656677246094,135.72617401836632,133.60701929174726,170209500.0,0.0,0.0158241574760716,131.86101096180835,128.32807953537005,0.0,79.41178737098502,4.426376947076605,3.200584223773197,1.225792723303408,0.190054656735412,0.90922407452018,-7.405664408115913e-05,0.0161523416464129,-0.0018077063688764,0.0396813168287113,0.0221668292701919,0.0554338297773038,0.1342028705736053,0.2151297977292837,0.2813648099044314,-0.3325431942878717,822.0,0,2024-10-12,0.0,0.01620823615637601,0.07909068130471875,134.74656677246094,134.7565460205078,132.59739685058594,127.66936492919922,124.87047576904295,0.01620823615637601,0.07909068130471875,0.11037894085773448,0.016102999962459983,0.018788753370506034,134.7498931884766,0.005761521863857105,0.9999753141472921,-0.5773502373601201,131.74631827218192,3.934416757609825,1.0227729210168943,0.762564996317695,126.66190828595843,6.245885854945982,1.063828649006694,1.2943974120341055,0.8570552630563527,1.3862943611198906,0.963457252632055,0.0559164645771185,0.057542635127901975,0.8865409096082052,-0.0016261705507834776
138.01527404785156,139.54466630986312,136.24597143489578,232347700.0,0.0239686295716123,0.0160514845268263,133.94061844781652,130.36139732887588,0.3650689297600897,81.96849608108383,4.840779422380365,3.743177616370183,1.0976018060101822,0.2014241397209454,0.938723459504728,0.0,0.0,-7.405664408115913e-05,0.0161523416464129,-0.0018077063688764,0.0408596045318343,0.1052674637287429,-1.1838310178457958,-1.1625714174762354,-0.8244621135021097,522.0,0,2024-10-14,0.02425818596855467,0.02425818596855467,0.08103673989754556,134.74656677246094,134.74656677246094,134.74656677246094,132.59739685058594,127.66936492919922,0.02425818596855467,0.08103673989754556,0.13694009593569856,0.016333452104207325,0.019154435903158577,135.83613586425784,1.887189025349864,1.0160424041049825,1.1547005383786255,134.63517543247767,1.7730332004378242,1.0251056130354959,1.9063933007792697,128.8060586111886,6.685642542853935,1.0714967567205957,1.3774615345695365,0.8527242559784248,1.0986122886681098,3.0342127941220554,0.17583919595927,0.27147602662444115,0.5526847839355469,-0.09563683066517115
131.54783630371094,138.5150744275185,128.68896947491228,377831000.0,-0.0479938008978859,0.0228344710231629,133.34242291179012,130.51958919218723,0.6261447821519215,76.03424899715583,4.50413273031954,3.895368639160055,0.6087640911594856,0.2018146262818853,0.6688230583919595,0.0239686295716123,0.0,0.0,-7.405664408115913e-05,0.0161523416464129,-0.023811160285368,0.0534742940118064,-0.5591633928189378,-0.2454888691046387,0.624667625026858,1057.0,1,2024-10-15,-0.04686030433050681,-0.023738864338944676,-0.009707170971966828,138.01527404785156,134.74656677246094,134.74656677246094,134.7565460205078,132.83731079101562,-0.023738864338944676,-0.009707170971966828,0.12478634931890453,0.022520970033358397,0.021148530074902312,134.76989237467453,3.233781966425118,0.9760921670694377,-0.9963739375185854,134.45096479143416,2.038123772991848,0.9784075295240412,-1.4244122590560815,129.84850256783622,5.770582056844334,1.0130870491555106,0.2944822063242619,1.0648952884004363,2.1972245773362196,1.9447599728751945,0.26598605047911406,0.04354629269801075,0.6904676547273993,0.2224397577811033
135.66619873046875,136.56583584893667,131.527840530584,264879700.0,0.0308268879666294,0.0258660519146202,133.9233668664598,131.20580379729142,-0.2989466189910303,77.82911384595704,4.517579387616465,4.019810788851337,0.4977685987651279,0.207737492756465,0.7963987642993013,-0.0479938008978859,0.0239686295716123,0.0,0.0,-7.405664408115913e-05,0.0068249008493161,0.0864553682120443,0.0805500781986392,0.1894957027282462,0.639713471017577,898.0,1,2024-10-16,0.03130695678832418,0.0068249008493161956,0.0231437566104018,131.54783630371094,138.01527404785156,134.74656677246094,134.74656677246094,132.59739685058594,0.0068249008493161956,0.0231437566104018,0.14194369270828022,0.025628618422785257,0.02194306169820291,135.07643636067712,3.273805504791646,1.004366138059912,0.18014581774281757,134.88936505998885,1.8982187672995008,1.005759043124967,0.40924348861278215,131.05302538190568,4.995556237937729,1.0352008153579033,0.9234553929208655,1.167960003725651,2.0794415416798357,2.2860770477602856,0.124848384609712,0.33522226608225275,0.5399293330098901,-0.21037388147254077
136.87571716308594,140.83415423256426,136.81574338597488,306435900.0,0.0088758924973258,0.0254040762865093,134.66145444061632,131.96179224606402,0.1568870698660562,75.58140373356409,4.573117932686159,4.130472217618301,0.442645715067858,0.2100088281010394,0.8074712816055857,0.0308268879666294,-0.0479938008978859,0.0239686295716123,0.0,0.0,0.0158011476034145,0.072110895507252,0.6264692565677934,0.6219653718108737,0.5459191783691542,997.0,1,2024-10-17,0.008915400032842191,-0.008256744716316877,0.015725923564823496,135.66619873046875,131.54783630371094,138.01527404785156,134.74656677246094,134.7565460205078,-0.008256744716316877,0.015725923564823496,0.11461130385966234,0.02516605473649716,0.020838171236782353,134.69658406575525,2.793151098928935,1.0161780873096744,0.7801701448111075,135.19210379464286,2.0373923497606556,1.0124534889330554,0.8263569698005689,132.05834089006697,4.608404583400257,1.0364791518699241,1.0453457776627157,1.207690178304873,2.1972245773362196,1.3031418018667127,0.14928828959818924,0.38876826432533557,0.46194342081435025,-0.23947997472714633
137.94529724121094,138.8449343829922,137.22558142668973,176090200.0,0.0077838696637059,0.0254588976510743,135.48241514076497,132.7595929120836,-0.4253604097953275,74.6606493716923,4.649838361036387,4.234345446301918,0.415492914734469,0.2112862632950681,0.812427532935905,0.0088758924973258,0.0308268879666294,-0.0479938008978859,0.0239686295716123,0.0,0.0237388643389446,0.0384529498510504,0.2984041901238166,0.4569788503266778,-0.3280650664439768,741.0,1,2024-10-18,0.007814242732701926,0.0486322019218155,0.023738864338944676,136.87571716308594,135.66619873046875,131.54783630371094,134.74656677246094,134.74656677246094,0.0486322019218155,0.023738864338944676,0.10470706859763079,0.025207815851233502,0.020681774401505648,136.8290710449219,1.1402650572018478,1.0081578146205683,0.978918181557011,135.64906529017858,2.2666303837214725,1.0169277388393372,1.0130597240394703,132.99225670950753,4.357717944847364,1.0372430745537482,1.1366133821396043,1.218842027858033,2.70805020110221,1.7903723286898197,0.1089146522405956,0.15352489499907404,0.7375604351982474,-0.04461024275847844
137.94529724121094,138.8449343829922,137.22558142668973,176090200.0,0.0,0.0254588976510743,136.09813566587647,133.45102015596726,0.0,74.6606493716923,4.656957347794702,4.318867826600475,0.3380895211942265,0.2092742733572297,0.782979995086066,0.0077838696637059,0.0088758924973258,0.0308268879666294,-0.0479938008978859,0.0239686295716123,-0.0005070221910102,0.0403318656146103,0.3032928191575276,0.447771429611714,0.004888629033711,757.0,1,2024-10-19,0.0,0.016799309865459744,0.023738864338944676,137.94529724121094,136.87571716308594,135.66619873046875,138.01527404785156,134.74656677246094,0.016799309865459744,0.023738864338944676,0.10470706859763079,0.025207815851233502,0.020681774401505648,137.58877054850265,0.6175223460285402,1.0025912484811585,0.5773502691865474,136.10602678571428,2.374242360491073,1.013513512214947,0.7746767921014757,133.92617252894811,3.855312779724247,1.0300100020508993,1.042489920247221,1.218842027858033,2.5649493574615367,0.9304648591830594,0.11472206221272545,0.08362589504880204,0.801652063926061,0.03109616716392341
143.6530303955078,143.6530303955078,137.94528751258602,264554500.0,0.0405436711218722,0.0283074557740083,138.33320214365952,135.33062687331193,0.5023805981252789,77.16616972503832,4.975042640347681,4.4965982030964815,0.4784444372511993,0.1927850537793896,0.9410591203790288,0.0,0.0,0.0077838696637059,0.0088758924973258,0.0308268879666294,0.0588711981302483,0.0660978890696839,-0.2148291180260061,0.1014992222739354,-0.3747094894087543,318.0,0,2024-10-21,0.04137678680206358,0.04137678680206358,0.040848785661951936,137.94529724121094,137.94529724121094,137.94529724121094,135.66619873046875,138.01527404785156,0.04137678680206358,0.040848785661951936,0.12519577797831571,0.028195502638784613,0.022302511500080613,139.84787495930993,3.295361273096497,1.0272092474576753,1.154700538379014,137.3683820452009,3.5943056299540714,1.0457503266525987,1.748501378940118,136.00177873883928,3.069985498654907,1.0562584675554945,2.492276155708513,1.264229933865641,1.791759469228055,2.097453239208142,0.11388267949223514,0.02415774203836912,0.8619595766067505,0.08972493745386602
143.5330810546875,144.3627538949317,141.72380093133486,226311600.0,-0.0008353422607355,0.0165731530653602,139.63317187141652,136.42428743082868,-0.1445558476608789,71.94424512908748,5.195200273678779,4.636318617212941,0.5588816564658377,0.1793777728656803,0.9130506802121906,0.0405436711218722,0.0,0.0,0.0077838696637059,0.0088758924973258,0.04863802016591,0.0652077043051038,0.5558499200583296,0.231438866871612,0.7706790380843357,643.0,0,2024-10-22,-0.0008349934595188735,0.0405072439961891,0.09110940238732357,143.6530303955078,137.94529724121094,137.94529724121094,136.87571716308594,131.54783630371094,0.0405072439961891,0.09110940238732357,0.0805178168692291,0.016894437128206794,0.020427514238160988,141.71046956380212,3.261286391165317,1.01286151613565,0.5588627529991705,139.08055986676897,3.1916058828648297,1.0320139722775332,1.3950723715053095,136.76576232910156,3.519809945902958,1.0494810880321175,1.9226375371383515,0.8270432188291421,1.3862943611198906,0.6931471805599453,0.10268730173508321,0.027193204810221933,0.8701194922129313,0.07549409692486128
139.50466918945312,142.37352650102258,137.40551088320953,285930000.0,-0.0284674670361216,0.0203430882449959,139.60104620092568,136.83500499864527,0.2634350161458803,62.2648431221778,4.98712909374936,4.706480712520225,0.2806483812291347,0.1651401000674524,0.7268537593165907,-0.0008353422607355,0.0405436711218722,0.0,0.0,0.0077838696637059,0.0113042777059335,0.035311492759789,1.05364847822903,0.9876913132291528,0.4977985581707005,681.0,1,2024-10-23,-0.028066086477301466,0.011304277705933563,0.028293491635380308,143.5330810546875,143.6530303955078,137.94529724121094,137.94529724121094,135.66619873046875,0.011304277705933563,0.028293491635380308,0.05209206592984983,0.02049039330980873,0.022294202480988522,142.23026021321618,2.36119287283113,0.9808367711647497,-1.1543279903665837,139.62891278948103,2.814701254805107,0.999110187155756,-0.04414095450300734,137.25913892473494,3.3715581907177077,1.0163597869133472,0.666021506287624,0.9190906616768194,2.3978952727983707,2.651846437370833,0.19383179247379298,0.1885736653581261,0.6175945349037647,0.005258127115666866
140.35433959960938,141.293969386979,138.40511570705533,172354900.0,0.0060721505769293,0.0202581848225907,139.7893695505966,137.30424961210716,-0.3972129542195642,60.424448979568645,4.835056958788613,4.732195961773903,0.1028609970147096,0.154154095370104,0.7452499822420946,-0.0284674670361216,-0.0008353422607355,0.0405436711218722,0.0,0.0,0.017463751259211,0.0169478745587741,0.4841149786237584,0.76650421094508,-0.5695334996052717,747.0,1,2024-10-24,0.00609062345434741,-0.02296290434539694,0.02541445998327596,139.50466918945312,143.5330810546875,143.6530303955078,137.94529724121094,136.87571716308594,-0.02296290434539694,0.02541445998327596,0.04154004940323763,0.02040906563405445,0.022022255125605905,141.13069661458337,2.1234578404148134,0.9944990208820823,-0.36560980877413435,140.1258588518415,2.5414146028079636,1.0016305394995613,0.08990298061379552,137.6589813232422,3.3838453433083235,1.0195799667443282,0.7965370762872942,0.9267473071059033,1.0986122886681098,1.1512925464970227,0.13276345096528525,0.02429292071610685,0.8429435789585114,0.1084705302491784
141.48388671875,144.0728716327459,140.74418981710016,205122100.0,0.0080156136495666,0.0202663775249298,140.21299884263496,137.86153455965953,0.1901146993790139,62.04429857319074,4.750918082397106,4.735940385898544,0.0149776964985628,0.1404536399685139,0.7831678401696025,0.0060721505769293,-0.0284674670361216,-0.0008353422607355,0.0405436711218722,0.0,0.0256521211546014,0.0755318422121305,0.7156375122587294,0.8891199517557821,0.231522533634971,684.0,0,2024-10-25,0.008047824686881144,-0.014276808669332008,0.02565212115460147,140.35433959960938,139.50466918945312,143.5330810546875,137.94529724121094,137.94529724121094,-0.014276808669332008,0.02565212115460147,0.04999993771764144,0.020416972024409084,0.022038113422635154,140.44763183593753,0.9929013486206194,1.0073782296594573,1.043663486057382,140.6313716343471,2.382341902302712,1.006062054821022,0.35784749602015153,138.14021846226282,3.4167102395089164,1.0242048861201172,0.9786221312603209,0.9264391934492446,2.0794415416798357,1.3923045345371317,0.20152078356061656,0.021380325247134412,0.7770989090204239,0.18014045831348216
141.48388671875,144.0728716327459,140.74418981710016,205122100.0,0.0,0.0202663775249298,140.5307208116637,138.34451484753828,0.0,62.04429857319074,4.630855793686976,4.714923467456231,-0.0840676737692547,0.1206099926046347,0.7774482879367162,0.0080156136495666,0.0060721505769293,-0.0284674670361216,-0.0008353422607355,0.0405436711218722,-0.0150998810869892,0.0428823689520436,0.4615415320864484,0.4489989025573508,-0.2540959801722809,586.0,0,2024-10-26,0.0,0.014187464411022699,0.02565212115460147,141.48388671875,140.35433959960938,139.50466918945312,143.6530303955078,137.94529724121094,0.014187464411022699,0.02565212115460147,0.04999993771764144,0.020416972024409084,0.022038113422635154,141.10737101236984,0.6521443333015638,1.0026682922633938,0.5773502691865805,141.13688441685267,2.072691557192518,1.0024586223745202,0.16741627604608558,138.6214556012835,3.376181414102117,1.020649264610954,0.8478309564498823,0.9264391934492446,2.3978952727983707,1.9913106523508162,0.14725743532180782,0.17493762765079734,0.6778049372136593,-0.027680192328989522
140.4643096923828,143.08326638426843,139.99449475491215,173586700.0,-0.0072324028573191,0.0121965788488106,140.69283663942215,138.98992602085758,-0.1537396506763532,54.76099508060171,4.236537985811793,4.582301274346475,-0.3457632885346813,0.1014490806989936,0.6778562082142633,0.0,0.0,0.0080156136495666,0.0060721505769293,-0.0284674670361216,0.0068789131468169,0.0182609519972771,0.2170097357974887,0.1461573432441693,-0.0440782098503297,362.0,0,2024-10-28,-0.007206311969602308,-0.007206311969602308,-0.02219737860277482,141.48388671875,141.48388671875,141.48388671875,139.50466918945312,143.6530303955078,-0.007206311969602308,-0.02219737860277482,0.017744671098375298,0.012064056451412113,0.021376713900816136,141.14402770996097,0.5886530706363814,0.9951842240255825,-1.154700538371988,141.1868656703404,1.2789554943739663,0.9948822719838211,-0.5649578747157892,139.27762385777064,3.2623896490908697,1.0085202906378128,0.36374742512528235,0.5643550504248234,1.791759469228055,2.817913850435154,0.06388397812843319,0.07398125678300854,0.8621347427368165,-0.010097278654575353
141.19400024414062,142.20359433012132,138.8449258203989,157593600.0,0.0051814000049634,0.012596993302436,140.81812754060178,139.283802583962,-0.0921332106664853,74.13708446381676,4.0525737725521935,4.476355773987619,-0.4237820014354252,0.0961771859834394,0.7095493035466202,-0.0072324028573191,0.0,0.0,0.0080156136495666,0.0060721505769293,0.0059824345077363,0.023550661515115,0.7599452509389993,0.8215503446294635,0.5429355151415106,564.0,0,2024-10-29,0.0051948466721249975,-0.0020489009832308502,-0.01629645788524292,140.4643096923828,141.48388671875,141.48388671875,140.35433959960938,143.5330810546875,-0.0020489009832308502,-0.01629645788524292,0.0733281839631259,0.012464564276421106,0.016231506134405757,141.04739888509118,0.5253601593523112,1.0010393765514873,0.27904925114644846,140.8527112688337,0.7668195206616915,1.002423020275808,0.4450707971184982,139.96663556780135,2.4121165905605277,1.008768980345639,0.5088330643478816,0.7679240714452307,1.6094379124341003,1.9090674008448434,0.44835538137704134,0.0272773164324462,0.5243673184886575,0.42107806494459515
139.28475952148438,140.27437255912164,136.75576367804047,179418100.0,-0.0136143657660677,0.0078024679768319,140.4347855358224,139.28393017563167,0.1384859537443143,60.17998464927719,3.709954986310095,4.3230756164521145,-0.6131206301420198,0.0928748854940434,0.5507742780331026,0.0051814000049634,-0.0072324028573191,0.0,0.0,0.0080156136495666,-0.0155433049534268,0.0097100974593664,1.0424265596616742,1.0356111644453168,0.2824813087226748,720.0,0,2024-10-30,-0.013522109433509621,-0.015543304953426818,-0.001576360628260387,141.19400024414062,140.4643096923828,141.48388671875,141.48388671875,139.50466918945312,-0.015543304953426818,-0.001576360628260387,0.02667253026086991,0.007781922747695336,0.015062363122323908,140.31435648600265,0.9634129474655785,0.9926622122617867,-1.0686974544267922,140.82129560198103,0.8329085272880921,0.9890887519964342,-1.8447837069210271,140.22510419573103,2.0879488888502844,0.9932940347618919,-0.450367669088133,0.516646869053486,2.3978952727983707,1.6307051154388315,0.28820414096117014,0.1060234296135604,0.6057724120095372,0.18218071134760974
132.70736694335938,137.55545044959692,132.05763071180766,270039600.0,-0.0483740116291467,0.0192372045324033,138.50293088770667,138.40705507799538,0.5050856073049486,40.99350171935736,2.874550489588387,4.033370591079369,-1.1588201014909822,0.0975037938638504,0.068990198624175,-0.0136143657660677,0.0051814000049634,-0.0072324028573191,0.0,0.0,-0.0620319386110526,-0.0761951448014195,0.9887654288464224,0.9356423158955324,-0.0536611308152517,756.0,1,2024-10-31,-0.047222629386888926,-0.055223585023207344,-0.054483336091100676,139.28475952148438,141.19400024414062,140.4643096923828,141.48388671875,140.35433959960938,-0.055223585023207344,-0.054483336091100676,-0.03045354067266748,0.01883673989373882,0.019802465093067965,137.72870890299484,4.4521574928300405,0.9635417916886733,-1.127844638857018,139.72887093680245,3.1996475981579535,0.9497490823022623,-2.1944616643049617,139.92736489432198,2.78361684380731,0.9484018157819566,-2.59374704066218,0.9512320716238907,1.9459101490553132,0.8086717106532695,0.08639223594218487,0.23943031129116812,0.6741774411251148,-0.15303807534898325
135.34632873535156,137.25557537634637,134.5166711244238,207127800.0,0.0196904358892247,0.0212575015256416,137.71378034961788,137.99895823230955,-0.2329724973670528,44.741096426714485,2.397788357448661,3.706254144353228,-1.3084657869045668,0.0965341913250091,0.2598087469270239,-0.0483740116291467,-0.0136143657660677,0.0051814000049634,-0.0072324028573191,0.0,-0.0433799079579926,-0.0570373899813152,0.8418562071520292,0.3653297929194671,-0.1469092216943932,835.0,1,2024-11-01,0.019885571183990924,-0.04141586397919006,-0.043379907957992625,132.70736694335938,139.28475952148438,141.19400024414062,141.48388671875,141.48388671875,-0.04141586397919006,-0.043379907957992625,-0.01884057345800505,0.020914993003594434,0.020513794446226825,135.7794850667318,3.31002138773427,0.9968098543666787,-0.13086209442191685,138.8520769391741,3.468229381760895,0.9747519210291806,-1.0108178606233376,139.74172428676061,3.0039156695436184,0.96854629085305,-1.4632220191710108,1.0195575010961175,1.3862943611198906,1.81557912388877,0.28679180766145385,0.016526105813682034,0.696682075659434,0.2702657018477718
135.34632873535156,137.25557537634637,134.5166711244238,207127800.0,0.0,0.0212575015256416,137.1219174460513,137.6452742993818,0.0,44.741096426714485,1.996931548992194,3.3643896252810213,-1.367458076288827,0.0955473452138252,0.2551158264304813,0.0196904358892247,-0.0483740116291467,-0.0136143657660677,0.0051814000049634,-0.0072324028573191,-0.0364361663702306,-0.0298078944472773,0.7036007934090179,0.707839273055459,-0.1382554137430113,639.0,1,2024-11-02,0.0,-0.0282761071610661,-0.043379907957992625,135.34632873535156,132.70736694335938,139.28475952148438,140.4643096923828,141.48388671875,-0.0282761071610661,-0.043379907957992625,-0.01884057345800505,0.020914993003594434,0.020513794446226825,134.46667480468753,1.5236053009890056,1.0065417987909773,0.5773502691891603,137.97528294154577,3.467808242003576,0.9809461944911685,-0.7581025312620205,139.55608367919922,3.1975411151189483,0.9698346726788012,-1.316560066715844,1.0195575010961175,2.1972245773362196,2.4797131962704118,0.11086923058610405,0.15554787265136835,0.7335829234216362,-0.0446786420652643
135.99607849121094,138.90492874894582,135.51627301400697,187528200.0,0.004789159235307,0.0216548606519421,136.507534824085,137.15972559311552,-0.0946256369256082,30.518834156620798,1.429136855162028,2.704654793969985,-1.2755179388079574,0.0876364723682399,0.2793244012599996,0.0,0.0,0.0196904358892247,-0.0483740116291467,-0.0136143657660677,-0.0236112051424131,-0.0387875139339933,0.0824825515750852,0.1146545525281983,0.212149124086755,379.0,1,2024-11-04,0.004800645587734076,0.004800645587734076,-0.03181043790381566,135.34632873535156,135.34632873535156,135.34632873535156,139.28475952148438,140.4643096923828,0.004800645587734076,-0.03181043790381566,-0.05330170817291935,0.021300280978300157,0.01664357516985488,135.56291198730472,0.3751331964562376,1.0031953171966885,1.154700538363989,136.46017020089286,2.8404311158788547,0.996599068365526,-0.1633877713448191,138.82351793561662,3.2394020304878586,0.9796328497760949,-0.8728275829288986,1.2797899946929419,0.6931471805599453,0.6931471805599453,0.0525588653981685,0.0254734400659799,0.9219676852226256,0.027085425332188603
139.8545379638672,140.31434706066804,137.27555894461494,160537400.0,0.0279768172188286,0.0248521219895498,137.34428560903055,137.51903390921575,-0.1439292863686635,42.136740483765436,1.5396836005137118,2.471660555278731,-0.9319769547650192,0.0853413592988577,0.5815936465729127,0.004789159235307,0.0,0.0,0.0196904358892247,-0.0483740116291467,0.0538566259366617,-0.0115161435882923,0.6016489940156238,0.6583295096437426,0.5191664424405386,623.0,1,2024-11-05,0.028371843625664583,0.03330869237931622,-0.009486679872780401,135.99607849121094,135.34632873535156,135.34632873535156,132.70736694335938,141.19400024414062,0.03330869237931622,-0.009486679872780401,-0.025628538479005813,0.024589384911489678,0.018738860780177554,137.06564839680993,2.437000707682391,1.0203471081170048,1.1443942376649994,136.26881844656808,2.492140001387625,1.0263135731136106,1.4388114292546086,138.5607648577009,2.96563523748361,1.0093372254944968,0.43625496818148357,1.3122134370890335,1.791759469228055,2.7278024028946217,0.38289909437298775,0.2072535917162895,0.4098473276942968,0.17564550265669826
145.55227661132812,146.4319326348536,141.90372967757455,242043900.0,0.0399324435917873,0.0284348336596434,139.39628335960495,138.59013293616408,0.5077103528523572,62.06624231124728,2.0632685084868285,2.3899821459203507,-0.3267136374335222,0.0939474432402865,0.9760552103317688,0.0279768172188286,0.004789159235307,0.0,0.0,0.0196904358892247,0.0754061670629624,0.0287551465183135,0.7658790388145384,0.4567763897272588,0.1642300447989146,701.0,1,2024-11-06,0.0407404631298629,0.07540616706296244,0.04499786704141884,139.8545379638672,135.99607849121094,135.34632873535156,135.34632873535156,139.28475952148438,0.07540616706296244,0.04499786704141884,0.04335057354719862,0.028294003264783537,0.020250406316826987,140.46763102213546,4.807509017288436,1.036197987765533,1.0576466046985258,137.16417803083147,4.257142706727476,1.0611537115660854,1.97035879657995,138.99273681640625,3.505081861148249,1.047193399778769,1.8714369748765296,1.3972066941329844,1.0986122886681098,2.5053176470481278,0.042478042189031805,0.46486874856054783,0.4926532506942749,-0.42239070637151604
148.8209991455078,148.8709671267726,146.1120664908763,207323300.0,0.0222089242242465,0.0153030222980532,141.75246230608067,139.95424843074326,-0.1434475316254613,65.40564582987435,2.710724367790789,2.4541305902944384,0.2565937774963505,0.1109340970464966,1.0772157352566327,0.0399324435917873,0.0279768172188286,0.004789159235307,0.0,0.0,0.0995569701525029,0.0594933294544797,0.7562459631091791,0.6794781767441991,-0.0096330757053593,694.0,0,2024-11-07,0.02245737827178229,0.09430360637292723,0.12142228855332404,145.55227661132812,139.8545379638672,135.99607849121094,135.34632873535156,132.70736694335938,0.09430360637292723,0.12142228855332404,0.060323461106021936,0.015581968418716697,0.02089072935263864,144.74260457356775,4.537734361663338,1.0281768770429107,0.8987733187724771,139.46612548828125,5.592631505007272,1.0670763142266586,1.6727141147867202,139.59749821254186,4.379438447637423,1.0660721076743285,2.1060921493123743,0.7458795791994973,2.4849066497880004,1.4986342054078567,0.13096508561548859,0.195512497882274,0.6735224181955511,-0.06454741226678543
147.57150268554688,149.71065404524003,146.20203521151856,175665800.0,-0.0084314134421505,0.0177776327605252,143.20722240094722,140.96988233138376,-0.1526962960747778,61.02867758040172,3.0874239773592365,2.5807892677073982,0.5066347096518382,0.1200230801282548,0.928925109150813,0.0222089242242465,0.0399324435917873,0.0279768172188286,0.004789159235307,0.0,0.0903251241790217,0.0451683671429297,0.2529918193322475,0.2545988884684446,-0.5032541437769316,820.0,0,2024-11-08,-0.008395968762037853,0.05517850785559375,0.09032512417902172,148.8209991455078,145.55227661132812,139.8545379638672,135.34632873535156,135.34632873535156,0.05517850785559375,0.09032512417902172,0.04302692064784863,0.018059983311123923,0.021130521482985973,147.31492614746097,1.6493969780773745,1.0017416873143532,0.15555778353916255,141.21257890973772,5.986636232143641,1.0450308593250304,1.0621864314498717,140.03232792445593,4.8572900323474695,1.0538388161707783,1.5521360081204283,0.8546870613517793,1.9459101490553132,2.2640978032218504,0.2307085295518239,0.08488198540483904,0.684409499168396,0.14582654414698484
147.57150268554688,149.71065404524003,146.20203521151856,175665800.0,0.0,0.0177776327605252,144.29829247209713,141.8500983786055,0.0,61.02867758040172,3.347374680270576,2.734106350220034,0.6132683300505422,0.1268160461205539,0.877611832631356,-0.0084314134421505,0.0222089242242465,0.0399324435917873,0.0279768172188286,0.004789159235307,0.0851158674776348,0.0594949741273329,0.4720043427544426,0.7618338614206566,0.219012523422195,630.0,1,2024-11-09,0.0,0.01387285806329741,0.09032512417902172,147.57150268554688,148.8209991455078,145.55227661132812,135.99607849121094,135.34632873535156,0.01387285806329741,0.09032512417902172,0.04302692064784863,0.018059983311123923,0.021130521482985973,147.9880015055339,0.7213971175135332,0.9971855906171457,-0.5773502691868091,142.9590323311942,5.769332772816149,1.0322642807462974,0.7994807261050413,140.46715763637,5.253552064346115,1.0505765558919333,1.352293640980815,0.8546870613517793,1.9459101490553132,2.67863646762585,0.20653262951721743,0.08172727127869922,0.7117401026189327,0.12480535823851821
145.202392578125,148.79098057849544,143.51307554919703,182325600.0,-0.016184242223873,0.0207790635966063,145.13804441362592,142.958210991788,0.0379117619935127,58.183623739110764,3.4135508585615923,2.994601122396508,0.4189497361650844,0.1343070122205172,0.7160943773233727,0.0,0.0,-0.0084314134421505,0.0222089242242465,0.0399324435917873,-0.0024038375857041,0.0728210652986784,0.2169091890116975,0.5483490293763641,-0.3230851073855342,370.0,1,2024-11-11,-0.016053981048563926,-0.016053981048563926,0.06769543790565291,147.57150268554688,147.57150268554688,147.57150268554688,145.55227661132812,135.99607849121094,-0.016053981048563926,0.06769543790565291,0.03373157847796793,0.02103062627078611,0.021593629820174372,146.78179931640628,1.3678063582617361,0.9892397644283085,-1.1547005383777076,146.02067347935267,2.999089972299185,0.9943961297963513,-0.27284306532502917,141.24042184012276,5.699438688939207,1.0280512525124499,0.6951510410474558,0.973927331621557,1.3862943611198906,2.507286417400543,0.04373873925457394,0.3669826878855625,0.5892785750329494,-0.32324394863098854
148.231201171875,149.5906625866308,145.95210633724608,198634700.0,0.020644644860229,0.0198479953785416,145.91133360318818,143.66127634913295,0.0894504117907744,61.260357214011975,3.5384321606948674,3.10336733005618,0.4350648306386873,0.1406864495557876,0.8358485242761924,-0.016184242223873,0.0,0.0,-0.0084314134421505,0.0222089242242465,-0.0039631367684619,0.095199275495073,0.99357132923322,1.079541413647822,0.7766621402215226,619.0,0,2024-11-12,0.02085921960356396,0.004470365038796498,0.05989554096680094,145.202392578125,147.57150268554688,147.57150268554688,148.8209991455078,139.8545379638672,0.004470365038796498,0.05989554096680094,0.04984065127106141,0.02008264709903897,0.022137966687309624,147.001698811849,1.5927735919644814,1.0083638649754632,0.7719253798712036,147.21733965192522,1.3421611897544339,1.0068868349499245,0.7553947526491094,141.74307904924666,5.997553082581665,1.0457738195483544,1.081794864220778,0.9071586104857206,2.302585092994046,1.984704904168369,0.2890040739956829,0.0331420203049977,0.6778539195656776,0.2558620536906852
146.21200561523438,149.2707898303925,145.8421419549503,191903300.0,-0.0137155632304839,0.0154792932432641,145.98650160619974,144.00137358461313,-0.0338883387444388,61.04554916805106,3.434874194478141,3.169668702940573,0.2652054915375683,0.1431516565083202,0.7155107899912426,0.020644644860229,-0.016184242223873,0.0,0.0,-0.0084314134421505,-0.0092124634199151,0.080280543856708,0.4576680277904754,0.6293971411599538,-0.5359033014427448,804.0,0,2024-11-13,-0.01362193344368412,-0.009212463419915107,0.004532591445944423,148.231201171875,145.202392578125,147.57150268554688,147.57150268554688,145.55227661132812,-0.009212463419915107,0.004532591445944423,0.04973441543460089,0.015541830517961465,0.022143958592988344,146.54853312174484,1.542192739697962,0.9977036446606334,-0.21821364985570665,147.31158665248327,1.2236873288048928,0.99253567854209,-0.898580063195388,142.23788234165735,6.064516622858733,1.027939977790383,0.6553075077076254,0.701854207895901,2.4849066497880004,1.37036104977948,0.1885406760160218,0.28069313674826507,0.5307661850344051,-0.09215246073224326
146.70181274414062,148.94093020600926,145.49230097997514,194463300.0,0.0033443801879045,0.0124441140068012,146.16532939068497,144.36143213921682,0.0133400519949369,77.68978647398886,3.3536681036572418,3.2064685830839066,0.1471995205733351,0.1460910308571182,0.7218139547032144,-0.0137155632304839,0.020644644860229,-0.016184242223873,0.0,0.0,-0.0058933461107286,0.0787209041003456,0.6362573960807475,0.7454618333379118,0.1785893682902721,699.0,0,2024-11-14,0.0033499788669557606,0.010326415008684364,-0.014239834522916883,146.21200561523438,148.231201171875,145.202392578125,147.57150268554688,148.8209991455078,0.010326415008684364,-0.014239834522916883,0.10545342073401387,0.012467662423313765,0.01663820501713901,147.04833984375003,1.0532561165581655,0.9976434477262537,-0.329005542110485,147.00884573800224,1.0357282291666412,0.997911465855539,-0.29644165835728303,143.23748561314173,5.499830496493185,1.024185897400876,0.6298970728657599,0.7493393915071266,2.1972245773362196,2.5736857616856716,0.07856562046799803,0.4393155975267291,0.4821187680354342,-0.3607499770587311
141.9237060546875,145.1824233503257,140.02446543358045,250132900.0,-0.0331124099744431,0.017157700445378,145.1049235566856,144.0364019946129,0.2862730396943793,61.998486880451864,2.87066715011008,3.139308296489141,-0.2686411463790614,0.1460176547750852,0.49058229375723,0.0033443801879045,-0.0137155632304839,0.020644644860229,-0.016184242223873,0.0,-0.038271593960075,0.0147951444475467,0.8167459585520213,0.7689689563667745,0.1804885624712737,846.0,0,2024-11-15,-0.03257019528304339,-0.042551737200550055,-0.03827159396007507,146.70181274414062,146.21200561523438,148.231201171875,147.57150268554688,147.57150268554688,-0.042551737200550055,-0.03827159396007507,0.04859664374197359,0.017047716072231798,0.019285164981609076,144.9458414713542,2.628679252664726,0.9791498991210177,-1.1496782704101827,146.20201764787947,2.137820524789875,0.9707369866570783,-2.001249189808618,143.7072982788086,5.035193725238508,0.9875887150793085,-0.3542251443436982,0.8839808261162931,1.3862943611198906,0.8283022165960001,0.11588883648316063,0.153958856438597,0.7301523089408875,-0.038070019955436366
141.9237060546875,145.1824233503257,140.02446543358045,250132900.0,0.0,0.017157700445378,144.30961918118606,143.75470920262285,0.0,61.998486880451864,2.459533444053335,3.00335332600198,-0.5438198819486453,0.145941521494076,0.4895187414310843,-0.0331124099744431,0.0033443801879045,-0.0137155632304839,0.020644644860229,-0.016184242223873,-0.0225801136277656,-0.0249296722876419,0.6801957489421594,1.2415442827090994,-0.1365502096098618,703.0,1,2024-11-16,0.0,-0.029329325881978452,-0.03827159396007507,141.9237060546875,146.70181274414062,146.21200561523438,145.202392578125,147.57150268554688,-0.029329325881978452,-0.03827159396007507,0.04859664374197359,0.017047716072231798,0.019285164981609076,143.51640828450525,2.7586411833733666,0.9889022987067765,-0.5773502691894609,145.3951895577567,2.5590792428867255,0.9761238077158654,-1.356536149757231,144.17711094447546,4.470213730931323,0.9843705781380528,-0.5040933220252278,0.8839808261162931,2.1972245773362196,1.9132868319654954,0.24948110454715786,0.31528882193379104,0.4352300968021154,-0.06580771738663319
140.09442138671875,141.49387540802255,137.09561095173166,221205300.0,-0.0129729981544769,0.0168672248643631,142.80846102135075,143.05508824118533,-0.1156489210335786,57.16775966579686,1.6650988672068934,2.592668505351432,-0.9275696381445386,0.1459974253403401,0.4005196253625669,0.0,0.0,-0.0331124099744431,0.0033443801879045,-0.0137155632304839,-0.0418405055232906,-0.0506675148166017,-0.1828630052692056,-0.1881040872502076,0.2364323861580211,336.0,1,2024-11-18,-0.012889211526535771,-0.012889211526535771,-0.0351782852934599,141.9237060546875,141.9237060546875,141.9237060546875,146.21200561523438,145.202392578125,-0.012889211526535771,-0.0351782852934599,0.0301357431844822,0.016758640124613124,0.019771502528679003,141.31394449869796,1.0561379954783128,0.9913701148439003,-1.1547005383770006,143.85865129743303,3.1129434639847253,0.9738338301049995,-1.2092188484193904,144.93966238839286,3.1436130087478142,0.9665706341395333,-1.5412969052460121,0.8476159108446283,2.1972245773362196,3.130848110612856,0.12874332140199837,0.36728542228229344,0.503971241414547,-0.23854210088029507
146.95172119140625,147.07168399645053,140.9341184421503,227834900.0,0.0477874718108983,0.0249564225472882,143.84427606386464,143.5746393012148,0.0299703488117146,61.23413922747585,1.8450521098738195,2.443145226255909,-0.5980931163820902,0.1472700958800009,0.7100418611902282,-0.0129729981544769,0.0,0.0,-0.0331124099744431,0.0033443801879045,0.0017035130145357,-0.0041998724879916,0.2098819058070415,0.5223939373582219,0.3927449110762472,702.0,0,2024-11-19,0.048947700677948625,0.03542759188363709,-0.008631650896393839,140.09442138671875,141.9237060546875,141.9237060546875,146.70181274414062,148.231201171875,0.03542759188363709,-0.008631650896393839,0.05074689267053101,0.025209231833620928,0.022442656311571652,142.98994954427087,3.5508163198278213,1.0277066441366132,1.1157354507505148,143.67586844308036,2.838911881378572,1.022800298921622,1.153911387603598,145.4466040475028,2.815642679847021,1.010348245349282,0.534555451469866,1.1232730869127467,2.0794415416798357,1.4464328317833377,0.07341304314987995,0.053125160214092006,0.87346179996218,0.020287882935787947
145.83216857910156,147.5015047606034,142.67341754276418,309871700.0,-0.0076476753538406,0.0245529293070739,144.34124919267387,143.87564320493303,0.3600712621288486,50.51813837398953,1.8757058424931188,2.3296573495033512,-0.4539515070102324,0.1326971528776182,0.6385879743546341,0.0477874718108983,-0.0129729981544769,0.0,0.0,-0.0331124099744431,0.0275391802614568,-0.0117863820235779,0.311235409658906,0.5738316043528835,0.1013535038518645,716.0,0,2024-11-20,-0.0076185062905554934,0.027539180261456853,-0.002597851212932434,146.95172119140625,140.09442138671875,141.9237060546875,141.9237060546875,146.21200561523438,0.027539180261456853,-0.002597851212932434,0.0019229652348264903,0.024805926127892498,0.019891798964647715,144.29277038574222,3.6787158426732534,1.0106685746572335,0.4184607507604325,143.6216060093471,2.7854847471614765,1.0153915739503052,0.7936006729195435,145.46659633091517,2.817443818909212,1.0025131009964292,0.12975316339330922,1.2470428728934126,2.302585092994046,2.4374478522763954,0.27006425129042727,0.29022061162524754,0.43971515591773724,-0.020156360334820267
146.6118621826172,152.8293979645091,140.64422730754492,400946600.0,0.0053322712651067,0.0246144915031416,144.9089024401597,144.2404724019576,0.2939116414954963,45.495299838328876,1.9405445148543092,2.251834782573543,-0.3112902677192335,0.1231851331490705,0.6609249228158555,-0.0076476753538406,0.0477874718108983,-0.0129729981544769,0.0,0.0,0.0330329319763056,0.0097069309910566,0.3524464325466899,0.4224181133443374,0.0412110228877838,917.0,0,2024-11-21,0.005346513126098795,0.046521772468780975,-0.0006131523519775639,145.83216857910156,146.95172119140625,140.09442138671875,141.9237060546875,146.70181274414062,0.046521772468780975,-0.0006131523519775639,-0.014844255686864982,0.02486376981291834,0.018929299760462554,146.4652506510417,0.5739953996573216,1.001000998741502,0.25542283381191094,143.60875592912947,2.769065854543628,1.020911721113786,1.084519621864558,145.30880083356584,2.6732994523907134,1.0089675321905922,0.48743560991120116,1.3135071094838413,2.772588722239781,1.9010855703754925,0.3651938603570064,0.10587772751847899,0.5289284108827511,0.2593161328385274
141.8937225341797,147.1016638018941,141.04406865837018,236406200.0,-0.0327103569489342,0.0245248930429299,144.1551074636647,143.9275724195872,-0.4103798361178271,39.85712159547551,1.5928537646652785,2.12003857899189,-0.5271848143266116,0.110849955564429,0.3625348025049809,0.0053322712651067,-0.0076476753538406,0.0477874718108983,-0.0129729981544769,0.0,-0.0002112650616399,-0.0427540125668074,0.2599703965301224,0.332608455930435,-0.0924760360165675,862.0,0,2024-11-22,-0.032181159001723025,-0.03441945841953398,-0.00021126506163993142,146.6118621826172,145.83216857910156,146.95172119140625,141.9237060546875,141.9237060546875,-0.03441945841953398,-0.00021126506163993142,-0.038474773571057996,0.024778669767615853,0.020643294968565335,144.77925109863284,2.5291672248097443,0.9800694606267348,-1.1409006633281105,143.60447256905692,2.772128312236471,0.9880870699618735,-0.6171251263247096,144.90324510846818,2.7336250007542167,0.9792308131399287,-1.100927366942488,1.200325326230511,2.1972245773362196,0.7737894257316434,0.09799166047014292,0.13686529977712777,0.7651430265977979,-0.038873639306984856
141.8937225341797,147.1016638018941,141.04406865837018,236406200.0,0.0,0.0245248930429299,143.58976123129344,143.6563924348662,0.0,39.85712159547551,1.3022943020993694,1.956489723613386,-0.6541954215140167,0.0961964155033549,0.3183891850396009,-0.0327103569489342,0.0053322712651067,-0.0076476753538406,0.0477874718108983,-0.0129729981544769,0.012843488910198,-0.029534394681778,0.1580403677819548,0.5134197877693644,-0.1019300287481675,929.0,0,2024-11-23,0.0,-0.02700670286463991,-0.00021126506163993142,141.8937225341797,146.6118621826172,145.83216857910156,140.09442138671875,141.9237060546875,-0.02700670286463991,-0.00021126506163993142,-0.038474773571057996,0.024778669767615853,0.020643294968565335,143.46643575032556,2.724019196100498,0.9890377619829989,-0.5773502691894572,143.60018920898438,2.775179677450647,0.9881165429920066,-0.614903131739669,144.49768938337053,2.728484289900119,0.9819791800110922,-0.9543638784470198,1.200325326230511,2.302585092994046,2.380572987358134,0.1557466513994667,0.3252421712709797,0.5190111911959119,-0.169495519871513
135.96607971191406,141.99368792347047,135.7661620516237,344941900.0,-0.042672903783424,0.0292509126176871,141.36583359573976,142.42733110550438,0.4591068254555084,35.361274660834184,0.3848861710541769,1.4986997835332516,-1.1138136124790747,0.0931160828201664,-0.1354452613580592,0.0,0.0,-0.0327103569489342,0.0053322712651067,-0.0076476753538406,-0.0676537211461405,-0.0419776689066855,0.2646950227213029,-0.0101321217937006,-0.231962387300934,361.0,0,2024-11-25,-0.04177522949147916,-0.04177522949147916,-0.029468280277975878,141.8937225341797,141.8937225341797,141.8937225341797,145.83216857910156,140.09442138671875,-0.04177522949147916,-0.029468280277975878,-0.06360992200070958,0.029317178329338032,0.022948454334558294,139.91784159342453,3.4223261790956347,0.9717565548717256,-1.1547005383790552,143.00614275251115,3.869326979395651,0.9507709046262387,-1.8194541526435368,143.4323970249721,3.4026725646330833,0.9479453912231689,-2.1942508928604876,1.277523004466101,1.791759469228055,1.9606892396711804,0.2259832702577113,0.11253048740327354,0.6614862598478795,0.11345278285443777
136.86573791503906,139.24479962175627,135.61623327961902,190287700.0,0.0065949893362896,0.0195751142381642,140.24080967556458,141.68578534677567,-0.4483485479728615,30.68305771428186,-0.0765165458403771,1.183656517658526,-1.260173063498903,0.1044091364057192,0.02025195187786,-0.042672903783424,0.0,0.0,-0.0327103569489342,0.0053322712651067,-0.066475687045285,-0.0356386419172245,0.2758397063620409,0.2057996148276713,0.011144683640738,668.0,1,2024-11-26,0.0066167841643387515,-0.03543486300410137,-0.06863467262986378,135.96607971191406,141.8937225341797,141.8937225341797,146.6118621826172,146.95172119140625,-0.03543486300410137,-0.06863467262986378,-0.07667389299272842,0.01923084313608465,0.022038319302727653,138.24184672037765,3.1944473606855808,0.9900456421989063,-0.4307814936237527,141.56528799874442,4.029778592786511,0.9668029490128467,-1.1662055310229134,142.6205782209124,3.5233522215724484,0.9596492990165882,-1.6333423240055698,0.8726093343109189,1.3862943611198906,1.290400336969297,0.33106536356111366,0.29973393678665156,0.36920069220165413,0.0313314267744621
135.2863311767578,137.1655905980091,131.74774157257602,226370900.0,-0.0116069260474963,0.0195476831114128,139.00219005086288,140.8325247907733,0.1896244476127464,31.14871407652197,-0.5631349778475396,0.8342982185573128,-1.3974331964048523,0.1134837538636174,0.0010653352415091,0.0065949893362896,-0.042672903783424,0.0,0.0,-0.0327103569489342,-0.0465657764093846,-0.0467672037494011,0.7216401718434824,0.3227449998635661,0.4458004654814415,747.0,1,2024-11-27,-0.011539825542472015,-0.04656577640938464,-0.07231489118687506,136.86573791503906,135.96607971191406,141.8937225341797,141.8937225341797,145.83216857910156,-0.04656577640938464,-0.07231489118687506,-0.07472487907202452,0.019208895492098654,0.021985942865016594,136.03938293457034,0.7922508649883114,0.9944644577065253,-0.9505218499491808,140.0587397984096,4.138556704277019,0.9659256635571558,-1.1531577220434601,141.84017290387834,3.8605351956233807,0.9537941783844136,-1.6976510755686154,0.8736898667495084,2.70805020110221,1.4920344232741019,0.25983468090583167,0.3028393316614841,0.43732597306370735,-0.04300465075565241
135.2863311767578,137.1655905980091,131.74774157257602,226370900.0,0.0,0.0189112738658258,138.07322533233662,140.09303230890458,0.0,29.964955242011285,-0.9379712424930632,0.4798443263472376,-1.417815568840301,0.1211790459906314,0.0662387553260945,-0.0116069260474963,0.0065949893362896,-0.042672903783424,0.0,0.0,-0.0465657764093846,-0.0343203545320952,-0.7574984364469931,-0.327501225865333,-1.4791386082904756,872.0,1,2024-11-28,0.0,-0.004999397913042047,-0.07724839475643852,135.2863311767578,136.86573791503906,135.96607971191406,141.8937225341797,146.6118621826172,-0.004999397913042047,-0.07724839475643852,-0.07781418207348467,0.01856921347610558,0.02190253586660287,135.81280008951828,0.911870905508674,0.9961235692628865,-0.5773502691883573,138.44080679757255,3.2729810639620336,0.9772142643936828,-0.963792811253285,141.024781363351,3.9589987885734814,0.9593089233600154,-1.4494700536801326,0.847811120557051,1.3862943611198906,0.6931471805599453,0.07624353344241773,0.16335516485075155,0.7604013085365295,-0.08711163140833382
138.19520568847656,139.29477581313424,135.99608069190262,141863200.0,0.021273715587895,0.0197994640638468,138.1037204213716,139.83998875951417,-0.373315209684637,42.99668852344373,-0.9889102780469728,0.1860934054683956,-1.1750036835153683,0.1205288002909816,0.2593656969802316,0.0,-0.0116069260474963,0.0065949893362896,-0.042672903783424,0.0,-0.0260654014825231,-0.0595877028995409,-0.0962711215206979,0.1219861685867391,0.6612273149262952,727.0,1,2024-11-29,0.021501614290346582,0.009713663870082545,-0.02606540148252312,135.2863311767578,135.2863311767578,136.86573791503906,141.8937225341797,141.8937225341797,0.009713663870082545,-0.02606540148252312,-0.026271159835512092,0.01955224920316969,0.021535209159498036,136.25595601399743,1.679439482380813,1.0142324029804606,1.1547005383784372,137.9124472481864,2.8999418499057903,1.0020502749819333,0.0975048655887194,140.75845990862166,4.018832413302122,0.9817896968906229,-0.6378106764693302,0.9079200976576646,2.1972245773362196,2.03181445843609,0.10530208656564351,0.046562975272536236,0.8481349349021912,0.05873911129310727
138.19520568847656,139.29477581313424,135.99608069190262,141863200.0,0.0,0.0197994640638468,138.12659173814785,139.6206843500425,0.0,42.99668852344373,-1.0175501460388432,-0.0546353048330521,-0.9629148412057912,0.1183203610973602,0.2819960021879062,0.021273715587895,0.0,-0.0116069260474963,0.0065949893362896,-0.042672903783424,0.0163947212516943,-0.052368163794277,0.80077315784924,1.5997093887920526,0.8970442793699379,731.0,1,2024-11-30,0.0,0.021501614290346582,-0.02606540148252312,138.19520568847656,135.2863311767578,135.2863311767578,135.96607971191406,141.8937225341797,0.021501614290346582,-0.02606540148252312,-0.026271159835512092,0.01955224920316969,0.021535209159498036,137.22558085123703,1.6794394823808478,1.007065918987005,0.5773502691891897,137.38408769880022,2.335709354625491,1.005904017002716,0.347268373982431,140.4921384538923,4.059013479381255,0.9836508092858907,-0.5658844882096501,0.9079200976576646,1.791759469228055,2.756319594348991,0.3873696021735668,0.37447679787874216,0.23815360423177476,0.012892804294824645
138.5750274658203,140.39429776497158,137.7653511333102,171682800.0,0.0027446738867508,0.009888649743267,138.25156578575258,139.3165414534764,0.2101996853306564,46.981747109964125,-0.9948689650734934,-0.3984832322665931,-0.5963857328069003,0.1113703065920228,0.3442562594263094,0.0,0.0,0.021273715587895,0.0,-0.0116069260474963,0.0243091542246471,-0.0233885968250636,0.5036558029699486,0.8486451362407446,0.2258275420910815,456.0,1,2024-12-02,0.002748443952534485,0.002748443952534485,0.019188225176706597,138.19520568847656,138.19520568847656,138.19520568847656,135.2863311767578,135.96607971191406,0.002748443952534485,0.019188225176706597,-0.010845499098813383,0.009945357605033893,0.021313782426061915,138.32181294759118,0.21929020540287092,1.0018306188505863,1.1547005383297146,137.22843497140067,1.4313357198427636,1.0098127803811234,0.9407943054530672,140.11728886195593,4.104023865123995,0.9889930685309287,-0.3757925019008188,0.4666162676444036,0.6931471805599453,0.6931471805599453,0.0645413696765899,0.0527432933449745,0.8827153444290161,0.0117980763316154
140.20440673828125,140.48429454860658,137.8953246767264,164414000.0,0.0116895123982682,0.0103962338173225,138.73977602388476,139.43492349145038,-0.0423385452706969,33.0827970893621,-0.8272873596836803,-0.4842440577500105,-0.3430433019336697,0.1061229884301855,0.4654282990310578,0.0027446738867508,0.0,0.0,0.021273715587895,0.0,0.0363530854798459,-0.0119055005797843,0.7344889506533995,0.9697185049427356,0.2308331476834508,666.0,1,2024-12-03,0.011758101746455196,0.014538862182627899,0.024393751673005948,138.5750274658203,138.19520568847656,138.19520568847656,135.2863311767578,136.86573791503906,0.014538862182627899,0.024393751673005948,-0.045915178117148736,0.010454388290010216,0.016424498724898217,138.9915466308594,1.067397946303005,1.0087261429692773,1.13627734775269,137.70538766043526,1.7992963155506012,1.0181475766511638,1.3888868977543942,139.63533782958984,3.60560891692751,1.004075393217338,0.15782879447068088,0.636511863473934,2.1972245773362196,1.5302764615182558,0.39935531467199326,0.07411654014140363,0.526528156362474,0.32523877453058964
145.0824737548828,145.73221002899123,140.2343899311033,231224300.0,0.0342009593344459,0.0133433886151305,140.32545045663426,140.1879301932414,0.4063540817691924,48.41841096849956,-0.2974299027441418,-0.4468812267488368,0.149451324004695,0.1027443913440126,0.8074580033461589,0.0116895123982682,0.0027446738867508,0.0,0.0,0.021273715587895,0.0498372431380269,0.022472813904329,0.7045983724656634,0.6356880201924148,-0.0298905781877361,788.0,0,2024-12-04,0.03479253705418417,0.049837243138026954,0.07241043860762164,140.20440673828125,138.5750274658203,138.19520568847656,138.19520568847656,135.2863311767578,0.049837243138026954,0.07241043860762164,-0.005140805567957374,0.01355569636574953,0.01922427379674309,141.28730265299484,3.386179554134751,1.0268613741689796,1.1207825932484343,139.1048366001674,3.0079108756792023,1.042972173368041,1.9873052765785912,139.5817881992885,3.5108166502703417,1.0394083327528423,1.5667823482524357,0.7051343790185765,2.5649493574615367,1.8994051518170074,0.4057328690153857,0.0745486620580777,0.5197184771920244,0.331184206957308
145.0124969482422,146.49200804389403,143.9028598130552,172621200.0,-0.0004824406836717,0.0134046749845284,141.49721207953624,140.83120576057482,-0.2534469776749243,46.52175298127873,0.1155079026217151,-0.3344034008747265,0.4499113034964416,0.1060907803284794,0.7824091023896989,0.0342009593344459,0.0116895123982682,0.0027446738867508,0.0,0.0,0.0493308810953496,0.0665343683917027,-0.1003435024952715,0.360805989011869,-0.8049418749609348,836.0,0,2024-12-05,-0.00048232432787742585,0.04645475884181005,0.07189318896361141,145.0824737548828,140.20440673828125,138.5750274658203,138.19520568847656,135.2863311767578,0.04645475884181005,0.07189318896361141,-0.010908839234187284,0.013616764513353965,0.019158028379249206,143.43312581380212,2.796371638363841,1.0110112020879356,0.5647930027512928,140.4942888532366,3.190887838592694,1.0321593719708093,1.4159720816129602,139.46754782540458,3.283101036381217,1.039757988215145,1.6889364845589712,0.7107602224925611,1.9459101490553132,1.0289643506503228,0.19195359883209065,0.09282513987272976,0.715221273402373,0.09912845895936089
142.39334106445312,145.6522676421263,141.2637063556289,188505600.0,-0.0182266888600724,0.0159080190861429,141.72124432576547,141.03949046775858,0.0920188250342368,51.19571830376934,0.2287828317357423,-0.2217661543526327,0.450548986088375,0.1063271068385567,0.6052377406294673,-0.0004824406836717,0.0342009593344459,0.0116895123982682,0.0027446738867508,0.0,0.0303782997033927,0.0403870481657386,-0.0192834020359593,0.3256483340272629,0.0810601004593121,949.0,0,2024-12-06,-0.018061587372872334,0.01561245025812874,0.030378299703392786,145.0124969482422,145.0824737548828,140.20440673828125,138.19520568847656,138.19520568847656,0.01561245025812874,0.030378299703392786,0.003521075642744398,0.016060590059418716,0.01768313581346386,144.16277058919275,1.532770309158159,0.9877261687084122,-1.1543996606454636,141.0940224783761,3.0793247134573942,1.0092088847086074,0.4219491956787423,139.50323486328125,3.3140713265951858,1.0207171267677362,0.8720712128248355,0.908243324534682,2.302585092994046,1.9237313318734968,0.26931603273583776,0.2902245422204335,0.4404594558808539,-0.020908509484595716
142.39334106445312,145.6522676421263,141.2637063556289,188505600.0,0.0,0.0159080190861429,141.88926851043738,141.2200038806512,0.0,51.19571830376934,0.3149237838138674,-0.1144281667193327,0.4293519505332001,0.1065583558271798,0.6034272133536541,-0.0182266888600724,-0.0004824406836717,0.0342009593344459,0.0116895123982682,0.0027446738867508,0.0275541247832304,0.0525330964767585,0.1520296995761802,0.0648796815946753,0.1713131016121395,858.0,0,2024-12-07,0.0,-0.01853520015775978,0.030378299703392786,142.39334106445312,145.0124969482422,145.0824737548828,138.5750274658203,138.19520568847656,-0.01853520015775978,0.030378299703392786,0.003521075642744398,0.016060590059418716,0.01768313581346386,143.26639302571618,1.5121703545567509,0.9939060937961469,-0.5773502691890615,141.69375610351562,2.818414779159829,1.0049373026742718,0.24821930615409513,139.53892190115792,3.344344784567222,1.0204560786654,0.8535062462659884,0.908243324534682,2.6390573296152584,1.7067481420542099,0.13344474423390165,0.03587761757752064,0.8306776399795825,0.09756712665638101
138.7645263671875,139.90415231737651,137.08508402113657,189308600.0,-0.0258147940119194,0.019599881232919,141.20259657850283,141.02819250898426,0.0042598203979085,57.52547555602242,0.1350935522543181,0.0143965651430329,0.1206969871112852,0.0999968341166446,0.3731921566285919,0.0,0.0,-0.0182266888600724,-0.0004824406836717,0.0342009593344459,-0.0435472819299284,0.0041196847305564,-0.3081834889969155,-0.5082797609030332,-0.9115110685677918,403.0,0,2024-12-09,-0.025484440986766832,-0.025484440986766832,0.0013674823294833605,142.39334106445312,142.39334106445312,142.39334106445312,145.0824737548828,138.5750274658203,-0.025484440986766832,0.0013674823294833605,0.02058194706505323,0.01967983338425357,0.015031779757839163,141.18373616536462,2.095097142306629,0.982864812450185,-1.1547005383786908,142.320561000279,2.309908482952051,0.975013907982807,-1.5394699224390571,139.77449798583984,3.223239067050267,0.9927742783325564,-0.31334058617520255,1.3092151229790616,1.791759469228055,2.1955614297270385,0.0869045756757259,0.043198050186037985,0.8698973417282104,0.04370652548968792
135.0257568359375,141.77354545828368,133.74616214517607,210020900.0,-0.0273128900673574,0.0212610639177502,139.6583866428615,140.22786775257802,0.1094102433803851,45.70745095526436,-0.3556525028953103,-0.0596132484646356,-0.2960392544306747,0.0996753869736733,0.1430980438352572,-0.0258147940119194,0.0,0.0,-0.0182266888600724,-0.0004824406836717,-0.068868134281345,-0.022934578929487,0.3138591462551963,0.1888871608916376,0.6220426352521119,751.0,0,2024-12-10,-0.02694326589892848,-0.051741072815903344,-0.03693642748341497,138.7645263671875,142.39334106445312,142.39334106445312,145.0124969482422,140.20440673828125,-0.051741072815903344,-0.03693642748341497,-0.013443693850127447,0.02131267658572523,0.016742090170639327,138.7278747558594,3.6839288601345026,0.9733138136337987,-1.0049374079896691,141.58075387137276,3.5804776221741887,0.9537013551899114,-1.830760509391159,139.643070765904,3.3844479704967947,0.9669348868895405,-1.3642738698354846,1.272999749045753,1.9459101490553132,2.6802773341232267,0.17049919534474609,0.46836217772215605,0.36113864990572125,-0.29786298237740993
139.2643585205078,140.12407738797447,135.16571086465208,184905200.0,0.0309084351274012,0.0202520338746767,139.55987961227308,140.09939985496865,-0.1195866697076338,58.25609396158489,-0.3979650612616865,-0.1272836110240458,-0.2706814502376407,0.0895007763360214,0.4700220686019151,-0.0273128900673574,-0.0258147940119194,0.0,0.0,-0.0182266888600724,-0.0219742195846714,0.0077365406904299,-0.1623115993089886,0.0282588316125906,-0.476170745564185,906.0,0,2024-12-11,0.03139106037169204,-0.021974219584671495,-0.040102123184118876,135.0257568359375,138.7645263671875,142.39334106445312,142.39334106445312,145.0824737548828,-0.021974219584671495,-0.040102123184118876,0.02940450309464393,0.020262632335267653,0.018473003773850256,137.6848805745443,2.316389936581015,1.0114716876636891,0.681870492104973,140.74959455217635,3.296128653412171,0.9894476709762886,-0.45060013969145596,139.92721557617188,3.149361988346537,0.9952628439511596,-0.21047344132456255,1.0968780488179586,2.6390573296152584,2.555945875707935,0.2969680420624522,0.2159838913581692,0.4870480682987433,0.080984150704283
137.29501342773438,138.39465924672223,135.75552453494274,159211400.0,-0.0142419934378736,0.0203122403473268,138.9936630661384,139.72548166467075,-0.138956611279726,53.85383750185167,-0.5836794655447761,-0.2185627819281919,-0.3651166836165842,0.0894919617899835,0.3305491209769218,0.0309084351274012,-0.0273128900673574,-0.0258147940119194,0.0,0.0,-0.0358045369158873,-0.009236974810643,0.3960266329183146,0.7869271234738513,0.5583382322273033,820.0,0,2024-12-12,-0.014141056000939622,-0.010589975535711615,-0.053219437516908163,139.2643585205078,135.0257568359375,138.7645263671875,142.39334106445312,145.0124969482422,-0.010589975535711615,-0.053219437516908163,0.014847636368763073,0.020339075517316063,0.01898385875383514,137.19504292805993,2.1210685127356075,1.0007286742840036,0.04713214074613094,139.64709690638952,2.8994272737121087,0.9831569468269589,-0.8112234785057383,140.07069287981307,2.9618436561555903,0.9801837244107848,-0.937145836955305,1.07138784485568,1.9459101490553132,1.2175313692321728,0.33879577182233334,0.1213013761055966,0.5399028441558281,0.21749439571673673
134.20602416992188,139.55427778956917,132.4965775973186,231514900.0,-0.0227558802841218,0.0207663223493361,137.79675334208426,138.98955399870425,0.4541351938366222,42.398930061492386,-0.9689456835915564,-0.3686393622608648,-0.6003063213306916,0.0939943647050968,0.1312486578692732,-0.0142419934378736,0.0309084351274012,-0.0273128900673574,-0.0258147940119194,0.0,-0.0574978916382425,-0.0427831243532631,0.7806503350580437,0.7577164106668127,0.3846237021397291,814.0,0,2024-12-13,-0.022498918064773,-0.006070935540184674,-0.05749789163824259,137.29501342773438,139.2643585205078,135.0257568359375,142.39334106445312,142.39334106445312,-0.006070935540184674,-0.05749789163824259,-0.028866280119349552,0.02078356021430342,0.019010074215173447,136.92179870605472,2.5497359710256764,0.9801655064292348,-1.0651199053525422,138.47748020717077,3.2385043893610317,0.9691541467185961,-1.3189594713168413,139.78575134277344,3.325691776782942,0.9600837201270298,-1.6777643712518144,1.0932919029697639,2.4849066497880004,2.2362310744729674,0.22908500920642502,0.05716276812282472,0.7137522030283104,0.1719222410836003
134.20602416992188,139.55427778956917,132.4965775973186,231514900.0,0.0,0.0207663223493361,136.89907104904367,138.35175002153326,0.0,42.398930061492386,-1.2597503195701734,-0.5468615537227266,-0.7128887658474468,0.0970113026442721,0.1703053023212047,-0.0227558802841218,-0.0142419934378736,0.0309084351274012,-0.0273128900673574,-0.0258147940119194,-0.0328506306085986,-0.0749673568658384,1.0654614426993414,1.173258032814544,0.2848111076412977,731.0,0,2024-12-14,0.0,-0.036321815605398156,-0.05749789163824259,134.20602416992188,137.29501342773438,139.2643585205078,138.7645263671875,142.39334106445312,-0.036321815605398156,-0.05749789163824259,-0.028866280119349552,0.02078356021430342,0.019010074215173447,135.2356872558594,1.7834287795229833,0.9923861585145831,-0.577350269189294,137.30786350795202,3.0622108555305565,0.9774096016150561,-1.012941134483936,139.5008098057338,3.629470947415499,0.962044767745898,-1.4588312491059572,1.0932919029697639,1.791759469228055,2.364082032943638,0.04346848055720322,0.5571514964103699,0.39938004687428474,-0.5136830158531667
131.95675659179688,134.35596424649526,130.37727237183418,237951100.0,-0.0169018456868346,0.0197743974019076,135.15854614489663,137.02002257693775,0.0278003705161093,38.22806028092959,-1.8031305396835364,-0.946334715212685,-0.8567958244708515,0.1083392087812232,0.0762093315489553,0.0,0.0,-0.0227558802841218,-0.0142419934378736,0.0309084351274012,-0.0524728796825272,-0.0732940486868147,0.3171787953547684,0.1320992509085089,0.1010232866733734,374.0,0,2024-12-16,-0.01675981083589173,-0.01675981083589173,-0.049059871089650486,134.20602416992188,134.20602416992188,134.20602416992188,139.2643585205078,138.7645263671875,-0.01675981083589173,-0.049059871089650486,-0.04775947726696894,0.019816121767572824,0.01935320360742419,133.4562683105469,1.2986152417113732,0.9887640218197865,-1.1547005383780224,135.16570826939173,2.394883863699626,0.9762591287488447,-1.3399195369071686,138.74313463483537,4.346515732111516,0.951086747024277,-1.561337508317658,1.0239194589970133,1.791759469228055,1.2538192567412523,0.47561879754066466,0.02477333508431906,0.49960786327719686,0.4508454624563456
130.3472900390625,131.54689392732612,126.81844751374322,259410300.0,-0.0122719170531668,0.0179565505810995,133.9557321184381,136.13032490522104,0.0901832351268812,32.45468609446499,-2.169439599712632,-1.1909556921126745,-0.9784839075999576,0.1188338643730006,0.0298959478858213,-0.0169018456868346,0.0,0.0,-0.0227558802841218,-0.0142419934378736,-0.0506043388992334,-0.0845970108948991,0.8251346288816872,1.0300591907971055,0.5079558335269188,688.0,1,2024-12-17,-0.01219692416139928,-0.02875231685556623,-0.03464869893348976,131.95675659179688,134.20602416992188,134.20602416992188,137.29501342773438,135.0257568359375,-0.02875231685556623,-0.03464869893348976,-0.0703053272613533,0.018046601893924336,0.01897313548775499,132.17002360026046,1.9381871390148369,0.9862091757907928,-0.9404321824797801,134.49735586983817,3.013401058946835,0.9691438853653602,-1.3772032828003637,138.03905487060547,4.859671412110533,0.9442783432648605,-1.5827746732782642,0.9511660265943588,2.6390573296152584,2.3209911841508015,0.26787935054072964,0.10200254153460259,0.6301180976801194,0.16587680900612706
128.86778259277344,136.6552244722092,128.23798405143236,277444500.0,-0.0114154126737566,0.0084388401011107,132.68374473702193,135.16198593022804,0.0695199843645375,17.16596383159643,-2.549734305140703,-1.4627114147182805,-1.0870228904224226,0.1323062457810368,0.0132061988792468,-0.0122719170531668,-0.0169018456868346,0.0,0.0,-0.0227558802841218,-0.0397764676374702,-0.0949872962497414,0.7207824393863954,0.9417788044291456,-0.1043521894952917,780.0,1,2024-12-18,-0.01135050407143623,-0.039776467637470225,-0.07465352971990602,130.3472900390625,131.95675659179688,134.20602416992188,134.20602416992188,139.2643585205078,-0.039776467637470225,-0.07465352971990602,-0.11176188785906793,0.008354857397687545,0.015145450745588193,130.39060974121097,1.5449425682237206,0.9883210366800192,-0.9856852803197603,133.0121307373047,2.82872293925939,0.9688423294810891,-1.4650951095324714,136.88086264474052,4.982554468449661,0.9414594568068718,-1.6082272863662999,0.5516413831474299,2.4849066497880004,2.2657557947685665,0.10308635878291993,0.13625169206749305,0.7606619474562731,-0.03316533328457312
130.63717651367188,133.98608501684748,129.50755712091288,209719200.0,0.013636898095124,0.0123652282091747,132.1721026811844,134.55867800802056,-0.2441039559263204,22.765051188698294,-2.677480963223303,-1.705665324419285,-0.971815638804018,0.1404123642044498,0.1513799674988188,-0.0114154126737566,-0.0122719170531668,-0.0169018456868346,0.0,0.0,-0.0265923059588695,-0.0585693625473825,0.4816275842266692,0.6013328294921352,-0.2391548551597261,886.0,1,2024-12-19,0.013730304699117735,-0.010000094820510563,-0.04849292591072052,128.86778259277344,130.3472900390625,131.95675659179688,134.20602416992188,137.29501342773438,-0.010000094820510563,-0.04849292591072052,-0.09913159718711106,0.012309549044829967,0.016154199505144514,129.9507497151693,0.9490110026687703,1.0052822072978194,0.723307523908811,132.0610111781529,2.1975351842580575,0.9892183570928421,-0.6479234893168534,135.8540540422712,4.647873581425143,0.9615993974903679,-1.1224224233309963,0.7620030346232775,2.4849066497880004,1.7285241227225256,0.08954502489756448,0.357387523505498,0.5530674477869814,-0.2678424986079335
134.65586853027344,135.2356803497186,128.1779956829599,306528600.0,0.0302985661928235,0.0166780915230909,132.79304414345663,134.57163674432095,0.4616143872377922,36.07909950085132,-2.4264753525537515,-1.8498273300461785,-0.5766480225075732,0.1415444557686856,0.3697966438804166,0.013636898095124,-0.0114154126737566,-0.0122719170531668,-0.0169018456868346,0.0,0.003351893949127,-0.0027393907231603,0.1432540214316926,0.1044413338087753,-0.3383735627949766,851.0,1,2024-12-20,0.030762238773439643,0.03305460734872012,0.0033518939491270494,130.63717651367188,128.86778259277344,130.3472900390625,134.20602416992188,134.20602416992188,0.03305460734872012,0.0033518939491270494,-0.05433872452418531,0.01678702061255526,0.01872043814731804,131.38694254557296,2.9659899750200163,1.0248801435010684,1.1021365588662897,132.12527465820312,2.2758976505704234,1.0191529885452784,1.111910226470884,135.30137743268693,4.2537994641132455,0.9952291032459397,-0.15174878549383153,0.8967215660473328,2.4849066497880004,1.5605378558244256,0.13638278401710766,0.2963203369555148,0.5672968778420578,-0.15993755293840714
134.65586853027344,135.2356803497186,128.1779956829599,306528600.0,0.0,0.0166780915230909,133.25875024016085,134.58286764911463,0.0,36.07909950085132,-2.202166394307767,-1.920295142898496,-0.2818712514092707,0.1424760330364551,0.379546713597973,0.0302985661928235,0.013636898095124,-0.0114154126737566,-0.0122719170531668,-0.0169018456868346,0.0204545186483036,-0.03309166853022,0.5708882736035554,0.9311550175881432,0.4276342521718628,704.0,1,2024-12-21,0.0,0.04491491838414374,0.0033518939491270494,134.65586853027344,130.63717651367188,128.86778259277344,131.95675659179688,134.20602416992188,0.04491491838414374,0.0033518939491270494,-0.05433872452418531,0.01678702061255526,0.01872043814731804,133.31630452473962,2.3201929175759046,1.0100480133342222,0.5773502691894122,132.18953813825334,2.3496006379098007,1.0186575308965875,1.0496806785914645,134.74870082310267,3.7321569547487488,0.9993110709620043,-0.024873630438052793,0.8967215660473328,2.302585092994046,1.9446457434514899,0.4662967266307937,0.19416581891063178,0.33953746118479305,0.2721309077201619
139.62425231933594,139.74420813475027,135.07573952144836,176053500.0,0.0362325005583411,0.0193302467264155,135.11208543935072,135.26348792918918,-0.425653919405889,51.47564992973096,-1.424833785047042,-1.8341684235332312,0.4093346384861891,0.1425028136028515,0.6458083111907411,0.0,0.0,0.0302985661928235,0.013636898095124,-0.0114154126737566,0.0834690371025728,0.0403724660120614,0.6162937098861748,0.3430775137726067,-0.0241850606277033,341.0,1,2024-12-23,0.03689689757521042,0.03689689757521042,0.058106124503030765,134.65586853027344,134.65586853027344,134.65586853027344,128.86778259277344,131.95675659179688,0.03689689757521042,0.058106124503030765,0.006195574435742257,0.019561269696813387,0.020506231064513974,136.31199645996097,2.868497718053307,1.024299078183833,1.15470053837896,133.34915815080916,3.6730565456230955,1.047057621176956,1.7084120787643016,134.25743321010046,3.124473725704878,1.0399740929117638,1.717671384170379,0.9539183302515379,1.0986122886681098,0.8958797346140275,0.0477852243930101,0.03477159887552255,0.9174431562423706,0.013013625517487547
140.17408752441406,141.8535301026856,138.60459428405517,105157000.0,0.0039302299874041,0.0173581715731956,136.37758596061656,135.91823454188582,-0.4026986115016174,59.92296928241321,-0.9130641635544235,-1.6499475715374698,0.7368834079830462,0.133166451132855,0.7000497423613824,0.0362325005583411,0.0,0.0,0.0302985661928235,0.013636898095124,0.0730030399098842,0.0444694147778035,0.3680990080424001,0.4943749018205067,-0.2481947018437746,595.0,0,2024-12-24,0.003937963469416328,0.04098015967941282,0.07538935011542369,139.62425231933594,134.65586853027344,134.65586853027344,130.63717651367188,130.3472900390625,0.04098015967941282,0.07538935011542369,0.0381285082869931,0.017600955235371495,0.01891031973153276,138.15140279134118,3.0396791797677727,1.0146410727086708,0.6654270445828461,134.75298636300224,4.1777461940820215,1.0402299148072924,1.2976138112676823,134.6251711164202,3.502017106081148,1.0412175253853182,1.5844915201465837,0.9307592618871529,2.302585092994046,2.467704485838009,0.12378604668709964,0.04011336507068734,0.8361005915535821,0.0836726816164123
140.17408752441406,141.8535301026856,138.60459428405517,105157000.0,0.0,0.0153939969576476,137.32671135156593,136.48568160622293,0.0,52.095871533832046,-0.5016997687832259,-1.4202980109866212,0.9185982422033954,0.1228267783482162,0.731726166402944,0.0039302299874041,0.0362325005583411,0.0,0.0,0.0302985661928235,0.0409801596794128,0.0444694147778035,0.4670292301646619,0.5044363255274711,0.0989302221222618,594.0,0,2024-12-25,0.0,0.04098015967941282,0.08773569859092656,140.17408752441406,139.62425231933594,134.65586853027344,134.65586853027344,128.86778259277344,0.04098015967941282,0.08773569859092656,0.006532389288766094,0.015661075874895822,0.017032480036675665,139.9908091227214,0.31744750366881364,1.0013092173896359,0.5773502691766998,136.36817278180803,3.6790466107785678,1.0279091129914573,1.0344839696936101,134.69015175955636,3.6017400528036387,1.0407151947875701,1.522579554454226,0.9194830019570357,1.9459101490553132,2.5972912549583556,0.2263138682271043,0.024056646507233315,0.7496294857313236,0.20225722171987098
139.88417053222656,140.8038826879709,137.68489400548984,116205600.0,-0.0020704056203302,0.0162395750389485,137.9660761467311,136.93881346302342,0.105067660735852,56.465311291919186,-0.1968156324414565,-1.1756015352775884,0.978785902836132,0.1183044599389673,0.7305969922813337,0.0,0.0039302299874041,0.0362325005583411,0.0,0.0,0.0388271380892522,0.0600758471576627,0.8027760184968176,1.065685177778145,0.3357467883321556,408.0,0,2024-12-26,-0.002068263809008264,0.0018615549130831521,0.07078378655548279,140.17408752441406,140.17408752441406,139.62425231933594,134.65586853027344,130.63717651367188,0.0018615549130831521,0.07078378655548279,0.018858347727647162,0.016517027692025805,0.016526933901888974,140.07744852701828,0.16738365349545242,0.9986202062014684,-1.1547005382874207,137.68917192731584,2.843558643209301,1.0159416937017345,0.7719195839876895,134.87509155273438,3.8064378343164686,1.0371386511907108,1.315949241133917,0.9994006020764664,2.3978952727983707,1.452610465212794,0.21242704689502712,0.06408939156681295,0.7234835810959339,0.14833765532821416
136.96511840820312,138.97446981750295,134.66588395063462,170582600.0,-0.0210884435720401,0.0170095329519567,137.7158367120991,136.9423207890474,0.4679378618586367,56.94862887358583,-0.1885622405580136,-0.9781936763336736,0.7896314357756599,0.1106673441073917,0.5709565413761305,-0.0020704056203302,0.0,0.0039302299874041,0.0362325005583411,0.0,0.017149270233332,0.0507707399759318,0.2998688648867145,0.1104889680196283,-0.5029071536101031,539.0,1,2024-12-27,-0.020867637223834,-0.022892741253992654,0.017149270233332015,139.88417053222656,140.17408752441406,140.17408752441406,134.65586853027344,134.65586853027344,-0.022892741253992654,0.017149270233332015,0.020558646717586226,0.017179721897975845,0.01634981675055047,139.00779215494796,1.774936616424489,0.9853053291827847,-1.1508432063673866,138.0190647670201,2.552008148642827,0.9923637624947245,-0.41298706643137767,135.0721697126116,3.8404066361533005,1.0140143502515662,0.4929031935762834,1.050759293519142,2.302585092994046,1.1665824874541582,0.1972985050330559,0.126115135434601,0.6765863676038053,0.0711833695984549
136.96511840820312,138.97446981750295,134.66588395063462,170582600.0,0.0,0.0170095329519567,137.52815713612512,136.94536047160148,0.0,56.94862887358583,-0.1799470504435305,-0.818544351155645,0.6385973007121144,0.101732783647555,0.5970134797999542,-0.0210884435720401,-0.0020704056203302,0.0,0.0039302299874041,0.0362325005583411,-0.0190449285633492,0.0628344466903534,0.1307201181213995,-0.1931275971765507,-0.1691487467653149,632.0,0,2024-12-28,0.0,-0.022892741253992654,0.017149270233332015,136.96511840820312,139.88417053222656,140.17408752441406,139.62425231933594,134.65586853027344,-0.022892741253992654,0.017149270233332015,0.020558646717586226,0.017179721897975845,0.01634981675055047,137.93813578287765,1.6853155295847344,0.9929459872054084,-0.5773502691892243,138.34895760672433,2.164654804852151,0.9899974728941945,-0.6392886271840095,135.26924787248885,3.8632657583045082,1.0125369998161953,0.43897330440413534,1.050759293519142,2.5649493574615367,2.420928395484888,0.23615630545342958,0.20204687289272738,0.5617968224299451,0.0341094325607022
137.4449462890625,140.22403398735426,133.97608228188028,167734700.0,0.0034971630535432,0.008576438529429,137.4017846628741,137.01425505327023,-0.0166951377221358,65.17409493080248,-0.1240243663541491,-0.5760567106474428,0.4520323442932936,0.1005492146176054,0.6310384511896729,0.0,0.0,-0.0210884435720401,-0.0020704056203302,0.0,-0.0194696557940941,0.0207126342819734,0.2925393385600876,-0.1215374869559978,0.2659564977013702,363.0,1,2024-12-30,0.0035032852629626188,0.0035032852629626188,-0.015608363117956991,136.96511840820312,136.96511840820312,136.96511840820312,140.17408752441406,139.62425231933594,0.0035032852629626188,-0.015608363117956991,0.041590819894453235,0.008497242811856633,0.015475142188073273,137.12506103515628,0.27702875618630507,1.0023327993547744,1.154700538348066,138.36752101353235,1.6113624775180795,0.9933324329458817,-0.5725432591001255,135.85833958217077,3.769012122195583,1.0116783902392101,0.42096089252360225,0.5490898053528372,2.302585092994046,2.230854675625334,0.2093487220505873,0.08976674607644473,0.7008845292859607,0.11958197597414257
134.2460174560547,138.02479365615312,133.7861766339878,155659200.0,-0.0235493784867506,0.0111734067275169,136.61284286116924,136.64515670697483,-0.0719916630250031,59.9085568029783,-0.3408770768565432,-0.5290207838892629,0.1881437070327196,0.0978970463935208,0.4124455944518426,0.0034971630535432,0.0,0.0,-0.0210884435720401,-0.0020704056203302,-0.0403058691681841,-0.0030436926269322,0.5317685871150015,0.0276608404120843,0.2392292485549139,671.0,1,2024-12-31,-0.023274255761140172,-0.019852506855392082,-0.0422907698067011,137.4449462890625,136.96511840820312,136.96511840820312,139.88417053222656,140.17408752441406,-0.019852506855392082,-0.0422907698067011,0.02991030665711447,0.011054004914765856,0.01655855630724493,136.2186940511068,1.7251517064641662,0.9855183122346481,-1.1434800705703017,137.5206538609096,2.0117055533567725,0.9761880393023225,-1.6277911046130873,136.13682011195593,3.4620256053750373,0.9861110120366681,-0.5461550177345992,0.6675705725582703,2.995732273553991,2.2533403097908216,0.31814915814289924,0.1117163400508855,0.5701345068059469,0.20643281809201375
134.2460174560547,138.02479365615312,133.7861766339878,155659200.0,0.0,0.0111734067275169,136.0211365098906,136.32527147351882,0.0,64.78021812131195,-0.506891285063773,-0.5245948841241649,0.0177035990603918,0.0973750839281742,0.4234522542508633,-0.0235493784867506,0.0034971630535432,0.0,0.0,-0.0210884435720401,-0.019852506855392,-0.0030436926269322,0.6469325544279678,0.3678772776864353,0.1151639673129663,607.0,1,2025-01-01,0.0,-0.019852506855392082,-0.0422907698067011,134.2460174560547,137.4449462890625,136.96511840820312,136.96511840820312,140.17408752441406,-0.019852506855392082,-0.0422907698067011,0.041734518551286515,0.011054004914765856,0.016114194634920125,135.31232706705734,1.8469024228565734,0.9921196417642406,-0.5773502691893209,136.67378670828683,1.9555050906981852,0.9822367601666447,-1.2415049512171499,136.52097974504744,2.8349902224232726,0.9833361707977687,-0.8024586014438447,0.6859793595152047,2.70805020110221,1.1550701824911012,0.18268656833762567,0.22100010787003804,0.5963133158428329,-0.03831353953241237
138.2646942138672,138.8345148325783,134.58590691715995,198247200.0,0.0294958541984522,0.0176170353345243,136.58202593588476,136.5838611722319,0.2735977057571925,68.65528712699837,-0.3106046551435213,-0.4817968383280362,0.1711921831845149,0.0989001934528343,0.7095719472872962,0.0,-0.0235493784867506,0.0034971630535432,0.0,0.0,0.0094883706214226,-0.0097372632825942,0.4138402223647503,0.5504001970855037,-0.2330923320632175,460.0,1,2025-01-02,0.02993516555623721,0.005964191095689131,-0.01157726647838453,134.2460174560547,134.2460174560547,137.4449462890625,136.96511840820312,139.88417053222656,0.005964191095689131,-0.01157726647838453,0.058387037317796375,0.01765016605154504,0.01746610940608487,135.58557637532556,2.3201841079099914,1.019759607991969,1.1547005383788111,136.4424329485212,1.5702309499811709,1.0133555318969834,1.1605052526622517,137.06580243791853,2.2996481210083477,1.0087468336713066,0.5213370536980082,1.0105379304103093,1.0986122886681098,3.255129170261575,0.058760385960340444,0.02299632038921115,0.9182432889938354,0.035764065571129294
144.4226837158203,144.85253555834646,139.68423069189672,229322500.0,0.0435743815506112,0.0221132572574509,138.54219038086865,137.62903751137705,0.156750259272262,71.62463664902221,0.3379564499941807,-0.3178461806635928,0.6558026306577736,0.1142815830665189,1.0441107157414673,0.0294958541984522,0.0,-0.0235493784867506,0.0034971630535432,0.0,0.0544486464458131,0.0303094264171064,0.4727348922216389,0.3042629887249364,0.0588946698568886,650.0,1,2025-01-03,0.044537685755323686,0.075806094308138,0.054448646445813154,138.2646942138672,134.2460174560547,134.2460174560547,136.96511840820312,136.96511840820312,0.075806094308138,0.054448646445813154,0.07253167123088367,0.022383821369778383,0.019362566195720726,138.9777984619141,5.125672862376627,1.039178094013328,1.0622771683055843,137.50779942103796,3.421985622207071,1.0502872151535894,2.020722778584463,137.763432094029,2.912192671466721,1.0483383109767916,2.2866796167155305,1.1560358861278097,2.70805020110221,2.094425815852145,0.30525639333895277,0.037834030043865916,0.6569095690335546,0.26742236329508684
144.4226837158203,144.85253555834646,139.68423069189672,229322500.0,0.0,0.0221132572574509,140.01231371460656,138.53485700530285,0.0,71.62463664902221,0.8422370144184015,-0.0858295416471939,0.9280665560655954,0.1257701581966088,0.9627977210771468,0.0435743815506112,0.0294958541984522,0.0,-0.0235493784867506,0.0034971630535432,0.0507675081198171,0.0303094264171064,0.1405348807898322,0.3236181766296872,-0.3322000114318068,719.0,0,2025-01-04,0.0,0.075806094308138,0.054448646445813154,144.4226837158203,138.2646942138672,134.2460174560547,137.4449462890625,136.96511840820312,0.075806094308138,0.054448646445813154,0.07253167123088367,0.022383821369778383,0.019362566195720726,142.37002054850265,3.5553168966201816,1.0144178048117818,0.577350269189506,138.5731658935547,4.278551072398846,1.0422124859784105,1.367172606633392,138.46106175013952,3.2596167892399768,1.0430563068802612,1.8289333842432514,1.1560358861278097,2.302585092994046,2.3832459069840795,0.4204503289527363,0.017088839059902522,0.5624608310560385,0.4033614898928338
149.38104248046875,152.11015917129038,147.77158452702758,265377400.0,0.033756070053507,0.0240556877848662,143.1814402812997,140.661386155207,0.1572235607059926,71.61203447266543,1.9113026390773484,0.5237664982985138,1.3875361407788347,0.1443820675474067,1.0682822022916696,0.0,0.0,0.0435743815506112,0.0294958541984522,0.0,0.1127409610446619,0.0906502634872472,0.4515251814502887,0.5092919441950707,0.5530957477604213,332.0,0,2025-01-06,0.03433227133768657,0.03433227133768657,0.08684274332141162,144.4226837158203,144.4226837158203,144.4226837158203,134.2460174560547,137.4449462890625,0.03433227133768657,0.08684274332141162,0.06987890713153444,0.024341459238294186,0.01904906569203574,146.07546997070315,2.8627097675093993,1.0226292101639554,1.154700538378885,141.34368896484375,5.82056366020234,1.0568639008539258,1.3808548423891989,139.85560498918807,4.384011308578155,1.0681090864539686,2.172767545704626,1.2778295603479992,2.1972245773362196,2.129826779108241,0.1561530178878456,0.14660811226349318,0.6972388946451247,0.009544905624352423
140.09408569335938,153.07983530547875,139.9641234037018,351782200.0,-0.0641861360617669,0.0359822268353737,142.4096016343146,140.5857460936273,0.3255921566795061,49.8722411720185,1.6842437860040036,0.7558619558396119,0.9283818301643916,0.1299450302174281,0.5821107162136515,0.033756070053507,0.0,0.0,0.0435743815506112,0.0294958541984522,0.0132310818021446,0.0228449938314283,0.4095715268021208,0.3447897118692981,-0.0419536546481679,757.0,0,2025-01-07,-0.06216958077745127,-0.029971732355966285,0.043562321982617114,149.38104248046875,144.4226837158203,144.4226837158203,138.2646942138672,134.2460174560547,-0.029971732355966285,0.043562321982617114,-0.000570731955296333,0.035620183806208454,0.026188780253508563,144.63260396321618,4.647035772846397,0.9686203653568246,-0.9766480164358365,142.1791272844587,4.992872171457226,0.9853351076847745,-0.41760363964831554,139.84989057268416,4.383616365828467,1.0017461230729265,0.05570631649675946,1.360131455585311,3.4965075614664802,1.7830526982231778,0.3926812746212818,0.07780659927811934,0.5295121179660782,0.31487467534316244
140.06410217285156,143.90284057175748,137.51493447299714,227349900.0,-0.000214047077122,0.0359883566229496,141.82322676894884,140.5161935708572,-0.3537197163472171,49.82452706538558,1.4847631640284646,0.9016421974773824,0.5831209665510821,0.1178933070745859,0.5596240168443187,-0.0641861360617669,0.033756070053507,0.0,0.0,0.0435743815506112,-0.0301793418514857,0.0226260802798885,0.5793609485837484,0.6790124622858513,0.1697894217816276,1029.0,0,2025-01-08,-0.00021402417068083768,-0.03017934185148574,0.043338974422100884,140.09408569335938,149.38104248046875,144.4226837158203,144.4226837158203,134.2460174560547,-0.03017934185148574,0.043338974422100884,-0.0007846339755437359,0.03562694668656874,0.026189019129074377,143.17974344889328,5.370503422598743,0.9782396503793582,-0.580139519682883,143.0102822440011,3.792009248162058,0.9793988234627575,-0.7769443264352586,139.84203447614397,4.383089186744758,1.0015879896022644,0.05066465391102915,1.360377282974169,3.367295829986474,2.0483257917386335,0.3666888880210796,0.1092355443563844,0.5240755629326616,0.2574533436646952
140.06410217285156,143.90284057175748,137.51493447299714,227349900.0,0.0,0.034482411755188,141.38344561992452,140.4559147177898,0.0,50.28974710031756,1.3115545495003005,0.983624667881966,0.3279298816183343,0.1138937561860049,0.5445608832470868,-0.000214047077122,-0.0641861360617669,0.033756070053507,0.0,0.0,-0.0301793418514857,0.0190560362858354,0.6325043705608889,0.6421148350564833,0.0531434219771405,936.0,0,2025-01-09,0.0,-0.062370299155164566,0.013014225860153772,140.06410217285156,140.09408569335938,149.38104248046875,144.4226837158203,138.2646942138672,-0.062370299155164566,0.013014225860153772,0.0012862902209764826,0.03412863984048839,0.026180674874338776,140.07409667968753,0.017310993761510778,0.9999286484291323,-0.5773502650198906,143.26734052385603,3.463447785422182,0.9776415312848563,-0.9248698260984493,139.8548867361886,4.383486026975193,1.001495946559648,0.04772809480296824,1.3035813631351376,3.091042453358316,2.0198907325669704,0.18700400376248924,0.31258670648648623,0.5004092865579185,-0.125582702723997
135.86549377441406,139.87417502688794,134.17604480086774,207602500.0,-0.0304348105087726,0.0306939407455168,140.0039576585469,139.84385859200637,-0.0868590661355029,48.299338992370444,0.8259715798436105,0.9520940502742952,-0.1261224704306845,0.1119287129168092,0.2723889627734603,0.0,-0.000214047077122,-0.0641861360617669,0.033756070053507,0.0,-0.0592510104454517,0.0120634961770058,0.3715492271394993,0.415402903150424,-0.2609551434213896,741.0,0,2025-01-10,-0.029976334644661762,-0.03018394315518025,-0.05925101044545178,140.06410217285156,140.06410217285156,140.09408569335938,144.4226837158203,144.4226837158203,-0.03018394315518025,-0.05925101044545178,-0.008028501318940173,0.03016995755680523,0.026854711076359686,138.6645660400391,2.4240676890605783,0.9798140769083228,-1.1547005383788516,142.04488481794084,4.377300444996609,0.9564969125678343,-1.4116899493590882,139.77634211948939,4.448616659242619,0.9720206704097888,-0.8791156093321711,1.123451206420313,2.5649493574615367,1.4880800453693208,0.19507728625709808,0.11965521362920599,0.6852674980958303,0.07542207262789209
135.86549377441406,139.87417502688794,134.17604480086774,207602500.0,0.0,0.0306939407455168,138.9693416875137,139.31340994966072,0.0,48.299338992370444,0.4361163007126549,0.8488985003619671,-0.4127821996493122,0.1099032155575363,0.2643491175851925,-0.0304348105087726,0.0,-0.000214047077122,-0.0641861360617669,0.033756070053507,-0.0904770008404635,0.0120634961770058,0.4252607866742053,0.4491892495716444,0.053711559534706,697.0,0,2025-01-11,0.0,-0.029976334644661762,-0.05925101044545178,135.86549377441406,140.06410217285156,140.06410217285156,149.38104248046875,144.4226837158203,-0.029976334644661762,-0.05925101044545178,-0.008028501318940173,0.03016995755680523,0.026854711076359686,137.2650299072266,2.42406768906055,0.9898041319500063,-0.5773502691894384,140.82242911202567,4.77902911189765,0.9648001006028073,-1.037226436907667,139.69779750279017,4.511334944674095,0.9725671857618259,-0.8494833071307133,1.123451206420313,2.4849066497880004,1.4195671088037733,0.1053375737233595,0.10193814557384355,0.7927242788401517,0.003399428149515951
133.18637084960938,133.44629547754278,129.46758770744978,204808900.0,-0.0199159480497907,0.0243643090216835,136.94162749433144,138.09804553384762,-0.0134564853506099,43.833268224218116,-0.3326479970016862,0.4968781038905934,-0.8295261008922796,0.1191395250411199,0.1523892781815706,0.0,0.0,-0.0304348105087726,0.0,-0.000214047077122,-0.0491041688523048,-0.0778015792056638,0.7742884140192058,0.8132840764561667,0.1779144642075173,279.0,1,2025-01-13,-0.019718935620644085,-0.019718935620644085,-0.10841182630638557,135.86549377441406,135.86549377441406,135.86549377441406,140.06410217285156,149.38104248046875,-0.019718935620644085,-0.10841182630638557,-0.030983863389904887,0.023657256622942303,0.027319044417023694,134.9724527994792,1.5467923418293155,0.9867670631093641,-1.1547005383783626,137.2864488874163,2.7743323580645036,0.970134867126112,-1.477861160321584,139.31506892613,4.860116157151685,0.9560083620260038,-1.2610188477701763,0.8659620835127172,2.3978952727983707,2.2128142693068424,0.10688411928713318,0.1269124561920762,0.7662034034729004,-0.020028336904943017
131.71682739257812,136.33532416409136,130.00739616366573,195590500.0,-0.0110950607003918,0.0122674006076511,135.6354274688931,137.24721644834503,-0.0450097627593332,46.14443801927025,-0.8051934773932885,0.236463787633817,-1.0416572650271056,0.1278571595405402,0.1160019256559544,-0.0199159480497907,0.0,0.0,-0.0304348105087726,0.0,-0.0595961038608747,-0.0879768745209265,-0.087329603306009,-0.0387103249152667,-0.8616180173252148,822.0,1,2025-01-14,-0.011033737518763242,-0.03053509957961975,-0.059797373024851,133.18637084960938,135.86549377441406,135.86549377441406,140.06410217285156,140.09408569335938,-0.03053509957961975,-0.059797373024851,-0.018839963459657105,0.012101151530400115,0.026772640620802274,133.5895640055339,2.103516514716685,0.9859814153381158,-0.8902885239329859,136.0896977015904,3.1436148394872374,0.9678677344217425,-1.3910324681269015,139.13441249302454,5.1039242438727515,0.9466876312801602,-1.4533101876171475,0.45199693604363966,2.5649493574615367,1.9881412958744908,0.09064787028667821,0.34146229379499954,0.567889825363333,-0.25081442350832134
136.1953887939453,136.4053114797544,131.24699764678536,185217300.0,0.0334361657819731,0.0202151881450686,135.77541780015616,137.10697276109173,-0.0530352956815387,52.614654377050215,-0.8089812664526335,0.0273747768165269,-0.8363560432691604,0.1285156299051781,0.3797509087457941,-0.0110950607003918,-0.0199159480497907,0.0,0.0,-0.0304348105087726,0.0024281001037613,-0.0569667777263009,0.5186377229821485,0.2026399018748306,0.6059673262881575,703.0,1,2025-01-15,0.03400143694638924,0.002428100103761377,-0.027621020082161496,131.71682739257812,133.18637084960938,135.86549377441406,135.86549377441406,140.06410217285156,0.002428100103761377,-0.027621020082161496,0.014520887657086368,0.020261647989584866,0.028367209512797722,133.6995290120443,2.2829534667208744,1.0186676781911188,1.0932591567387213,135.53702436174666,2.62586590531164,1.0048574508352897,0.2507227923813259,139.2736533028739,4.985521939777133,0.9778977255501844,-0.6174407707182191,0.7142629937020745,2.9444389791664403,1.759752488600704,0.16928634875350523,0.12171808697490223,0.7089955535613828,0.047568261778603
133.5262451171875,138.70454064615834,133.44626949753135,209235600.0,-0.0197924858472337,0.0209336562962963,135.21312462941398,136.62954240857115,0.129676331530586,43.405681231804195,-1.0156528900273545,-0.1812307565522493,-0.834422133475105,0.1321669969246439,0.246172220022984,0.0334361657819731,-0.0110950607003918,-0.0199159480497907,0.0,0.0,-0.0172173860502841,-0.1061366094386054,-0.0172945844316447,-0.2730255503368424,-0.5359323074137932,704.0,1,2025-01-16,-0.019597900489832676,0.0025518697251831757,-0.04667760656899633,136.1953887939453,131.71682739257812,133.18637084960938,135.86549377441406,140.06410217285156,0.0025518697251831757,-0.04667760656899633,-0.0342708536233427,0.020987128483392774,0.027614308800117816,133.81282043457034,2.2529918144231025,0.997858386689316,-0.12719767357708797,134.60304478236608,1.7707627921189668,0.9920001834511276,-0.6080993287023166,138.93519265311105,5.214856742670334,0.9610685569823304,-1.0372188159389062,0.7600091907172137,1.791759469228055,1.3158502424020202,0.09490662440657613,0.02462542057037348,0.8804679393768311,0.07028120383620265
137.66490173339844,138.45463626831489,135.41563868932835,201188800.0,0.0305244327156192,0.0221226735787342,135.8260689054101,136.76759031854812,-0.0384580826589738,40.03539646197378,-0.8358514645830155,-0.3121548981584026,-0.5236965664246129,0.1319316851313164,0.4708586829385228,-0.0197924858472337,0.0334361657819731,-0.0110950607003918,-0.0199159480497907,0.0,0.0132440394466313,-0.017339661042351,0.2388632811744607,0.3114035805545003,0.2561578656061054,835.0,0,2025-01-17,0.03099507975064153,0.04515804440910398,0.013244039446631328,133.5262451171875,136.1953887939453,131.71682739257812,135.86549377441406,135.86549377441406,0.04515804440910398,0.013244039446631328,-0.04679169371841285,0.022289036146673807,0.026046425307261933,135.79551188151046,2.098105289434828,1.0137662123437416,0.8909895329378517,134.860103062221,2.0869532422524077,1.020797838704627,1.3439681418785823,138.45249394008093,4.9750965139227645,0.9943114624787955,-0.15830692017298958,0.8557426166445751,2.6390573296152584,2.1748839190080544,0.14941674298965008,0.18250938247029594,0.668073863005982,-0.033092639480645863
137.66490173339844,138.45463626831489,135.41563868932835,201188800.0,0.0,0.0221226735787342,136.28577711240715,136.88723184052816,0.0,40.03539646197378,-0.685456029097196,-0.3868151243461613,-0.2986409047510348,0.1316879893285905,0.4688900216145369,0.0305244327156192,-0.0197924858472337,0.0334361657819731,-0.0110950607003918,-0.0199159480497907,0.03362604488147,-0.0171293029565298,-0.0485243030202169,0.0812584810632402,-0.2873875841946777,706.0,1,2025-01-18,0.0,0.010789740772181311,0.013244039446631328,137.66490173339844,133.5262451171875,136.1953887939453,133.18637084960938,135.86549377441406,0.010789740772181311,0.013244039446631328,-0.04679169371841285,0.022289036146673807,0.026046425307261933,136.28534952799484,2.3894545114536405,1.0101225275510646,0.5773502691894054,135.1171613420759,2.328296065046597,1.0188557868298642,1.0942510403081234,137.96979522705078,4.669753510681891,0.9977901431748116,-0.0652911321668073,0.8557426166445751,2.6390573296152584,1.5796012187375454,0.2535251688498717,0.07778616571942197,0.6686886526071109,0.1757390031304497
140.78387451171875,141.78354697270905,137.0450940162502,197749000.0,0.0224034256772882,0.0196225388841962,137.8628267284978,137.5745304728379,-0.0170973732136182,51.51385056393496,-0.1188816304543536,-0.3662811063038614,0.2473994758495078,0.1260345041956348,0.6168836245992364,0.0,0.0,0.0,0.0305244327156192,-0.0197924858472337,0.054353579613968,0.0362003670002553,0.6331708152275647,0.955630165991016,1.1783380710827327,567.0,1,2025-01-21,0.022656267058981383,0.022656267058981383,0.06883742418207928,137.66490173339844,137.66490173339844,137.66490173339844,133.5262451171875,131.71682739257812,0.022656267058981383,0.06883742418207928,0.004923754025342619,0.019801256952889618,0.01843860980411582,138.7045593261719,1.8007397731595212,1.0149909649376212,1.1547005383784832,137.3093021937779,2.1652860022843674,1.025304711788844,1.604671306365617,136.69949994768416,2.6693515388697375,1.0298784894282547,1.53009991548884,1.0739018376791958,1.9459101490553132,1.3383473490445938,0.07329637277871366,0.06471159464369212,0.8619920313358307,0.008584778135021537
147.02186584472656,147.74161612847584,143.6229696388165,237651400.0,0.0433554134104798,0.0218679922449579,140.152586507555,138.83417518908973,0.2017830684352386,62.000033685487026,0.6434279787679316,-0.1643392892895028,0.8077672680574344,0.1363458145611204,0.9133552651263545,0.0224034256772882,0.0,0.0,0.0,0.0305244327156192,0.0679691336971917,0.082113359031662,0.5286528717302584,0.5627448631501516,-0.1045179434973062,562.0,0,2025-01-22,0.04430899032039748,0.06796913369719171,0.07949224380247566,140.78387451171875,137.66490173339844,137.66490173339844,137.66490173339844,136.1953887939453,0.06796913369719171,0.07949224380247566,0.04967556685786989,0.022151474557037604,0.021831846739366036,141.82354736328128,4.764334588783857,1.0366534230604865,1.0910901374733646,138.85594177246094,4.172912902220262,1.0588086038525228,1.9568882130084286,137.1964830671038,3.7662824741876473,1.0716154128587765,2.6087747918435165,1.0146404388729622,2.4849066497880004,2.0059447830268136,0.2083898523653095,0.05719373451376499,0.7344164035537026,0.1511961178515445
147.17178344726562,147.18177468068177,143.67292977388993,155915500.0,0.0010191764225822,0.0180824362560463,141.90738574248263,139.94585629017985,-0.3439319103527267,62.19552999785836,1.2453058234748935,0.1175897332633764,1.1277160902115173,0.141831576140649,0.8976061703399093,0.0433554134104798,0.0224034256772882,0.0,0.0,0.0,0.0690581375075412,0.1050063344202705,0.6362774844161349,0.9710761048876754,0.1076246126858764,786.0,0,2025-01-23,0.0010196959593573585,0.0690581375075412,0.10219367973765991,147.02186584472656,140.78387451171875,137.66490173339844,137.66490173339844,133.5262451171875,0.0690581375075412,0.10219367973765991,0.050745916792031,0.01843343734038493,0.0218202935389995,144.99250793457034,3.645554181170548,1.015030262899368,0.5977899118743977,140.80530439104353,4.446471757270029,1.0452147671833523,1.4318046765534558,137.7041745867048,4.5748338062424825,1.0687532450557597,2.0694978793857004,0.8447841138084954,2.70805020110221,2.2060482461640114,0.16665884985455443,0.08086175591285737,0.7524793938334499,0.08579709394169706
142.57327270507812,148.92119854206575,141.83352489203162,234657600.0,-0.0317444374049283,0.0231481368533302,142.07385748313152,140.29617847883296,0.5050306095288795,61.35356032482059,1.3358382542990055,0.3612394374705023,0.9745988168285034,0.1395111504890214,0.6724945178286146,0.0010191764225822,0.0433554134104798,0.0224034256772882,0.0,0.0,0.0356544835312142,0.0824226146910043,0.4215015975480817,0.0620837830364328,-0.2147758868680531,602.0,0,2025-01-24,-0.031245872234980654,0.012710249661515238,0.035654483531214254,147.17178344726562,147.02186584472656,140.78387451171875,137.66490173339844,137.66490173339844,0.012710249661515238,0.035654483531214254,0.049370732364182324,0.023313495745361946,0.021973386113895647,145.58897399902347,2.612749422087823,0.9792861972228366,-1.1542252266715738,141.50650024414062,4.25144132943336,1.007538681679619,0.25092018877270533,138.1833016531808,4.716516376822464,1.0317691862864553,0.930765569578044,1.0609878525103071,2.4849066497880004,1.4587638175246342,0.1908780041743408,0.05865678512914608,0.7504652145911347,0.13222121904519474
142.57327270507812,148.92119854206575,141.83352489203162,234657600.0,0.0,0.0231481368533302,142.19871128861817,140.59979104233233,0.0,61.35356032482059,1.391544993499707,0.5673005486763433,0.8242444448233638,0.1370908194448651,0.6805046845528997,-0.0317444374049283,0.0010191764225822,0.0433554134104798,0.0224034256772882,0.0,0.0356544835312142,0.0468289269380635,0.3041411891659176,0.1301671730817794,-0.1173604083821641,676.0,0,2025-01-25,0.0,-0.030258037565287776,0.035654483531214254,142.57327270507812,147.17178344726562,147.02186584472656,137.66490173339844,137.66490173339844,-0.030258037565287776,0.035654483531214254,0.049370732364182324,0.023313495745361946,0.021973386113895647,144.10610961914065,2.654951414874237,0.9893631372180286,-0.5773502691894412,142.20769609723772,3.9027109223495984,1.00257072308935,0.0936724792366423,138.66242871965682,4.8028643821950485,1.0282040637938639,0.8142732490884824,1.0609878525103071,2.70805020110221,1.9254236053166933,0.2800195594983441,0.04534601440121016,0.6746344446603741,0.23467354509713395
118.3812026977539,128.35792888769186,116.6617649651342,818830900.0,-0.1859461131303102,0.0760622519725818,136.31456440648836,137.86535936630582,2.4894710420629886,35.50030209213938,-0.5049243485219108,0.4891805713742159,-0.9941049198961268,0.1797699604493348,-0.2805733662862651,0.0,0.0,-0.0317444374049283,0.0010191764225822,0.0433554134104798,-0.1948054664006289,-0.1400770914941653,0.6749141417789428,0.655677728819505,0.2602335386180819,389.0,1,2025-01-27,-0.16968166296755394,-0.16968166296755394,-0.14007709149416536,142.57327270507812,142.57327270507812,142.57327270507812,147.02186584472656,137.66490173339844,-0.16968166296755394,-0.14007709149416536,-0.11116128517814394,0.07038108829492477,0.05127175424718241,134.50924936930343,13.96729813098304,0.8800971178772325,-1.1547005383792441,140.15407780238561,9.903088333625028,0.8446504343931326,-2.198594455701653,138.084043775286,7.253683140257859,0.8573126877020205,-2.71625334282684,1.3727068505519782,2.1972245773362196,2.4468419135087855,0.10319550661370153,0.13611623132601378,0.7606882655527443,-0.03292072471231225
128.94775390625,128.95774513931468,116.21192149182428,579666400.0,0.0854973649975607,0.0853155582875028,134.47286178142878,136.67634530496505,-0.2920804527528211,47.698207642538144,-1.163862561973218,0.1585719447047291,-1.3224345066779473,0.1883790824132551,0.1825810026193156,-0.1859461131303102,0.0,0.0,-0.0317444374049283,0.0010191764225822,-0.1238282849751944,-0.0633214981987932,0.2421047023699988,0.175091167431955,-0.4328094394089439,1014.0,0,2025-01-28,0.08925869114097607,-0.095568534973686,-0.08407298525147155,118.3812026977539,142.57327270507812,142.57327270507812,147.17178344726562,140.78387451171875,-0.095568534973686,-0.08407298525147155,-0.02102292881740142,0.08069582287685267,0.057320675844154456,129.96740976969406,12.128224782288378,0.9921545265443782,-0.08407296877718877,138.46320343017578,10.751733268279093,0.9312781353587256,-0.8850154004470397,137.88625281197685,7.475033309341205,0.9351748363347325,-1.1957804782698178,1.4077960821022317,4.060443010546419,2.88909077518742,0.1489763989096932,0.38695978736014736,0.46406381109958156,-0.23798338845045416
123.65948486328124,126.84844257022412,120.0106863497111,467120600.0,-0.041875615473755,0.0820264662115545,131.7695175518919,134.94076391274055,-0.1941561560235335,39.717940566897276,-2.0887175239514306,-0.2908859490265029,-1.7978315749249276,0.2077608086804918,0.0527117939388925,0.0854973649975607,-0.1859461131303102,0.0,0.0,-0.0317444374049283,-0.1326601226368791,-0.1017355672634703,0.1046788907995619,0.2018589005432332,-0.1374258115704369,1191.0,0,2025-01-29,-0.04101094344623901,-0.1326601226368792,-0.15890412522800468,128.94775390625,118.3812026977539,142.57327270507812,142.57327270507812,147.02186584472656,-0.1326601226368792,-0.15890412522800468,-0.09204352688937267,0.07760197193592258,0.0574160490275241,123.6628138224284,5.283276390831901,0.9999730803541964,-0.0006300936958258207,135.12572043282645,11.265925331219716,0.9151439449660859,-1.0177801851544686,136.99083110264368,8.388208680586269,0.9026843903927145,-1.5892959685441077,1.351572831121169,3.8501476017100584,2.122060638489435,0.20249977726084378,0.3172977588078736,0.4802024601351308,-0.1147979815470298
124.6091766357422,124.9590604797062,118.06131881584726,392925500.0,0.007650554032242,0.0824106896270971,129.97943232285448,133.5632189424741,-0.1588349989274718,42.47385762496029,-2.7137570533511166,-0.7754601698914257,-1.938296883459691,0.2224825113434033,0.1306513780661329,-0.041875615473755,0.0854973649975607,-0.1859461131303102,0.0,0.0,-0.1259990440599326,-0.094836991370102,0.4064996223993619,0.4003363930649273,0.3018207315998,905.0,0,2025-01-30,0.007679894296106271,0.05260948356716155,-0.15330796626248688,123.65948486328124,128.94775390625,118.3812026977539,142.57327270507812,147.17178344726562,0.05260948356716155,-0.15330796626248688,-0.06678139173028763,0.07796644200939216,0.05735397370464964,125.73880513509118,2.8193071449585094,0.9910160709883052,-0.40067592541982733,131.90249088832311,10.442637277239356,0.9447067738943923,-0.6984168901927994,136.3538976396833,8.988578287846103,0.9138658945050719,-1.3066272137632402,1.3593904131366488,3.258096538021482,1.5610013192696952,0.14161819994449612,0.2117519950866699,0.646629798784852,-0.07013379514217377
120.03067016601562,127.80812056780856,119.15096116009845,388161100.0,-0.0374349575607583,0.0825303964948398,127.49224178364476,131.75887910561298,-0.0121254538074011,35.22613148838471,-3.5377713653849128,-1.3279224089901231,-2.2098489563947896,0.2468710033915977,0.0515423384821678,0.007650554032242,-0.041875615473755,0.0854973649975607,-0.1859461131303102,0.0,-0.1581124015136645,-0.1474117999499696,0.23061822202826,0.0929105521921693,-0.1758814003711018,758.0,0,2025-01-31,-0.03674293172733556,-0.06915268758164983,-0.15811240151366457,124.6091766357422,123.65948486328124,128.94775390625,142.57327270507812,142.57327270507812,-0.06915268758164983,-0.15811240151366457,-0.12809533399829998,0.07811773487787926,0.0570960679544768,122.76644388834639,2.41636545466923,0.9777156229692627,-1.1321854138596164,128.68211909702845,10.07282665712211,0.9327688338386043,-0.8588898851838886,135.09430967058455,9.972447322399344,0.8884953811800048,-1.5105258536421784,1.368180641443877,3.332204510175204,2.402502982483656,0.17314127824027778,0.399660663989683,0.4271980592015165,-0.2265193857494052
120.03067016601562,127.80812056780856,119.15096116009845,388161100.0,0.0,0.0825303964948398,125.62684887923749,130.19511791366668,0.0,35.22613148838471,-4.1430501413044,-1.890947955452979,-2.252102185851421,0.2673703215074997,0.1055510454407109,-0.0374349575607583,0.007650554032242,-0.041875615473755,0.0854973649975607,-0.1859461131303102,0.0139335251769072,-0.183586268094414,0.0418371794090973,0.1696601834003976,-0.1887810426191626,850.0,0,2025-02-01,0.0,-0.029345219263024247,-0.15811240151366457,120.03067016601562,124.6091766357422,123.65948486328124,118.3812026977539,142.57327270507812,-0.029345219263024247,-0.15811240151366457,-0.12809533399829998,0.07811773487787926,0.0570960679544768,121.55683898925786,2.6434019427834916,0.987444813176023,-0.5773502691895507,125.46174730573382,8.347243855617812,0.9567112904423101,-0.6506431624209718,133.83472170148576,10.70923253164161,0.8968574719626223,-1.288986068299903,1.368180641443877,2.70805020110221,2.590166946695923,0.12056678067892786,0.11811481881886718,0.7613183962447303,0.002451961860060678
116.62179565429688,118.53116613291392,112.9729895620065,371235700.0,-0.0288111116856261,0.0434383149827863,122.32630206427322,127.21078320602214,-0.0436040602729124,33.322776146029256,-5.124459400744229,-2.9663077168970946,-2.158151683847134,0.3083339278514571,0.1055507248790184,0.0,0.0,-0.0374349575607583,0.007650554032242,-0.041875615473755,-0.0569118431696953,-0.1820220337121918,0.128804219156486,-0.2206296079364624,0.488886201530855,369.0,1,2025-02-03,-0.02840002898429128,-0.02840002898429128,-0.014862216326261501,120.03067016601562,120.03067016601562,120.03067016601562,123.65948486328124,118.3812026977539,-0.02840002898429128,-0.014862216326261501,-0.152857451784287,0.0444455943687183,0.05728935354115074,118.89437866210942,1.9681146169749344,0.9808856984376774,-1.1547005383790032,121.99003165108817,4.0495296735797295,0.9559944700059974,-1.3256443166264913,131.0720547267369,11.90211066859431,0.8897533184890832,-1.214092145065448,0.7758089701045968,2.70805020110221,2.2208091280305307,0.28031538786100485,0.2538262701460293,0.46585834798003944,0.02648911771497553
118.61113739013672,121.16029755445564,116.66177154188584,256550000.0,0.0169142061657163,0.0235663972957325,121.39751089573907,126.06416376390408,-0.3089296099486122,32.10713707420777,-5.341727806970411,-3.441391734911758,-1.900336072058653,0.3236190458550801,0.1888832449397079,-0.0288111116856261,0.0,0.0,-0.0374349575607583,0.007650554032242,-0.0481348116370189,-0.1680689154446822,0.2297935880035583,-0.0237706570669088,0.1009893688470723,601.0,1,2025-02-04,0.017058061271298497,-0.011826417147513535,-0.08016127619895108,116.62179565429688,120.03067016601562,120.03067016601562,124.6091766357422,128.94775390625,-0.011826417147513535,-0.08016127619895108,-0.15749486365880905,0.023243363648019193,0.05706181058117802,118.42120107014978,1.7123560416574688,1.0016039046916474,0.11092104408560564,120.51337214878627,2.7729499307223624,0.9842155710629269,-0.6859967926481879,129.48828778948103,11.985316876363797,0.9159989634195478,-0.9075396596977012,0.40733659537410605,3.1780538303479458,1.5276396042686586,0.15346927535922628,0.3529924374154728,0.4935382848767483,-0.19952316205624654
124.78911590576172,124.95905839472358,120.72044926950534,262230800.0,0.0507748505158147,0.0292755580148445,122.24541214824475,125.89415738281843,0.0221430520366401,32.04131379525445,-4.958247755821759,-3.7447629390937593,-1.2134848167280006,0.3279749027649023,0.3454236654841661,0.0169142061657163,-0.0288111116856261,0.0,0.0,-0.0374349575607583,0.0396435822041536,-0.1247369612964139,0.3983391127031112,0.3703706162855847,0.1685455246995528,678.0,1,2025-02-05,0.05208598999691194,0.03964358220415365,0.009135013328976926,118.61113739013672,116.62179565429688,120.03067016601562,120.03067016601562,123.65948486328124,0.03964358220415365,0.009135013328976926,-0.151220703201015,0.029439262507471763,0.05767158584698847,120.00734965006514,4.258912599312133,1.0398456117032828,1.1227669373794842,120.67474801199776,3.009351319586341,1.0340946880896316,1.3671942743891754,127.90023422241211,10.907903723292693,0.9756754290907684,-0.28521688452446836,0.5104638978643422,2.5649493574615367,2.0264050293781213,0.1138212083217998,0.13319976146643356,0.7529790255551537,-0.019378553144633756
128.63784790039062,128.72783001681898,125.168990788013,251483600.0,0.0303758358221283,0.0312881486899143,123.8435210862812,126.2599827851614,-0.040983744091083,35.873207313683324,-4.294274818674239,-3.854665315009855,-0.4396095036643843,0.3265055849447433,0.4447259793423772,0.0507748505158147,0.0169142061657163,-0.0288111116856261,0.0,0.0,0.0717081536116588,0.0866408261523037,0.6540941481465765,0.4589610226105855,0.2557550354434653,761.0,1,2025-02-06,0.030841888466742517,0.10303436144743516,0.03233045409187674,124.78911590576172,118.61113739013672,116.62179565429688,120.03067016601562,124.6091766357422,0.10303436144743516,0.03233045409187674,-0.1259340283357785,0.03145981897134031,0.05865227701359508,124.01270039876306,5.05824541651969,1.0372957566987526,0.9143778367341228,121.25027247837612,4.081458165606186,1.060928320167957,1.8100333562814528,126.57638168334961,9.411065475751798,1.0162863418089962,0.21904705926789192,0.5363784762192302,2.5649493574615367,1.965880046375753,0.22099854409073785,0.23741108567143476,0.5415903821898004,-0.01641254158069691
129.79745483398438,130.32727996151158,124.95904429961288,228186300.0,0.0089741200502381,0.0252429957071998,125.332004523207,126.73164572500448,-0.0926394405042714,39.723378762218964,-3.632626239953765,-3.810257499998637,0.1776312600448717,0.3240006094449698,0.4808293194213343,0.0303758358221283,0.0507748505158147,0.0169142061657163,-0.0288111116856261,0.0,0.0813690755409448,0.0065894976996043,0.7901502619001838,0.6858618101711785,0.1360561137536072,700.0,1,2025-02-07,0.009014508191179216,0.09431085216773138,0.08136907554094486,128.63784790039062,124.78911590576172,118.61113739013672,120.03067016601562,120.03067016601562,0.09431085216773138,0.08136907554094486,-0.0896087859154453,0.025543791876232208,0.05840436546957436,127.7414728800456,2.621732411558118,1.0160948665111245,0.7842073984647736,122.64552743094308,5.1298074409382535,1.0583138052634513,1.3941902274860427,125.66382326398578,8.29365885561742,1.0328943642062756,0.49840868089224916,0.4373610032547858,2.70805020110221,1.9429924352370143,0.057257164402731785,0.20967353734054733,0.7330692814929145,-0.15241637293781554
129.79745483398438,130.32727996151158,124.95904429961288,228186300.0,0.0,0.0252429957071998,126.44836710090136,127.14042027286844,0.0,39.723378762218964,-3.0728431513271346,-3.662774630264337,0.5899314789372023,0.3209638961702335,0.4900015577343747,0.0089741200502381,0.0303758358221283,0.0507748505158147,0.0169142061657163,-0.0288111116856261,0.1129776737338552,0.0496360629149419,0.5070788908491269,0.4554592157420276,-0.2830713710510568,570.0,1,2025-02-08,0.0,0.04013442111413679,0.08136907554094486,129.79745483398438,128.63784790039062,124.78911590576172,116.62179565429688,120.03067016601562,0.04013442111413679,0.08136907554094486,-0.0896087859154453,0.025543791876232208,0.05840436546957436,129.41091918945315,0.6694993752667279,1.0029868858590314,0.5773502691876691,124.04078238351005,5.606171876756726,1.046409514192484,1.0268455154472838,124.75126484462193,6.870790197343248,1.040450010632337,0.7344409950566784,0.4373610032547858,2.833213344056216,2.553944871628368,0.25845638010650873,0.2613642725918907,0.48017934802919626,-0.00290789248538198
133.5262451171875,134.95576927734325,129.91742726932324,216989100.0,0.0283228554457078,0.0184934145355192,128.84579055492594,128.2988986902844,-0.0490704306086736,68.16111620696903,-1.9011241412714528,-3.1402803519143823,1.2391562106429297,0.3095305109889809,0.6014976084809533,0.0,0.0,0.0089741200502381,0.0303758358221283,0.0507748505158147,0.0700151543506717,0.1124343880818627,0.38367478236309,0.9981466993807048,-0.2996008359284758,371.0,1,2025-02-10,0.02872776117199205,0.02872776117199205,0.14495103053464087,129.79745483398438,129.79745483398438,129.79745483398438,124.78911590576172,116.62179565429688,0.02872776117199205,0.14495103053464087,0.12793452063585886,0.01893774827291718,0.03458168626334396,131.04038492838546,2.1528180737597173,1.0189701838113538,1.1547005383788367,127.85095868791852,4.812203086331736,1.0443898621294052,1.1793530587660959,124.92049516950335,5.244503091415776,1.0688898161667315,1.6409085470404379,0.5476236216101149,1.9459101490553132,2.836422501839113,0.12817982599760092,0.3531140349805355,0.5187061491111914,-0.2249342089829346
132.7565155029297,134.43595803743202,130.9770996135579,178902400.0,-0.0057813112376435,0.0208307974193001,129.82347179192686,128.89324759863712,-0.1755235631651543,55.96993542900083,-1.3938983107408944,-2.791003943679685,1.3971056329387903,0.2850236537432316,0.6092965556360237,0.0283228554457078,0.0,0.0,0.0089741200502381,0.0303758358221283,0.0320175412583729,0.1060216136368548,0.1189467971634184,0.645519356747251,-0.2647279851996715,674.0,1,2025-02-11,-0.0057646316166702904,0.0227975245949934,0.11925843073459341,133.5262451171875,129.79745483398438,129.79745483398438,128.63784790039062,118.61113739013672,0.0227975245949934,0.11925843073459341,0.02953724653047307,0.021282882454747958,0.025887773519497934,132.02673848470056,1.968603595516977,1.005527494101611,0.3707079576055947,129.8717269897461,2.859179649458718,1.0222125983849537,1.0089567172631926,125.19254956926618,5.558851404392047,1.060418658775525,1.360706625056972,0.8221210077691037,2.0794415416798357,3.0077859984531945,0.19331743222262174,0.14876749619309385,0.657915072781699,0.04454993602952789
131.0970458984375,132.19669170682792,129.03772306980744,160278600.0,-0.0125788825958873,0.0165814736678565,130.14186531855452,129.18708737194385,-0.1041003362727386,63.154176224531106,-1.11299361640161,-2.45540187822407,1.34240826182246,0.2538027625610077,0.5971595556399691,-0.0057813112376435,0.0283228554457078,0.0,0.0,0.0089741200502381,0.0100124541433832,0.0921962338218711,0.0604022435177082,-0.0574481230615517,-0.0585445536457102,698.0,1,2025-02-12,-0.012500099134159393,0.010012454143383254,0.05054871930849636,132.7565155029297,133.5262451171875,129.79745483398438,129.79745483398438,124.78911590576172,0.010012454143383254,0.05054871930849636,0.060145495862119036,0.01676072036415215,0.023191824398195993,132.45993550618493,1.2414596175265156,0.9897109295536098,-1.0978122755719233,130.77285984584265,1.7810875719568577,1.0024790010173137,0.1820157850176198,125.7238039289202,5.7530749567432835,1.0427384616246191,0.9339773964215816,0.7226995201574528,2.8903717578961645,2.457648461545876,0.20990369983893978,0.08785787547993304,0.7022384234211024,0.12204582435900674
135.2456817626953,136.45529216313562,131.127036067263,197430000.0,0.0311551320763959,0.0167658181802981,131.4178194295897,129.99489995737738,0.2317926410637476,66.89961578668691,-0.549282591877045,-2.074178020954665,1.52489542907762,0.2373420392461115,0.7533097644153176,-0.0125788825958873,-0.0057813112376435,0.0283228554457078,0.0,0.0,0.0419748363762557,0.1596947294792596,0.2231634275241968,0.1276368798304855,0.1627611840064886,622.0,1,2025-02-13,0.031645532786999775,0.012877143695599003,0.05136772707377224,131.0970458984375,132.7565155029297,133.5262451171875,129.79745483398438,128.63784790039062,0.012877143695599003,0.05136772707377224,0.0853589231076115,0.01695141047634353,0.024307888384397913,133.03308105468753,2.088099916639344,1.0166319586862627,1.059623962616126,131.71683611188615,2.1696335785318914,1.0267911510401875,1.626470794758346,126.48355429513114,6.273356381530837,1.069274835897788,1.396720819713102,0.6973625272701122,2.0794415416798357,3.4182754572940897,0.20584959842796832,0.2228398002418024,0.5713106130382845,-0.016990201813834066
138.80453491210938,139.20439781688884,135.4556258828613,195479600.0,0.0259737304169446,0.0182394899884248,133.26449830021963,131.16951795134165,-0.0098789444360026,80.82735175678954,0.1825280927251071,-1.6228367982187106,1.8053648909438176,0.226565605184467,0.8955874551638524,0.0311551320763959,-0.0125788825958873,-0.0057813112376435,0.0283228554457078,0.0,0.0693933489654738,0.1702487470089118,-0.0226389611056408,0.1268866398704339,-0.2458023886298376,844.0,0,2025-02-14,0.026313987278784312,0.04555723224783059,0.06939334896547389,135.2456817626953,131.0970458984375,132.7565155029297,129.79745483398438,129.79745483398438,0.04555723224783059,0.06939334896547389,0.15640889716042938,0.018438306601560494,0.021421289938054543,135.0490875244141,3.8575035573367615,1.027808017488577,0.9735434671350148,133.0035618373326,3.245655232656142,1.0436151708619017,1.7873041524590534,127.82454463413784,6.774421816349658,1.0858989195650859,1.6208010920536413,0.8607467923210902,2.0794415416798357,2.301651304914945,0.17188073947493515,0.2847357823380402,0.5433834844401905,-0.11285504286310505
138.80453491210938,139.20439781688884,135.4556258828613,195479600.0,0.0,0.0182394899884248,134.64950745319206,132.18752021277734,0.0,80.82735175678954,0.7538039499749516,-1.1475086485799784,1.90131259855493,0.2150090337660153,0.9243576249349216,0.0259737304169446,0.0311551320763959,-0.0125788825958873,-0.0057813112376435,0.0283228554457078,0.0395299799697763,0.112312831969511,0.4469179300327102,0.7136126414293921,0.4695568911383511,741.0,1,2025-02-15,0.0,0.05879224021297147,0.06939334896547389,138.80453491210938,135.2456817626953,131.0970458984375,133.5262451171875,129.79745483398438,0.05879224021297147,0.06939334896547389,0.15640889716042938,0.018438306601560494,0.021421289938054543,137.6182505289714,2.054704823821489,1.008620109459161,0.5773502691893407,134.290287562779,3.5352555821161653,1.033615590756852,1.2769224867833127,129.16553497314453,6.968315204856311,1.0746251694847928,1.3832611837431374,0.8607467923210902,2.302585092994046,3.1700968953651927,0.4080945199562443,0.026628969858090032,0.5652764985958735,0.38146555009815425
139.35435485839844,143.3930407195906,137.88483491061234,219176600.0,0.0039532848496228,0.0157218145637314,137.1890876894509,134.5704127436346,0.1212249257723057,90.51153947589964,1.8084597648104928,0.170547554665608,1.637912210144885,0.2357019289093512,0.8229315280448635,0.0,0.0,0.0,0.0259737304169446,0.0311551320763959,0.030379329248473,0.0736293329991537,0.3247415593664903,0.6099938808716363,0.9484092156653255,574.0,0,2025-02-18,0.003961109387652151,0.003961109387652151,0.04969879881581507,138.80453491210938,138.80453491210938,138.80453491210938,135.2456817626953,132.7565155029297,0.003961109387652151,0.04969879881581507,0.17488423030657696,0.015900187890281404,0.018689709876915227,138.9878082275391,0.31743869400209235,1.0026372574367046,1.1547005383563307,137.27360316685267,3.0541463768679127,1.0151576970629719,0.6812874809489724,133.5726650782994,4.77794217411373,1.0432849773320751,1.2100794797022634,0.8507455704232558,1.791759469228055,2.5304015372384105,0.08754678815603249,0.12878108359873291,0.7836721003055572,-0.04123429544270042
139.18438720703125,141.3136943495984,137.17505112782226,167536000.0,-0.0012204239252547,0.0138472429990743,137.687912568846,135.18560933875415,-0.2356118308250059,86.73461639850586,1.997833246170444,0.5360046929665752,1.4618285532038688,0.2405841515147629,0.7859222197374179,0.0039532848496228,0.0,0.0,0.0,0.0259737304169446,0.0027365985928513,0.0723198492994574,-0.0519255282808535,0.3265141117400484,-0.3766670876473438,612.0,0,2025-02-19,-0.0012196795108405656,0.002736598592851358,0.06168972956766017,139.35435485839844,138.80453491210938,138.80453491210938,138.80453491210938,131.0970458984375,0.002736598592851358,0.06168972956766017,0.11535678570028951,0.014051521201385213,0.014878741308725905,139.11442565917972,0.2815074723194114,1.0005029064924074,0.24852465646862995,138.42893763950892,1.421531586016162,1.0054573095799495,0.5314335431965173,134.60089874267578,4.263553006167345,1.0340524358096448,1.0750396342499622,0.9444025478919004,1.9459101490553132,2.7491112225685836,0.33982962059477967,0.1363597322876254,0.5238106735050678,0.20346988830715426
140.06410217285156,140.61392504988532,136.74518244514988,143903600.0,0.0063006097400378,0.0096296264405436,138.28195996984738,135.83607504996715,-0.1410586381434437,84.36552612231748,2.1936121448378856,0.8675261833408373,1.3260859614970482,0.2359419469057678,0.785383504403989,-0.0012204239252547,0.0039532848496228,0.0,0.0,0.0,0.0090743955991043,0.0489630862451513,0.0069985350795237,0.2790534834834882,0.0589240633603773,664.0,0,2025-02-20,0.0063205003339330545,0.00907439559910439,0.03562716640824615,139.18438720703125,139.35435485839844,138.80453491210938,138.80453491210938,135.2456817626953,0.00907439559910439,0.03562716640824615,0.08882498004248895,0.009753403628697067,0.01333759159370555,139.53428141276046,0.4666420244679341,1.0037970651708437,1.1353901541448197,139.1172834123884,0.4740636477657982,1.0068059031720487,1.997239748133843,135.41705976213728,4.125674286235364,1.034316521263103,1.1263716154758927,0.7312717262462903,2.1972245773362196,1.0904039093534386,0.19884742330759758,0.2078318098792806,0.5933207450434566,-0.008984386571683017
134.38595581054688,141.41366694156105,133.98609294492073,228217600.0,-0.0413842633090501,0.0164314854659783,137.30795893002227,135.64272581804445,0.5859061204862144,60.8510460178575,1.8690441972870813,1.0678297861300865,0.8012144111569952,0.2213231680122656,0.5835604777867373,0.0063006097400378,-0.0012204239252547,0.0039532848496228,0.0,0.0,-0.0318331033230314,0.0122739008435426,0.1830371805587168,0.2357249716477055,0.1760386454791931,657.0,0,2025-02-21,-0.040539626315509114,-0.03565298732788136,-0.031833103323031464,140.06410217285156,139.18438720703125,139.35435485839844,138.80453491210938,138.80453491210938,-0.03565298732788136,-0.031833103323031464,0.0353512399948932,0.016119546602150238,0.018211845203509006,137.87814839680993,3.0561464951698065,0.9746718923421236,-1.142678399671749,138.4860578264509,1.863998708955279,0.9703933949723501,-2.1996270685198116,135.74480983189173,3.8155026123664224,0.9899896428966406,-0.35614024137755096,0.8851133107063951,1.9459101490553132,1.005114210043544,0.11221439857035871,0.2276372712415953,0.6601483225822449,-0.11542287267123659
134.38595581054688,141.41366694156105,133.98609294492073,228217600.0,0.0,0.0164314854659783,136.5774581501534,135.47515648371146,0.0,60.8510460178575,1.5934534213166387,1.1729545131673969,0.4204989081492418,0.2036032436534752,0.5637681336849033,-0.0413842633090501,0.0063006097400378,-0.0012204239252547,0.0039532848496228,0.0,-0.0318331033230314,0.0250875974326478,0.0502344749957284,-0.1275458326318205,-0.1328027055629884,803.0,0,2025-02-22,0.0,-0.034475356703240756,-0.031833103323031464,134.38595581054688,140.06410217285156,139.18438720703125,138.80453491210938,138.80453491210938,-0.034475356703240756,-0.031833103323031464,0.0353512399948932,0.016119546602150238,0.018211845203509006,136.27867126464847,3.2782793307752627,0.9861114330178198,-0.5773502691895364,137.8548322405134,2.407184933563662,0.9748367440329229,-1.441051072395628,136.0725599016462,3.4443527210351412,0.9876051123583005,-0.4896722919226595,0.8851133107063951,2.302585092994046,2.3559735034965374,0.10819724864429894,0.38584875936309493,0.5059539940622118,-0.277651510718796
130.23733520507812,138.544611438826,130.03740375103862,251381100.0,-0.0313574857758399,0.0190304320564348,134.58152072520835,134.650917124328,0.1014974305224487,42.37370413614973,0.8295459347210965,1.1341001887867388,-0.3045542540656423,0.1328775294690236,0.2814253323485478,0.0,0.0,-0.0413842633090501,0.0063006097400378,-0.0012204239252547,-0.0642820087905746,-0.0617213242525251,0.3496783426005462,0.1858179235111478,0.4607643671767719,336.0,0,2025-02-24,-0.030870938711165197,-0.030870938711165197,-0.06172132425252519,134.38595581054688,134.38595581054688,134.38595581054688,139.18438720703125,138.80453491210938,-0.030870938711165197,-0.06172132425252519,-0.024631186994159115,0.018700565282191262,0.018605820240136267,133.00308227539065,2.3952072233337054,0.9792053911608913,-1.1547005383789286,135.99972098214286,3.627043465461614,0.9576294294175696,-1.5887280734120888,136.16538783482142,3.3413439643473346,0.9564643208967726,-1.774152165415038,1.005092226025629,1.6094379124341003,1.7125315415363753,0.07038355199620125,0.22722899122163648,0.7023874763399363,-0.15684543922543523
126.5885238647461,130.1573543264651,124.39924631174092,271428700.0,-0.0284165845723879,0.0192610261734934,132.5832715100928,133.57593135638376,0.0797498300389329,37.382412092143156,0.1139103530898353,0.9300622216473582,-0.8161518685575229,0.127297832074811,0.0531802146515532,-0.0313574857758399,0.0,0.0,-0.0413842633090501,0.0063006097400378,-0.0962100788071693,-0.0880087315237821,0.2038358111708013,0.2935246686506931,-0.1458425314297448,645.0,0,2025-02-25,-0.028016630826993127,-0.058022669845004926,-0.09160697566017251,130.23733520507812,134.38595581054688,134.38595581054688,140.06410217285156,139.35435485839844,-0.058022669845004926,-0.09160697566017251,-0.04646093349781755,0.018937518632958856,0.019893204165547497,130.40393829345706,3.9013848411999485,0.970741570548852,-0.9779641291520114,134.1760308401925,4.7075968463029465,0.9434510998131749,-1.6117580207415536,135.7248170035226,4.137241826179496,0.9326851688550122,-2.208305320942125,0.9519591954802451,1.9459101490553132,1.6369739272492696,0.0612669130787253,0.3470626873895526,0.5916703740755717,-0.2857957743108273
131.23699951171875,133.68619399137987,128.44792005609298,322553800.0,0.0360629884029895,0.026925380522307,132.2467035104993,133.2640737770951,0.188355542357901,50.25510076368914,-0.0772523484649241,0.7285993076249018,-0.8058516560898259,0.1229566461396645,0.3113767761501236,-0.0284165845723879,-0.0313574857758399,0.0,0.0,-0.0413842633090501,-0.0234321829229493,-0.0545193671459103,0.1549965123575037,0.1293098936741113,-0.0488392988132976,729.0,0,2025-02-26,0.036721145843673364,-0.02343218292294935,-0.05709970676158582,126.5885238647461,130.23733520507812,134.38595581054688,134.38595581054688,139.18438720703125,-0.02343218292294935,-0.05709970676158582,0.0010675573375595881,0.026819175378277202,0.02232541243366206,129.35428619384768,2.446816937840622,1.0145547037772653,0.7694540971800724,133.04068974086218,4.232810023566309,0.9864425670623276,-0.42612123367250665,135.73481369018555,4.125351737302282,0.9668632235446019,-1.0902862264559487,1.2012846552316985,2.833213344056216,1.9004670997645259,0.1562124709016643,0.41086964332498604,0.43291786999907345,-0.25465717242332175
120.11064910888672,134.96577503505506,119.97069557287364,443175800.0,-0.0885914513879506,0.0393238747839239,129.21268991009617,131.510283821334,0.3739593208946847,28.00700661304539,-1.1137154391002468,0.360136358279872,-1.4738517973801188,0.15350567915107,-0.1695016595598791,0.0360629884029895,-0.0284165845723879,-0.0313574857758399,0.0,0.0,-0.1062261797786744,-0.1346777741452004,0.0481188592984966,0.1509428381417505,-0.106877653059007,765.0,1,2025-02-27,-0.0847805911764884,-0.07775563036701749,-0.14245943646103199,131.23699951171875,126.5885238647461,130.23733520507812,134.38595581054688,140.06410217285156,-0.07775563036701749,-0.14245943646103199,-0.11190769610200801,0.03831911227377888,0.03008881616370942,125.97872416178389,5.588184864511225,0.9534201104834076,-1.0500860646474737,130.19019644601005,5.299064831967133,0.9225782922809912,-1.90213701034897,134.65373992919922,5.875333264402582,0.8919963839997371,-2.4752793017591106,1.273533397435428,3.4011973816621555,2.4869631868863857,0.26517412785826056,0.2740357670098029,0.4607901085039665,-0.008861639151542366
124.87908172607422,125.04902421361967,116.36187573271177,389091100.0,0.0389325290910256,0.0441333167851103,128.12928786409066,130.62612354196602,-0.1220389290209438,30.451849571827935,-1.5326794701175004,-0.0184268073996024,-1.5142526627178978,0.1631668778822643,0.0989672563821299,-0.0885914513879506,0.0360629884029895,-0.0284165845723879,-0.0313574857758399,0.0,-0.0707430626000469,-0.1038738484135133,0.0496846693950124,0.2447574512045625,0.0015658100965158,804.0,0,2025-02-28,0.03970033175713383,-0.013503926631598384,-0.07074306260004692,120.11064910888672,131.23699951171875,126.5885238647461,134.38595581054688,134.38595581054688,-0.013503926631598384,-0.07074306260004692,-0.10032419470194331,0.04321311021480646,0.031445512381633574,125.40891011555993,5.582065649325649,0.9957751934133109,-0.09491618744213834,128.83207157679968,5.262644287190403,0.9693167252350747,-0.7511413720944957,133.65906470162528,6.2831739484375895,0.9343106059050232,-1.3973802170055065,1.3742218504935544,3.367295829986474,2.2605097888606465,0.26804822370676057,0.36252383079512834,0.3694279500549393,-0.09447560708836777
124.87908172607422,125.04902421361967,116.36187573271177,389091100.0,0.0,0.0441333167851103,127.31673632958656,129.85985129984712,0.0,30.451849571827935,-1.843461209859015,-0.383433687891485,-1.46002752196753,0.1720197068601114,0.1296231295953645,0.0389325290910256,-0.0885914513879506,0.0360629884029895,-0.0284165845723879,-0.0313574857758399,-0.0411422229314392,-0.1027795269858713,-0.6136745308079145,-0.55958481039681,-0.6633592002029269,687.0,0,2025-03-01,0.0,-0.048446077015626976,-0.07074306260004692,124.87908172607422,120.11064910888672,131.23699951171875,130.23733520507812,134.38595581054688,-0.048446077015626976,-0.07074306260004692,-0.10032419470194331,0.04321311021480646,0.031445512381633574,123.28960418701176,2.7530558551462136,1.0128922267983882,0.5773502691895225,127.47394670758929,4.796553031717674,0.9796439582476614,-0.5409853626878043,132.66438947405135,6.504309265694102,0.9413157684677703,-1.1969461214028427,1.3742218504935544,2.4849066497880004,4.094241096139452,0.18759219094433563,0.3283782611516389,0.484029553999955,-0.14078607020730324
114.02263641357422,123.65947815441596,112.2432206852501,411381400.0,-0.0909489292151928,0.0535698935860551,123.5361511124249,127.17266705315254,0.0572881260969475,23.338339727717596,-3.082749933856917,-1.1924984385319035,-1.890251495325013,0.2235345910423767,-0.1094933691334606,0.0,0.0,0.0389325290910256,-0.0885914513879506,0.0360629884029895,-0.1311700447449454,-0.1515286271854198,-0.0386901212088273,-0.1028993103342228,0.3170899756792594,369.0,0,2025-03-03,-0.08693565937899761,-0.08693565937899761,-0.12450115603157452,124.87908172607422,124.87908172607422,124.87908172607422,131.23699951171875,130.23733520507812,-0.08693565937899761,-0.12450115603157452,-0.17853810406286064,0.05209415325863379,0.03787279624974555,121.26026662190759,6.2679716236144944,0.9403132583329997,-1.1547005383792266,123.7994362967355,5.412735378575571,0.9210271050045234,-1.8062586103616542,129.89957863943917,7.724502492768379,0.8777752599957663,-2.0553999743969045,1.375503221761287,1.9459101490553132,1.7896890492282953,0.04250576285024479,0.18527003719160948,0.7722242089609305,-0.14276427434136468
115.9520034790039,119.27091565466138,110.07393231302608,398163300.0,0.0167793486563318,0.0549508606958226,121.64011420406965,125.6765785765994,-0.0321310102984724,25.54834597423651,-3.690352809812566,-1.6920693127880364,-1.9982834970245296,0.2500927334115732,0.0339348612436929,-0.0909489292151928,0.0,0.0,0.0389325290910256,-0.0885914513879506,-0.0346234547955258,-0.137171717240532,-0.0779558484181069,0.091225258848743,-0.0392657272092795,584.0,0,2025-03-04,0.016920912602227833,-0.07148577747113893,-0.08402436540856428,114.02263641357422,124.87908172607422,124.87908172607422,120.11064910888672,126.5885238647461,-0.07148577747113893,-0.08402436540856428,-0.16793412307189304,0.053352505594677434,0.038479659090816354,118.28457387288415,5.791913732751245,0.9802800118603211,-0.4027287873247105,122.27993338448661,5.964159543128511,0.9482504632580581,-1.0609927282668528,128.22798211233956,8.046528033419346,0.9042644325278334,-1.5256242919120258,1.3865119092858769,2.3978952727983707,2.4860109731770397,0.2059690617024898,0.21743304450064893,0.5765978656709194,-0.011463982798159134
117.2615737915039,118.24124845757764,114.47248692259636,284337900.0,0.0112307704593865,0.052013448701627,120.54547910092822,124.55457793858666,-0.2858761719123787,27.62701283282877,-4.019872498982238,-2.1576299500268767,-1.8622425489553611,0.2674289646851426,0.1245029917552281,0.0167793486563318,-0.0909489292151928,0.0,0.0,0.0389325290910256,-0.0609990706952788,-0.127426872218585,0.6543306535585174,0.4303645883912955,0.7322865019766243,923.0,0,2025-03-05,0.011294072316198722,-0.06099907069527888,-0.10648998203412074,115.9520034790039,114.02263641357422,124.87908172607422,124.87908172607422,131.23699951171875,-0.06099907069527888,-0.10648998203412074,-0.15750914204851174,0.05032612607727975,0.03890077105285667,115.74540456136071,1.6293223036334916,1.0130991743118356,0.9305520625121488,120.28344399588448,4.663337584831339,0.9748770894481208,-0.6480058862154775,126.66206686837333,7.881799898140007,0.9257828858371752,-1.1926835492344594,1.2937051044283623,2.995732273553991,1.6548521907629512,0.2893384407813611,0.24392112819968081,0.46674044596913616,0.0454173125816803
110.53378295898438,115.31221606989396,110.18389912538346,321181900.0,-0.0590859104620505,0.0460071385442693,118.04255506544226,122.68513860797304,0.1295782236557279,23.07691772631233,-4.76892254979785,-2.6798884699810714,-2.0890340798167784,0.2955408693430833,0.0170369787539046,0.0112307704593865,0.0167793486563318,-0.0909489292151928,0.0,0.0,-0.1148735125916177,-0.1512895838590952,0.1695132133202139,0.4524228041741622,-0.4848174402383034,674.0,1,2025-03-06,-0.057374215738241974,-0.030597901998471122,-0.07973369739447833,117.2615737915039,115.9520034790039,114.02263641357422,124.87908172607422,120.11064910888672,-0.030597901998471122,-0.07973369739447833,-0.21083431625773852,0.044732289877828874,0.04036087095513733,114.58245340983076,3.5668673812624485,0.9646658774501418,-1.135077371285223,118.91532026018415,5.949845921657235,0.9295167579512787,-1.4086982102664647,124.5527583530971,7.970206266170311,0.8874454843113947,-1.7589225329859444,1.1083083397172113,2.4849066497880004,1.3645547176003885,0.13381181962110775,0.03816325831311665,0.8280249238014221,0.0956485613079911
112.65309143066406,113.44283358559466,107.52476685365718,341755500.0,0.0189919069269069,0.0428460122121479,116.69518915674772,121.34753231766516,0.0640559134870302,28.81092054673549,-5.132376785034523,-3.170386132991762,-1.9619906520427608,0.309922663193558,0.1213650407797078,-0.0590859104620505,0.0112307704593865,0.0167793486563318,-0.0909489292151928,0.0,-0.0979026280977002,-0.1100844848224266,-0.0774850042661974,0.0215146272680802,-0.2469982175864114,648.0,0,2025-03-07,0.01917340033920767,-0.028450668805711454,-0.09790262809770023,110.53378295898438,117.2615737915039,115.9520034790039,124.87908172607422,124.87908172607422,-0.028450668805711454,-0.09790262809770023,-0.1617197589495224,0.04141081632326139,0.040720691395543254,113.48281606038415,3.439785544537302,0.9926885438824624,-0.24121405796293596,117.1687502179827,5.696482974224663,0.9614602120538315,-0.792709959417242,123.00041089739118,8.023943912926395,0.9158757325180076,-1.28955530833881,1.0169477703856882,2.0794415416798357,3.993358917895018,0.14433624781668183,0.5184737724651184,0.337189983310444,-0.3741375246484365
112.65309143066406,113.44283358559466,107.52476685365718,341755500.0,0.0,0.0428460122121479,115.6846647252268,120.18827353273169,0.0,28.81092054673549,-5.358645752413281,-3.608038056876066,-1.750607695537215,0.3185817312084937,0.1603346613268769,0.0189919069269069,-0.0590859104620505,0.0112307704593865,0.0167793486563318,-0.0909489292151928,-0.01201116748382,-0.1416057068524737,0.0643031031813794,0.1644931117446414,0.1417881074475769,594.0,0,2025-03-08,0.0,-0.03930087420653183,-0.09790262809770023,112.65309143066406,110.53378295898438,117.2615737915039,114.02263641357422,124.87908172607422,-0.03930087420653183,-0.09790262809770023,-0.1617197589495224,0.04141081632326139,0.040720691395543254,111.94665527343754,1.2235833166205734,1.0063104713177986,0.5773502691893779,115.42218017578125,4.730890042870581,0.9760090414086787,-0.5853208846589417,121.44806344168526,7.749378225097362,0.9275824433771708,-1.1349261522089023,1.0169477703856882,2.8903717578961645,1.3410283892529888,0.1645149896469186,0.31450713360134286,0.5209778848049396,-0.14999214395442426
106.94495391845705,111.8133534982648,105.42544763902806,366487400.0,-0.0519988565677789,0.0326004559309723,112.93131703080384,117.55176543014504,0.0723672332998297,27.960639872068327,-5.958860304825322,-4.376893188700935,-1.5819671161243871,0.3316281893496488,0.0980165225430431,0.0,0.0,0.0189919069269069,-0.0590859104620505,0.0112307704593865,-0.0879795447005535,-0.1436119449289049,-0.1462235771374246,0.0473188501990441,-0.6002342183458771,355.0,1,2025-03-10,-0.050670047663274986,-0.050670047663274986,-0.0620726087181982,112.65309143066406,112.65309143066406,112.65309143066406,117.2615737915039,114.02263641357422,-0.050670047663274986,-0.0620726087181982,-0.1788456532064615,0.03192479757643093,0.0417670916013109,110.75037892659509,3.2955947292442698,0.9656396208751551,-1.1547005383792097,112.66451263427734,3.395936776062121,0.9492337153724112,-1.6842359245723695,118.23197446550641,7.226731267600954,0.9045349568247099,-1.5618431250725475,0.7643528996744637,1.3862943611198906,2.8993935083990183,0.07700071856379506,0.28501013355950505,0.6379891683657964,-0.20800941499571
108.72438049316406,112.2032364343548,104.73568182740638,354865700.0,0.0165018078158002,0.0325638062975726,111.87958289639391,116.3747807718809,-0.0317110492748181,32.47696175506904,-6.128211081986308,-4.72715676735801,-1.401054314628298,0.3289062614460445,0.1720117622406639,-0.0519988565677789,0.0,0.0,0.0189919069269069,-0.0590859104620505,-0.0163696782773798,-0.1293627484252802,-0.0731763446514819,-0.1054988797496976,0.0730472324859427,754.0,1,2025-03-11,0.016638714679925837,-0.03487441744923658,-0.06233288575430773,106.94495391845705,112.65309143066406,112.65309143066406,110.53378295898438,115.9520034790039,-0.03487441744923658,-0.06233288575430773,-0.1411197699932818,0.03188725923040925,0.042246017274282906,109.44080861409509,2.9207294301103244,0.9934537387835166,-0.24529082137675653,111.63199506487165,3.327880132041415,0.973953573345904,-0.8737137325688383,116.95596422467914,7.214840357415165,0.9296180935612507,-1.1409238907212873,0.7547991807933215,2.1972245773362196,4.002523469468921,0.08591548749245699,0.21045300504192707,0.7036315128207207,-0.12453751754947008
115.71273803710938,116.7325020716217,112.85341103244578,323857500.0,0.0622946629907635,0.0421967550990594,112.83787168157278,116.28650840724472,-0.0873800990064692,35.440505012546026,-5.633580336005863,-4.908441481087581,-0.7251388549182822,0.3028319064233199,0.3647633604307456,0.0165018078158002,-0.0519988565677789,0.0,0.0,0.0189919069269069,0.0271598991877508,-0.0734017544192987,-0.2218051924605065,-0.1886845437213659,-0.1486288478090245,731.0,1,2025-03-12,0.06427590124907345,0.027159899187750858,-0.013208382800220853,108.72438049316406,106.94495391845705,112.65309143066406,112.65309143066406,117.2615737915039,0.027159899187750858,-0.013208382800220853,-0.11829180438724629,0.042083387113882396,0.04513104001640216,110.46069081624353,4.634607830372284,1.0475467533477847,1.1332236541023508,111.41073281424386,2.917371097428357,1.0386139208871221,1.4746170710533555,115.84708840506417,5.929613700584327,0.9988402784238735,-0.022657524543555956,0.9324710243457243,2.8903717578961645,1.7656366123228373,0.15034564381794016,0.27797350038171686,0.5716808590051883,-0.1276278565637767
115.55277252197266,117.73225924433854,113.76319330991836,299033100.0,-0.0013833929690728,0.0340042190628525,113.51659689167276,116.18867695587512,-0.0766522313054353,44.61839336417751,-5.194609560892417,-4.965675097048549,-0.2289344638438679,0.2873364623624462,0.3790743543933097,0.0622946629907635,0.0165018078158002,-0.0519988565677789,0.0,0.0,0.0257399158290592,0.0134195819051967,-0.0160539309914875,-0.1564493818347272,0.205751261469019,691.0,1,2025-03-13,-0.0013824365221175583,0.08048830999617684,0.04540683787915478,115.71273803710938,108.72438049316406,106.94495391845705,112.65309143066406,110.53378295898438,0.08048830999617684,0.04540683787915478,-0.03794731458642031,0.034194522257335644,0.039347931559508616,113.32996368408207,3.989353912334567,1.0196136023133906,0.5571851700141079,112.12773132324219,3.262288781900588,1.0305458886781251,1.0498890281365778,115.52152579171317,5.801252782784477,1.0002704840508756,0.00538620388206645,0.8690297279190111,2.4849066497880004,2.909691601691648,0.10004142142662942,0.20024878785691475,0.699709778143601,-0.10020736643028533
121.6413345336914,121.85128414551468,118.12216714928688,277593500.0,0.0513495033589796,0.0379773861155517,115.5477813021774,116.91569796625062,-0.071696410865553,46.29267834154974,-4.305791504687591,-4.833698378576357,0.5279068738887664,0.2653281897681633,0.581225168435478,-0.0013833929690728,0.0622946629907635,0.0165018078158002,-0.0519988565677789,0.0,0.0797869191948401,0.0490662591760884,0.3563643172312338,0.3835797335274715,0.3724182482227213,720.0,0,2025-03-14,0.052690747948613614,0.11880457705932379,0.07978691919484016,115.55277252197266,115.71273803710938,108.72438049316406,112.65309143066406,112.65309143066406,0.11880457705932379,0.07978691919484016,-0.02592705797985373,0.038305337943703124,0.04054261690515454,117.63561503092451,3.4699767711968197,1.034051928080742,1.1543937515712224,113.4117660522461,4.874193866433609,1.072563621640934,1.6883958059441717,115.2902581351144,5.453639291722105,1.0550877108032308,1.1645574741653875,0.9448166119447763,1.791759469228055,2.1225016164504726,0.23380715698003768,0.048825905285775614,0.7173669245094061,0.18498125169426205
121.6413345336914,121.85128414551468,118.12216714928688,277593500.0,0.0,0.0379773861155517,117.0711696100559,117.5457828419094,0.0,46.29267834154974,-3.5603552326788304,-4.579029749396852,1.018674516718022,0.2387331693206448,0.6132962690974783,0.0513495033589796,-0.0013833929690728,0.0622946629907635,0.0165018078158002,-0.0519988565677789,0.1374200471996089,0.0373503493137052,0.0113017218011573,-0.2395266434236486,-0.3450625954300764,659.0,0,2025-03-15,0.0,0.05123546981215421,0.07978691919484016,121.6413345336914,115.55277252197266,115.71273803710938,106.94495391845705,112.65309143066406,0.05123546981215421,0.07978691919484016,-0.02592705797985373,0.038305337943703124,0.04054261690515454,119.61181386311853,3.5152329164438334,1.0169675603523196,0.5773502691895683,114.69580078125,5.746819250649698,1.0605561293886256,1.2085874723928702,115.05899047851562,5.070959605522799,1.0572084287181789,1.2980470299954525,0.9448166119447763,2.4849066497880004,1.622546705312913,0.5621942725371231,0.06670170514421024,0.371104032817212,0.4954925673929128
119.50183868408205,122.86104771124882,118.00219206936818,255501500.0,-0.0177450761928197,0.0298490916643679,118.53574280174408,118.27985403858278,-0.0795839960229616,57.838633964379575,-2.5836033257728275,-3.917019723429356,1.3334163976565288,0.2125780510729146,0.5738925031990658,0.0,0.0,0.0513495033589796,-0.0013833929690728,0.0622946629907635,0.0327457522071379,0.0607950227236617,-0.3849583216823358,-0.4448564444592381,-0.5392868920666021,312.0,0,2025-03-17,-0.017588559495923417,-0.017588559495923417,0.11741446702758251,121.6413345336914,121.6413345336914,121.6413345336914,115.71273803710938,106.94495391845705,-0.017588559495923417,0.11741446702758251,0.048053636039725234,0.03060100923691523,0.03273253964048655,120.92816925048832,1.235238504702916,0.9882051421497021,-1.154700538378474,117.77367619105748,4.812007906928937,1.0146735887756537,0.35913542256157627,115.21909441266742,4.79975378354776,1.037170438573971,0.8922841596780864,0.9348803842603507,1.6094379124341003,2.0709998260621316,0.06702918838709587,0.22931794798932967,0.7036528643220663,-0.1622887596022338
115.40280151367188,118.99195194008684,114.51301183473794,299686900.0,-0.0349031274032569,0.0354606844346733,117.75250747972603,117.89624703526133,0.1729359710216964,49.26022748223302,-2.605250790110901,-3.6546659367656655,1.0494151466547643,0.1842992910217181,0.4322472383756661,-0.0177450761928197,0.0,0.0,0.0513495033589796,-0.0013833929690728,-0.001297857290895,0.0244086518007382,0.1194054242509508,0.1242966688442798,0.5043637459332867,586.0,1,2025-03-18,-0.034301038507419834,-0.051286292146783596,0.061425238665100634,119.50183868408205,121.6413345336914,121.6413345336914,115.55277252197266,108.72438049316406,-0.051286292146783596,0.061425238665100634,-0.0047364594733498855,0.036092391183725,0.03399804291538925,118.84865824381514,3.1701430687164462,0.971006347222918,-1.0869719932035904,118.7277363368443,3.0630104840822847,0.9719952984386125,-1.085512060912393,115.17986570085797,4.795545377572749,1.0019355449970129,0.046488104117730085,1.0616020243738131,1.6094379124341003,2.0709998260621316,0.06702918838709587,0.22931794798932967,0.7036528643220663,-0.1622887596022338
117.4923095703125,120.4216195833343,115.65274672556286,273426200.0,0.0179442506492012,0.0272657331559306,117.68745800237264,117.84238870660148,-0.0876271201710852,50.30440406033125,-2.425837183121132,-3.408900186036759,0.9830630029156268,0.1827391898903639,0.5356842799310754,-0.0349031274032569,-0.0177450761928197,0.0,0.0,0.0513495033589796,-0.0341086767856014,0.042956816170703,0.5561858309357207,0.4011498461057597,0.4367804066847699,740.0,1,2025-03-19,0.018106216047043544,-0.03410867678560148,0.015379218946771633,115.40280151367188,119.50183868408205,121.6413345336914,121.6413345336914,115.71273803710938,-0.03410867678560148,0.015379218946771633,0.0019677015355332728,0.0275321177335361,0.03421712543579573,117.46564992268884,2.0496486244504086,1.0002269569669193,0.013006935581852973,118.98196084158761,2.836542884391839,0.98748002419242,-0.5251643750820613,115.19634682791573,4.803639696807647,1.0199308641777205,0.4779631461374163,0.8046297689499596,2.1972245773362196,2.3586966362481467,0.30073173670098186,0.2069308657664805,0.49233738123439247,0.09380087093450135
118.50206756591795,120.17167220516042,116.4425554391302,248829700.0,0.0085575272598153,0.0273080353571486,117.89111039325898,117.93034588784369,-0.0899566318077784,62.3802037931287,-2.177075603258942,-3.162535269481196,0.985459666222254,0.171813608727393,0.6044837992289698,0.0179442506492012,-0.0349031274032569,-0.0177450761928197,0.0,0.0,-0.0258075676315763,0.1080660024059942,0.7167843955473102,0.7896612332384648,0.1605985646115895,762.0,0,2025-03-20,0.008594247566485747,-0.008366156781964729,0.025523360275794937,117.4923095703125,115.40280151367188,119.50183868408205,121.6413345336914,115.55277252197266,-0.008366156781964729,0.025523360275794937,0.07208913323712407,0.02755564474951878,0.029873567853608545,117.1323928833008,1.5806699629730372,1.0116933894109188,0.8665152844689836,119.40328870500836,2.4325637386357064,0.9924522921532176,-0.3704820246954171,115.76551001412528,4.679147192910473,1.0236387983904598,0.5848410915431167,0.9224088962038803,2.3978952727983707,2.2221968173936135,0.17867401218973095,0.3027509828098118,0.5185749789699912,-0.12407697062008083
117.6722640991211,117.9621966837067,115.39280254041712,266498500.0,-0.0070270708553814,0.0174189150414276,117.83639881972452,117.89593498268069,0.0710076007807749,58.123728261436,-2.023562099541508,-2.934740635493258,0.9111785359517506,0.1586130497616091,0.588026793617322,0.0085575272598153,0.0179442506492012,-0.0349031274032569,-0.0177450761928197,0.0,-0.0326292904446143,0.0822987775636912,0.3282122880506799,0.5299334633388496,-0.3885721074966303,674.0,1,2025-03-21,-0.0070024387239933095,0.019665576187769984,-0.03262929044461438,118.50206756591795,117.4923095703125,115.40280151367188,121.6413345336914,121.6413345336914,0.019665576187769984,-0.03262929044461438,0.044554238190136486,0.017265603975809986,0.029763850795219014,117.88888041178387,0.5386044676827881,0.9981625382147481,-0.4021806829689275,118.8362786429269,2.2818593382203267,0.9902048889691053,-0.5101166948851662,116.12402234758649,4.61416353186697,1.013332656932089,0.33554115298296744,0.5800863636429521,2.1972245773362196,1.563249930549799,0.15404230402782554,0.21725441969465462,0.6287032887339592,-0.06321211566682908
117.6722640991211,117.9621966837067,115.39280254041712,266498500.0,0.0,0.0174189150414276,117.79536513957363,117.86611219820608,0.0,58.123728261436,-1.8802274501954628,-2.7238379984337,0.8436105482382366,0.1428793453055334,0.6198238545372831,-0.0070270708553814,0.0085575272598153,0.0179442506492012,-0.0349031274032569,-0.0177450761928197,-0.015310012005737,0.0169344023419728,0.4792839759034625,0.4269001015071533,0.1510716878527826,785.0,1,2025-03-22,0.0,0.0015316281505293183,-0.03262929044461438,117.6722640991211,118.50206756591795,117.4923095703125,119.50183868408205,121.6413345336914,0.0015316281505293183,-0.03262929044461438,0.044554238190136486,0.017265603975809986,0.029763850795219014,117.94886525472008,0.47908725493160464,0.9976549061747932,-0.5773502691873322,118.26926858084542,1.9355180474016416,0.9949521588415318,-0.30844686905698543,116.48253468104771,4.5177157440311975,1.010213800904411,0.2633475600241678,0.5800863636429521,2.833213344056216,1.6733363455344188,0.0972003483329899,0.20794326037866992,0.6948563895421103,-0.11074291204568001
121.38140106201172,122.19120779583362,119.31188140429414,228452500.0,0.0310343257346985,0.0207812927288509,118.66879267509832,118.31241715526367,-0.1427625296202417,74.98255907601393,-1.325941080132793,-2.2878847158321776,0.9619436356993843,0.1486126111698548,0.8033404918772628,0.0,0.0,-0.0070270708553814,0.0085575272598153,0.0179442506492012,0.0331008174570934,-0.0021368844124912,-0.0820094777165069,0.175213834060095,-0.2402854816231325,326.0,0,2025-03-24,0.03152091099195853,0.03152091099195853,0.01572831346050263,117.6722640991211,117.6722640991211,117.6722640991211,117.4923095703125,119.50183868408205,0.03152091099195853,0.01572831346050263,0.13498951203029286,0.020736326732854058,0.02613653264774169,118.90864308675133,2.141471223986543,1.0207954435528825,1.1547005383789979,117.97076742989677,1.779765208900378,1.028910837035469,1.916339085098871,117.87222181047711,3.4870514668100125,1.029771045269486,1.0063457006399834,0.7933847619472113,0.6931471805599453,0.6931471805599453,0.0612200610339641,0.1892634332180023,0.749516487121582,-0.1280433721840382
120.66156768798828,121.26142480153008,118.89198043130344,167447200.0,-0.0059479975805035,0.0139011136819822,119.1669864283208,118.62563722629362,-0.2670371302568367,71.44395284561895,-1.0387546312006035,-2.038058698905863,0.9993040677052591,0.1522403162282354,0.7454288827501113,0.0310343257346985,0.0,0.0,-0.0070270708553814,0.0085575272598153,0.0182233117651644,-0.0080545552172626,0.07708093520564,0.0774694302850091,0.1590904129221469,727.0,0,2025-03-25,-0.005930343262850357,0.02540363790696798,0.0455687912714442,121.38140106201172,117.6722640991211,117.6722640991211,118.50206756591795,115.40280151367188,0.02540363790696798,0.0455687912714442,0.10979310381607332,0.014062118208562733,0.02635062677455548,119.90507761637372,1.966883873977042,1.006309074533398,0.3846134902132989,118.72201974051339,1.6176465433607274,1.0163368846968246,1.1989936586798509,118.72487803867885,2.3532791486174838,1.0163124164143464,0.8229748903555301,0.5336540314153477,2.302585092994046,1.9037801934452747,0.26954255956742496,0.120595171323253,0.6098622402383221,0.14894738824417197
113.7332000732422,118.81199741904776,112.68344440410922,293463300.0,-0.0591343102756746,0.0272853136888423,117.80853983955116,117.97331227255344,0.7525721540879753,46.436278748814686,-1.3546036375588244,-1.9013676866364555,0.5467640490776309,0.1463579839187002,0.3391338257128573,-0.0059479975805035,0.0310343257346985,0.0,0.0,-0.0070270708553814,-0.0334748724012043,-0.0650119015116434,0.2095943661000661,0.6281197773954144,0.132513430894426,740.0,0,2025-03-26,-0.05741983754646507,-0.03347487240120428,-0.03199451530758002,120.66156768798828,121.38140106201172,117.6722640991211,117.6722640991211,117.4923095703125,-0.03347487240120428,-0.03199451530758002,-0.017107347016819596,0.026826774313529277,0.02635425246727999,118.5920562744141,4.223257357696915,0.9590288223864772,-1.1504996711404776,118.18500409807477,2.48522688447048,0.9623319044678605,-1.7913068833476353,118.5834824698312,2.5952168931479536,0.9590981619398558,-1.8689314212600108,1.0179296243304925,2.0794415416798357,1.1904671933221869,0.23848137844886094,0.15088041765349244,0.61063820309937,0.0876009607953685
111.40375518798828,114.42304053099558,110.6339399022949,236902100.0,-0.0206943192863518,0.0271659843258888,116.20734367666044,117.09737132794474,-0.1927368771495448,43.071795370937046,-1.7724512699958126,-1.8755844033083269,0.1031331333125142,0.1487591310764239,0.2107387113170359,-0.0591343102756746,-0.0059479975805035,0.0310343257346985,0.0,0.0,-0.0532709127263204,-0.0677653464186609,-0.023349444357516,0.1993033204557345,-0.2329438104575822,792.0,0,2025-03-27,-0.020481661324519118,-0.08220078024083788,-0.05990032514817656,113.7332000732422,120.66156768798828,121.38140106201172,117.6722640991211,118.50206756591795,-0.08220078024083788,-0.05990032514817656,-0.03590582245177565,0.026744858945184503,0.026869989029597308,115.26617431640629,4.815524955178207,0.9664913045711429,-0.8020764432473128,117.17095947265625,3.5530484100579454,0.9507795761797628,-1.6231707590423496,118.28712408883231,3.1463121805353063,0.9418079613155976,-2.187757763971442,0.9953431285634329,2.5649493574615367,1.6291923218099085,0.09489280621831613,0.15285426735257107,0.7522529276708761,-0.057961461134254946
109.6441650390625,112.84341584506376,109.04430789656143,229872500.0,-0.01592077694349,0.0272756799871665,114.56654901726095,116.10361048942713,-0.0296730168284704,26.580813308412303,-2.2199920620474245,-1.9444659350561464,-0.2755261269912781,0.1553450025361179,0.1335476687856273,-0.0206943192863518,-0.0591343102756746,-0.0059479975805035,0.0310343257346985,0.0,-0.0682242253220872,-0.0499003178352402,-0.1091162832695843,0.3149025398951185,-0.0857668389120682,846.0,0,2025-03-28,-0.015794711282008045,-0.09130830023205927,-0.06822422532208727,111.40375518798828,113.7332000732422,120.66156768798828,117.6722640991211,117.6722640991211,-0.09130830023205927,-0.06822422532208727,-0.09862740770330836,0.0268704310710166,0.021861200097774366,111.59370676676436,2.051124832719437,0.9825300029527966,-0.9504744404645038,116.02408817836216,4.526570625808958,0.9450120812025525,-1.4094385499971045,117.43018341064453,3.7402159054354667,0.9336966174671216,-2.0817029199482855,1.2291379682194212,1.9459101490553132,1.2768427303936383,0.17977791372686622,0.22856857550020016,0.5916535196204981,-0.04879066177333394
109.6441650390625,112.84341584506376,109.04430789656143,229872500.0,0.0,0.0272756799871665,113.33595302271134,115.24235109604516,0.0,26.580813308412303,-2.5453303798992835,-2.064638824024774,-0.4806915558745093,0.1615197288627549,0.1551220092269153,-0.01592077694349,-0.0206943192863518,-0.0591343102756746,-0.0059479975805035,0.0310343257346985,-0.0966971539317861,-0.0667970913156092,-0.4334319643916615,-0.4131150557682554,-0.3243156811220772,713.0,1,2025-03-29,0.0,-0.035952870679330506,-0.06822422532208727,109.6441650390625,111.40375518798828,113.7332000732422,121.38140106201172,117.6722640991211,-0.035952870679330506,-0.06822422532208727,-0.09862740770330836,0.0268704310710166,0.021861200097774366,110.23069508870446,1.0158998461463717,0.9946790678479349,-0.577350269189289,114.87721688406808,5.0285648850754825,0.9544465648894795,-1.0406650733566152,116.57324273245675,4.061708819894924,0.940560307571636,-1.7059513620115936,1.2291379682194212,2.4849066497880004,1.5169930253916526,0.14715941927649753,0.2844229026443579,0.5684176615693353,-0.13726348336786034
108.35446166992188,110.9338556226425,103.6255803841977,299212700.0,-0.0118323535850523,0.0204641530231642,111.39836993757982,113.67706433931072,0.3016463474317283,27.492944156165393,-3.019497782289747,-2.368663357330928,-0.6508344249588194,0.1540712424140362,0.0602873350536376,0.0,0.0,-0.01592077694349,-0.0206943192863518,-0.0591343102756746,-0.0472925970592271,-0.0791843558083523,0.500799502819452,0.1411379564044587,1.16962378407893,354.0,0,2025-03-31,-0.011762626571884982,-0.011762626571884982,-0.10732236799140749,109.6441650390625,109.6441650390625,109.6441650390625,113.7332000732422,121.38140106201172,-0.011762626571884982,-0.10732236799140749,-0.09328205437599701,0.019862151588213216,0.021702373941684217,109.21426391601567,0.7446105873489284,0.9921273813944764,-1.1547005383780353,111.86935424804688,4.246618101530219,0.9685803801966045,-0.8276921762421844,114.92006083897182,4.450612117356392,0.9428681196205614,-1.4752126215280765,0.9152064028379657,1.0986122886681098,0.8958797346140275,0.0580064933747053,0.02384601533412925,0.9181474447250366,0.03416047804057605
110.1240463256836,110.17402996737344,106.44491315753294,222614000.0,0.0161995188482853,0.0237629350682386,111.07978903460577,113.20332860416045,-0.2560008315155072,38.23530511993442,-3.038444939885224,-2.502619673841787,-0.535825266043437,0.1614689621683359,0.1888650116484787,-0.0118323535850523,0.0,0.0,-0.01592077694349,-0.0206943192863518,-0.0114871250088943,-0.0641461081013896,-0.0909340426196916,0.0001606616192545,-0.5917335454391436,722.0,0,2025-04-01,0.016331442457370837,0.004376715226479533,-0.08733121543350941,108.35446166992188,109.6441650390625,109.6441650390625,111.40375518798828,120.66156768798828,0.004376715226479533,-0.08733121543350941,-0.04574200208963641,0.023224524732457293,0.02096384666667565,109.37422434488936,0.9151548761035436,1.0068555638706047,0.8193388904692896,110.36399405343192,1.7360351937253302,0.9978258513584407,-0.13821593514670055,114.54300689697266,4.6266923560612065,0.96142094841928,-0.9551014485542777,1.1078369872536438,2.0794415416798357,3.559813013922782,0.041528906274054665,0.34350162318774624,0.6149694908942495,-0.3019727169136916
110.39398193359376,111.95361956622256,106.76483994973236,220601200.0,0.0024481965929616,0.0126707541377179,110.90833725935276,112.82874904808487,-0.0090416595542058,32.78371766830617,-2.9971301010183566,-2.601521759277101,-0.3956083417412555,0.1674414095130354,0.226543985513714,0.0161995188482853,-0.0118323535850523,0.0,0.0,-0.01592077694349,0.0068386392861317,-0.0618521469035089,-0.2439250030172058,-0.1224309466142956,-0.1529909603975142,667.0,0,2025-04-02,0.002451195873350409,0.006838639286131931,-0.02936010010707546,110.1240463256836,108.35446166992188,109.6441650390625,109.6441650390625,113.7332000732422,0.006838639286131931,-0.02936010010707546,-0.060415253242347644,0.012634468293345056,0.020145437370152796,109.6241633097331,1.1078461078643422,1.007022344350174,0.6948786644606092,109.886962890625,0.925504197732592,1.0046140054254973,0.5478300846294577,114.03598349434989,4.667388264129432,0.9680626987275769,-0.780308248350845,0.6271627694747453,1.791759469228055,2.03911199465784,0.30994430165737863,0.22229049336165185,0.46776521429419515,0.08765380829572678
101.77601623535156,105.60510798745378,101.5760587841681,338769400.0,-0.0812811414292511,0.03188890489116,108.62525700335246,111.35505133972045,0.5356643572201782,20.368432562654576,-3.618078643634647,-2.8048331361486105,-0.8132455074860361,0.1933642249025785,-0.0826346788509568,0.0024481965929616,0.0161995188482853,-0.0118323535850523,0.0,0.0,-0.0717607617414732,-0.1615188542488819,-0.0758842371135376,0.0518891791797117,0.1680407659036682,732.0,0,2025-04-03,-0.0780655389659396,-0.06071227094099829,-0.08642203251039782,110.39398193359376,110.1240463256836,108.35446166992188,109.6441650390625,111.40375518798828,-0.06071227094099829,-0.08642203251039782,-0.14114564981123523,0.030761087135392034,0.02776732340014675,107.43134816487634,4.899520459487032,0.9473586432067718,-1.154262335730072,108.5115716116769,3.0382077145367363,0.9379277686583564,-2.21695025790966,112.84126554216657,5.502283778783033,0.9019396915335007,-2.011028465940439,1.1078160718663097,2.0794415416798357,2.2454735935405687,0.05544578523508137,0.1776430471135037,0.7669112043721336,-0.12219726187842234
94.28778076171876,100.1064094274434,92.08830207120737,532273800.0,-0.0764228765621438,0.0400062888598194,105.04088794294404,109.07941526265355,0.5711979889564995,16.480392613604465,-4.660697241659321,-3.176005957250753,-1.484691284408568,0.244942382237511,-0.1859844721284545,-0.0812811414292511,0.0024481965929616,0.0161995188482853,-0.0118323535850523,0.0,-0.140056557244727,-0.2185765312984161,0.0946350051885412,0.0393730809719858,0.1705192423020788,934.0,1,2025-04-04,-0.07357563943470391,-0.14380388382325027,-0.14005655724472688,101.77601623535156,110.39398193359376,110.1240463256836,109.6441650390625,109.6441650390625,-0.14380388382325027,-0.14005655724472688,-0.198725532447514,0.03858062865448549,0.03244059348288936,102.15259297688806,8.05970139514653,0.9230091768992227,-0.9758193051550774,106.31780242919922,6.092746129478998,0.886848473232019,-1.97448267362966,111.1709453037807,7.207956729720095,0.848133300513657,-2.342295490266845,1.1892701246305704,3.1354942159291497,2.242511363744352,0.11212216453118753,0.4021281021731821,0.4857497238977389,-0.29000593764199456
94.28778076171876,100.1064094274434,92.08830207120737,532273800.0,0.0,0.0400062888598194,102.35261114763772,107.1071973291956,0.0,16.480392613604465,-5.424450305733828,-3.625694826947368,-1.7987554787864597,0.2804955203545501,-0.0628029727934208,-0.0764228765621438,-0.0812811414292511,0.0024481965929616,0.0161995188482853,-0.0118323535850523,-0.1298209662196854,-0.1709739926336454,-0.3821828638362234,0.0053757931280995,-0.4768178690247647,773.0,1,2025-04-05,0.0,-0.1458974564534098,-0.14005655724472688,94.28778076171876,101.77601623535156,110.39398193359376,108.35446166992188,109.6441650390625,-0.1458974564534098,-0.14005655724472688,-0.198725532447514,0.03858062865448549,0.03244059348288936,96.78385925292973,4.323334766457163,0.9742097648256839,-0.5773502691896385,104.12403324672155,7.333686009498787,0.9055333127396649,-1.3412426537300084,109.50062506539481,8.223441381061267,0.8610707080933027,-1.8499364923682076,1.1892701246305704,3.1780538303479458,1.419602176889381,0.06454002970586649,0.32751248922684917,0.6079474762891945,-0.2629724595209827
97.6169891357422,101.72602116602216,86.59958951154498,611041300.0,0.0346999443898211,0.0453942623123201,99.65654994730404,104.36048143338226,0.147983049325366,15.560689208795083,-6.047891195987347,-4.483785366602247,-1.5641058293850998,0.3266867473408486,0.1600456976589051,0.0,0.0,-0.0764228765621438,-0.0812811414292511,0.0024481965929616,-0.1157399395696897,-0.1096928039812737,0.2080324307339794,0.2903381661168362,0.56133766023599,301.0,1,2025-04-07,0.035309011911489385,0.035309011911489385,-0.09909580435080778,94.28778076171876,94.28778076171876,94.28778076171876,110.39398193359376,108.35446166992188,0.035309011911489385,-0.09909580435080778,-0.19578297596127336,0.044097690813838054,0.03287312386591937,95.39751688639326,1.9221193509306702,1.023265513839234,1.1547005383793123,100.39633941650392,7.258935875123328,0.9723162189287469,-0.3828867383009494,106.13284683227539,8.251157190047135,0.9197622795326406,-1.032080410103609,1.3414511804141485,2.4849066497880004,1.0189216295105008,0.053644791584123205,0.3003955499523065,0.6459596549922769,-0.24675075836818328
96.27731323242188,105.82505852328022,94.43774279946976,476243400.0,-0.0138188405294895,0.043337072140164,98.81174076858348,103.28272567325422,-0.2206035827692825,15.286067714527732,-6.153903300889581,-4.817808953459714,-1.3360943474298672,0.3406746731463848,0.1632957577224751,0.0346999443898211,0.0,0.0,-0.0764228765621438,-0.0812811414292511,-0.0540274929823764,-0.1219112006724523,-0.8051743170593519,-0.6543705811758821,-1.0132067477933313,836.0,1,2025-04-08,-0.013723798645924545,0.021100639495705176,-0.12573759823818176,97.6169891357422,94.28778076171876,94.28778076171876,101.77601623535156,110.1240463256836,0.021100639495705176,-0.12573759823818176,-0.20208799639186048,0.04207640041980388,0.03277494672535604,96.06069437662764,1.675141753981078,1.0022550207158085,0.12931374630202463,98.41823468889511,5.93156397357166,0.9782466992703049,-0.36093709281602704,104.39111437116351,7.4865916039821805,0.9222749830038891,-1.0837777146045788,1.2837976754742322,2.4849066497880004,1.9614910768176097,0.06205252727324307,0.12432837875729251,0.8136190988800742,-0.06227585148404944
114.30306243896484,115.07287764897656,97.5070179445592,612918300.0,0.1716206566786014,0.0847769554356397,102.68457118617884,104.7521039086823,0.2869853944432616,50.61647938628222,-4.728879762033046,-4.800023115174381,0.071143353141335,0.3344445266876997,0.6587036526586774,-0.0138188405294895,0.0346999443898211,0.0,0.0,-0.0764228765621438,0.2122786379693049,0.0424910655139973,0.1975931966883329,0.0973154906399863,1.0027675137476848,992.0,0,2025-04-09,0.1872273810033236,0.2122786379693049,0.03541026817677917,96.27731323242188,97.6169891357422,94.28778076171876,94.28778076171876,110.39398193359376,0.2122786379693049,0.03541026817677917,0.005010519051215079,0.08900358192833757,0.06140731517341813,102.73245493570967,10.042803462045546,1.112628550641529,1.1521292383131474,98.97667476109098,7.2781287706878,1.154848480360333,2.1058143048526317,104.43181882585797,7.542630908476544,1.0945233332531281,1.3087268531214207,1.4493970576141595,2.4849066497880004,1.7030468918915838,0.1690453660081733,0.16079567940059028,0.6701589517972686,0.008249686607583018
107.5446548461914,110.83388059600858,99.1266405350102,437812400.0,-0.0609472082000491,0.0816185232423713,103.89959210118198,105.12444403368352,-0.2856920734786349,46.190277925484246,-4.097650190420438,-4.659548530223592,0.5618983398031538,0.3264832043784504,0.4860827609904385,0.1716206566786014,-0.0138188405294895,0.0346999443898211,0.0,0.0,0.1406001284299503,-0.007473682313123,-0.2594320561522849,-0.2101578389730058,-0.4570252528406178,803.0,1,2025-04-10,-0.059127091160678824,0.10170018352690846,0.05667974464141112,114.30306243896484,96.27731323242188,97.6169891357422,94.28778076171876,101.77601623535156,0.10170018352690846,0.05667974464141112,-0.03464066660306775,0.08618876435236357,0.0633337371994118,106.04167683919275,9.106377753060674,1.0141734651110605,0.16504674501269243,99.80076599121095,7.944044267841184,1.0775934811528645,0.9748043432145775,104.15616880144391,7.335921858215823,1.0325327446635164,0.4619032359174573,1.360866548597799,3.2188758248682006,1.5402923120108551,0.20914143805081642,0.23807772780613348,0.5527808327848712,-0.028936289755317063
110.90386199951172,111.52371865557488,107.45467796999776,313417300.0,0.0307575626778781,0.0727388970933259,105.65065957576442,105.89503309579396,-0.2841287729630316,51.20550532424035,-3.2884292979756538,-4.385324683774005,1.0968953857983514,0.3177275774334352,0.5937140972177704,-0.0609472082000491,0.1716206566786014,-0.0138188405294895,0.0346999443898211,0.0,0.1762273022395619,0.0070812479185689,0.1419269043421832,-0.2211997270529486,0.4013589604944682,798.0,0,2025-04-11,0.031235463613924708,0.15192103181961536,0.17622730223956173,107.5446548461914,114.30306243896484,96.27731323242188,94.28778076171876,94.28778076171876,0.15192103181961536,0.17622730223956173,0.01148895575063591,0.07776542897838157,0.0637213859992358,110.91719309488936,3.3792235182203925,0.9998798103792057,-0.003945017340746346,102.17449188232422,8.486172562493326,1.085435904366828,1.028658096792545,104.24614715576172,7.4157040174096185,1.0638653324405576,0.8977859456256465,1.2203976382326995,1.791759469228055,1.2476649250079015,0.17176665496081112,0.29592020753771064,0.5323131415992975,-0.12415355257689953
110.90386199951172,111.52371865557488,107.45467796999776,313417300.0,0.0,0.0727388970933259,106.96396018170124,106.562876949623,0.0,51.20550532424035,-2.6169493475077985,-4.031649616520764,1.4147002690129655,0.308062147709329,0.6071915205389165,0.0307575626778781,-0.0609472082000491,0.1716206566786014,-0.0138188405294895,0.0346999443898211,0.1361122995229176,0.0046187306317537,0.1996936395964913,0.2703873158224549,0.057766735254308,799.0,1,2025-04-12,0.0,-0.02973848965130066,0.17622730223956173,110.90386199951172,107.5446548461914,114.30306243896484,97.6169891357422,94.28778076171876,-0.02973848965130066,0.17622730223956173,0.01148895575063591,0.07776542897838157,0.0637213859992358,109.78412628173832,1.9394391542335327,1.0101994318823453,0.5773502691895044,104.5482177734375,8.232561535982901,1.0607915119112532,0.772012963194378,104.33612551007953,7.493473485294439,1.0629478664012466,0.8764608965816776,1.2203976382326995,1.9459101490553132,1.566771683069886,0.0837545339018106,0.49337815182904404,0.4228673224958281,-0.40962361792723345
110.68391418457033,114.2630725146749,109.04430120283688,264705000.0,-0.001985198741229,0.0730918943855682,108.63268027325798,107.61397352004757,-0.1554231371401642,52.2758375382678,-1.619553504431991,-3.233932580682044,1.614379076250053,0.2628959725750212,0.6555331086267445,0.0,0.0,0.0307575626778781,-0.0609472082000491,0.1716206566786014,-0.0316627409377335,0.1738945735109343,0.0427283256122038,-0.1111278766165331,-0.0219258231787765,397.0,0,2025-04-14,-0.0019832295375102893,-0.0019832295375102893,0.13385912805257494,110.90386199951172,110.90386199951172,110.90386199951172,114.30306243896484,97.6169891357422,-0.0019832295375102893,0.13385912805257494,0.021498445737699434,0.07828474206272756,0.06360540929305383,110.83054606119795,0.12698693016967993,0.9986769723524898,-1.154700538328579,108.7886472429548,5.852409873140535,1.0174215507743458,0.32384384940532007,104.59249332972935,7.686977076464013,1.0582395606120383,0.7924338519873683,1.230787490133749,1.791759469228055,2.204824445047746,0.13540104143321513,0.17240406572818753,0.6921948790550232,-0.0370030242949724
112.1735610961914,113.5932323217664,110.47396469045395,228966900.0,0.013368805296761,0.071834139637562,109.51790047899134,108.22191853020009,-0.1350110500368334,52.01335571777614,-1.1363721894740166,-2.8144205024404387,1.678048312966422,0.2601291520498113,0.7140170928244516,-0.001985198741229,0.0,0.0,0.0307575626778781,-0.0609472082000491,0.0430417137571381,0.1896935126691874,0.2670184586972951,0.3385895689751786,0.2242901330850912,786.0,0,2025-04-15,0.013458567331988469,0.0114486463662129,0.16510896835472133,110.68391418457033,110.90386199951172,110.90386199951172,107.5446548461914,96.27731323242188,0.0114486463662129,0.16510896835472133,0.01861096498803283,0.07696618765954638,0.06356472417750272,111.25377909342451,0.8041103529903697,1.0082674225564465,1.143850466974288,111.05953979492188,2.0136906470485525,1.010030847447474,0.5532236557300109,104.73888724190849,7.818811088603007,1.0709829371884727,0.9508701220726486,1.2108317727395534,2.3978952727983707,4.783458574233292,0.13435105085372923,0.3077805964276194,0.5578683510422706,-0.17342954557389018
104.46538543701172,106.7648467272822,100.4263361362673,397016900.0,-0.0711915477713938,0.0381977562381791,108.25477171849644,107.7210474511083,0.7339488808207648,44.91859729841247,-1.3597584233364015,-2.5234880866196314,1.1637296632832297,0.2572622250075198,0.4469424216004146,0.013368805296761,-0.001985198741229,0.0,0.0,0.0307575626778781,-0.0580545748941397,0.1079419262291632,0.4629097342449333,0.4599373261343977,0.1958912755476382,651.0,0,2025-04-16,-0.06871651023515024,-0.05805457489413979,-0.08606660917074038,112.1735610961914,110.68391418457033,110.90386199951172,110.90386199951172,114.30306243896484,-0.05805457489413979,-0.08606660917074038,-0.053703982705763154,0.037290127357710916,0.06640181341783877,109.10762023925786,4.088706390744559,0.9574526986101762,-1.1353798386586471,109.65415736607143,2.691543370334018,0.9526805726869304,-1.92780543172737,104.3154160635812,7.647642202925225,1.001437653024737,0.019609883602185154,0.5615829664629757,2.4849066497880004,4.355323407707263,0.17815412267703898,0.21823197814889925,0.6036139039153402,-0.04007785547186027
101.4660873413086,104.44538862475022,100.02643178468183,292517500.0,-0.0291311489065445,0.0330705549710997,106.55760062419948,106.88705276980168,-0.2632114653053812,49.70604771921599,-1.758540552391949,-2.370498579774095,0.6119580273821459,0.2586219281762369,0.3520789915285685,-0.0711915477713938,0.013368805296761,-0.001985198741229,0.0,0.0,-0.0850987015965655,0.0394306179656289,-0.1363032944741224,0.0037340133749818,-0.5992130287190558,902.0,0,2025-04-17,-0.028710927386675578,-0.08328063667761698,-0.05652133537995241,104.46538543701172,112.1735610961914,110.68391418457033,110.90386199951172,107.5446548461914,-0.08328063667761698,-0.05652133537995241,-0.0030452055946685874,0.03235041237023762,0.06328984279939145,106.03501129150395,5.523612273249687,0.9569111758979797,-0.8271623213530404,108.7857905796596,4.098424453477366,0.9327145282545787,-1.7859797884380921,104.29327828543526,7.656002511726824,0.9728919160409449,-0.36927769286859763,0.5111469856668482,3.2188758248682006,4.224350711068311,0.06274415389634665,0.5502187670984616,0.3870370738829176,-0.487474613202115
101.4660873413086,104.44538862475022,100.02643178468183,292517500.0,0.0,0.0287793420483239,105.28472230347674,106.16425737933594,0.0,57.935457687089546,-2.050936345214467,-2.306586132862169,0.2556497876477026,0.2590091602066145,0.3667475850709614,-0.0291311489065445,-0.0711915477713938,0.013368805296761,-0.001985198741229,0.0,-0.0850987015965655,0.05389404766999,-0.232346665699397,-0.1799653127322142,-0.0960433712252746,964.0,0,2025-04-18,0.0,-0.09545452288619871,-0.08509870159656552,101.4660873413086,104.46538543701172,112.1735610961914,110.90386199951172,110.90386199951172,-0.09545452288619871,-0.08509870159656552,0.07613188603654408,0.02791638582043656,0.05951596438950652,102.46585337320967,1.7316455629342287,0.9902429346071062,-0.5773502691896124,107.43753705705915,4.781035697326508,0.9444193353708474,-1.248986640925879,104.80601446969169,7.1585845097755945,0.9681322952190978,-0.4665625060124903,0.46905710269156964,2.5649493574615367,2.3916838772022624,0.1287812011626859,0.20708074048161504,0.6641380577348173,-0.07829953931892913
96.88717651367188,99.41657935183264,95.01761424618036,288501100.0,-0.0461774549699231,0.0308111153843599,101.9323462590641,103.9139005860818,-0.0137304605707351,49.21490100783013,-2.836236590654849,-2.41980693205737,-0.4164296585974791,0.2620879163856631,0.2500847169241291,0.0,0.0,0.0,-0.0291311489065445,-0.0711915477713938,-0.0725427747347869,-0.1263859096800574,-0.5079362352288554,-0.6288135452217758,-0.3421012215885851,304.0,1,2025-04-21,-0.04512749971558783,-0.04512749971558783,-0.12464988948522171,101.4660873413086,101.4660873413086,101.4660873413086,104.46538543701172,110.68391418457033,-0.04512749971558783,-0.12464988948522171,-0.007476286950988453,0.029952911465131384,0.06042595633328818,99.93978373209639,2.643635398931361,0.9694555350789282,-1.15470053837926,102.7700674874442,4.703007160233484,0.9427567664632404,-1.2508785917902492,105.7793573651995,5.980708885123669,0.9159365203852801,-1.486810513992064,0.49569610946530546,1.3862943611198906,1.9227736652645906,0.37614376842975616,0.021677260597546835,0.6021789362033209,0.35446650783220934
98.86670684814452,99.78648832080442,97.25708545719098,241004800.0,0.0202253746373643,0.0320946015164209,101.1659364063342,103.24094142102348,-0.1646312613712738,52.74772444468191,-2.993971574959758,-2.5346398606378475,-0.4593317143219106,0.2592193268740154,0.3415399491635885,-0.0461774549699231,0.0,0.0,0.0,-0.0291311489065445,-0.0256182194590823,-0.108536843842464,0.526520075995342,0.5343780293608473,1.0344563112241976,660.0,1,2025-04-22,0.020431293445663634,-0.025618219459082492,-0.11862736742962054,96.88717651367188,101.4660873413086,101.4660873413086,101.4660873413086,112.1735610961914,-0.025618219459082492,-0.11862736742962054,0.02689515867015957,0.03127727434226185,0.060473587070417535,99.07332356770836,2.296437228287468,0.997914507032535,-0.08997272689135123,100.86908830915179,2.38830963486075,0.9801487106251004,-0.8384094891967486,105.96431405203683,5.697586484963937,0.933018891620373,-1.2457217143825827,0.5172055414182974,2.3978952727983707,1.852289879122439,0.2203587619587779,0.25716983163729307,0.5224713997915387,-0.03681106967851516
102.68580627441406,104.77531795205408,101.99596635952084,247526000.0,0.0379013542247951,0.0282382299453959,101.54590387335418,103.16692340147556,0.0270583822396899,32.35115282770391,-2.7787762770921205,-2.583467143928702,-0.1953091331634184,0.2588565580501624,0.482719833166551,0.0202253746373643,-0.0461774549699231,0.0,0.0,0.0,0.012020951680167,-0.0741007172963358,0.211419454455053,0.2556312000905666,-0.3151006215402889,739.0,1,2025-04-23,0.03862877148457611,0.012020951680167036,-0.0170351083773167,98.86670684814452,96.88717651367188,101.4660873413086,101.4660873413086,104.46538543701172,0.012020951680167036,-0.0170351083773167,-0.10163556353316539,0.028104650629087485,0.032148816539380586,99.47989654541017,2.9475460944938217,1.0322267095195508,1.0876538063281547,100.61486271449498,2.0057764097066393,1.0205828791497296,1.0324897380869977,105.1345100402832,5.215260415460461,0.976708848836306,-0.46952665270751237,0.874204827871682,2.0794415416798357,1.8815933630819657,0.21464340229119566,0.20796094967850615,0.577395657609616,0.006682452612689516
106.40491485595705,106.51488953927,103.08569768188364,220815000.0,0.0355778664146333,0.0286386408280733,102.76065661900488,103.59865559540644,-0.1079118961240435,48.092352861853826,-2.2818279799263905,-2.52313931112824,0.2413113312018495,0.2456466622209544,0.6040494529573566,0.0379013542247951,0.0202253746373643,-0.0461774549699231,0.0,0.0,0.0486746620871991,-0.0386596314391074,0.0890502674866688,0.0391634240718577,-0.1223691869683841,747.0,1,2025-04-24,0.03621833159301646,0.09823527410711685,0.048674662087199394,102.68580627441406,98.86670684814452,96.88717651367188,101.4660873413086,101.4660873413086,0.09823527410711685,0.048674662087199394,-0.010597830193089575,0.028573229701865595,0.030335795136628322,102.65247599283857,3.7692145299803497,1.036554781819196,0.9955492936980781,101.3204095023019,2.9848054258605567,1.050182439832516,1.7034629157407202,105.05310004098075,5.183543336607365,1.0128679193136514,0.260789719925648,0.9418981626548977,2.3978952727983707,2.018658564578195,0.19960367167368526,0.3175859838724136,0.4828103205189109,-0.11798231219872835
110.98385620117188,111.8936379045766,105.70510100806126,251064700.0,0.0421329830099336,0.0312796231366236,104.81645651454664,104.5833490095085,0.1369911464347983,50.12863840572296,-1.5012056115323844,-2.3187525712090693,0.8175469596766849,0.2354523102877228,0.7597314132457245,0.0355778664146333,0.0379013542247951,0.0202253746373643,-0.0461774549699231,0.0,0.0938024625690718,-0.010605929627208,-0.1469952325952357,0.1834990165625358,-0.2360455000819046,693.0,0,2025-04-25,0.04303317521952299,0.12256046286277988,0.09380246256907188,106.40491485595705,102.68580627441406,98.86670684814452,101.4660873413086,101.4660873413086,0.12256046286277988,0.09380246256907188,0.000721293201318085,0.031276363162549205,0.03142431595263737,106.69152577718103,4.15644289168825,1.0402312216712988,1.0326932273204898,102.68009076799665,4.723597298681021,1.080870258012699,1.7579325476144856,105.0588139125279,5.190528177155481,1.0563973841697583,1.141510475700958,0.9952917737235343,2.0794415416798357,2.6975577408398768,0.20369286130049394,0.4377713650465011,0.35853577804352554,-0.23407850374600717
110.98385620117188,111.8936379045766,105.70510100806126,251064700.0,0.0,0.0312796231366236,106.35830643620297,105.43674996839697,0.0,50.12863840572296,-0.8724991335994048,-2.029501883687137,1.1570027500877318,0.2203821702954895,0.7393635783572768,0.0421329830099336,0.0355778664146333,0.0379013542247951,0.0202253746373643,-0.0461774549699231,0.1454958250900293,0.0623983794908842,0.1019092991360032,0.2388758362705405,0.248904531731239,714.0,0,2025-04-26,0.0,0.08081009662214056,0.09380246256907188,110.98385620117188,106.40491485595705,102.68580627441406,96.88717651367188,101.4660873413086,0.08081009662214056,0.09380246256907188,0.000721293201318085,0.031276363162549205,0.03142431595263737,109.45754241943364,2.643653018263509,1.0139443454329489,0.5773502691895633,104.0397720336914,5.603745959621743,1.0667445154073556,1.2391861118467262,105.06452778407505,5.197496866158515,1.056339932629422,1.1388806130193618,0.9952917737235343,1.791759469228055,1.9451112688086933,0.07899249047040936,0.3774971846491098,0.5435103461146354,-0.29850469417870046
108.70438385009766,110.343996814893,105.9950156815573,207708500.0,-0.0207526279842384,0.0238926239176919,107.8121163706083,106.51343342841103,-0.1726893505936916,47.01447970611159,-0.1538900686401234,-1.3888559909926002,1.2349659223524767,0.1932207033994321,0.5966112253613095,0.0,0.0,0.0421329830099336,0.0355778664146333,0.0379013542247951,0.0586115822044552,0.0713371008822001,-0.2127966670497611,-0.1862243405935297,-0.4708947830725541,398.0,1,2025-04-28,-0.020538774098301293,-0.020538774098301293,0.12196874510795808,110.98385620117188,110.98385620117188,110.98385620117188,102.68580627441406,96.88717651367188,-0.020538774098301293,0.12196874510795808,-0.017884534975621813,0.024199147457977924,0.031925182104892244,110.22403208414717,1.3160539755035006,0.9862130952269158,-1.1547005383788458,107.08762577601841,4.75361894405303,1.015097524689368,0.3401109960868599,104.9288466317313,5.065232928049889,1.0359818804796106,0.745382743892872,0.7579955966568981,1.791759469228055,3.825829799041334,0.1862620878964662,0.4171341208741069,0.39660379737615586,-0.2308720329776407
108.99431610107422,110.17403844763396,107.41469407982768,170444300.0,0.0026636118861515,0.0243466977723724,108.10766630322478,106.84421778476614,-0.1794062351805535,45.02504014972037,0.0402932527089063,-1.103026142252299,1.1433193949612053,0.1830867733430574,0.630709475701634,-0.0207526279842384,0.0,0.0,0.0421329830099336,0.0355778664146333,0.0243353537627704,0.0741945309711449,0.9294533509229416,0.9860284445344004,1.1422500179727029,626.0,1,2025-04-29,0.00266716245203491,-0.01792639189335221,0.10243700408151879,108.70438385009766,110.98385620117188,110.98385620117188,106.40491485595705,98.86670684814452,-0.01792639189335221,0.10243700408151879,-0.02834219546966965,0.024684474332303273,0.031683567785611266,109.56085205078129,1.2408548611993298,0.9948290293558096,-0.456569069777828,108.53442709786552,3.0816846019199184,1.0042372638388188,0.14923298864594584,104.70175770350865,4.778604422892293,1.040997959267514,0.8982870348091005,0.7790938981156487,2.3978952727983707,2.5567587339567597,0.20967030534520742,0.2870276540517807,0.5033020537346602,-0.07735734870657329
108.8943328857422,108.8943328857422,104.0554770168086,235044600.0,-0.000917746039682,0.0223131930692055,108.30433294885412,107.11756646489629,0.3790112077669949,59.096486112020855,0.1839961311443971,-0.8456216875729597,1.029617818717357,0.1839203551054996,0.6214860940820046,0.0026636118861515,-0.0207526279842384,0.0,0.0,0.0421329830099336,-0.0188272726047846,0.0732091454304992,0.6717053229101186,0.3517784899621867,-0.257748028012823,606.0,1,2025-04-30,-0.0009173250395855259,-0.018827272604784562,0.06046139029903208,108.99431610107422,108.70438385009766,110.98385620117188,110.98385620117188,102.68580627441406,-0.018827272604784562,0.06046139029903208,0.04239631558532797,0.022624367909776292,0.025137730972636076,108.86434427897139,0.1472741149769967,1.0002754676654642,0.2036244235825041,109.42135947091239,1.7028066690708605,0.9951835127280585,-0.3095046517863145,105.01811109270368,4.906639812701637,1.0369100315431956,0.7899951781674075,0.9000163115121357,1.3862943611198906,2.4232055832027233,0.08393016830086707,0.32792363564173377,0.5881461997826894,-0.2439934673408667
111.58370208740234,114.91291927434725,111.27377757314032,236121500.0,0.0243970116710669,0.0203567117745777,109.12417523349116,107.71305121456376,0.0045816836464227,71.04824092209142,0.5090236088984312,-0.5746926282786816,1.083716237177113,0.1851496632614303,0.7552444953790592,-0.000917746039682,0.0026636118861515,-0.0207526279842384,0.0,0.0,0.0054048030656204,0.1516870044371312,0.7112613482807888,0.7093240282569627,0.0395560253706701,741.0,1,2025-05-01,0.024697053835500915,0.026487599996659172,0.048670564122493376,108.8943328857422,108.99431610107422,108.70438385009766,110.98385620117188,106.40491485595705,0.026487599996659172,0.048670564122493376,0.09971424947194829,0.020613169472956005,0.02393596871479803,109.82411702473962,1.5246651617314866,1.016021845750568,1.1540796673444345,110.16118621826172,1.2344152108547537,1.0129130405905598,1.1523803794961531,105.7407978602818,5.08508173562167,1.0552568577630834,1.149028576313774,0.8611796630654953,2.3978952727983707,4.054366000242738,0.16519288010895247,0.42403977913782,0.4107673369348048,-0.2588468990288675
114.47303009033205,115.37281962529518,113.34329900218786,190194800.0,0.0255642495474154,0.0160751914753805,110.46138894770138,108.61438173133288,-0.1945045241538784,74.15521374690421,0.9883616317724916,-0.262081776268447,1.2504434080409386,0.1932849853072555,0.8755050212612159,0.0243970116710669,-0.000917746039682,0.0026636118861515,-0.0207526279842384,0.0,0.0314385714156084,0.1578521601428295,0.0576308982161906,-0.0555305535344392,-0.6536304500645981,538.0,0,2025-05-02,0.02589381736650509,0.05026605226071812,0.03143857141560846,111.58370208740234,108.8943328857422,108.99431610107422,110.98385620117188,110.98385620117188,0.05026605226071812,0.03143857141560846,0.12819004940311807,0.01615420633591487,0.024343917026485445,111.65035502115889,2.7899458032925812,1.025281380150007,1.0117311475520245,110.65963963099888,2.054211386411805,1.03446053567542,1.856376848340913,106.66986519949776,5.421106439440956,1.073152477283444,1.4394044791415261,0.6635828703466078,2.302585092994046,2.9116124774944803,0.19513324006564084,0.30643882519669,0.49842793080541825,-0.11130558513104918
114.47303009033205,115.37281962529518,113.34329900218786,190194800.0,0.0,0.0160751914753805,111.46429923335904,109.3955348458661,0.0,74.15521374690421,1.352647984374414,0.0608641758601251,1.291783808514289,0.2008063186701277,0.8525238263763086,0.0255642495474154,0.0243970116710669,-0.000917746039682,0.0026636118861515,-0.0207526279842384,0.0530672824399547,0.1147892220315063,-0.7697049823189828,-0.6665395345885334,-0.8273358805351735,564.0,0,2025-05-03,0.0,0.05123037220351323,0.03143857141560846,114.47303009033205,111.58370208740234,108.8943328857422,108.70438385009766,110.98385620117188,0.05123037220351323,0.03143857141560846,0.12819004940311807,0.01615420633591487,0.024343917026485445,113.50992075602217,1.6681543002691084,1.0084848031598928,0.5773502691894311,111.15809304373605,2.5171527002633596,1.029821823637184,1.3169391933390342,107.59893253871373,5.5731146379858885,1.063886298771087,1.2334391086745353,0.6635828703466078,2.0794415416798357,2.9180828729011914,0.3414634434240205,0.1902638407690184,0.46827271048511776,0.15119960265500212
113.7931900024414,114.64298826396649,112.63346720059008,133163200.0,-0.0059565720912731,0.0128656304913413,112.61065896131208,110.56862165054775,-0.2998588815256778,86.71292870726182,1.7614531586309994,0.6508665407637245,1.1105866178672748,0.2112059495285296,0.7923395682493998,0.0,0.0,0.0255642495474154,0.0243970116710669,-0.000917746039682,0.0449872549551257,0.0253129950375599,0.536224294868173,0.5220266592971028,0.9953751459246885,307.0,1,2025-05-05,-0.005938866887284844,-0.005938866887284844,0.04681325602618913,114.47303009033205,114.47303009033205,114.47303009033205,108.8943328857422,108.70438385009766,-0.005938866887284844,0.04681325602618913,0.17449175522607896,0.01301325923709969,0.019401636990015257,114.24641672770186,0.3925058577519079,0.996032902052931,-1.154700538372403,112.38351876395089,2.562100871314266,1.0125433983024805,0.5502013032638354,109.73557226998466,4.583668437876748,1.0369763208822906,0.8852336916272073,0.6707299617963555,1.791759469228055,1.79903299806223,0.19590315073728556,0.06754867210984225,0.7365481913089752,0.1283544786274433
113.51325988769533,114.7129742117387,110.7938992837595,158525600.0,-0.0024630207932687,0.0132625847991854,112.83630919290788,110.96124008216744,0.1904610282720751,84.34126587459323,1.8278036217762972,0.8862539569662391,0.9415496648100584,0.2152253230264755,0.7540598987519481,-0.0059565720912731,0.0,0.0,0.0255642495474154,0.0243970116710669,0.0172924698159016,0.0227907352753951,0.2750197376208367,0.4662087739416878,-0.2612045572473363,577.0,1,2025-05-06,-0.0024599900463294633,-0.008384247380185172,0.04146036186355384,113.7931900024414,114.47303009033205,114.47303009033205,111.58370208740234,108.99431610107422,-0.008384247380185172,0.04146036186355384,0.1481444412025108,0.013411599442929509,0.01957543860944767,113.92649332682295,0.4935757719818772,0.9963728064731864,-0.8372239128925396,113.02908216203964,2.091989517927236,1.0042836561740947,0.2314436671439023,110.78175462995259,3.441219990326046,1.0246566347217272,0.7937607201578348,0.6851238284110112,1.791759469228055,2.511230377111521,0.1055380385369062,0.22734349779784674,0.6671184659004211,-0.12180545926094054
117.0324249267578,117.65228163619798,112.25355204144066,206758800.0,0.0305313752267138,0.0157076538030834,113.88533812637036,111.77073139477947,0.3042612675807568,84.11788527315866,2.139689046196821,1.1369409748123556,1.0027480713844656,0.220017059653417,0.8616565583175188,-0.0024630207932687,-0.0059565720912731,0.0,0.0,0.0255642495474154,0.0223580596617922,0.0544995365327922,0.2494750450085688,0.3442121948559061,-0.0255446926122679,644.0,0,2025-05-07,0.03100223747026698,0.02235805966179205,0.07473384358352719,113.51325988769533,113.7931900024414,114.47303009033205,114.47303009033205,108.8943328857422,0.02235805966179205,0.07473384358352719,0.13971374596800956,0.015903626546462893,0.018811417215154606,114.77962493896489,1.9559961799649042,1.0196271767658316,1.1517404843977421,114.19166673932757,1.6190481914412116,1.0248771059092692,1.7545853189839251,111.80651310511998,2.9452780411191832,1.0467406743713084,1.7743356480028676,0.8454241572852269,1.3862943611198906,3.9747908815853137,0.3818366589645545,0.4127466355760892,0.20541671042641005,-0.030909976611534717
117.34236145019533,118.65205049698932,115.82271514729749,198428100.0,0.0026447956189682,0.0145630644836939,114.7495939573266,112.51361540216828,-0.0402918763312613,81.04424909840014,2.384384083766932,1.386429596603271,0.997954487163661,0.2214804855177945,0.8366485672144502,0.0305313752267138,-0.0024630207932687,-0.0059565720912731,0.0,0.0,0.0250655666020114,0.0794630105443525,0.35579765339377,0.0374206679295362,0.1063226083852012,796.0,0,2025-05-08,0.002648296176307463,0.03118966475654461,0.05160842717229697,117.0324249267578,113.51325988769533,113.7931900024414,114.47303009033205,111.58370208740234,0.03118966475654461,0.05160842717229697,0.10279080255874051,0.014755050888367574,0.017222598594956607,115.96268208821618,2.126914901787419,1.0118976151390633,0.6486763343562483,115.01433236258372,1.5338322767306616,1.0202412085501873,1.5177859554329938,112.58775929042272,2.85137120103369,1.0422301872755813,1.6674791966927862,0.8567261674837142,2.3978952727983707,3.1033923268283052,0.061594683397561266,0.2924766944721341,0.64592863060534,-0.23088201107457282
116.62252044677734,118.20215005190204,115.18285724943864,132972200.0,-0.0061534301127633,0.0127091315900266,115.21782557968928,113.06146940811615,-0.3298721300057804,70.49410164874321,2.4915010379008606,1.607443884862789,0.8840571530380716,0.2173718723035746,0.778825416697458,0.0026447956189682,0.0305313752267138,-0.0024630207932687,-0.0059565720912731,0.0,0.0187772644329333,0.0699871756489505,0.0466576514177614,0.1068559355582435,-0.3091400019760085,785.0,1,2025-05-09,-0.006134536534987967,0.02739116612595005,0.01877726443293337,117.34236145019533,117.0324249267578,113.51325988769533,114.47303009033205,114.47303009033205,0.02739116612595005,0.01877726443293337,0.05080616621740641,0.01287696352391497,0.014066163915918042,116.99910227457686,0.3610755695334377,0.9967813272027016,-1.0429446342385085,115.32140241350449,1.6201371017003545,1.0112825373785126,0.8030913136347024,112.99052102225168,3.0016647269787953,1.0321442842431923,1.2099950377140563,0.9154566661449673,2.4849066497880004,2.9054954258846055,0.18835710649463258,0.3096956473521211,0.5019472510638562,-0.12133854085748849
116.62252044677734,118.20215005190204,115.18285724943864,132972200.0,0.0,0.0127091315900266,115.5689992964613,113.53627621327098,0.0,70.49410164874321,2.5470314032433805,1.7953613885389077,0.751670014704473,0.2095565228396156,0.7545814873313136,-0.0061534301127633,0.0026447956189682,0.0305313752267138,-0.0024630207932687,-0.0059565720912731,0.0248637940835936,0.0709696028823096,0.5736466345764848,0.7241012009494219,0.5269889831587233,665.0,1,2025-05-10,0.0,-0.003502486428329399,0.01877726443293337,116.62252044677734,117.34236145019533,117.0324249267578,113.7931900024414,114.47303009033205,-0.003502486428329399,0.01877726443293337,0.05080616621740641,0.01287696352391497,0.014066163915918042,116.8624674479167,0.4156003970996848,0.997946757360345,-0.5773502691861072,115.62847246442524,1.6361638973736214,1.008596913555681,0.6075479259429639,113.39328275408066,3.0887334057118676,1.0284782097692684,1.0454892891451846,0.9154566661449673,2.1972245773362196,1.6431525199434072,0.15293085249140853,0.3658231996232644,0.48124592797830695,-0.21289234713185584
122.97103118896484,122.97103118896484,120.25167057965504,225023300.0,0.0530064108096347,0.0221105929169233,117.61704248527144,115.15087621034644,0.6922582314198005,90.01676890075105,3.050100261001319,2.168893276999477,0.8812069840018419,0.161852441839743,1.050667798431941,0.0,0.0,-0.0061534301127633,0.0026447956189682,0.0305313752267138,0.0507432556910922,0.0742358360910595,1.2016210626837198,0.8178954897577094,1.5103412376050176,300.0,1,2025-05-12,0.05443640488875179,0.05443640488875179,0.08065369453415028,116.62252044677734,116.62252044677734,116.62252044677734,117.0324249267578,113.7931900024414,0.05443640488875179,0.08065369453415028,0.13124261261202452,0.022629029877629363,0.017902987995531784,118.73869069417321,3.6653143859555035,1.0356441566775616,1.1547005383791404,117.24666268484933,2.8263760037517516,1.0488232958877661,2.0253386302873184,114.81509072440012,3.6171829659600805,1.0710354397937296,2.254776864017426,1.2639806206247304,1.791759469228055,1.3733866568923765,0.5812127463519573,0.01975196488201614,0.39903527498245234,0.5614607814699412
129.89938354492188,131.18908818741485,124.44067836400951,330430100.0,0.0548113692080743,0.0264372419803493,120.68762775018403,117.11734385495652,0.4684261585355826,92.72573668074294,3.95082735207626,2.525280092014833,1.4255472600614263,0.1872666952207972,1.2304559863224056,0.0530064108096347,0.0,0.0,-0.0061534301127633,0.0026447956189682,0.1070118407328648,0.1347597197559698,0.282309043401782,0.3090125623396531,-0.9193120192819378,635.0,1,2025-05-13,0.0563413373781545,0.11384476212039729,0.1443542690381565,122.97103118896484,116.62252044677734,116.62252044677734,117.34236145019533,113.51325988769533,0.11384476212039729,0.1443542690381565,0.19179961113258104,0.027114841370595447,0.021773041143296677,123.16431172688806,6.640541503256773,1.0546836313506835,1.0142353322738338,119.58753749302456,5.094532895365784,1.0862284337320585,2.024100396186947,116.30830982753209,5.057597411817384,1.1168538493727862,2.687258911836956,1.2453401062415832,2.4849066497880004,3.546083959571125,0.427914463322271,0.16556690243834793,0.40651864084330475,0.2623475608839231
135.30810546875,135.4080880073059,131.6489642323906,281180800.0,0.0407942627114283,0.0274321596121741,124.34274717982554,119.54277873679564,-0.1490460463498937,94.35860850972446,5.042966538698735,3.028817381351614,2.0141491573471213,0.2356315502142645,1.2186425827452592,0.0548113692080743,0.0530064108096347,0.0,0.0,-0.0061534301127633,0.1602227850194693,0.1820085950548942,0.4231040119639604,0.6222303509694908,0.1407949685621784,681.0,1,2025-05-14,0.0416377797663503,0.1602227850194693,0.15615912046109992,129.89938354492188,122.97103118896484,116.62252044677734,116.62252044677734,117.0324249267578,0.1602227850194693,0.15615912046109992,0.242563335327308,0.02812904082647987,0.022659196259345225,129.39284006754562,6.184115956795439,1.0457155542618626,0.9565256283243474,122.19834899902344,7.622542147537489,1.1072825989640116,1.719866707980323,118.1950078691755,6.7295053987310665,1.1447869745777772,2.542994854094536,1.2413962306751611,2.1972245773362196,1.9501061824236756,0.43436606554314494,0.16534101194702086,0.40029290714301163,0.26902505359612405
134.79823303222656,136.2678878895653,132.6287461607251,226632600.0,-0.0037753504413517,0.0282331880717223,126.9566186429258,121.57683930951978,-0.1939968874119427,92.06521904424842,5.800487854777742,3.58315147603684,2.2173363787409026,0.2715021861076327,1.0637644278432872,0.0407942627114283,0.0548113692080743,0.0530064108096347,0.0,0.0,0.1558507955051786,0.1845896316759772,0.4983603942187891,0.6245848057414767,0.0752563822548286,828.0,1,2025-05-15,-0.003768232765931301,0.09617876445296547,0.14876018657115742,135.30810546875,129.89938354492188,122.97103118896484,116.62252044677734,117.34236145019533,0.09617876445296547,0.14876018657115742,0.20804589299824916,0.028930356595784617,0.02307903869742019,133.33524068196618,2.986440720158209,1.0109722856671473,0.4898782488416096,124.69204493931362,8.566073772187762,1.0810491807864049,1.17979232512865,119.85318865094867,7.7568083764395395,1.124694591353783,1.9267002168922776,1.2535338657332593,2.5649493574615367,2.67564141466871,0.3570332690142095,0.10023880323084687,0.5427279393188655,0.2567944657833626
135.36810302734375,136.31789147723805,133.42857277146337,226542500.0,0.0042186665341086,0.0268832646186255,129.05948973903028,123.41567447189632,-0.0003975597508919,91.33702556721528,6.373344750407071,4.141190130910887,2.2321546194961845,0.298101072715368,0.9897207916407316,-0.0037753504413517,0.0407942627114283,0.0548113692080743,0.0530064108096347,0.0,0.1607372444769041,0.1925311911689489,0.2817691693448091,0.2393570806754489,-0.2165912248739799,708.0,1,2025-05-16,0.004227577634351887,0.04209965692816908,0.16073724447690418,134.79823303222656,135.30810546875,129.89938354492188,116.62252044677734,116.62252044677734,0.04209965692816908,0.16073724447690418,0.18253271465360132,0.027582513118053646,0.02293402768389326,135.1581471761068,0.3131350666841035,1.0015534087705669,0.6704961327398973,127.36998530796596,8.553041931191649,1.0627943679198772,0.935119666631104,121.34569386073521,8.605746949239867,1.1155575341857753,1.6294238314603382,1.202689448980872,2.5649493574615367,1.5601690839306634,0.16453545354306695,0.027646622542912714,0.8078179359436035,0.13688883100015423
135.36810302734375,136.31789147723805,133.42857277146337,226542500.0,0.0,0.0268832646186255,130.63664306110866,125.00933161262265,0.0,91.33702556721528,6.749533546123416,4.662858813953393,2.086674732170024,0.3160192594035993,0.924907155652568,0.0042186665341086,-0.0037753504413517,0.0407942627114283,0.0548113692080743,0.0530064108096347,0.1008129452808181,0.1566717780312672,-0.0692141000486666,0.0230194730008202,-0.3509832693934758,669.0,0,2025-05-17,0.0,0.0004434143718581307,0.16073724447690418,135.36810302734375,134.79823303222656,135.30810546875,122.97103118896484,116.62252044677734,0.0004434143718581307,0.16073724447690418,0.18253271465360132,0.027582513118053646,0.02293402768389326,135.17814636230472,0.32901459509036296,1.0014052320596993,0.5773502691783718,130.0479256766183,7.496549111029719,1.0409093595537602,0.7096835186336402,122.83819907052177,9.118762962342151,1.1020033186063607,1.3740793579750736,1.202689448980872,2.1972245773362196,2.4923219793958387,0.4257279122248292,0.04284077847842123,0.5314313033595681,0.382887133746408
135.53805541992188,135.83797251007488,132.35879696756518,193154600.0,0.0012546958389429,0.0236273550628711,132.74914489448105,127.61017503929698,-0.1473802928810267,93.90391594038856,7.0721624294930905,5.513438222248424,1.5587242072446663,0.3231992569479875,0.8432497193302383,0.0,0.0,0.0042186665341086,-0.0037753504413517,0.0407942627114283,0.0016994543702704,0.1621945307019578,0.3647177550148276,0.1909300741605103,0.0221980265212974,294.0,0,2025-05-19,0.0012554832990736564,0.0012554832990736564,0.10219499754902239,135.36810302734375,135.36810302734375,135.36810302734375,135.30810546875,122.97103118896484,0.0012554832990736564,0.10219499754902239,0.19109109619841003,0.024227597350644333,0.02257201626727606,135.42475382486984,0.09812205962586996,1.0008366387373948,1.154700538126127,134.52115522112166,2.0511331830005517,1.007559407270393,0.49577482692402114,125.8839089529855,9.271966081622482,1.0766908697643156,1.041218915378843,1.0733466192724868,1.6094379124341003,2.8603573658162893,0.292396753327921,0.37060661776922643,0.3369966591708362,-0.07820986444130545
134.34832763671875,134.54827743990722,132.58873275619902,161514200.0,-0.008816565521843,0.0163987842603051,133.14894058004046,128.50859538561988,-0.1638086796793864,90.57627982940357,6.978778459294944,5.806506269657728,1.1722721896372157,0.3153403823234663,0.7848281218318849,0.0012546958389429,0.0,0.0,0.0042186665341086,-0.0037753504413517,-0.0033376208677768,0.151993003770064,0.4959710413341069,0.5004925975182142,0.1312532863192793,772.0,0,2025-05-20,-0.008777813578017879,-0.00753335067729366,0.03424915477184176,135.53805541992188,135.36810302734375,135.36810302734375,134.79823303222656,129.89938354492188,-0.00753335067729366,0.03424915477184176,0.18354743551226216,0.0167014429123239,0.022960364350395876,135.0848286946615,0.6434643037519432,0.9945478625167635,-1.1445872811410358,135.15671866280692,0.42512620373225807,0.9940188617030207,-1.9015318721621157,127.37212807791573,8.793388662938778,1.054770220644626,0.793345981419585,0.7274032178864765,2.3978952727983707,2.6441185281683968,0.2309111598879099,0.26576909692957995,0.5033197361975909,-0.03485793704167006
131.76895141601562,137.36762292180558,130.55922977564506,270608700.0,-0.019385866332194,0.0080292530214148,132.80394328903424,128.94330952300598,0.6754483506713342,79.78982441464348,6.620321935587356,5.969269402843654,0.6510525327437016,0.3052866602076157,0.6972382925507203,-0.008816565521843,0.0012546958389429,0.0,0.0,0.0042186665341086,-0.0265878854090251,0.1298756956307647,0.5713924908893255,0.458561647923326,0.0754214495552186,860.0,0,2025-05-21,-0.019199168803037292,-0.026587885409025125,-0.02615626048767461,134.34832763671875,135.53805541992188,135.36810302734375,135.36810302734375,135.30810546875,-0.026587885409025125,-0.02615626048767461,0.12591832134111858,0.007966363090934929,0.023730090905823707,133.88511149088546,1.926775323277231,0.984194209114776,-1.0982910406338844,134.65112522670202,1.3384736100989871,0.9785952489752024,-2.1533288284056975,128.42473711286272,8.33029082322491,1.0260402659046437,0.40145228709533365,0.33570723022303584,2.1972245773362196,2.236673027066244,0.20854952838271854,0.019065799482632376,0.7723846696317196,0.18948372890008616
132.7987060546875,134.21836966107523,131.5190088530086,187344000.0,0.0077844725889906,0.0091433692710584,132.80263398044755,129.45736239389686,-0.3076940985267657,80.3613519631304,6.3461803347921375,6.044651589233351,0.3015287455587865,0.2994330847252469,0.7026491136703578,-0.019385866332194,-0.008816565521843,0.0012546958389429,0.0,0.0,-0.0189808153855657,0.0799186179924023,0.1615738300260581,0.3170636688828268,-0.4098186608632673,853.0,0,2025-05-22,0.0078148503695743,-0.0202109242068389,-0.014833480621819661,131.76895141601562,134.34832763671875,135.53805541992188,135.36810302734375,134.79823303222656,-0.0202109242068389,-0.014833480621819661,0.13172007460453616,0.00908658782770371,0.02366779292649272,132.97199503580734,1.2983902438093344,0.9986968009235841,-0.1334644818428612,134.365478515625,1.5048658526672927,0.9883394717285563,-1.0411376257627756,129.52876172746932,7.752751653812143,1.025244928490077,0.42177854692537503,0.38392206049481575,2.6390573296152584,3.2838563080974676,0.30567163852258367,0.19841400190041608,0.4959143607948835,0.10725763662216758
131.25906372070312,132.6487356514494,129.12957588399638,198821300.0,-0.0116615374237078,0.0092733402461478,132.41674141551144,129.69758923747102,0.0612632376804167,77.85389619534712,5.93625541482227,6.022972354351135,-0.0867169395288653,0.289079716680741,0.6432178919949106,0.0077844725889906,-0.019385866332194,-0.008816565521843,0.0012546958389429,0.0,-0.0303545607476719,0.0104671795868149,0.441793917079524,0.4156689830129211,0.2802200870534658,926.0,0,2025-05-23,-0.01159380523896325,-0.022994435214475306,-0.030354560747671955,132.7987060546875,131.76895141601562,134.34832763671875,135.36810302734375,135.36810302734375,-0.022994435214475306,-0.030354560747671955,0.12550357527734457,0.009217969095158877,0.02398154635858357,131.94224039713546,0.7843127133906316,0.9948221534333809,-0.8710513864794116,133.77847290039062,1.8175191529268544,0.9811673049851345,-1.386180264252155,130.5742291041783,6.807732646187669,1.0052447915735228,0.10059657923087387,0.38437759422713563,2.772588722239781,2.4179175501981476,0.25915217374761895,0.09117047867427265,0.6496773526072502,0.16798169507334632
131.25906372070312,132.6487356514494,129.12957588399638,198821300.0,0.0,0.0092733402461478,132.12732199180937,129.9057858352353,0.0,77.85389619534712,5.547439532625702,5.927865790006049,-0.3804262573803463,0.2759581651282544,0.6250646128799148,-0.0116615374237078,0.0077844725889906,-0.019385866332194,-0.008816565521843,0.0012546958389429,-0.0315704079268486,-0.0299246060243006,0.5515134344719288,0.5462247136203469,0.1097195173924048,669.0,1,2025-05-24,0.0,-0.003869558722545352,-0.030354560747671955,131.25906372070312,132.7987060546875,131.76895141601562,135.53805541992188,135.36810302734375,-0.003869558722545352,-0.030354560747671955,0.12550357527734457,0.009217969095158877,0.02398154635858357,131.77227783203128,0.8889129159837568,0.9961052952884192,-0.5773502691882716,133.19146728515625,1.8809893121924552,0.9854915363285551,-1.0273336227523495,131.61969648088728,5.498284380366131,0.9972600395698639,-0.06559005232103789,0.38437759422713563,1.3862943611198906,2.3622459781701926,0.25932945683598513,0.036009159249563966,0.7046613792578379,0.22332029758642116
135.4680633544922,135.6280293045703,133.27857708527512,192953600.0,0.0315629617315184,0.0161182108924187,132.67761008727334,130.93932988983863,-0.0295124315151344,66.18245541221364,4.8410156265164375,5.439437114055693,-0.5984214875392553,0.2213983225501681,0.7058781276777447,0.0,0.0,0.0,-0.0116615374237078,0.0077844725889906,0.0201007779300608,0.0007384333894984,0.1055876829814223,0.3619418793247075,-0.194288367405361,550.0,0,2025-05-27,0.03206635423474524,0.03206635423474524,0.008334571315254724,131.25906372070312,131.25906372070312,131.25906372070312,132.7987060546875,134.34832763671875,0.03206635423474524,0.008334571315254724,0.04286917811002966,0.01623036220381926,0.015933937199986432,132.66206359863284,2.4300670715879504,1.0211514858109614,1.1547005383788602,132.15313938685827,1.5679372233464448,1.025083959284009,2.114194317396765,133.6549290248326,1.9096952271279237,1.013565787232005,0.9494364880339802,1.0186033746783614,1.9459101490553132,3.2304932730087437,0.4163528059919675,0.02185380140629903,0.5617933981120586,0.39449900458566844
134.7782440185547,137.2176717346689,134.75824445795843,304021100.0,-0.0051051268069733,0.0138204603439862,133.20276857009367,131.45118510700078,0.575617661448141,47.878350190444415,4.737594643440474,5.299068619932649,-0.5614739764921755,0.2038794231247261,0.6633514551401758,0.0315629617315184,0.0,0.0,0.0,-0.0116615374237078,0.026810950787671,-0.004357444594388,0.5740724444763243,0.5702617294281696,0.4684847614949019,958.0,1,2025-05-28,-0.005092117794083917,0.02681095078767104,0.022837645516645688,135.4680633544922,131.25906372070312,131.25906372070312,131.25906372070312,131.76895141601562,0.02681095078767104,0.022837645516645688,-0.0039159623760876006,0.013980991789120694,0.011530239274880918,133.8351236979167,2.257438024334975,1.007046881973724,0.41778348307737484,132.58303833007812,1.834868071500723,1.0165572136234455,1.1963833926660037,133.61708177839006,1.8794221004219687,1.0086902230217127,0.6178294061264492,1.2125500135611962,2.302585092994046,2.668597593009567,0.23258142876956198,0.3157893755576676,0.4516291870839066,-0.08320794678810564
139.15721130371094,143.45620133736625,137.87751407348716,369241900.0,0.0319735196551613,0.0176450763492816,134.69137925349798,132.47865526656213,0.2145272153807744,63.32522944937747,4.951896452741693,5.229634186494458,-0.2777377337527653,0.1845081682432088,0.8129352771467417,-0.0051051268069733,0.0315629617315184,0.0,0.0,0.0,0.0601722072299228,0.0267021381749668,0.1836459168362352,0.3330954516405571,-0.3904265276400891,926.0,0,2025-05-29,0.03249016424752793,0.06017220722992289,0.047880777139537534,134.7782440185547,135.4680633544922,131.25906372070312,131.25906372070312,132.7987060546875,0.06017220722992289,0.047880777139537534,0.03233705793786079,0.01787380425793971,0.014389352972268834,136.4678395589193,2.354464475273617,1.019707000224258,1.142243500819477,133.49139622279577,3.0983297739763236,1.0424432977797233,1.8286675383956281,133.92843736921037,2.383592654086711,1.0390415511239486,2.1936524789735956,1.242154827419003,2.8903717578961645,3.1068338632092356,0.20340779883896598,0.3727695842218749,0.4238226299228914,-0.1693617853829089
135.09817504882812,139.58710766728817,132.88868890141003,333170900.0,-0.029602573862637,0.0216108492827176,134.79307820233052,132.82792457086427,-0.0976893467399013,49.31991880545603,4.739567098354655,5.131620768866497,-0.3920536705118422,0.1504829094039873,0.631084739091178,0.0319735196551613,-0.0051051268069733,0.0315629617315184,0.0,0.0,0.0292483522227005,0.0055813676679101,0.2560560705055262,0.2386621148503341,0.0724101536692909,979.0,1,2025-05-30,-0.029168709381678815,-0.00273044654588539,0.029248352222700502,139.15721130371094,134.7782440185547,135.4680633544922,131.25906372070312,131.25906372070312,-0.00273044654588539,0.029248352222700502,-0.0019940294092848365,0.021715918513839923,0.01664868823890811,136.34454345703128,2.441088748457662,0.9908586850885166,-0.5105789000873641,134.0398406982422,2.9746365247764306,1.0078956700117878,0.3557861075700603,133.9091567993164,2.3721156719536025,1.008879290094356,0.5012480055546699,1.304362133653849,3.044522437723423,2.007741413137652,0.45443921694532036,0.12168023670092223,0.42388053946197035,0.3327589802443981
135.09817504882812,139.58710766728817,132.88868890141003,333170900.0,0.0,0.0216108492827176,134.8693524139549,133.13062463459278,0.0,49.31991880545603,4.519200030406353,5.009136621174469,-0.4899365907681163,0.0997155835809024,0.6270108119374352,-0.029602573862637,0.0319735196551613,-0.0051051268069733,0.0315629617315184,0.0,0.0292483522227005,0.0252656152836916,0.3002057358883443,0.2521613930984564,0.0441496653828181,775.0,1,2025-05-31,0.0,0.0023737587071499533,0.029248352222700502,135.09817504882812,139.15721130371094,134.7782440185547,131.25906372070312,131.25906372070312,0.0023737587071499533,0.029248352222700502,-0.0019940294092848365,0.021715918513839923,0.01664868823890811,136.4511871337891,2.3434856744079675,0.990084277657223,-0.5773502691894099,134.5882851736886,2.7194541832106416,1.0037885160248643,0.18749713758278325,133.88987622942244,2.3604132922142647,1.0090245719350375,0.5119013790471408,1.304362133653849,2.0794415416798357,2.68065901209591,0.18668986617454456,0.18631654259349614,0.626993611987148,0.00037332358104841257
137.34764099121094,138.08745689917103,135.36809645457458,197663100.0,0.0165135005055624,0.0219844403342591,135.53182880230764,133.92025486334242,-0.4067215954334547,54.12680262488491,4.249926548785567,4.743040253572122,-0.4931137047865555,0.0640947264014486,0.8436817773640203,0.0,0.0,-0.029602573862637,0.0319735196551613,-0.0051051268069733,0.0190638852091182,0.0463859568849527,0.600520493708392,0.8002817364834353,0.7927439368239889,505.0,1,2025-06-02,0.016650601990513936,0.016650601990513936,0.04638595688495273,135.09817504882812,135.09817504882812,135.09817504882812,134.7782440185547,131.25906372070312,0.016650601990513936,0.04638595688495273,0.013351125377168982,0.02207184113931443,0.017237062130397503,135.84799702962243,1.298729767369267,1.0110391319296486,1.1547005383777509,136.00652640206474,1.6329589860568567,1.0098606634889091,0.8212787954856241,133.9998517717634,2.4926863980417977,1.0249835292739704,1.3430446854756788,1.2804874155666475,1.791759469228055,2.924225782683419,0.05979297347366804,0.3070725739002228,0.6331344712525606,-0.24727960042655475
141.1867218017578,141.9665367692297,137.91748812723765,225578800.0,0.0275680451764044,0.0212647762288505,136.94555205217017,134.8891171217978,0.1412286865884426,63.913800201305065,4.472395084472396,4.688911219752177,-0.2165161352797815,0.0782109424748156,1.1175943106963886,0.0165135005055624,0.0,0.0,-0.029602573862637,0.0319735196551613,0.0145842998651177,0.0756340766088279,0.0867624322274144,0.2533406545233522,-0.5137580614809776,693.0,1,2025-06-03,0.027951559872750442,0.04506757216171953,0.04221407101909369,137.34764099121094,135.09817504882812,135.09817504882812,139.15721130371094,135.4680633544922,0.04506757216171953,0.04221407101909369,0.050900478519764425,0.02132607766769243,0.018377843328005256,137.87751261393234,3.0786642140839615,1.024001079835923,1.074884741468991,136.82347760881697,2.5123676517967812,1.031889587000672,1.7367060867148003,134.4883084978376,3.149660750973376,1.0498066588742017,2.126709456518489,1.1604233035981149,1.3862943611198906,2.632432157531962,0.04705709374199304,0.33947780169546604,0.6134651495764653,-0.292420707953473
141.88656616210938,142.3564566649135,139.5071219355859,167120800.0,0.0049446261162866,0.0207299298582417,138.180805579655,135.82211032717268,-0.2591466928629817,72.29078728499833,4.651554369560216,4.681439849713786,-0.0298854801535695,0.0914648482660389,1.0546820000093664,0.0275680451764044,0.0165135005055624,0.0,0.0,-0.029602573862637,0.0502478372548536,0.080965855920013,0.0821233363522831,0.0172539530127327,-0.0046390958751313,601.0,0,2025-06-04,0.00495687095373043,0.0502478372548536,0.05274087220320278,141.1867218017578,137.34764099121094,135.09817504882812,135.09817504882812,134.7782440185547,0.0502478372548536,0.05274087220320278,0.07678299506346398,0.020776786720785693,0.01715495367556447,140.14030965169275,2.4437050185346765,1.0124607724555255,0.7145938225652702,137.83895220075334,2.946905496687404,1.029364805062222,1.3735133230115215,135.21099526541573,3.605467687927194,1.0493715092000444,1.8515131668067923,1.2111246182133482,2.302585092994046,2.0846233591391203,0.19920830966697795,0.13000324979010547,0.6707884553405974,0.06920505987687248
139.95703125,143.96608121416313,138.79730082341692,231397900.0,-0.0136924526654056,0.0187805106917985,138.62486199724125,136.373433116883,0.3846146021321104,65.16954863343167,4.584989151274897,4.662149710026008,-0.0771605587511112,0.0969465270946511,0.8577924774201658,0.0049446261162866,0.0275680451764044,0.0165135005055624,0.0,0.0,0.0359653725849054,0.0662656526927898,0.0293566424190106,0.2859494190771251,-0.0527666939332724,840.0,1,2025-06-05,-0.013599137425771679,0.018998435211246445,0.005747599702493611,141.88656616210938,141.1867218017578,137.34764099121094,135.09817504882812,139.15721130371094,0.018998435211246445,0.005747599702493611,0.05390357638247356,0.018762837206726873,0.017866252294385047,141.01010640462243,0.9768167653895617,0.9925319171691093,-1.078068264115491,137.95321219308036,3.0211084172822025,1.014525352654457,0.6632728059201133,135.72230420793807,3.7420455828932098,1.0312014083961762,1.1316609988453965,1.0501831552341618,2.302585092994046,2.418630949879887,0.3168000769284036,0.10726439823499981,0.5759355173342757,0.2095356786934038
141.6865997314453,143.23623746842864,141.47664251332282,153986200.0,0.0122821184881283,0.0133640089313172,139.39029643079226,137.08185533215797,-0.3345393367874125,71.92103309812032,4.618557600981177,4.653431288217042,-0.0348736872358648,0.1056029046865897,0.9264321185292872,-0.0136924526654056,0.0049446261162866,0.0275680451764044,0.0165135005055624,0.0,0.0487676808382937,0.0459040767467124,-0.2970618218297698,-0.298152623626117,-0.3264184642487805,849.0,1,2025-06-06,0.012357853449719514,0.0035405449132064337,0.04876768083829375,139.95703125,141.88656616210938,141.1867218017578,135.09817504882812,135.09817504882812,0.0035405449132064337,0.04876768083829375,0.07944240736723684,0.013461308240163216,0.017408943832869686,141.17673238118493,1.0610135627848287,1.0036115537005326,0.4805474389244719,138.89441571916853,3.0096642472696136,1.0201029249291225,0.9277393698682053,136.46712820870536,3.8222364902182377,1.038247097240572,1.3655543125333764,0.7732409484110707,2.302585092994046,1.7799369618609129,0.3451192023025618,0.13933191779586995,0.5155488571359051,0.20578728450669187
141.6865997314453,143.23623746842864,141.47664251332282,153986200.0,0.0,0.0133640089313172,139.96437225595554,137.69582125206296,0.0,71.92103309812032,4.592224533360934,4.64118993724582,-0.0489654038848863,0.112724832205909,0.8779384102295937,0.0122821184881283,-0.0136924526654056,0.0049446261162866,0.0275680451764044,0.0165135005055624,0.0315910685390805,0.0512572022524611,-0.0120051532244011,0.3427330008580458,0.2850566686053687,728.0,1,2025-06-07,0.0,-0.001409340123402436,0.04876768083829375,141.6865997314453,139.95703125,141.88656616210938,137.34764099121094,135.09817504882812,-0.001409340123402436,0.04876768083829375,0.07944240736723684,0.013461308240163216,0.017408943832869686,141.1100769042969,0.9985668283468078,1.0040856247817045,0.5773502691881724,139.8356192452567,2.63097805249886,1.0132368311892135,0.7035332295647897,137.21195220947266,3.7444899150296296,1.0326112080610987,1.1949952125688257,0.7732409484110707,1.3862943611198906,1.9765297144632983,0.39313368623455364,0.0334324414531389,0.5734339213619629,0.35970124478141474
142.59640502929688,144.96584183837217,141.9065651342004,185114500.0,0.0064007231440776,0.0126677000452644,140.9452981009452,138.810389046645,0.2021499329160665,72.95554619075925,4.483169877692603,4.590077162489548,-0.1069072847969447,0.1246160343194001,0.8512319430697987,0.0,0.0,0.0122821184881283,-0.0136924526654056,0.0049446261162866,0.0050028616971142,0.055502081932333,-0.7081990432811717,-0.3752372315918387,-0.5889145032512825,365.0,1,2025-06-09,0.0064212515479658006,0.0064212515479658006,0.03821517428480492,141.6865997314453,141.6865997314453,141.6865997314453,141.88656616210938,137.34764099121094,0.0064212515479658006,0.03821517428480492,0.08637377859648354,0.012763876346766246,0.017334049893408816,141.98986816406253,0.5252763336295154,1.0042716911641436,1.1547005383687157,141.52664620535714,0.8093126112753576,1.007558709632584,1.3218116325333837,138.76658630371094,3.12040777619585,1.0275989979115276,1.2273455907916446,0.7363470409543268,1.6094379124341003,1.9607660041730135,0.09558692295104262,0.033322789473459076,0.871090292930603,0.06226413347758355
143.92608642578125,144.25599524562207,141.4966510569608,155881900.0,0.009281581599223,0.0085356711763119,141.69049518215422,139.49248203052983,-0.1579163166580683,69.3859707411928,4.509875203489116,4.574036770689462,-0.0641615672003457,0.1280609557817928,0.8813450931578557,0.0064007231440776,0.0,0.0,0.0122821184881283,-0.0136924526654056,0.0283590980769767,0.0653444161903924,0.3332411379863083,0.1090372331388362,1.04144018126748,671.0,0,2025-06-10,0.009324789052088667,0.01580591741618953,0.01940242388990243,142.59640502929688,141.6865997314453,141.6865997314453,139.95703125,141.1867218017578,0.01580591741618953,0.01940242388990243,0.062435550209027024,0.008527406433174714,0.01569938821113545,142.73636372884118,1.1262843742659396,1.0083351058262924,1.0563253154563854,141.91798400878906,1.190214914282281,1.014149738886284,1.6871763182392197,139.37073080880302,3.2487938669288,1.0326851670400403,1.4021682518394347,0.5431680724428671,2.772588722239781,1.6025624203492803,0.2677914499615629,0.291000964337339,0.441207584242026,-0.02320951437577612
142.80625915527344,144.96590375929992,141.84641202362192,167694000.0,-0.0078109985239344,0.0093139586540135,141.96943617543403,139.93431898049565,0.0757759560282496,68.04469089801597,4.390072639973084,4.537243944546186,-0.147171304573102,0.1287314552869008,0.7865961169625947,0.009281581599223,0.0064007231440776,0.0,0.0,0.0122821184881283,0.0079023663913901,0.0570554273117265,-0.3087866338352343,-0.0286390879688914,-0.6420277718215427,764.0,0,2025-06-11,-0.007780571947151982,0.007902366391390192,0.006481889145962372,143.92608642578125,142.59640502929688,141.6865997314453,141.6865997314453,141.88656616210938,0.007902366391390192,0.006481889145962372,0.059564621836248,0.009308735195696511,0.01584088245535033,143.1095835367839,0.7148548204763798,0.9978804747102593,-0.4243160608588027,142.04936872209822,1.2360475521875511,1.0053283618222617,0.6123473420061177,139.94416046142578,3.0799477872325265,1.0204517193458498,0.929268575821989,0.5876399387429608,2.6390573296152584,1.9182085358845176,0.38974221516400576,0.17165390058205673,0.43860389879689765,0.21808831458194902
144.9759063720703,144.9759063720703,141.82643588786814,162365000.0,0.015078685098274,0.0080520918199307,142.7210537245931,140.6065306327056,-0.0317781196703519,64.5209688007884,4.419258185681088,4.513646792773167,-0.0943886070920791,0.1283264760136004,0.8696151797458084,-0.0078109985239344,0.009281581599223,0.0064007231440776,0.0,0.0,0.0232153686153777,0.0555398354555467,0.2493651604685793,0.3741496739442304,0.5581517943038137,588.0,1,2025-06-12,0.015192942029507384,0.016686965862039438,0.03586011418822732,142.80625915527344,143.92608642578125,142.59640502929688,141.6865997314453,139.95703125,0.016686965862039438,0.03586011418822732,0.041813823472360845,0.008083550938855502,0.014041874190566747,143.9027506510417,1.0850118340971537,1.0074575066576104,0.989072826031966,142.76635088239397,1.2750937155033997,1.0154767245644354,1.73285732868978,140.35978153773718,3.3466380887557663,1.0328878029287332,1.3793319480354527,0.575674644933508,1.791759469228055,0.8764053269347762,0.2279290251433849,0.07783943824470038,0.6942315086722374,0.1500895868986845
141.9464111328125,143.55614422146527,140.82660211679442,180820600.0,-0.0211179656782902,0.0119790404205395,142.52739307664797,140.7851813660532,0.1136673544175161,68.01603116314246,4.150093301429678,4.440936094504469,-0.2908427930747912,0.1200263717540412,0.6799570808789216,0.015078685098274,-0.0078109985239344,0.009281581599223,0.0064007231440776,0.0,0.001833704823601,0.0053807420510929,-0.6769034846875115,-0.5651801844428516,-0.9262686451560908,863.0,1,2025-06-13,-0.020896542846801203,-0.01375480527631534,0.0018337048236010123,144.9759063720703,142.80625915527344,143.92608642578125,141.6865997314453,141.6865997314453,-0.01375480527631534,0.0018337048236010123,0.05069081119348384,0.011940697835999086,0.012692313859215685,143.24285888671878,1.5612254306474134,0.9909493027158055,-0.8304039432464688,142.803466796875,1.2417715441465196,0.9939983553390788,-0.6901878756221314,140.84894125802177,3.001061784448388,1.0077918219689013,0.36569386224497663,0.9407817966405816,2.302585092994046,2.0368944337346986,0.40042852113644284,0.1071938767822252,0.4923776148094071,0.29323464435421764
141.9464111328125,143.55614422146527,140.82660211679442,180820600.0,0.0,0.0119790404205395,142.3821475906891,140.9400120016211,0.0,68.01603116314246,3.891914622299055,4.331131800063386,-0.4392171777643314,0.1090028153115073,0.662249882207387,-0.0211179656782902,0.015078685098274,-0.0078109985239344,0.009281581599223,0.0064007231440776,-0.0045582768818809,0.0004217803864161,-0.7753419828658329,-0.5302097924988675,-0.0984384981783214,798.0,1,2025-06-14,0.0,-0.006021080781382415,0.0018337048236010123,141.9464111328125,144.9759063720703,142.80625915527344,142.59640502929688,141.6865997314453,-0.006021080781382415,0.0018337048236010123,0.05069081119348384,0.011940697835999086,0.012692313859215685,142.9562428792318,1.7490798918956547,0.9929360780188354,-0.5773502691891632,142.84058271135603,1.2061984799925538,0.9937400732931031,-0.7413137998226087,141.33810097830636,2.5094602657356697,1.004303936095756,0.24240676882278156,0.9407817966405816,1.3862943611198906,1.6566044331920002,0.13504588138312099,0.3203786982533832,0.5445754130681356,-0.18533281687026223
157.22386169433594,157.57380961936815,152.94457434216997,171224100.0,0.1022210604401235,0.0403399893678939,146.0925761166008,143.11119196064976,-0.0530719398121674,82.26880310059164,4.863999580910246,4.437705356232758,0.4262942246774877,0.1440083064617229,1.3112197412526434,0.0,-0.0211179656782902,0.015078685098274,-0.0078109985239344,0.009281581599223,0.0923930859150539,0.1233723685771301,-0.7342803391975615,-0.2013363236588111,0.0410616436682713,360.0,1,2025-07-02,0.10762829746522473,0.08448269528891328,0.10965936081704375,141.9464111328125,141.9464111328125,144.9759063720703,143.92608642578125,141.6865997314453,0.08448269528891328,0.10965936081704375,0.16377487436459437,0.04225900626610577,0.03047442799363013,147.03889465332034,8.820440194227068,1.069267162712486,1.1547005383792075,145.06019156319755,5.47402779856728,1.0838525718190515,2.2220694849817884,142.9185071672712,4.474880544524195,1.100094486085849,3.196812604209035,1.386703838212776,1.3862943611198906,4.820663523068537,0.056728693346182434,0.44333279381195706,0.49993851284186047,-0.38660410046577465
159.3135223388672,160.95324924613055,157.74379112425564,143716100.0,0.013203438882959,0.0401837404601039,149.3978126721674,145.27150267774542,-0.1606549545303494,82.18576556885317,5.736870986441062,4.697538482274419,1.0393325041666426,0.1799451937182276,1.1788859379226366,0.1022210604401235,0.0,-0.0211179656782902,0.015078685098274,-0.0078109985239344,0.1155920145323978,0.124407831374542,-1.4355950128427115,-0.2886969412195484,-0.70131467364515,1165.0,0,2025-07-03,0.013290989179453039,0.12234977318169116,0.11723379215721264,157.22386169433594,141.9464111328125,141.9464111328125,142.80625915527344,142.59640502929688,0.12234977318169116,0.11723379215721264,0.1599290762413741,0.04208706695244717,0.030442268919342562,152.82793172200525,9.481418045424455,1.0424372072813186,0.6840317119011284,147.44835117885046,7.4939301182591365,1.0804700158744036,1.583304217250033,144.4874986921038,5.971837221467966,1.1026111170929531,2.482657027801393,1.3825207005416629,1.9459101490553132,1.9664208952029476,0.3404513926555713,0.2890162390346328,0.37053234813114005,0.05143515362093848
159.3135223388672,160.95324924613055,157.74379112425564,143716100.0,0.0,0.0405871895618128,151.87674008884233,147.14377196589498,0.0,79.92750636611804,6.355367147624008,5.029104215344337,1.326262932279671,0.2020407366878049,1.0570595798271805,0.013203438882959,0.1022210604401235,0.0,-0.0211179656782902,0.015078685098274,0.0988965430573023,0.124407831374542,0.3046298000482996,0.3130953895149291,1.7402248128910112,760.0,0,2025-07-04,0.0,0.12234977318169116,0.10691207059966024,159.3135223388672,157.22386169433594,141.9464111328125,144.9759063720703,143.92608642578125,0.12234977318169116,0.10691207059966024,0.12838884780228454,0.04250417346397971,0.030164597341785792,158.61696879069015,1.206466135637951,1.0043914188594552,0.5773502691882146,149.6465563092913,8.480419887417355,1.064598653440418,1.139915966179817,145.78227015904017,7.0659677456234435,1.0928182293022684,1.914989236712562,1.40907478334214,2.3978952727983707,2.101981852885987,0.13370778076350684,0.088864560611546,0.7774276733398438,0.044843220151960836
158.21371459960938,159.28352889047815,157.31385497697042,140139000.0,-0.0069273562042348,0.0387078864099844,155.9011778923235,151.24482454565657,-0.0248900436346379,80.57703111281748,7.03821657180734,5.970915887703479,1.067300684103861,0.2312078530338557,0.8435527219334662,0.0,0.0,0.0,0.013203438882959,0.1022210604401235,0.0062958185520074,0.0992705945714425,1.1909533993644277,1.0565749135466411,0.9137806810983125,520.0,1,2025-07-07,-0.006903417381724064,-0.006903417381724064,0.11460172424913462,159.3135223388672,159.3135223388672,159.3135223388672,157.22386169433594,141.9464111328125,-0.006903417381724064,0.11460172424913462,0.11664557480728432,0.04072482787167456,0.029998230159701763,158.94691975911462,0.6349742943228044,0.995387106836569,-1.1547005383693594,156.37686811174666,6.4138553664274776,1.0117462800607446,0.2863872636538482,149.59016745431083,8.324696828697292,1.0576478206559428,1.0358992432698622,1.3575743520490222,1.0986122886681098,1.0397207708399179,0.06500496901571745,0.02767939586192365,0.9073156714439392,0.0373255731537938
159.97341918945312,160.19338386133896,158.36368604860908,138133000.0,0.0110609282634806,0.0381920355460793,156.9192382166059,152.40863716482946,-0.0143143593146803,81.76440622351188,7.117901387158895,6.200312987594562,0.917588399564333,0.230690892735931,0.8565558201484939,-0.0069273562042348,0.0,0.0,0.0,0.013203438882959,0.0041421270517283,0.1202129383944845,0.144595662194319,0.093461394395604,-1.0463577371701085,742.0,1,2025-07-08,0.011122326495506485,0.004142127051728339,0.126998688538688,158.21371459960938,159.3135223388672,159.3135223388672,159.3135223388672,141.9464111328125,0.004142127051728339,0.126998688538688,0.12906527147005353,0.04019697952709425,0.02990849560554667,159.1668853759766,0.8889695495631988,1.0050672211846792,0.9072682116871493,158.95215497698103,0.9217391111966748,1.0064249787152617,1.1079753479769388,150.89636884416853,8.423258868795662,1.0601541999639401,1.0776174027977377,1.3439987105081788,2.1972245773362196,2.1930962566189174,0.26121263857930893,0.09049304784275586,0.6482943212613463,0.17071959073655307
162.85293579101562,164.39267314506114,161.13322041798892,183656400.0,0.017839887770588,0.0090014011358864,158.40266261020832,153.80121031498763,0.329562088711604,83.4227155256121,7.328921853018699,6.42603476067939,0.9028870923393084,0.2355756527546793,0.8918523747596914,0.0110609282634806,-0.0069273562042348,0.0,0.0,0.0,0.0222166543064683,0.1233103476729795,0.0415233898222194,0.1620162985690752,-0.1030722723720996,741.0,1,2025-07-09,0.017999969095818136,0.022216654306468353,0.03580292479791236,159.97341918945312,158.21371459960938,159.3135223388672,159.3135223388672,157.22386169433594,0.022216654306468353,0.03580292479791236,0.14938841146367587,0.009054251186828377,0.029874084383439487,160.3466898600261,2.3420272331545964,1.0156301694358478,1.0701181845839363,159.75630841936385,1.4605975894985188,1.0193834434601672,2.120109874147453,152.40824999128068,8.541777112983448,1.0685309738831887,1.2227766730015799,0.3030804583201735,1.3862943611198906,1.0593512767826485,0.4869370584686597,0.0136039396747946,0.4994589587052663,0.4733331187938651
164.07273864746094,164.4726660794993,161.5831469026993,167704100.0,0.0074622986953861,0.008371572345715,159.82018161952146,155.17074742598408,-0.0868594832524213,83.583434304293,7.508037011650714,6.642435210873655,0.8656018007770587,0.2443790979222396,0.8769157456685814,0.017839887770588,0.0110609282634806,-0.0069273562042348,0.0,0.0,0.0298732727688404,0.1558780340979941,0.1446771592894025,0.266414366451025,0.1031537694671831,941.0,1,2025-07-10,0.007490211033165828,0.03703233984916521,0.029873272768840442,162.85293579101562,159.97341918945312,158.21371459960938,159.3135223388672,159.3135223388672,0.03703233984916521,0.029873272768840442,0.1506092219768913,0.008419970994888894,0.029864536829376072,162.2996978759766,2.1049130974188115,1.0109244859644733,0.8423344287507976,160.43619646344865,2.1602410376398224,1.0226665943482447,1.6833964917106656,153.94227382114954,8.572533140237955,1.0658069065426499,1.18173527714472,0.28193877718560967,2.4849066497880004,4.15700516996847,0.4324249828403646,0.04156293195079668,0.5260120765729384,0.39086205088956794
164.89259338378906,167.862101078866,163.44283738179527,193633300.0,0.0049844549192567,0.0081636851373966,161.08828456058836,156.46699355369142,0.1546127971826567,83.3174351078404,7.628209242973753,6.839590017293675,0.7886192256800779,0.2513539721652393,0.854987837793182,0.0074622986953861,0.017839887770588,0.0110609282634806,-0.0069273562042348,0.0,0.0350194444452425,0.1616538387117581,0.8314880416907839,0.7835370846353058,0.6868108824013814,747.0,0,2025-07-11,0.0049968979800461,0.030749947205355843,0.03501944444524252,164.07273864746094,162.85293579101562,159.97341918945312,159.3135223388672,159.3135223388672,0.030749947205355843,0.03501944444524252,0.14567551636179354,0.00820936695805745,0.029899593619921443,163.9394226074219,1.0263433386766003,1.0058141645322838,0.9287055709799877,161.23320661272322,2.650545482207739,1.022696235148728,1.380616478996542,155.43988146100725,8.519363037356372,1.060812655246093,1.1095561817629818,0.2745644995184058,2.9444389791664403,2.7719148470764328,0.30521401431825423,0.21055331163936186,0.48423266007254523,0.09466070267889237
164.89259338378906,167.862101078866,163.44283738179527,193633300.0,0.0,0.0081636851373966,162.03936176638854,157.59040686437112,0.0,86.39212022410777,7.635430116597547,6.99875803715445,0.6366720794430973,0.2508022708754663,0.8202929606639284,0.0049844549192567,0.0074622986953861,0.017839887770588,0.0110609282634806,-0.0069273562042348,0.0422142846533999,0.0487758766818879,0.094418989379529,0.4525098765664165,-0.7370690523112549,646.0,1,2025-07-12,0.0,0.012524536833593558,0.03501944444524252,164.89259338378906,164.07273864746094,162.85293579101562,158.21371459960938,159.3135223388672,0.012524536833593558,0.03501944444524252,0.15465942710887148,0.00820936695805745,0.029611538025130456,164.61930847167972,0.4733433527233995,1.001660102418401,0.5773502691798483,162.03021676199776,2.81104060513037,1.0176656964299182,1.0182622821481968,157.01747676304407,8.030883457113479,1.050154395441148,0.9806040223095859,0.2772354124628852,2.8903717578961645,2.4400002832613805,0.1559099041144637,0.2791860478875391,0.5649040364386404,-0.12327614377307539
164.04273986816406,165.4625020418882,161.99307751467913,136975800.0,-0.0051673099282076,0.0077549544938396,163.07518722009502,159.29452615156515,-0.2926020472718277,92.50004842541108,7.336452641317209,7.15514751965751,0.1813051216596983,0.2426109929742498,0.7430092725605351,0.0,0.0,0.0049844549192567,0.0074622986953861,0.017839887770588,0.007306003243781,0.0296849724986785,-0.0787673632076613,-0.0975106007714989,-0.0580473478190198,418.0,1,2025-07-14,-0.005153982348054642,-0.005153982348054642,0.03684273062740595,164.89259338378906,164.89259338378906,164.89259338378906,162.85293579101562,158.21371459960938,-0.005153982348054642,0.03684273062740595,0.15566669533248767,0.007804742026916222,0.02875124207691715,164.60930887858078,0.49066315602552407,0.9965580986016129,-1.1547005383612732,163.65994480678015,1.7849805337946256,1.0023389660911584,0.21445335348848102,160.0184064592634,5.893891221585417,1.0251491906334236,0.6827973672405435,0.27145756019988565,1.3862943611198906,2.0197077318605987,0.07308725453913206,0.25053996779024595,0.6763727863629659,-0.1774527132511139
170.671630859375,172.37134531045626,169.17188012202328,230627400.0,0.0396144201912239,0.0152542820441851,164.974298129915,160.8114734459398,0.6837090931390801,94.02394295447976,7.611145662577059,7.24634714824142,0.3647985143356385,0.2426143167893769,0.8772936675472659,-0.0051673099282076,0.0,0.0,0.0049844549192567,0.0074622986953861,0.0402193092302367,0.0712940643942865,0.1956346074442637,0.5389441139287634,0.2744019706519251,699.0,1,2025-07-15,0.040409535932759866,0.03504728354981457,0.06687493287401836,164.04273986816406,164.89259338378906,164.89259338378906,164.07273864746094,159.97341918945312,0.03504728354981457,0.06687493287401836,0.2023666501838195,0.01553020347869086,0.02960495589068074,166.5356547037761,3.6069775185430744,1.0248353793243599,1.1466598098647172,165.1882607596261,2.527843469805936,1.0331946717916476,2.16918894118466,162.07020786830358,3.7163787921161693,1.0530722031162003,2.314463479696487,0.5245812064722437,2.0794415416798357,2.058394608899636,0.21486556742872506,0.34115118852683474,0.4439832592116935,-0.12628562109810967
171.34152221679688,171.72146396229547,168.87193138356372,158831500.0,0.0039173476695515,0.0148495459061158,166.56610415163547,162.21547994872077,-0.3113068958848775,89.1787584447657,7.793062916719407,7.355690301937018,0.4373726147823893,0.2399646100633553,0.8577198011971298,0.0396144201912239,-0.0051673099282076,0.0,0.0,0.0049844549192567,0.0391098757116268,0.075498926276613,0.035942797346313,0.0018785034867507,-0.1596918100979506,986.0,1,2025-07-16,0.00392503050477,0.03910987571162683,0.052124245624127985,170.671630859375,164.04273986816406,164.89259338378906,164.89259338378906,162.85293579101562,0.03910987571162683,0.052124245624127985,0.089793370868269,0.015136093094004979,0.012042019094093224,168.68529764811203,4.034500670815575,1.0157466276297884,0.6583775256004337,166.40091596330916,3.1742482311354823,1.0296909799136988,1.5564649938295394,163.0786121913365,4.185901390409944,1.0506682630814008,1.9739858288088215,1.2569398018501268,2.5649493574615367,3.2312474446135937,0.397822517901659,0.06501653480033073,0.5371609522650639,0.33280598310132825
172.97125244140625,174.13106334471073,170.80161486292053,160841100.0,0.0094666391463692,0.0148734300830851,168.16739122407816,163.6495829477455,0.0126524020738958,88.89528158321738,7.976787815612084,7.479909804672031,0.496878010940053,0.2374769924495574,0.8628634139607348,0.0039173476695515,0.0396144201912239,-0.0051673099282076,0.0,0.0,0.0489934623007233,0.0932759709178416,0.1017876371753967,0.2108796129115793,0.0658448398290836,744.0,0,2025-07-17,0.009511589505708296,0.054427965421802504,0.05423517561357549,171.34152221679688,170.671630859375,164.04273986816406,164.89259338378906,164.07273864746094,0.054427965421802504,0.05423517561357549,0.08572863057718627,0.01515778820205082,0.011913150400873504,171.6614685058594,1.1827252749721529,1.0076300403750895,1.1074287184550828,167.67213221958704,3.805524217656353,1.031604060565529,1.3924810141091921,164.05416434151786,4.788990719147653,1.0543545367207219,1.8619973649636676,1.2723576629184008,2.70805020110221,1.6097907931834992,0.1289419750017779,0.14692468282633592,0.7241333276033401,-0.01798270782455802
172.38136291503906,174.22105359276725,171.23154479926822,146456400.0,-0.0034161611860592,0.015442495719284,169.22088414681838,164.813820276718,-0.0894342304299087,86.005626943406,7.9827715455116675,7.580482152839959,0.4022893926717081,0.2252690942356746,0.821874478821372,0.0094666391463692,0.0039173476695515,0.0396144201912239,-0.0051673099282076,0.0,0.0454160455455983,0.0775625337537573,0.3096612721077217,0.2426315625785207,0.207873634932325,775.0,0,2025-07-18,-0.0034103327462868815,0.010017669879025082,0.045416045545598305,172.97125244140625,171.34152221679688,170.671630859375,164.89259338378906,164.89259338378906,0.010017669879025082,0.045416045545598305,0.08202593467474761,0.01572725853986735,0.012078051911228037,172.23137919108078,0.8251524037103839,1.000870826934457,0.18176487553555984,168.74195643833704,3.9440131426659306,1.0215678812402058,0.9227673298882537,164.98758152553015,5.059784275873497,1.0448141691704524,1.4612839177283876,1.3021353654927519,2.833213344056216,2.4076980167017688,0.25186526041943574,0.1329946577898226,0.6151400840608403,0.11887060262961313
172.38136291503906,174.22105359276725,171.23154479926822,146456400.0,0.0,0.015442495719284,170.0110038388735,165.82282596182748,0.0,86.005626943406,7.896487897478465,7.643683301767661,0.2528045957108045,0.212343064950723,0.7987714616883773,-0.0034161611860592,0.0094666391463692,0.0039173476695515,0.0396144201912239,-0.0051673099282076,0.0508320152027239,0.0585093973144641,-0.0837863609752759,0.0885926733416566,-0.3934476330829977,630.0,0,2025-07-19,0.0,0.006068819074260823,0.045416045545598305,172.38136291503906,172.97125244140625,171.34152221679688,164.04273986816406,164.89259338378906,0.006068819074260823,0.045416045545598305,0.08202593467474761,0.01572725853986735,0.012078051911228037,172.5779927571615,0.34057287685260446,0.9988606320019082,-0.5773502691687705,169.81178065708704,3.7360285192725784,1.015131943425886,0.6877844333084294,165.9209987095424,5.137297467984354,1.0389363869295773,1.257541391316672,1.3021353654927519,2.3978952727983707,2.0216830561481713,0.08082826305180783,0.10345428567379708,0.8157174408435821,-0.022626022621989247
171.35153198242188,173.35119970444802,170.97159023323564,123126100.0,-0.0059920597023081,0.015547757706389,170.79057820154165,167.3178621458334,-0.1592986035434436,86.33855888281511,7.4450863074035,7.619198299838625,-0.1741119924351251,0.1369612791513266,0.7769448712102295,0.0,0.0,-0.0034161611860592,0.0094666391463692,0.0039173476695515,5.841996438160635e-05,0.0391705804735544,-0.7345348221269128,-0.4140439260283672,-0.6487117506155471,372.0,1,2025-07-21,-0.0059741431161833836,-0.0059741431161833836,0.04455419435283536,172.38136291503906,172.38136291503906,172.38136291503906,171.34152221679688,164.04273986816406,-0.0059741431161833836,0.04455419435283536,0.0830384231611041,0.015830991191265742,0.012005717434096102,172.03808593750003,0.5945731661733711,0.9960092909001117,-1.154700538365638,171.92571803501673,0.8123718346586528,0.9966602666595936,-0.7068020186053333,167.79283142089844,4.491077870745347,1.0212088951082579,0.7923934217895958,1.3186210052142244,2.1972245773362196,1.4176781433509822,0.12390502635389562,0.025216093636117813,0.8508788868784904,0.09868893271777782
167.00225830078125,171.36153479867312,164.55266825003173,193114300.0,-0.0257098538580887,0.0111508809850288,169.84349822635156,167.2757816331598,0.5684270028856595,67.00536472923105,6.783096844403957,7.451978008751691,-0.6688811643477344,0.1292785696537056,0.5665135868622002,-0.0059920597023081,0.0,0.0,-0.0034161611860592,0.0094666391463692,-0.0345085906263353,0.0127941763404855,0.1942222065587814,0.0901910396536437,0.9287570286856942,568.0,1,2025-07-22,-0.02538216980801078,-0.031204676209161786,-0.021499604475081924,171.35153198242188,172.38136291503906,172.38136291503906,172.97125244140625,170.671630859375,-0.031204676209161786,-0.021499604475081924,0.04393754379284731,0.011048799221649072,0.014467803425087548,170.24505106608078,2.8551561474744145,0.980952205394559,-1.135767221757032,171.40152195521765,2.029118790118387,0.9743335788139279,-2.168066096406177,168.29489135742188,3.904238775693665,0.9923192377010699,-0.3310845291246213,0.7636818732614356,2.0794415416798357,2.0657941907190267,0.1710017461861882,0.16465503842170745,0.6643432208469936,0.0063467077644807635
170.75161743164062,171.23153339032083,167.94208685699226,154082200.0,0.0222026358348115,0.0146597330728889,170.07052802767382,167.73922640629058,-0.2021191594822341,68.33800006801718,6.486238057969672,7.258830018595288,-0.7725919606256157,0.1265606277470978,0.7188133062749502,-0.0257098538580887,-0.0059920597023081,0.0,0.0,-0.0034161611860592,-0.0094543021115437,0.035532366418755,0.2331750301506312,0.6543772070376714,0.0389528235918498,577.0,1,2025-07-23,0.022450948681822958,-0.009454302111543744,-0.0034428594862712103,167.00225830078125,171.35153198242188,172.38136291503906,172.38136291503906,171.34152221679688,-0.009454302111543744,-0.0034428594862712103,0.04850192968434497,0.014634248886420112,0.014862230255618824,169.70180257161462,2.3570381455779796,1.0061862328161364,0.4453957870794552,171.31724984305245,2.0442195652376487,0.9966983335774418,-0.2766984628415242,168.8590829031808,3.6175246386053073,1.0112077745296353,0.5231573292585721,0.9846603527682178,2.6390573296152584,2.650777275981412,0.18909292381543377,0.07616479608875051,0.7347422551650268,0.11292812772668326
173.7111358642578,173.80111724784433,171.27153886755505,128984600.0,0.0171838100267436,0.0157808384549028,170.9806799868198,168.53548100068622,-0.1628844863326198,70.70450013176682,6.41582608535424,7.090229231947078,-0.6744031465928382,0.1260215499227095,0.8253023899510642,0.0222026358348115,-0.0257098538580887,-0.0059920597023081,0.0,0.0,0.0077141340962372,0.058938274280617,-0.4737705205518302,-0.4141245468097957,-0.7069455507024615,798.0,0,2025-07-24,0.017332301017892293,0.013770544415546926,0.004277493585832737,170.75161743164062,167.00225830078125,171.35153198242188,172.38136291503906,172.97125244140625,0.013770544415546926,0.004277493585832737,0.0587446598152217,0.015771460864836436,0.01529253226864201,170.48833719889328,3.362178891902487,1.0189033380131145,0.9585446726604476,171.4229474748884,2.159851983621958,1.0133482035111117,1.0594190744183556,169.54753984723772,3.55313516761297,1.024557100744555,1.1718090701900432,1.031317808442784,2.0794415416798357,2.7775935275675216,0.1608083072517599,0.17120851030839337,0.6679831873625517,-0.010400203056633472
173.47117614746094,174.69097468726906,172.9312725713388,122316800.0,-0.0013823270754584,0.0157129383416519,171.60330402698008,169.19357368692286,-0.0516945433795972,68.89872248419745,6.268403097089333,6.92586400497553,-0.6574609078861968,0.1226426397183531,0.7867340312226935,0.0171838100267436,0.0222026358348115,-0.0257098538580887,-0.0059920597023081,0.0,0.0063221059051437,0.0164031085540667,-0.5038319371801034,-0.3421611277204971,-0.0300614166282732,828.0,1,2025-07-25,-0.0013813721014661606,0.03873551119906882,0.0063221059051437045,173.7111358642578,170.75161743164062,167.00225830078125,172.38136291503906,172.38136291503906,0.03873551119906882,0.0063221059051437045,0.05202527650047406,0.01570146197209708,0.015361602736602,172.6446431477865,1.643792851280791,1.004787481294551,0.5028206559180697,171.5786350795201,2.276575413294881,1.0110301674043725,0.8313105100268877,170.16029575892858,3.4260520190912644,1.019457420274016,0.9663835721357614,1.0221239437917047,2.9444389791664403,2.3922436198325894,0.2904409493009249,0.03126965690818093,0.678289401034514,0.25917129239274395
173.47117614746094,174.69097468726906,172.9312725713388,122316800.0,0.0,0.0157129383416519,172.07027205710028,169.76392068166126,0.0,68.89872248419745,6.081465962726924,6.756984396525809,-0.6755184337988851,0.1166984986230964,0.7640262800775105,-0.0013823270754584,0.0171838100267436,0.0222026358348115,-0.0257098538580887,-0.0059920597023081,0.0123701500682031,0.0124292926963112,-0.5688870241290862,-0.5039660767469092,-0.0650550869489827,794.0,1,2025-07-26,0.0,0.01592698655934588,0.0063221059051437045,173.47117614746094,173.7111358642578,170.75161743164062,171.35153198242188,172.38136291503906,0.01592698655934588,0.0063221059051437045,0.05202527650047406,0.01570146197209708,0.015361602736602,173.5511627197266,0.13854080711822217,0.9995391182000041,-0.5773502690611425,171.73432268415178,2.3757259584804618,1.0101136070889192,0.7310832535668671,170.77305167061942,3.1689416459357718,1.0157994745098633,0.8514276305156676,1.0221239437917047,2.833213344056216,1.996772969750639,0.14600000763311977,0.0425678648462053,0.8114321237662807,0.10343214278691447
176.7206268310547,176.97058528484683,173.94109004538618,140023500.0,0.0185586522644898,0.0166312220494256,173.4955302675315,171.11987546651724,0.1447609813206363,75.2589868655141,5.889023847474107,6.440786909592291,-0.5517630621181846,0.0987562870862811,0.9073565056646676,0.0,0.0,-0.0013823270754584,0.0171838100267436,0.0222026358348115,0.0349572641782074,0.0251724655301297,-1.1039053685292086,-1.1637674766030794,0.4144184102875421,448.0,1,2025-07-28,0.01873193435220344,0.01873193435220344,0.031333801259410876,173.47117614746094,173.47117614746094,173.47117614746094,170.75161743164062,171.35153198242188,0.01873193435220344,0.031333801259410876,0.0772840478833714,0.016620659971728093,0.015622317992916463,174.55432637532556,1.8760712268935802,1.0124104655594222,1.1547005383778064,172.65702383858817,3.0336858838910103,1.023535694651296,1.3394936549114735,172.29137093680245,2.167079155537709,1.0257079380712393,2.0438828378436513,1.0639048558136062,2.302585092994046,2.0936012150558385,0.06695282583435372,0.19630673258668843,0.7367404599984487,-0.1293539067523347
175.4808349609375,179.35020236643535,174.99092613442062,154077500.0,-0.0070402716939666,0.0117883148414128,173.991856440883,171.70133673243996,0.1003688666545259,62.201954629430325,5.741284739747812,6.300886475623396,-0.5596017358755843,0.0944647810990393,0.8081200132170626,0.0185586522644898,0.0,0.0,-0.0013823270754584,0.0171838100267436,0.0101875972883083,0.0179803198761461,-0.2552375945645618,-0.3641899389070078,0.8486677739646469,785.0,0,2025-07-29,-0.007015547037994785,0.01158497254764801,0.05076923358057717,176.7206268310547,173.47117614746094,173.47117614746094,173.7111358642578,167.00225830078125,0.01158497254764801,0.05076923358057717,0.02817811066400977,0.011885781807216183,0.012230854334784921,175.2242126464844,1.6398547787814017,1.0014645368387007,0.15649087820068805,173.86824907575334,1.8684918247006232,1.0092747577188839,0.8630414454409157,172.63488551548548,2.269329077144169,1.0164853670042069,1.2540928832734555,0.971786719216552,2.772588722239781,2.485462936954561,0.18175347894430158,0.09879648753752306,0.7194500225285689,0.08295699140677852
179.24021911621094,179.86011122312902,176.01074478620916,174312200.0,0.0211970779499216,0.0115774835529381,175.30394710971498,172.70652105027608,0.1313280654216222,67.32460000896938,5.8600008729783895,6.212709355094395,-0.3527084821160056,0.09749988271807,0.9769143671505576,-0.0070402716939666,0.0185586522644898,0.0,0.0,-0.0013823270754584,0.0332564930778238,0.0397888500542391,0.1089995631840502,0.2336552834024169,0.3642371577486121,810.0,0,2025-07-30,0.021423331819171443,0.03325649307782386,0.049713155355431304,175.4808349609375,176.7206268310547,173.47117614746094,173.47117614746094,170.75161743164062,0.03325649307782386,0.049713155355431304,0.04609914046065211,0.01166982584806628,0.013285151592994768,177.1472269694011,1.9156547354017284,1.0118149867915875,1.0925727419095337,175.0809064592634,2.228544891323502,1.0237565177212244,1.8663804678744391,173.19907815115792,2.834531092916768,1.0348797524186628,2.1312664306802884,0.8784111921025993,2.772588722239781,2.16580427320977,0.23780972224970656,0.13588195101668435,0.626308324187994,0.10192777123302221
177.84043884277344,183.26954448460756,175.9007587673991,221685400.0,-0.0078401751112065,0.0117461959508111,175.9380700429796,173.39104342260907,0.2717721421679033,60.788653195852866,5.7745680681073,6.1250810976969765,-0.3505130295896768,0.0962429545240262,0.8576005321295671,0.0211970779499216,-0.0070402716939666,0.0185586522644898,0.0,0.0,0.0251872546918017,0.0378689748803484,0.0574438406146821,0.0450174864148761,-0.0515557225693681,680.0,0,2025-07-31,-0.007809521101566741,0.006336623131091956,0.023771089619391894,179.24021911621094,175.4808349609375,176.7206268310547,173.47117614746094,173.7111358642578,0.006336623131091956,0.023771089619391894,0.028150263888599758,0.011832328872476977,0.013468081867423024,177.520497639974,1.9000037070163436,1.0018022775231754,0.16838977819777967,175.67080688476562,2.3488062182206693,1.0123505549754264,0.9237168827198569,173.54687717982702,3.0915043752951785,1.0247400686933565,1.3888260024010042,0.8785459569485798,2.833213344056216,2.2571151578600084,0.2915624622255563,0.11609529162524264,0.5923422516789287,0.1754671706003137
173.69113159179688,176.51065501732398,170.86160006411595,204529000.0,-0.0236081212267988,0.0156092251619246,175.37633543018393,173.43105517850077,-0.0773907528416395,52.50667135467194,5.310827621841412,5.962230402525864,-0.6514027806844522,0.0882789371154211,0.5872613916663137,-0.0078401751112065,0.0211970779499216,-0.0070402716939666,0.0185586522644898,0.0,0.0012679653716589,0.0400525918575815,0.1096643411829073,-0.0329094368902875,0.0522205005682252,787.0,1,2025-08-01,-0.02333162962246693,-0.01019885373544649,0.0012679653716589634,177.84043884277344,179.24021911621094,175.4808349609375,173.47117614746094,173.47117614746094,-0.01019885373544649,0.0012679653716589634,0.007598087488166261,0.015619674350613606,0.01505088867830998,176.92392985026046,2.8858421021304745,0.9817277501059373,-1.1202270062097208,175.70222909109933,2.315713399950141,0.9885539443084713,-0.8684569944388418,173.6404320853097,3.0732849060810157,1.0002919798452372,0.016496845569657335,1.0377908364390012,2.833213344056216,2.5815691646671097,0.27864229213446373,0.02140062436228613,0.6999570860061795,0.2572416677721776
173.69113159179688,176.51065501732398,170.86160006411595,204529000.0,0.0,0.0156092251619246,174.95503447058718,173.4657320336069,0.0,52.50667135467194,4.886975960273105,5.747179514075313,-0.8602035538022079,0.0782313610516341,0.5656757921768061,-0.0236081212267988,-0.0078401751112065,0.0211970779499216,-0.0070402716939666,0.0185586522644898,-0.0171428502353265,0.0172151467984369,0.2347100157182627,0.2885567549883222,0.1250456745353553,804.0,1,2025-08-02,0.0,-0.030958941870163015,0.0012679653716589634,173.69113159179688,177.84043884277344,179.24021911621094,176.7206268310547,173.47117614746094,-0.030958941870163015,0.0012679653716589634,0.007598087488166261,0.015619674350613606,0.01505088867830998,175.0742340087891,2.3956036583036138,0.9920999087911315,-0.5773502691891967,175.73365129743303,2.281635953041842,0.9883771850720887,-0.8951996495817384,173.7339869907924,3.051869810976716,0.9997533274879727,-0.01404234179367311,1.0377908364390012,2.3978952727983707,2.0759754822326575,0.205771205201745,0.3078956794925034,0.4863331254571676,-0.10212447429075841
179.9700927734375,180.170056491935,174.49100755408614,148174600.0,0.0355120697738513,0.0197119815404052,175.97181725652658,174.35902630341965,-0.2755325650641229,63.73485174921626,4.645011149472197,5.327070145128727,-0.6820589956565302,0.068848277545239,1.0199165143655609,0.0,0.0,-0.0236081212267988,-0.0078401751112065,0.0211970779499216,0.004072041759519,0.0374639566659309,0.1122670379484823,0.849933125019614,0.3284524798770734,282.0,1,2025-08-04,0.03615015415062883,0.03615015415062883,0.018387587236714076,173.69113159179688,173.69113159179688,173.69113159179688,179.24021911621094,176.7206268310547,0.03615015415062883,0.018387587236714076,0.05029754150024024,0.019859948989025534,0.017617411032053124,175.78411865234378,3.625159928452644,1.0238131530492383,1.1547005383788556,176.22928292410714,2.7550568471775208,1.0212269481397216,1.3577976995874756,174.44315338134766,3.3446300479379634,1.0316833265448229,1.652481533943439,1.1272910050683573,1.791759469228055,1.2972321577888177,0.208279350399971,0.0914908623322844,0.7002297818660737,0.1167884880676866
178.23037719726562,180.23004490386853,175.87076869322405,156407600.0,-0.009713718442209,0.0199543679232903,176.53645724171133,174.8752064225991,0.0555628292568362,69.51682564538356,4.567530299181783,5.175162175939338,-0.607631876757555,0.0710756049966128,0.834195618328011,0.0355120697738513,0.0,0.0,-0.0236081212267988,-0.0078401751112065,0.0021926304108872,0.0274351114432929,0.3432860794036334,0.5308997844997689,0.2310190414551511,640.0,1,2025-08-05,-0.009666692667442134,0.0261340090531319,0.015668618381831756,179.9700927734375,173.69113159179688,173.69113159179688,177.84043884277344,175.4808349609375,0.0261340090531319,0.015668618381831756,0.06723333570892098,0.020101559003146887,0.01605644816428409,177.29720052083337,3.2418285599680265,1.0052633469321057,0.2878550358756348,176.622074672154,2.825663220739503,1.009105897595739,0.5691770035817301,175.2451618739537,2.7089062506038855,1.0170345092063602,1.1020002344660145,1.2519306136372506,2.1972245773362196,1.285991661677527,0.34916029963642353,0.13475064630620176,0.5160890351980925,0.21440965333022177
179.3901824951172,179.87009845787975,176.22071111043454,137192300.0,0.0064862566351208,0.0183314246020019,177.2498885550628,175.47720323226818,-0.1228540045368639,66.50113177366393,4.547294382695327,5.049588617290536,-0.502294234595209,0.0756129950513288,0.8771702937075201,-0.009713718442209,0.0355120697738513,0.0,0.0,-0.0236081212267988,0.032811409834752,0.0341209789378769,0.4640150001032095,0.5816559740042799,0.1207289206995761,686.0,1,2025-08-06,0.00650733795265368,0.03281140983475206,0.0008366614348369605,178.23037719726562,179.9700927734375,173.69113159179688,173.69113159179688,179.24021911621094,0.03281140983475206,0.0008366614348369605,0.05059140987015809,0.01847290293573582,0.015251748627369189,179.19688415527347,0.8858192578865962,1.0010786925272441,0.21821419902847483,176.64349801199776,2.8492912479952257,1.0155493098474129,0.9639886708850853,175.86220223563058,2.58776947244861,1.0200610490181377,1.3633286492665635,1.2111990163925392,2.8903717578961645,1.956003635245863,0.4217537479365573,0.07687951344996687,0.5013667384491247,0.34487423448659044
180.73997497558597,183.84945895635624,178.7703010091291,151878400.0,0.0074961719986905,0.0181370061331558,178.12241016019357,176.17890613137723,0.1070475529603338,64.30606091851075,4.587294766993267,4.957129847231083,-0.3698350802378156,0.0811265010040986,0.9163964258610532,0.0064862566351208,-0.009713718442209,0.0355120697738513,0.0,0.0,0.0405826326260285,0.0227440803974385,0.3800033065118789,0.4911524179595433,-0.0840116935913306,611.0,1,2025-08-07,0.007524338632664662,0.00427783411279159,0.01630414405002667,179.3901824951172,178.23037719726562,179.9700927734375,173.69113159179688,177.84043884277344,0.00427783411279159,0.01630414405002667,0.04046280093879906,0.01826391159446312,0.014792711539904937,179.45351155598962,1.2559968868234095,1.0071687837615535,1.0242568537331245,177.0577174595424,3.2367209642161305,1.0207969331632492,1.1376505904441883,176.364262172154,2.8105822392072466,1.0248106546617743,1.556870580903609,1.234656103797755,2.772588722239781,2.1659136267739627,0.19414918484787144,0.22393164318054914,0.5819191765040159,-0.029782458332677703
182.6696319580078,183.2695383396856,180.3700111699138,123396700.0,0.0106198354764218,0.0141634481941906,179.25921560964713,177.04433624159466,-0.1875296289663309,67.51710069797582,4.7202899867133965,4.909761875127546,-0.1894718884141495,0.0889653484006742,0.9693144433149042,0.0074961719986905,0.0064862566351208,-0.009713718442209,0.0355120697738513,0.0,0.0516923361827816,0.0409662798713634,0.2258992722275386,0.510259210336903,-0.1541040342843403,815.0,0,2025-08-08,0.010676426079413215,0.024907396991191932,0.051692336182781684,180.73997497558597,179.3901824951172,178.23037719726562,173.69113159179688,173.69113159179688,0.024907396991191932,0.051692336182781684,0.05302584564670054,0.014369282926241966,0.01487268208830439,180.93326314290368,1.6482467751042515,1.0095967363045495,1.053464105818926,178.3403603690011,3.4520923534882946,1.0242753327404357,1.25410074404065,177.02129473005022,3.1382981576705355,1.031907670975806,1.79980898696706,0.9661527652461362,2.4849066497880004,1.0739387554390711,0.06417444035072213,0.14999140849844972,0.7858341424302622,-0.08581696814772759
182.6696319580078,183.2695383396856,180.3700111699138,123396700.0,0.0,0.0141634481941906,180.1118196967373,177.79437567044977,0.0,67.51710069797582,4.770696042201109,4.881948708542259,-0.1112526663411497,0.094574103310696,0.9092611718325156,0.0106198354764218,0.0074961719986905,0.0064862566351208,-0.009713718442209,0.0355120697738513,0.0149999321718901,0.019133054281603,0.562123945078821,0.5622942829388974,0.3362246728512824,671.0,1,2025-08-09,0.0,0.018281097757286036,0.051692336182781684,182.6696319580078,180.73997497558597,179.3901824951172,179.9700927734375,173.69113159179688,0.018281097757286036,0.051692336182781684,0.05302584564670054,0.014369282926241966,0.01487268208830439,182.02641296386722,1.114087978249152,1.003533657471283,0.5773502691874022,179.62300327845983,3.0852526676212744,1.0169612389501412,0.9874810940190922,177.67832728794642,3.296765148585735,1.0280918035769915,1.5140006779684,0.9661527652461362,1.3862943611198906,5.711294232541905,0.10201670974493023,0.29586754180490965,0.602115735411644,-0.19385083205997944
182.0297393798828,183.8094423252684,180.2200426409657,138323200.0,-0.0035091545807863,0.007061832486156,181.07088941651196,178.922453780492,0.120963526577291,61.22619654507089,4.638923918087755,4.813163326612987,-0.1742394085252314,0.0865562580235082,0.8162280275346873,0.0,0.0,0.0106198354764218,0.0074961719986905,0.0064862566351208,0.0147140542924497,0.0480082529929222,-0.2712417671823002,0.1018019976548834,0.1765606072290526,402.0,0,2025-08-11,-0.0035030046935885517,-0.0035030046935885517,0.01144438264549974,182.6696319580078,182.6696319580078,182.6696319580078,179.3901824951172,179.9700927734375,-0.0035030046935885517,0.01144438264549974,0.030042404466478212,0.007066870184421937,0.014332810295009605,182.45633443196618,0.36944215224581467,0.9976619334515764,-1.1547005383390276,181.19988141741072,1.8015569021943865,1.0045797930770188,0.460633778184459,178.71458217075892,3.4136563507493958,1.0185500095675255,0.9711455602132076,0.4930554468360248,2.3978952727983707,3.2270171320139256,0.1809489642269909,0.21572619890794154,0.6033248413354159,-0.03477723468095065
183.1295623779297,184.44933506001817,179.4301803710301,145485700.0,0.006023816556037,0.0050760671392724,181.5855576568664,179.48340159348368,0.0517809015407393,66.26965193700474,4.5822077766922575,4.766972216628841,-0.1847644399365835,0.0841304668214803,0.8563646329639724,-0.0035091545807863,0.0,0.0,0.0106198354764218,0.0074961719986905,0.0132211338563399,0.0543403149005599,-0.1588083150877424,-0.1368509829649745,0.1124334520945577,644.0,0,2025-08-12,0.0060419962243181136,0.0025178263895970776,0.027487935882229753,182.0297393798828,182.6696319580078,182.6696319580078,180.73997497558597,178.23037719726562,0.0025178263895970776,0.027487935882229753,0.04358725224150439,0.005093561599232109,0.014109324431118345,182.60964457194015,0.5523599565801095,1.0028471541424238,0.9412662880353666,181.89976501464844,1.350956301984045,1.0067608518525695,0.9103161674993794,179.26091984340124,3.4679387263924024,1.0215810704190742,1.115545238757112,0.36100676712757246,2.3978952727983707,2.336575972340158,0.341265707090497,0.14863172573968764,0.5101025708019733,0.19263398135080934
181.5598297119141,183.93943921657484,179.3202115957667,179871700.0,-0.0086086537986441,0.0067210610785622,181.5791256706283,179.76025867594106,0.2363531261148002,55.440888878708385,4.360332321880378,4.685644237679148,-0.3253119157987703,0.0830484944355556,0.7276202893740814,0.006023816556037,-0.0035091545807863,0.0,0.0,0.0106198354764218,-0.0060754611163221,0.0453028202879692,-0.1362523125595947,-0.3794564273759551,0.0225560025281477,654.0,0,2025-08-13,-0.008571705439759048,-0.006075461116321956,0.01209457054237606,183.1295623779297,182.0297393798828,182.6696319580078,182.6696319580078,179.3901824951172,-0.006075461116321956,0.01209457054237606,0.012941351037956572,0.006729301634146313,0.013378498302622931,182.23971048990893,0.8056556714768348,0.9962693049930383,-0.8438850517226053,182.20971461704798,0.826192862344999,0.9964333136325922,-0.7866019361257942,179.42660631452287,3.521865951011448,1.011889114113053,0.60570828846526,0.5029937951127889,3.1354942159291497,1.8979210060506255,0.12204019539058204,0.16955917561426756,0.7084006300534714,-0.04751898022368552
181.98974609375,182.9895798582924,179.43017409752198,129554000.0,0.0023651056738877,0.006249006386011,181.68178077640871,180.05752366498226,-0.2797421717813307,60.196560012299095,4.1711032031641935,4.582736030776157,-0.4116328276119638,0.0810009616900242,0.7330931789840482,-0.0086086537986441,0.006023816556037,-0.0035091545807863,0.0,0.0,-0.0037219424869379,0.0112221608001004,-0.011433872059013,0.3091651785530844,0.1248184405005817,660.0,0,2025-08-14,0.0023679047425748667,-0.00021970742950605526,0.006914746548641881,181.5598297119141,183.1295623779297,182.0297393798828,182.6696319580078,180.73997497558597,-0.00021970742950605526,0.006914746548641881,0.02333162962246682,0.006255939684254717,0.013137245980372974,182.22637939453134,0.8111791725491883,0.9987014322428642,-0.29171520767440107,182.38825334821428,0.5417082336786793,0.9978150607446005,-0.7356492474889296,179.72298540387834,3.552572280156131,1.0126125252414304,0.6380618073651239,0.4761987172654818,1.9459101490553132,2.993121515061299,0.35339613383014995,0.015859279936800367,0.6307445776959261,0.3375368538933496
180.4200134277344,181.8697694448933,178.01041021115256,156602200.0,-0.0086628046920428,0.0054986525014644,181.3663389392401,180.10585563334922,0.2087793506954629,68.93642968790274,3.850091992030144,4.436207223026955,-0.5861152309968105,0.076559608109168,0.6062118164330037,0.0023651056738877,-0.0086086537986441,0.006023816556037,-0.0035091545807863,0.0,-0.0123152299928571,0.0122854266758649,-0.1167565011052131,0.1280413652214868,-0.1053226290462,751.0,1,2025-08-15,-0.008625390714084302,-0.014795803118906159,-0.012315229992857057,181.98974609375,181.5598297119141,183.1295623779297,182.6696319580078,182.6696319580078,-0.014795803118906159,-0.012315229992857057,0.03874050318096556,0.005487513125286244,0.01146025576057289,181.3231964111329,0.8111791725491131,0.9950189330362862,-1.1134198386285747,182.06687927246094,0.8974512288667789,0.9909546104634329,-1.8350477349126246,180.20361982073103,3.1001049973902286,1.0012008283031086,0.06980202515254672,0.47882990047788665,1.791759469228055,3.0291326094427675,0.3597439035773277,0.47406479232013227,0.16619132384657856,-0.11432088874280455
180.4200134277344,181.8697694448933,178.01041021115256,156602200.0,0.0,0.0054986525014644,181.1297575613637,180.14774333926724,0.0,68.93642968790274,3.5547117896655323,4.25990813635467,-0.7051963466891378,0.0709964462172868,0.5870204479105293,-0.0086628046920428,0.0023651056738877,-0.0086086537986441,0.006023816556037,-0.0035091545807863,-0.0088432030811682,0.005740731841026,0.5556500717027109,0.497327288917851,0.6724065728079239,739.0,0,2025-08-16,0.0,-0.0062779100750880446,-0.012315229992857057,180.4200134277344,181.98974609375,181.5598297119141,182.0297393798828,182.6696319580078,-0.0062779100750880446,-0.012315229992857057,0.03874050318096556,0.005487513125286244,0.01146025576057289,180.94325764973965,0.9062855772850009,0.9971082413967691,-0.577350269186399,181.7455051967076,1.0374969464849688,0.9927068800544003,-1.2775861880499497,180.6842542375837,2.4704196777817917,0.9985375548579798,-0.1069619110573802,0.47882990047788665,2.302585092994046,2.3371551972441718,0.16607480930785334,0.12890383332139912,0.7050213598542743,0.03717097598645422
181.9797515869141,182.90960499065451,180.5599893659508,132008000.0,0.008607885217185,0.0066472814975776,181.20917904269575,180.42347342695413,-0.1570488792622325,57.701137058663406,3.1567392466550928,3.8829336994988233,-0.7261944528437305,0.0673543271387693,0.6781436103661589,0.0,0.0,-0.0086628046920428,0.0023651056738877,-0.0086086537986441,0.0023128567352497,-0.0037766560522349,-0.1455282071678359,-0.0232895339107445,-0.0117153286872839,282.0,0,2025-08-18,0.008645039591488768,0.008645039591488768,-0.00027461333043166114,180.4200134277344,180.4200134277344,180.4200134277344,181.5598297119141,182.0297393798828,0.008645039591488768,-0.00027461333043166114,0.011166626535034974,0.006642263833613658,0.006645457276032672,180.93992614746102,0.9005152460728917,1.005746799291858,1.154700538372562,181.41699000767298,1.0472141087118485,1.00310203349321,0.5373892259084924,181.30843571254186,1.420145292055584,1.003702617982081,0.47270929117437865,0.9995194548266029,1.6094379124341003,3.981897171230094,0.21365689765661952,0.04262117156758903,0.7437219172716141,0.1710357260890305
175.61080932617188,182.46966985536903,175.46084035755914,185229200.0,-0.0356251900368755,0.0144159168921606,179.80958661356482,179.78178488018318,0.4031664747591055,42.59047615759242,2.5139521314327737,3.6091373858856137,-1.09518525445284,0.0705871767342001,0.1821980330626013,0.008607885217185,0.0,0.0,-0.0086628046920428,0.0023651056738877,-0.0350510779013455,-0.0386425622922294,0.5299857582348562,0.5676710708067955,0.6755139654026922,690.0,1,2025-08-19,-0.034998081958037996,-0.02665560217070273,-0.04105701424787522,181.9797515869141,180.4200134277344,180.4200134277344,181.98974609375,183.1295623779297,-0.02665560217070273,-0.04105701424787522,-0.014697650940806883,0.014205624369823953,0.011438579443091892,179.33685811360684,3.3197553307538277,0.9792231846446503,-1.1223865665391901,180.34288242885046,2.2091787570492873,0.9737606883124678,-2.1420055247131864,181.12132372174943,1.935834427776427,0.9695755624884722,-2.846583528275786,1.2419045949279273,2.302585092994046,1.8385419117402735,0.27066644777854276,0.13135691256158877,0.597976634485854,0.139309535216954
175.370849609375,175.9707560164781,168.77195541250927,215142700.0,-0.0013673634964971,0.0144563674535648,178.69990236251738,179.19366017740876,0.1614945159834411,38.00713713999007,1.9625528799166148,3.279820484691814,-1.3172676047751994,0.0733017762464505,0.1849049503685622,-0.0356251900368755,0.008607885217185,0.0,0.0,-0.0086628046920428,-0.0279856082617008,-0.0399561890523251,-0.0033904709904008,0.0050943382442039,-0.5333762292252571,770.0,1,2025-08-20,-0.0013664290809751733,-0.027985608261700934,-0.03408782720472536,175.61080932617188,181.9797515869141,180.4200134277344,180.4200134277344,181.5598297119141,-0.027985608261700934,-0.03408782720472536,-0.022405534293113205,0.014239351727838337,0.01123303198657044,177.65380350748705,3.748301649528059,0.9871494229054553,-0.6090635470599056,179.45874241420202,2.800328831680589,0.977220988234767,-1.4597902784058805,180.834228515625,2.4437374509639107,0.9697879159764384,-2.235665252867086,1.2676320823142033,2.5649493574615367,2.6086638061730856,0.2093013099705179,0.23014838326101497,0.5605503168577949,-0.020847073290497065
174.95091247558594,176.87059152353538,173.78110877087863,140040900.0,-0.0023974379006856,0.0141635674571696,177.76265489078452,178.6279604838324,-0.3490790066314125,31.711817673485726,1.474680385806323,2.9187924649147163,-1.4441120791083932,0.0708903651672829,0.1363663658227442,-0.0013673634964971,-0.0356251900368755,0.008607885217185,0.0,0.0,-0.0303131612078004,-0.0388882988483759,-0.137886282489855,-0.0976213619988039,-0.1344958114994541,797.0,1,2025-08-21,-0.0023945663416949925,-0.0386242922634783,-0.03867708906268863,175.370849609375,175.61080932617188,181.9797515869141,180.4200134277344,181.98974609375,-0.0386242922634783,-0.03867708906268863,-0.03202978478215457,0.013947574392958116,0.010924710781549662,175.3108571370443,0.33401390078052995,0.9979468204802798,-1.0776337769692992,178.45319475446428,2.9968794284169964,0.9803742248285486,-1.168643037710832,180.42072405133928,2.9068196497409233,0.9696830194839652,-1.8817168709592456,1.276699646503563,2.1972245773362196,1.0435672281732622,0.2627997663803398,0.0226529380306601,0.7145472913980484,0.2401468283496797
177.96043395996094,178.56032512128596,171.17155351749952,172789400.0,0.0170558100236767,0.016405547909768,177.81209965807864,178.5389569473162,0.2338495396701962,36.073391514670135,1.3157144146922235,2.5981768548702178,-1.2824624401779945,0.0644567334997666,0.3418157834878286,-0.0023974379006856,-0.0013673634964971,-0.0356251900368755,0.008607885217185,0.0,-0.0136325201458794,-0.0282266191806928,0.0313061158978728,0.1382834162853315,0.1691923983877278,811.0,1,2025-08-22,0.017202090813873028,0.013379726696805871,-0.013632520145879679,174.95091247558594,175.370849609375,175.61080932617188,180.4200134277344,180.4200134277344,0.013379726696805871,-0.013632520145879679,-0.02577986251775788,0.016223946007759737,0.011635499256357115,176.09406534830734,1.6299035692387736,1.010598702505743,1.1450791610483209,178.10182625906808,2.8693186363371077,0.9992061153887245,-0.049277308318617506,180.08435276576452,2.8990211579612244,0.9882059780698095,-0.7326330820218153,1.3943489359853383,2.3978952727983707,1.6948734372394427,0.11359296608716245,0.2322359729558229,0.6541710518300533,-0.11864300686866046
177.96043395996094,178.56032512128596,171.17155351749952,172789400.0,0.0,0.016405547909768,177.8491832335492,178.46182054900217,0.0,36.073391514670135,1.1761745294638786,2.3137763897889503,-1.1376018603250715,0.0569266307209969,0.3002724343424173,0.0170558100236767,-0.0023974379006856,-0.0013673634964971,-0.0356251900368755,0.008607885217185,-0.0220866200327429,-0.0198248464853948,-0.1807038084112614,0.1027840994000281,-0.2120099243091343,842.0,1,2025-08-23,0.0,0.014766332924508463,-0.013632520145879679,177.96043395996094,174.95091247558594,175.370849609375,181.9797515869141,180.4200134277344,0.014766332924508463,-0.013632520145879679,-0.02577986251775788,0.016223946007759737,0.011635499256357115,176.95726013183597,1.7375480391384834,1.005669017633849,0.5773502691887404,177.75045776367188,2.6826516085571446,1.0011812976401346,0.07827188428764983,179.74798148018974,2.8487450863785932,0.9900552567794715,-0.6274859511916457,1.3943489359853383,2.3978952727983707,3.1764931116538593,0.1158686444163322,0.4652280330657959,0.41890333145856856,-0.3493593886494637
179.78012084960938,181.8797780221864,176.54066896263805,163012800.0,0.0101733088931742,0.0165833336885595,178.35277714876645,178.5796559165717,-0.0565810171225781,43.78111425411417,1.0904440087252567,1.8674568448447009,-0.7770128361194442,0.0571780344900151,0.4801805173866869,0.0,0.0,0.0170558100236767,-0.0023974379006856,-0.0013673634964971,0.0251425550486621,-0.0035466829093286,0.0664916776844108,-0.198980437268626,-0.0465309215220536,370.0,1,2025-08-25,0.010225232930471728,0.010225232930471728,-0.012087227936752987,177.96043395996094,177.96043395996094,177.96043395996094,175.370849609375,181.9797515869141,0.010225232930471728,-0.012087227936752987,-0.012358521953265256,0.01640421715339456,0.012051975325169474,178.56699625651046,1.0505967155836873,1.0067936663466985,1.1547005383744484,177.08485630580358,1.790191301273368,1.015220186525444,1.5055734780348013,179.25092315673828,2.65293005134359,1.0029522731796943,0.19947668526091705,1.361122696553802,1.9459101490553132,2.1002613704334747,0.09362011154492693,0.09206141531467432,0.8143184979756674,0.001558696230252607
181.7397918701172,182.359683936518,178.7802771456414,168688200.0,0.0108413957064169,0.0076531488879127,179.19953082910413,179.00100737704443,0.0348156709166396,46.332447451075126,1.2633323837369232,1.7466319526231455,-0.4832995688862223,0.0576954685845866,0.6576574513799596,0.0101733088931742,0.0,0.0,0.0170558100236767,-0.0023974379006856,0.0388044812025694,0.0073150335004903,0.2487228354482079,0.4768651972669964,0.1822311577637971,794.0,0,2025-08-26,0.01090037658917331,0.021237068409299065,0.03490094127726273,179.78012084960938,177.96043395996094,177.96043395996094,174.95091247558594,175.61080932617188,0.021237068409299065,0.03490094127726273,-0.0075890014138972894,0.007704898152739621,0.012331452712481856,179.82678222656253,1.8901109799026685,1.0106380685894967,1.0121149836678742,177.9604252406529,2.3578935960927643,1.0212371184455955,1.602857158493928,179.15165383475167,2.5192666184584733,1.0144466321128847,1.027337883335741,0.6248167456329576,2.5649493574615367,2.2191086371051836,0.20963410086308912,0.21182256028987465,0.5785433418738345,-0.0021884594267855273
181.56982421875,182.45967569067756,179.07023971825097,235518900.0,-0.0009356628960004,0.007595743493623,179.7921041765156,179.34351628927183,0.3961788672829516,50.028479127625545,1.370830615517491,1.6714716852020146,-0.3006410696845236,0.0580663921032517,0.6363986922746871,0.0108413957064169,0.0101733088931742,0.0,0.0,0.0170558100236767,0.0202819816656614,0.0063729669961263,0.291947152477297,0.4491396169156402,0.043224317029089,798.0,0,2025-08-27,-0.0009352252999643706,0.02028198166566142,0.03534780508381363,181.7397918701172,179.78012084960938,177.96043395996094,177.96043395996094,175.370849609375,0.02028198166566142,0.03534780508381363,5.5048007324920434e-05,0.0076476034745101475,0.012112592254321571,181.02991231282556,1.0856824014337167,1.002982445823602,0.4973018860869912,178.8459930419922,2.3871258862410913,1.0152300374776542,1.1410504961038803,179.1523677280971,2.520002833470892,1.0134938573311068,0.9593070525731349,0.6313762829572349,2.6390573296152584,2.13624635803345,0.26607100694225383,0.1100285144952627,0.623900477702801,0.15604249244699114
180.1400604248047,184.43934897141472,176.3806906932069,281787800.0,-0.0079056243757424,0.0086915420203581,179.87909323858787,179.44972217400957,0.1964551464871822,45.01349660343022,1.325375644141758,1.602252476989963,-0.2768768328482054,0.0565884044628852,0.5121215303923192,-0.0009356628960004,0.0108413957064169,0.0101733088931742,0.0,0.0,0.0122478149571951,-0.0101093179107387,0.2956717032275976,0.5310779278695797,0.0037245507503005,807.0,0,2025-08-28,-0.00787445711365986,0.0020021099857665536,0.029660593796233536,181.56982421875,181.7397918701172,179.78012084960938,177.96043395996094,174.95091247558594,0.0020021099857665536,0.029660593796233536,-0.010163680694364352,0.008733974921337772,0.012271587737624467,181.149892171224,0.8786594150716533,0.9944254355643513,-1.1492868898889093,179.58729989188058,1.675630569527044,1.003077948904276,0.3298821010887447,179.02024732317244,2.405695570336996,1.0062552315638953,0.46548412668664474,0.7117233000388011,2.8903717578961645,3.0576032737368557,0.36865768795285153,0.3343948405783842,0.29694746456602034,0.03426284737446733
174.1510467529297,178.12038822306508,173.12121914292007,243257900.0,-0.0338116543542126,0.0150595860510699,178.44708161717332,178.74323211786557,-0.1367337407794091,36.351755648911364,0.7969027024967374,1.441182522091318,-0.6442798195945807,0.0619453730917807,0.0110384584086627,-0.0079056243757424,-0.0009356628960004,0.0108413957064169,0.0101733088931742,0.0,-0.0214058098323604,-0.0083124870208353,0.6079594947991938,0.8092776901865505,0.3122877915715961,857.0,0,2025-08-29,-0.03324642868305783,-0.04175610106679828,-0.0214058098323604,180.1400604248047,181.56982421875,181.7397918701172,177.96043395996094,177.96043395996094,-0.04175610106679828,-0.0214058098323604,-0.03474651484446145,0.014882857253541756,0.014968910969517623,178.62031046549484,3.9359617282141737,0.974978972430862,-1.1354947078189574,179.04310171944755,2.635637832586098,0.9726766632194326,-1.8561180546257974,178.5724639892578,2.6915602502685876,0.9752402070422566,-1.64269673542954,0.9942511705660415,3.091042453358316,2.589175803105069,0.34107306444396573,0.3492265976965427,0.30970034162913046,-0.00815353325257695
174.1510467529297,178.12038822306508,173.12121914292007,243257900.0,0.0,0.0150595860510699,177.3730729011124,178.13094073587413,0.0,36.351755648911364,0.3737754382165121,1.2277011053163571,-0.853925667099845,0.0654816851958848,0.0726498849890643,-0.0338116543542126,-0.0079056243757424,-0.0009356628960004,0.0108413957064169,0.0101733088931742,-0.0313108817041487,-0.0069555622223552,0.0597248009577183,0.2486104508912252,-0.5482346938414754,1005.0,0,2025-08-30,0.0,-0.04085908821987061,-0.0214058098323604,174.1510467529297,180.1400604248047,181.56982421875,179.78012084960938,177.96043395996094,-0.04085908821987061,-0.0214058098323604,-0.03474651484446145,0.014882857253541756,0.014968910969517623,176.14738464355472,3.4577586556386883,0.9886666617579095,-0.5773502691894156,178.49890354701452,3.224037103518823,0.9756421092360399,-1.348575296896998,178.12468065534318,2.875718080263118,0.97769183985176,-1.3817884060630599,0.9942511705660415,2.9444389791664403,2.3821848139708757,0.23856549363376361,0.23762364778667683,0.5238108557338516,0.0009418458470867863
170.75161743164062,172.351357635579,167.19221149694363,231164900.0,-0.0197130365144911,0.0131628334578979,174.660481703872,176.28855308950716,-0.0497126712020452,36.82213784176568,-0.7005504658254154,0.4572585150735422,-1.1578089808989576,0.0759615800815527,-0.0205525595114001,0.0,0.0,0.0,-0.0338116543542126,-0.0079056243757424,-0.0521174633283919,-0.0405079734180813,0.4668453328309335,0.1883962190016004,-0.2015338898123673,915.0,0,2025-09-02,-0.019520005102879878,-0.019520005102879878,-0.06046102686377797,174.1510467529297,174.1510467529297,174.1510467529297,180.1400604248047,181.7397918701172,-0.019520005102879878,-0.06046102686377797,-0.027670232334650824,0.012958765463239813,0.012477722326803971,173.01790364583337,1.9626614337396555,0.9869014352478122,-1.1547005383779128,175.58081272670202,3.833037272228729,0.9724958825507989,-1.2598873822725571,176.77061898367745,3.2972012216889635,0.9659502151056415,-1.8254880874251416,1.0385521591069944,2.1972245773362196,1.6524888815186056,0.13029532553628081,0.11422981566283849,0.7554748579859734,0.016065509873442324
170.59165954589844,172.3813708166661,168.851958278929,164424900.0,-0.0009372260023245,0.0131626756541559,173.64327616437862,175.52896728369268,-0.2887116512930813,36.982613227645615,-1.077522022673179,0.150302407524198,-1.227824430197377,0.0808975910483666,0.0382329318712804,-0.0197130365144911,0.0,0.0,0.0,-0.0338116543542126,-0.0204385059601794,-0.0414068130206987,-0.0798010493525563,-0.1843451909041102,-0.5466463821834899,1083.0,0,2025-09-03,-0.0009367869432114206,-0.020438505960179487,-0.060462495461940824,170.75161743164062,174.1510467529297,174.1510467529297,174.1510467529297,181.56982421875,-0.020438505960179487,-0.060462495461940824,-0.02725190688259671,0.012958607582027258,0.012479741223158364,171.83144124348962,2.010428790303332,0.9927848961248344,-0.616675260308089,174.01250348772322,3.1612044673915016,0.9803413899963451,-1.0821330847502968,176.4292482648577,3.67861466961025,0.96691257953899,-1.5868986679101569,1.0383714974778702,2.0794415416798357,1.655698072300908,0.0786853366132293,0.6446691712896738,0.27664549728589394,-0.5659838346764445
171.63148498535156,171.83144870716828,169.381858788342,141670100.0,0.0060769042422962,0.0143480238465893,173.14032836962184,175.00930297724722,-0.1383902316498292,41.25400228035501,-1.2776416173676353,-0.1352863974541686,-1.1423552199134666,0.0838725936022646,0.1532767867751996,-0.0009372260023245,-0.0197130365144911,0.0,0.0,0.0,-0.0144676808698868,-0.0453255667297851,-0.0484936920314199,-0.1404459219817538,0.0313073573211363,801.0,0,2025-09-04,0.006095406083867605,-0.014467680869886812,-0.04723311083269477,170.59165954589844,170.75161743164062,174.1510467529297,174.1510467529297,180.1400604248047,-0.014467680869886812,-0.04723311083269477,-0.018973479150602324,0.014145675879919467,0.012658776442765448,170.9915873209636,0.5599092756677723,1.003742275713172,1.14285955278166,172.7969927106585,1.719462709456405,0.9932550462422773,-0.6778325106424611,176.19214630126953,3.8825515949966722,0.9741154108644563,-1.1746556882322328,1.1174599649402759,2.0794415416798357,2.344254414285129,0.3196037184180957,0.20825361753148688,0.47214264901621,0.11135010088660882
166.9922637939453,169.0019244592772,164.04275681292185,224441400.0,-0.0274021624026913,0.0124203001639972,171.60331222570272,173.94036441947364,0.5842538404363378,23.386672787992325,-1.7899507781393709,-0.466219273591209,-1.323731504548162,0.095285987917514,-0.0428191536062754,0.0060769042422962,-0.0009372260023245,-0.0197130365144911,0.0,0.0,-0.0411067466573464,-0.0811463902561933,0.9454777771155116,1.040135103742903,0.9939714691469316,819.0,1,2025-09-05,-0.027030129068697395,-0.022016503821407962,-0.04110674665734648,171.63148498535156,170.59165954589844,170.75161743164062,174.1510467529297,174.1510467529297,-0.022016503821407962,-0.04110674665734648,-0.06163263328793267,0.012281008020500337,0.01319626805927487,169.7384694417318,2.4344492870243304,0.9838209590505986,-1.1280603224818995,171.77430943080358,2.6545420153055064,0.9721608798620457,-1.8014578821077407,175.40870557512557,4.547888565434289,0.9520181067776274,-1.8506262104020015,0.930642509331928,1.0986122886681098,0.8958797346140275,0.46475787460803986,0.03512386232614515,0.5001182407140732,0.4296340122818947
166.9922637939453,169.0019244592772,164.04275681292185,224441400.0,0.0,0.0124203001639972,170.45055011776338,173.01395100273655,0.0,23.386672787992325,-2.170934299790872,-0.8071622788311417,-1.3637720209597304,0.1032570512922606,0.0342313371563518,-0.0274021624026913,0.0060769042422962,-0.0009372260023245,-0.0197130365144911,0.0,-0.0411067466573464,-0.0802862506891126,-0.5211952170865747,-0.1463098139433961,-1.4666729942020862,1020.0,1,2025-09-06,0.0,-0.021099482598002983,-0.04110674665734648,166.9922637939453,171.63148498535156,170.59165954589844,174.1510467529297,174.1510467529297,-0.021099482598002983,-0.04110674665734648,-0.06163263328793267,0.012281008020500337,0.01319626805927487,168.53867085774743,2.6784556036903204,0.9908246157636585,-0.5773502691892722,170.75162615094865,2.9489397078857724,0.9779834462385736,-1.2748183175635681,174.62526484898157,4.997037880689485,0.9562892513770136,-1.5275051415025633,0.930642509331928,2.5649493574615367,1.8071859927659437,0.20128051176046327,0.1674557158257812,0.6312637810284892,0.03382479593468207
168.2820281982422,170.93159698121408,167.32219627229085,163769100.0,0.0076938244141539,0.0133453720666971,169.2599909521672,171.68718855134367,-0.2703257955083152,21.364463066819397,-2.5284163861235243,-1.4134168430186689,-1.1149995431048554,0.1109385402833988,0.1881024087559616,0.0,0.0,-0.0274021624026913,0.0060769042422962,-0.0009372260023245,-0.0135389464748998,-0.0337007365968574,-0.2684275076075852,0.0846568347266471,0.2229191351868545,492.0,1,2025-09-08,0.007723497933343371,0.007723497933343371,-0.03370073659685746,166.9922637939453,166.9922637939453,166.9922637939453,170.59165954589844,174.1510467529297,0.007723497933343371,-0.03370073659685746,-0.0639564185240794,0.013212423554348951,0.012997680421489114,167.4221852620443,0.7446458260181432,1.00513577656899,1.1547005383696716,168.89051164899553,2.043315956956618,0.9963971720802294,-0.2977921494136596,173.0205317905971,5.184044655253562,0.9726130561308769,-0.9140553192482354,1.0165216504711718,1.3862943611198906,5.3157820397537705,0.027871864226957133,0.358056791126728,0.6140713530282179,-0.33018492689977086
170.7316131591797,170.95157781434446,166.71229229208453,157548400.0,0.0144514986660187,0.0132710489973651,169.6278965039203,171.55977849905514,-0.0379845770661254,23.237635104255077,-2.3697950249813857,-1.6046924794112123,-0.7651025455701734,0.1124088009002498,0.3288069773106336,0.0076938244141539,0.0,0.0,-0.0274021624026913,0.0060769042422962,-0.0052430463224663,-0.0196348724713736,0.2475701248859916,0.2857807527786358,0.5159976324935769,757.0,1,2025-09-09,0.014556426417988044,0.022392350880687584,-0.00011715421945535098,168.2820281982422,166.9922637939453,166.9922637939453,171.63148498535156,170.75161743164062,0.022392350880687584,-0.00011715421945535098,-0.06057109781882353,0.013166735637313791,0.013365252333587629,168.66863505045578,1.899416242549982,1.0122309527678741,1.0861116497321017,168.88765389578683,2.0402909706319985,1.0109182596883648,0.9037726921967792,172.23423331124442,4.556686421122143,0.9912757172417092,-0.32976158839885594,0.9851468052140733,2.0794415416798357,1.9153270937346158,0.193327750478472,0.16775350272655484,0.6389187648892403,0.025574247751917162
177.300537109375,179.26020289704138,175.44084555219968,226852000.0,0.0377534326205141,0.0194448384210026,171.546056655284,172.32521298043113,0.4398876789608781,42.083793097594516,-1.6944960933019502,-1.62265320218936,-0.0718428911125901,0.1134795768218603,0.6568940095494252,0.0144514986660187,0.0076938244141539,0.0,0.0,-0.0274021624026913,0.0617290470901648,0.0180848201326835,-0.0976906922336191,-0.3626438189239589,-0.3452608171196107,931.0,1,2025-09-10,0.03847514721289991,0.0617290470901648,0.03932711353729168,170.7316131591797,168.2820281982422,166.9922637939453,166.9922637939453,170.59165954589844,0.0617290470901648,0.03932711353729168,-0.023513197348428827,0.019549671336111858,0.01761792811701014,172.104726155599,4.66341668959104,1.0301898214525411,1.1141639916873163,169.8460649762835,3.7951686300784524,1.043889578096098,1.9642005032428342,171.92928423200334,3.9916869986292847,1.0312410587955665,1.3456097332321166,1.1096464468620812,2.0794415416798357,2.1703545130890403,0.191672447802765,0.2139992588864905,0.5943282698946339,-0.0223268110837255
177.1505584716797,180.26021784214308,176.4606317396978,151159300.0,-0.00084625861517,0.0195867763199136,172.9471821093829,172.9685923792643,-0.3336655616877965,44.18061019236779,-1.1580693447846215,-1.5297364307084125,0.3716670859237909,0.1128350691916259,0.6522554567823095,0.0377534326205141,0.0144514986660187,0.0076938244141539,0.0,0.0,0.0608309298104303,0.0172236215324357,0.4418872182578541,0.5197314372739436,0.5395779104914733,765.0,1,2025-09-11,-0.0008459006393353175,0.0527004004431777,0.03215653285758835,177.300537109375,170.7316131591797,168.2820281982422,166.9922637939453,171.63148498535156,0.0527004004431777,0.03215653285758835,-0.016595431055564158,0.019701054509034453,0.017523860725204024,175.0609029134115,3.7500247639212296,1.011936734721983,0.557237802366706,170.63450404575892,4.694611752423739,1.0381872028893604,1.3879857951100334,171.7157483782087,3.5770942158834926,1.0316500387693077,1.519336580327858,1.1242416735656338,2.5649493574615367,2.314264178887076,0.5036665027340254,0.03667435709697498,0.45965912534544867,0.4669921456370504
177.80047607421875,178.5803891806412,176.43061617633268,124911000.0,0.0036620168169008,0.013817959628816,174.16050560059188,173.61284353859153,-0.1736466099009456,58.96815367828203,-0.6727493274270557,-1.3583390100521413,0.6855896826250856,0.1126935033741928,0.6859769905829047,-0.00084625861517,0.0377534326205141,0.0144514986660187,0.0076938244141539,0.0,0.0647228322720978,0.0412813579666389,0.1392830320651004,0.3008431540162588,-0.3026041861927537,779.0,0,2025-09-12,0.003668730192814884,0.04140336276474166,0.06472283227209785,177.1505584716797,177.300537109375,170.7316131591797,166.9922637939453,166.9922637939453,0.04140336276474166,0.06472283227209785,0.02095554054559634,0.014074824584378129,0.01488567814409704,177.41719055175784,0.34030022295969387,1.0021603629347806,1.126315813511255,172.17853437151228,5.06019285812957,1.0326518152987405,1.111013327026539,171.97642190115792,3.887700158030256,1.033865422414755,1.498071851305438,0.9455279395490318,2.0794415416798357,2.120504099111208,0.08755265335951527,0.23577202430793212,0.6766753367015294,-0.14821937094841686
177.80047607421875,178.5803891806412,176.43061617633268,124911000.0,0.0,0.013817959628816,175.07049821899858,174.17119454334184,0.0,58.96815367828203,-0.284846187589352,-1.1436404455595834,0.8587942579702315,0.1125514175666115,0.686628377614582,0.0036620168169008,-0.00084625861517,0.0377534326205141,0.0144514986660187,0.0076938244141539,0.056562474186272,0.0422577314008763,-0.0236027809984161,0.1346636692905767,-0.1628858130635165,712.0,0,2025-09-13,0.0,0.002819726172263781,0.06472283227209785,177.80047607421875,177.1505584716797,177.300537109375,168.2820281982422,166.9922637939453,0.002819726172263781,0.06472283227209785,0.02095554054559634,0.014074824584378129,0.01488567814409704,177.58383687337243,0.37523010278908314,1.0012199263438641,0.577350269170939,173.72256469726562,4.858908125731056,1.023473700057672,0.8392649688842543,172.23709542410714,4.157699686777612,1.0323007110426046,1.3380910285089542,0.9455279395490318,1.9459101490553132,2.2983996428582,0.1109207707146803,0.1369823546459277,0.7520968789855639,-0.026061583931247398
177.73048400878906,178.830369337568,174.49083425075145,147061600.0,-0.0003937326094895,0.0142720496273022,176.2473655143,175.06515011563616,0.1773310597145168,58.765999363239175,0.257126453966265,-0.6769345720916693,0.9340610260579344,0.1043992198282562,0.7141909746557644,0.0,0.0,0.0036620168169008,-0.00084625861517,0.0377534326205141,0.0024249610656781,0.064303698691658,-0.0995440301703935,0.0529924215854107,-0.4050931344629676,455.0,0,2025-09-15,-0.00039365510697775274,-0.00039365510697775274,0.0561465529724674,177.80047607421875,177.80047607421875,177.80047607421875,177.300537109375,168.2820281982422,-0.00039365510697775274,0.0561465529724674,0.020553636183063384,0.014532395337863832,0.014889273264391767,177.77714538574222,0.040409937929092504,0.9997375288209747,-1.1547005351760338,176.61637442452567,2.6086834687959914,1.0063080764051098,0.42707733521138674,172.75344303676061,4.597604409099642,1.0288100826503896,1.0825291889353985,0.9760312058089886,1.6094379124341003,3.285345345810023,0.21063074748963115,0.033275485038757255,0.7560937479138374,0.1773552624508739
174.86080932617188,177.4805168617991,174.36086420825131,140737800.0,-0.0162779858837576,0.0164468430412451,175.90072646726796,175.03790467704093,-0.0430010281405887,60.33143456937138,0.2092472577539865,-0.4996982061225382,0.7089454638765247,0.0961113552003724,0.5811430659372708,-0.0003937326094895,0.0,0.0,0.0036620168169008,-0.00084625861517,-0.0129254413040638,0.0471192218936302,0.0895441726270201,0.1712365856182327,0.1890882027974136,733.0,1,2025-09-16,-0.016146215426247723,-0.016533514493064616,0.024185305173344718,177.73048400878906,177.80047607421875,177.80047607421875,177.1505584716797,170.7316131591797,-0.016533514493064616,0.024185305173344718,0.024065317543339404,0.016672337661029185,0.01454523225518864,176.7972564697266,1.6773775297024436,0.9890470746988865,-1.1544491977892595,177.20625959123885,1.0682710905401998,0.9867642922407074,-2.1955571819143143,173.04695674351282,4.591138158814165,1.0104818519596823,0.39507688941505265,1.146240731569051,1.9459101490553132,4.12278798067034,0.17492858568827307,0.6166635071858764,0.20840789843350646,-0.4417349214976033
170.27130126953125,173.18098551277336,168.39151800406466,211843800.0,-0.0265972273736624,0.0112018362969181,174.49337016783377,174.40235755603965,0.5052373989077561,49.34127092198226,-0.1967641199535137,-0.4391113888887333,0.2423472689352195,0.0906108496659446,0.3250347836148424,-0.0162779858837576,-0.0003937326094895,0.0,0.0,0.0036620168169008,-0.0423462016015334,0.0196358645669478,0.6235887213345295,0.7145862162474231,0.5340445487075094,766.0,1,2025-09-17,-0.0262466362492908,-0.04234620160153346,-0.039645880122221366,174.86080932617188,177.73048400878906,177.80047607421875,177.80047607421875,177.300537109375,-0.04234620160153346,-0.039645880122221366,-0.0018779246137821115,0.011073690899223587,0.016369708397694686,174.28753153483078,3.762490844368022,0.9769562961278335,-1.0674392128585033,176.20208304268974,2.8246941907075676,0.9663410234956099,-2.099619064134112,173.0240740094866,4.605094110969799,0.9840902327857312,-0.5977668802463729,0.6764745363932734,1.791759469228055,0.6931471805599453,0.3037887394428253,0.042021220549941,0.654190057516098,0.2617675188928843
176.2206573486328,177.08056354559588,172.9410186572187,191763300.0,0.0343438899121066,0.0189802371439028,174.92519196303354,174.6447975283854,-0.0947891795747621,57.85120213015898,-0.0380293683150512,-0.3588949847739969,0.3208656164589457,0.0919079383313419,0.6950206141106064,-0.0265972273736624,-0.0162779858837576,-0.0003937326094895,0.0,0.0,-0.0088853458689642,0.0471745511709582,0.7836300998979788,0.9064909218316316,0.1600413785634493,1019.0,1,2025-09-18,0.034940451119733984,-0.00849503487584935,-0.005249213612812498,170.27130126953125,174.86080932617188,177.73048400878906,177.80047607421875,177.1505584716797,-0.00849503487584935,-0.005249213612812498,0.026738522734758963,0.019068049161722157,0.018827999134729632,173.78425598144534,3.117360224136144,1.0140196898356983,0.781559137222464,176.0692400251116,2.7943571747455205,1.000859987374851,0.054186817952143404,173.35187203543526,4.661331208291469,1.0165489145257753,0.6154433540561587,1.012749630232866,2.70805020110221,2.851870987050696,0.27064740561347983,0.26721118965984453,0.46214140073529314,0.003436215953635302
176.6505889892578,178.06043774665943,175.16074718989944,237182100.0,0.0024367633114044,0.0189383515292128,175.35654121958962,174.91223638983504,0.2368482394702218,69.30380789147846,0.1210653898369003,-0.2629029098518174,0.3839682996887177,0.0935219775379574,0.7103386436456033,0.0343438899121066,-0.0265972273736624,-0.0162779858837576,-0.0003937326094895,0.0,-0.0064672891228982,0.0346683061241834,0.2992049180805351,0.3281674610703426,-0.4844251818174437,1014.0,1,2025-09-19,0.0024397346321005653,0.010235453387084759,-0.00646728912289829,176.2206573486328,170.27130126953125,174.86080932617188,177.80047607421875,177.80047607421875,0.010235453387084759,-0.00646728912289829,0.05783696188004295,0.01902784410813649,0.016872538345176796,174.380849202474,3.5654590817701,1.0130159922787647,0.6365911751417397,175.90497044154577,2.7080893943917146,1.004238757698776,0.2753301088421125,174.041752406529,4.352169572315156,1.0149897168159687,0.5994335789037321,1.1277404572368812,2.9444389791664403,3.6838236930989146,0.43768532750093275,0.14423286723386908,0.4180818042821354,0.2934524602670637
176.6505889892578,178.06043774665943,175.16074718989944,237182100.0,0.0,0.0189383515292128,175.68005316200666,175.14401673642476,0.0,69.30380789147846,0.2443326175646518,-0.1614558043685236,0.4057884219331754,0.0950119750296064,0.6993035745721415,0.0024367633114044,0.0343438899121066,-0.0265972273736624,-0.0162779858837576,-0.0003937326094895,-0.0060760258745362,-0.0036657989350378,-0.6174582141378661,0.0971439584998968,-0.9166631322184012,1029.0,1,2025-09-20,0.0,0.037465431180492725,-0.00646728912289829,176.6505889892578,176.2206573486328,170.27130126953125,177.73048400878906,177.80047607421875,0.037465431180492725,-0.00646728912289829,0.05783696188004295,0.01902784410813649,0.016872538345176796,176.50727844238284,0.24822114846604024,1.000811924290826,0.5773502691475069,175.7407008579799,2.6069331582884723,1.0051774468113293,0.34902626037227513,174.73163277762276,3.8896864562877065,1.0109823057286786,0.4933447035385184,1.1277404572368812,2.6390573296152584,1.4452952059107746,0.35885629516381484,0.04569242797935234,0.5954512627078936,0.3131638671844625
183.58984375,184.5297429971473,174.69082690233378,269637000.0,0.0385304513749347,0.0241251025963317,177.8394762766146,176.4442197985622,0.1368353682676728,74.95883785673236,0.9613147243969138,0.1430312441781429,0.8182834802187708,0.107774762704768,1.0038173163571518,0.0,0.0,0.0024367633114044,0.0343438899121066,-0.0265972273736624,0.0782195377680596,0.0325610358510211,0.5587682109660037,0.7094650174207559,0.0541253314892897,394.0,0,2025-09-22,0.039282375453410845,0.039282375453410845,0.03296766884920643,176.6505889892578,176.6505889892578,176.6505889892578,170.27130126953125,177.73048400878906,0.039282375453410845,0.03296766884920643,0.09096524278709461,0.024330040941592385,0.019317039431815015,178.96367390950525,4.006380604091009,1.025849770176455,1.1547005383789206,176.41348266601562,3.912441374305262,1.040679209862721,1.8342411802294907,176.51492854527064,3.19637582530406,1.0400811153086968,2.213417817992774,1.2595118950537003,1.6094379124341003,2.5836551018482177,0.083501991815865,0.03296086657792325,0.8835371434688568,0.05054112523794175
178.410400390625,182.3999677661597,176.19065819152993,192559600.0,-0.0286176427901732,0.026263803242333,177.9822073051172,176.70637721083725,-0.2858561695909686,61.49657389820797,1.025438590562004,0.3195127134549151,0.7059258771070889,0.1078765727855283,0.7063457576239299,0.0385304513749347,0.0,0.0,0.0024367633114044,0.0343438899121066,0.0124261427402352,0.0034303862952067,0.5335005838200624,0.7422244706558523,-0.0252676271459413,677.0,0,2025-09-23,-0.028212036426306986,0.009962103219900431,0.020299523250129736,183.58984375,176.6505889892578,176.6505889892578,176.2206573486328,174.86080932617188,0.009962103219900431,0.020299523250129736,0.04497577858815216,0.0264079122728913,0.021217797399248214,179.55027770996097,3.607326487300818,0.9936514867374514,-0.3159895072843487,176.92056710379464,3.907687477984689,1.0084209162971782,0.3812570209935808,177.06341334751673,2.756154204420046,1.007607370815023,0.48871976790997657,1.2446113880711756,2.9444389791664403,3.3340482406062253,0.24316687136888498,0.08115088745641207,0.675682240476211,0.1620159839124729
176.9505615234375,179.76025041106172,175.38072666046574,143564100.0,-0.0082161364687032,0.0236114731929252,177.72429585969726,176.73893511918396,-0.2544432996329447,49.3813821265394,0.9475377944135914,0.4451177296466505,0.502420064766941,0.1072111382422081,0.6152171721239458,-0.0286176427901732,0.0385304513749347,0.0,0.0,0.0024367633114044,0.0016981122785721,-0.0047801590273947,0.8904494310593459,0.6418436664381453,0.3569488472392835,896.0,1,2025-09-24,-0.008182476268150385,0.0016981122785721947,0.03922716396777459,178.410400390625,183.58984375,176.6505889892578,176.6505889892578,170.27130126953125,0.0016981122785721947,0.03922716396777459,-0.0019739115946478814,0.023808679312304227,0.018803997183834395,179.65026855468753,3.488978635530444,0.9849724297493705,-0.7737814739698401,177.87474714006697,2.6151824440102636,0.9948042899203577,-0.35339240623391294,177.03841509137834,2.7554250971418703,0.9995037598597146,-0.031883852706418435,1.2661499084233168,3.1354942159291497,2.7500791589489904,0.3294210672717202,0.07888316422362215,0.5916957508095286,0.2505379030480981
177.67050170898438,180.2402117285651,173.11100459099512,191586700.0,0.0040603407371467,0.0199328167626898,177.71084732201905,176.863143997824,0.3345028457671521,50.9009006627139,0.9331373815271036,0.5427216600227411,0.3904157215043624,0.0991405090861311,0.6349195564493352,-0.0082161364687032,-0.0286176427901732,0.0385304513749347,0.0,0.0,0.0057736162984918,-0.0003374902180636,0.8175346794841861,0.7465162520079528,-0.0729147515751598,556.0,1,2025-09-25,0.00406859508864299,-0.0322422086108215,0.00822743702222839,176.9505615234375,178.410400390625,183.58984375,176.6505889892578,176.2206573486328,-0.0322422086108215,0.00822743702222839,0.0029350358350002104,0.020066016363614412,0.018832404758933146,177.67715454101565,0.7299421721460304,0.9999625566266611,-0.009114190527886739,178.08186776297433,2.5179517397981286,0.9976900171861547,-0.16337328769570925,177.07555389404297,2.7605521234625217,1.003359852909439,0.2155176893364258,1.0655047308334908,2.5649493574615367,3.5502672469066154,0.30010653566569084,0.03952799458056684,0.6603654635449251,0.260578541085124
178.17044067382812,179.750269051669,174.91078879333958,148573700.0,0.0028099031575023,0.0199372657962783,177.82574565997132,177.03745022129124,-0.2245093213672974,50.64438318767428,0.951102133509238,0.6243977547200406,0.3267043787891974,0.0890307722373772,0.6459968454451686,0.0040603407371467,-0.0082161364687032,-0.0286176427901732,0.0385304513749347,0.0,0.0086037170510806,0.0189272333829972,1.1468687623233176,1.1182753159476118,0.3293340828391314,785.0,1,2025-09-26,0.00281385463560313,-0.0013449872668380713,0.00860371705108065,177.67050170898438,176.9505615234375,178.410400390625,176.6505889892578,176.6505889892578,-0.0013449872668380713,0.00860371705108065,0.002080785202481339,0.020069924354227935,0.018822279040080773,177.59716796875003,0.6132370369530266,1.0032279383260152,0.9348305313170587,178.29898943219865,2.4382295243828644,0.9992790269940401,-0.0527221728245885,177.1019799368722,2.7697807818764493,1.0060330253638992,0.38575642662668597,1.0662855603984185,1.0986122886681098,2.623512036080243,0.1013558432459831,0.03076964989304535,0.8678745031356812,0.07058619335293775
178.17044067382812,179.750269051669,174.91078879333958,148573700.0,0.0,0.0199372657962783,177.91191941343553,177.18851561496282,0.0,50.64438318767428,0.9543383108911598,0.6903858659542644,0.2639524449368954,0.075564534766629,0.6295501380600922,0.0028099031575023,0.0040603407371467,-0.0082161364687032,-0.0286176427901732,0.0385304513749347,-0.0295190788633801,0.046391490200647,0.7897673091707189,0.6918987279772734,-0.3571014531525986,782.0,1,2025-09-27,0.0,0.006893898159396672,0.00860371705108065,178.17044067382812,177.67050170898438,176.9505615234375,183.58984375,176.6505889892578,0.006893898159396672,0.00860371705108065,0.002080785202481339,0.020069924354227935,0.018822279040080773,178.0037943522136,0.2886398959463711,1.0009361953334814,0.5773502691585596,178.51611110142298,2.3323481483152784,0.9980636457658522,-0.14820704526660888,177.12840597970145,2.7787081576164017,1.005882933843181,0.3750068863009118,1.0662855603984185,2.1972245773362196,2.891720173965065,0.2009730436839163,0.09645834553521122,0.7025686018168926,0.10451469814870508
181.83004760742188,183.97980553666213,180.30021674934375,193063500.0,0.0203318224287597,0.0147816691731065,178.93992419825574,177.9208534429818,0.2994459988544407,56.34676268306039,1.2206176461120035,0.8373301837906233,0.3832874623213804,0.0570708577874606,0.9282020291034694,0.0,0.0,0.0028099031575023,0.0040603407371467,-0.0082161364687032,0.0275754201737195,0.0293203586118755,0.3635542123754467,0.3566266388450707,-0.4328543967663107,447.0,1,2025-09-29,0.020539921884648038,0.020539921884648038,-0.009585476552692596,178.17044067382812,178.17044067382812,178.17044067382812,176.9505615234375,183.58984375,0.020539921884648038,-0.009585476552692596,0.023066181479762804,0.014706753833381965,0.019578241972507106,179.39030965169275,2.1128750482406793,1.0136001658086558,1.1547005383780822,178.4818333217076,1.555077169388216,1.0187594122236476,2.153085616343722,177.4476579938616,3.0549585869311673,1.024696801654671,1.4345168645845887,0.7511784691411024,2.0794415416798357,1.8563042751247292,0.13850747048854825,0.12826319291655502,0.7332293093204498,0.010244277571993227
186.55950927734372,187.32942897828707,181.4600633204032,236981000.0,0.0256778263291534,0.0121081367853178,180.8448204680277,179.07267422089674,0.227476970012457,67.12525452698408,1.7991442098291657,1.0296929889983315,0.769451220830834,0.0728786630514064,1.1634240267630025,0.0203318224287597,0.0,0.0,0.0028099031575023,0.0040603407371467,0.0500308575866979,0.0560933328599799,0.5824131879094445,0.3491463103086792,0.2188589755339978,621.0,1,2025-09-30,0.026010341701790285,0.04708451397318614,0.04567619863458883,181.83004760742188,178.17044067382812,178.17044067382812,177.67050170898438,178.410400390625,0.04708451397318614,0.04567619863458883,0.06690292694087896,0.012229325649540391,0.01984467294230131,182.18666585286462,4.205888781026988,1.0240019948990704,1.0396954489631907,179.645991734096,3.4221455875224382,1.0384841179951336,2.020228937206899,178.2832794189453,3.801663593745977,1.0464217950520767,2.177002160847012,0.6162523154247662,2.3978952727983707,1.3954339891682095,0.3015589851886034,0.16348368944600222,0.5349573496729135,0.1380752957426012
187.21945190429688,188.11934700723293,183.87980694521147,173844900.0,0.0035311956061994,0.0104481535789301,182.43847832709503,180.1589112453501,-0.2664184048510218,78.0350520813877,2.2845476905630733,1.28066392931128,1.0038837612517932,0.0860202193632655,1.0706797833984945,0.0256778263291534,0.0203318224287597,0.0,0.0,0.0028099031575023,0.0507885101268539,0.0598291971485118,0.5791105458717123,0.4386336179631164,-0.0033026420377322,718.0,1,2025-10-01,0.0035374376225019155,0.050788510126853925,0.05803253910273254,186.55950927734372,181.83004760742188,178.17044067382812,178.17044067382812,176.9505615234375,0.050788510126853925,0.05803253910273254,0.09953615499735635,0.010581068820146597,0.017743469217232775,185.20300292968753,2.93964313688353,1.0108877768865059,0.6859502601894357,181.11297607421875,4.189155366004237,1.033716390522873,1.457686644814679,179.49386160714286,3.752236815760201,1.0430409721423397,2.0589292937761483,0.5963359639878133,2.4849066497880004,1.6374027929169477,0.2945862500505014,0.06348273699933828,0.6419310036369346,0.2311035130511631
188.8692626953125,191.0290292282152,188.0393519833977,136805800.0,0.0087735755415771,0.0102983322615996,184.0461744191494,181.3202914386784,-0.2130583065709721,74.39256857641087,2.7704236694462736,1.5786158773382788,1.1918077921079948,0.1001467441654988,1.0498210704956394,0.0035311956061994,0.0256778263291534,0.0203318224287597,0.0,0.0,0.0600482435864342,0.0287565958850188,0.8838660567962974,0.7295002575262131,0.3047555109245851,739.0,0,2025-10-02,0.00881217616136909,0.038713156491541945,0.06303106525061297,187.21945190429688,186.55950927734372,181.83004760742188,178.17044067382812,177.67050170898438,0.038713156491541945,0.06303106525061297,0.07177708639263458,0.01042775484669759,0.015844939564707644,187.5494079589844,1.189703098038543,1.007037370849055,1.1093984192393327,182.71279907226562,4.7554784740136515,1.033694758409409,1.2946044560371617,180.39733341762,4.374640870127305,1.0469626081339019,1.9365999471051374,0.6581126298470671,1.791759469228055,1.3349122783628853,0.12663726098835465,0.07398398108780378,0.7993787407875061,0.05265327990055087
187.59939575195312,190.33910041164867,185.35965145286303,137596900.0,-0.0067462283034799,0.0117458746135266,184.93447975235037,182.15750534711503,0.0057826495660271,70.45198149137303,3.0182240258594675,1.8665375070425168,1.1516865188169507,0.1083419805591894,0.9163543159264576,0.0087735755415771,0.0035311956061994,0.0256778263291534,0.0203318224287597,0.0,0.0529209842130116,0.0515048188962585,0.4313384456956814,0.4777942690276979,-0.4525276111006159,698.0,0,2025-10-03,-0.006723523591067093,0.005574020207479657,0.05292098421301161,188.8692626953125,187.21945190429688,186.55950927734372,178.17044067382812,178.17044067382812,0.005574020207479657,0.05292098421301161,0.0619800184383259,0.011866547371041179,0.016148705317795928,187.8960367838542,0.8639825449062044,0.9984212491280893,-0.3433414640723939,184.0597926548549,4.586802052450208,1.019230724136127,0.7716930132634379,181.17939104352678,4.62481838218419,1.0354345197400736,1.3881636375511752,0.7348296434615228,2.5649493574615367,2.0375559802736793,0.21805418779452637,0.1677975103569527,0.6141482961053649,0.05025667743757367
187.59939575195312,190.33910041164867,185.35965145286303,137596900.0,0.0,0.0117458746135266,185.60070875225105,182.8830907344268,0.0,70.45198149137303,3.1779738888514544,2.1288247834043044,1.04914910544715,0.114796729188318,0.8681622674978283,-0.0067462283034799,0.0087735755415771,0.0035311956061994,0.0256778263291534,0.0203318224287597,0.0317293440795192,0.0601797142480677,0.3712628847589695,0.4698858212469767,-0.0600755609367119,717.0,0,2025-10-04,0.0,0.002029403695992471,0.05292098421301161,187.59939575195312,188.8692626953125,187.21945190429688,181.83004760742188,178.17044067382812,0.002029403695992471,0.05292098421301161,0.0619800184383259,0.011866547371041179,0.016148705317795928,188.02268473307296,0.7331580215898279,0.997748734511898,-0.5773502691847406,185.4067862374442,3.9024799755621165,1.0118259399184069,0.5618502921832651,181.9614486694336,4.724731172430467,1.0309842943312784,1.1932842053359183,0.7348296434615228,1.6094379124341003,2.000924334773592,0.28089489229023457,0.050689518451690646,0.6684156209230423,0.23020537383854392
185.5196228027344,187.2094396983396,183.3098739831843,157678100.0,-0.0111481558725398,0.0119787357851389,185.955191077316,183.7796235900042,0.1459422414313114,54.404355112144486,3.133465574344683,2.5118478260502037,0.6216177482944798,0.118118525064317,0.7105076280447712,0.0,0.0,-0.0067462283034799,0.0087735755415771,0.0035311956061994,-0.0090793402302631,0.0412480437333608,0.3760650548178934,0.1956717722227804,0.8478296412574333,405.0,1,2025-10-06,-0.011086245458746702,-0.011086245458746702,0.02029133932406202,187.59939575195312,187.59939575195312,187.59939575195312,187.21945190429688,181.83004760742188,-0.011086245458746702,0.02029133932406202,0.010511360614055665,0.012072602410044401,0.013110397717516247,186.9061381022136,1.20075747208857,0.9925817562036355,-1.154700538375591,187.2808619907924,1.037102733821037,0.9905957332247617,-1.6982302048023716,182.88134765625,4.738900000702659,1.0144261576169233,0.5567273304127991,0.9208418135107151,1.3862943611198906,1.617343421306539,0.0865161853531996,0.025021335110068304,0.8884624640146891,0.0614948502431313
185.01968383789065,189.03924688644503,183.97980469837796,140088000.0,-0.0026984412139084,0.0065409786527347,185.7213142674597,183.94496495638907,-0.1115570266257647,69.18167469988373,2.953318798087452,2.600142020457653,0.3531767776297987,0.1050023615887863,0.6710073235776213,-0.0111481558725398,0.0,0.0,-0.0067462283034799,0.0087735755415771,-0.020382241146523,0.0384420846587074,0.3424107899270783,0.3995066981789515,-0.033654264890815,725.0,0,2025-10-07,-0.002694803694029413,-0.013751173897560975,-0.008253803011262884,185.5196228027344,187.59939575195312,187.59939575195312,188.8692626953125,186.55950927734372,-0.013751173897560975,-0.008253803011262884,0.03704539327749279,0.006532483053373884,0.010217258932648953,186.0462341308594,1.3681074548734777,0.9944822839453622,-0.7503433223113934,187.0608869280134,1.3358733839228984,0.9890880283759788,-1.5279914359312858,183.3534393310547,4.585983463843586,1.0090876097711343,0.3633341724785592,0.6393576884402454,2.995732273553991,2.7841948537919294,0.3178097160631104,0.07580651264441636,0.6063837722728127,0.24200320341869408
189.0892333984375,189.57918508139647,186.519508300894,130168900.0,0.0217568194804678,0.0109033747356527,186.5632940502041,184.63086741532888,-0.0708062075266975,80.59475790944035,3.103158538920013,2.700745324150125,0.4024132147698882,0.106413606977189,0.8446593289574946,-0.0026984412139084,-0.0111481558725398,0.0,0.0,-0.0067462283034799,0.0079415908591424,0.061282851876637,0.4958681481998459,0.2494849270836894,0.1534573582727676,709.0,0,2025-10-08,0.021995224919487466,0.007941590859142478,0.009987111248976444,185.01968383789065,185.5196228027344,187.59939575195312,187.59939575195312,187.21945190429688,0.007941590859142478,0.009987111248976444,0.06859922777578875,0.010967018008086398,0.010915644865012269,186.54284667968753,2.2193577298897096,1.0136504120317322,1.1473529861616827,187.3279985700335,1.5436403043078626,1.0094018771451592,1.140961934907314,184.2204873221261,4.427048457616129,1.026428906725222,1.0997724833879754,1.0047063772877767,2.70805020110221,2.232912495987041,0.1743249977007508,0.18651425026889354,0.6391607505668487,-0.012189252568142739
192.54885864257807,195.27855455286465,191.039014711271,182997200.0,0.0181308946309785,0.0124229520033567,188.0596851982976,185.6865995789621,0.405844253120369,82.94950123002897,3.4611722181485334,2.852830702949807,0.6083415151987266,0.1125351524741888,0.9537525509918836,0.0217568194804678,-0.0026984412139084,-0.0111481558725398,0.0,0.0,0.02638314942746,0.0589496135330644,0.7735172926524837,0.6460648289287042,0.2776491444526378,804.0,0,2025-10-09,0.01829625717954375,0.03788944659141502,0.019482238108810446,189.0892333984375,185.01968383789065,185.5196228027344,187.59939575195312,188.8692626953125,0.03788944659141502,0.019482238108810446,0.08374128958088778,0.012503225168736809,0.011489036857860872,188.88592529296878,3.768702555151583,1.0193923043441588,0.971934849196917,187.85365513392858,2.4914732377169884,1.024993942786485,1.8845089072487249,185.2832271030971,4.51860674688729,1.0392136495735698,1.6079362393034131,1.0882744414021113,2.9444389791664403,2.8622238846609163,0.2364937407482001,0.1416817643783158,0.6218244850428568,0.09481197636988428
183.139892578125,195.5985159182785,182.03001384654087,268774400.0,-0.0500996315301551,0.0236676189905246,186.82973704325445,185.3470386455172,0.4687350407547219,57.89139046145828,2.9516509164692195,2.8725947456536893,0.0790561708155301,0.1072201253887035,0.4807410937383219,0.0181308946309785,0.0217568194804678,-0.0026984412139084,-0.0111481558725398,0.0,-0.023771415445946,-0.0183298975885226,1.1611928391505952,1.1183520259869133,0.3876755464981115,731.0,1,2025-10-10,-0.04886534322137226,-0.01015995282649318,-0.023771415445946076,192.54885864257807,189.0892333984375,185.01968383789065,187.59939575195312,187.59939575195312,-0.01015995282649318,-0.023771415445946076,0.027891562065529785,0.02332787961253333,0.018619280163746293,188.25932820638025,4.759066880321118,0.9728064703245778,-1.0757225643170227,187.21658325195312,3.070247516762157,0.9782247352076617,-1.3278052181692992,185.638187953404,4.091921509823523,0.98654212582647,-0.610543327696127,1.2528883720196218,3.091042453358316,2.6401094243966945,0.3360111230895632,0.06730447423511314,0.596684408329782,0.26870664885445006
183.139892578125,195.5985159182785,182.03001384654087,268774400.0,0.0,0.0236676189905246,185.9072759269721,185.0527525031982,0.0,57.89139046145828,2.5188162679573054,2.801839050114413,-0.2830227821571074,0.1011503209938465,0.4621731447254676,-0.0500996315301551,0.0181308946309785,0.0217568194804678,-0.0026984412139084,-0.0111481558725398,-0.0128273774421144,-0.0217902535483186,0.3888526876880998,0.4721157237502594,-0.7723401514624955,666.0,0,2025-10-11,0.0,-0.03146313892857355,-0.023771415445946076,183.139892578125,192.54885864257807,189.0892333984375,185.5196228027344,187.59939575195312,-0.03146313892857355,-0.023771415445946076,0.027891562065529785,0.02332787961253333,0.018619280163746293,186.2762145996094,5.432269090108895,0.9831630569247622,-0.5773502691895428,186.57951136997767,3.420291319108118,0.9815648633304003,-1.0056508264768478,185.99314880371094,3.5774932223797578,0.9846593477021182,-0.7975574091201056,1.2528883720196218,2.70805020110221,2.27612104402223,0.19971912354230878,0.21097300979974012,0.5893078415787646,-0.011253886257431345
188.29933166503903,190.089128427756,185.9395901592244,153482800.0,0.0277825852240389,0.026011592451207,185.98640548358003,185.2645881334352,-0.4289530550528622,59.80599455545046,2.249884747948016,2.587313356655605,-0.3374286087075893,0.099195980475819,0.7179071518162415,0.0,0.0,-0.0500996315301551,0.0181308946309785,0.0217568194804678,-0.0041774019556893,0.0037310136862669,0.5714673517781325,0.2645475917418616,0.4942770634028229,429.0,0,2025-10-13,0.0281721203080485,0.0281721203080485,0.014983368445397938,183.139892578125,183.139892578125,183.139892578125,189.0892333984375,185.5196228027344,0.0281721203080485,0.014983368445397938,0.035578740382802954,0.025711466081680026,0.019299089666552926,184.85970560709634,2.9788035456988693,1.018606683628791,1.154700538378641,186.33954075404577,3.7061319980725336,1.0105173110498327,0.528796845879343,186.81020137241907,2.6597755638780995,1.007971354249821,0.5598706570748124,1.3322631546834216,2.1972245773362196,2.449320080088487,0.06756546371616418,0.24401039374060926,0.6884241327643394,-0.17644493002444508
180.01022338867188,184.77970370013517,179.6802578066599,205641400.0,-0.0450192404663261,0.0316307699537903,184.492359959853,184.5640061674668,0.339833518804713,41.039672996309086,1.640482299049978,2.3979471451344803,-0.7574648460845022,0.0944898981931358,0.2442384597327787,0.0277825852240389,0.0,0.0,-0.0500996315301551,0.0181308946309785,-0.065119239564963,-0.0404541407655479,0.6210150846543571,0.5952852581142896,0.0495477328762246,818.0,1,2025-10-14,-0.044020911827305054,-0.017088953943325325,-0.02707528380390023,188.29933166503903,183.139892578125,183.139892578125,192.54885864257807,185.01968383789065,-0.017088953943325325,-0.02707528380390023,-0.035105612756171634,0.031232099758073666,0.02171069754923756,183.8164825439453,4.1857686857649785,0.979293156399272,-0.9093333724383331,185.62390354701452,4.418630369822551,0.9697577733736171,-1.270457062143464,186.34239523751395,3.223475627660636,0.9660186194302642,-1.9643926557116578,1.438558097327024,2.302585092994046,3.2695701601823393,0.20010150555107323,0.22641124752246666,0.5734872304730945,-0.026309741971393436
179.8102569580078,184.84969686580231,177.2705272995106,214450500.0,-0.0011114789856192,0.0296559660315226,183.32183420939168,183.9301729395389,0.0428371913437664,39.733988460570735,1.1283835449139588,2.144034425090376,-1.0156508801764177,0.0911396011717675,0.2167432857512753,-0.0450192404663261,0.0277825852240389,0.0,0.0,-0.0500996315301551,-0.0181808320035833,-0.0415200633388193,0.9684858648017344,0.7273185203434929,0.3474707801473774,651.0,1,2025-10-15,-0.0011108615216387507,-0.018180832003583336,-0.049071944888991026,180.01022338867188,188.29933166503903,183.139892578125,183.139892578125,189.0892333984375,-0.018180832003583336,-0.049071944888991026,-0.03957492061282453,0.02924780980982676,0.02164957155805149,182.70660400390625,4.8444760977899035,0.9841475514161682,-0.5978658966280748,184.298335484096,4.594123545853693,0.9756477533326638,-0.9769172468465226,185.81316702706474,3.648590704864822,0.967693839112152,-1.6452681472473707,1.3509648323247987,2.5649493574615367,2.8383736654373144,0.29618821789820987,0.12005077512003477,0.5837610174591342,0.1761374427781751
181.7900390625,183.2598789113643,179.75026972003684,179723300.0,0.0109502227115454,0.0287443873684443,182.9388854226688,183.64482175593372,-0.16193573808408,40.28006838294442,0.872238836534251,1.8896753073791512,-1.0174364708449002,0.0863329493076655,0.3140393567099229,-0.0011114789856192,-0.0450192404663261,0.0277825852240389,0.0,0.0,-0.007370614324507,-0.0201034461147007,0.2189763756587087,0.1179674741204567,-0.7495094891430257,868.0,1,2025-10-16,0.011010395836064779,-0.03456885664426179,-0.055875789947159804,179.8102569580078,180.01022338867188,188.29933166503903,183.139892578125,192.54885864257807,-0.03456885664426179,-0.055875789947159804,-0.037482137282617733,0.028321250246032523,0.02174691958628661,180.53683980305993,1.0898981288422973,1.0069415154314605,1.1498315542308797,182.76136125837053,2.8378459285031314,0.9946852978704981,-0.342274464626368,185.30750819614954,3.682859984503739,0.9810182049940132,-0.9550917353496717,1.3023108920626911,2.3978952727983707,2.902397499078087,0.3732324838638305,0.03469633264467117,0.5920711796730757,0.33853615121915936
183.19989013671875,184.07979842608083,179.7302697995737,173135200.0,0.007725462942447,0.0222838292168898,183.00413660118124,183.58549754003843,-0.0366569053650807,43.98251224885564,0.7740823690913885,1.6665567197215987,-0.8924743506302102,0.0799657203486525,0.3778043550152383,0.0109502227115454,-0.0011114789856192,-0.0450192404663261,0.0277825852240389,0.0,0.000327605076912,-0.0098356762017079,0.8244531459499472,0.5237369390420176,0.6054767702912385,819.0,0,2025-10-17,0.007755381326113531,0.017719364422763118,0.0003276050769120964,181.7900390625,179.8102569580078,180.01022338867188,183.139892578125,183.139892578125,0.017719364422763118,0.0003276050769120964,-0.023451598005419294,0.022036529513553456,0.021874622508700578,181.6000620524089,1.7027835211313975,1.008809623004689,0.939536978398087,182.76993233816964,2.839269990002672,1.0023524536724868,0.15143251612669162,184.9932577950614,3.6598834424775974,0.9903057674657021,-0.49000676839276786,1.0074015908063547,1.9459101490553132,1.9944666187143467,0.1898908410221338,0.1326508037745952,0.6774583502362171,0.057240037247538594
183.19989013671875,184.07979842608083,179.7302697995737,173135200.0,0.0,0.0222838292168898,183.0530749850656,183.5340832195958,0.0,43.98251224885564,0.6883577023587861,1.4709169162490363,-0.7825592138902502,0.0726588427337008,0.3470164454202167,0.007725462942447,0.0109502227115454,-0.0011114789856192,-0.0450192404663261,0.0277825852240389,-0.0270815699834324,-0.0311458413357098,0.3997098886442507,0.3403691011774426,-0.4247432573056965,759.0,0,2025-10-18,0.0,0.018851166980438316,0.0003276050769120964,183.19989013671875,181.7900390625,179.8102569580078,188.29933166503903,183.139892578125,0.018851166980438316,0.0003276050769120964,-0.023451598005419294,0.022036529513553456,0.021874622508700578,182.72993977864587,0.8139778972233861,1.0025718300933177,0.5773502691853889,182.77850341796875,2.8406631661844264,1.0023054500987263,0.14834096621036766,184.67900739397322,3.6074002429433856,0.9919908749883029,-0.410023051960438,1.0074015908063547,2.1972245773362196,2.8655464680208924,0.07615063665434713,0.18326823541428888,0.7405811313074082,-0.10711759875994176
182.6199493408203,185.1796658652692,181.7100455780644,128544700.0,-0.0031706387634394,0.0186351828673584,182.97232141493924,183.37358083507107,-0.2575472809688613,45.86424635061351,0.5013304009222566,1.139788901736896,-0.6384585008146395,0.07227307359406,0.3123520096787832,0.0,0.0,0.007725462942447,0.0109502227115454,-0.0011114789856192,0.0156258737980039,-0.00283904959201,0.560695582272781,0.5485874551777421,-0.4015249951323928,292.0,0,2025-10-20,-0.0031656175965260047,-0.0031656175965260047,-0.03016145768547729,183.19989013671875,183.19989013671875,183.19989013671875,179.8102569580078,188.29933166503903,-0.0031656175965260047,-0.03016145768547729,-0.015630009473431072,0.018284248921760525,0.0217085146081464,183.00657653808597,0.3348289746403195,0.9978873589978052,-1.1547005383299838,181.9757341657366,1.4998718578257337,1.0035401158183925,0.4295134759162546,184.1576374598912,3.5361866428729685,0.9916501528783688,-0.43484359689272134,0.8422616310606127,1.9459101490553132,3.0238806923508204,0.13841320201754564,0.17916549555957315,0.6824212893843651,-0.0407522935420275
181.14010620117188,182.7699167975169,179.7802549646251,124240200.0,-0.0081364145460607,0.006474135645893,182.51426761149744,183.07578421721783,-0.033486405896159,44.61709136793604,0.2898024495560207,0.969791611300721,-0.6799891617447003,0.0740273316899362,0.2305556507291022,-0.0031706387634394,0.0,0.0,0.007725462942447,0.0109502227115454,-0.0035751841227377,-0.0109194471439368,2.1307411911521177,1.6227471683125676,1.5700456088793366,568.0,1,2025-10-21,-0.008103403516373953,-0.011243368836136858,0.0062767702368793366,182.6199493408203,183.19989013671875,183.19989013671875,181.7900390625,180.01022338867188,-0.011243368836136858,0.0062767702368793366,-0.020968458902556386,0.006486773575078087,0.02179084375998744,182.31998189290368,1.0621500918660844,0.9935285442688071,-1.1108370660298046,182.13714599609375,1.3006638412067613,0.9945258843852574,-0.7665622456274462,183.88052477155412,3.6145783710183306,0.9850967438026031,-0.7581571871161813,0.297683451202067,2.0794415416798357,1.5325232850717825,0.08931313455104825,0.10989063312964777,0.8007962363106864,-0.020577498578599515
180.2602081298828,183.4198648953589,176.74059027394597,162249600.0,-0.0048693915029951,0.0068149713325571,181.95075274109377,182.70037407223987,0.3059347940521666,36.56014081425305,0.0505815309804233,0.7859495952366615,-0.7353680642562381,0.0743343366606591,0.1982525405899751,-0.0081364145460607,-0.0031706387634394,0.0,0.0,0.007725462942447,-0.0160463087867689,-0.015723960562081,1.0965019738179909,1.1152228075969857,-1.0342392173341268,717.0,1,2025-10-22,-0.004857555235790012,-0.016046308786768937,0.0025023665473102863,181.14010620117188,182.6199493408203,183.19989013671875,183.19989013671875,179.8102569580078,-0.016046308786768937,0.0025023665473102863,-0.0466923743349823,0.006827173985216634,0.020740226824651174,181.34008789062503,1.1925137956209786,0.994045002551264,-0.9055490718075,182.20142473493303,1.1711760066361463,0.9893457660505438,-1.657493488639492,183.24988010951452,3.399721343474693,0.9836852718384044,-0.8793873607817831,0.32917547348624326,1.791759469228055,2.125161022079171,0.34244404435157777,0.05451784636825317,0.6030381113290787,0.2879261979833246
182.13999938964844,183.0098989665471,179.7702492811968,111363700.0,0.0103742110517153,0.0066676307207004,181.99806440323243,182.62565744789435,-0.3136272755063802,33.35465990463072,0.0125361650009949,0.6312669091895282,-0.6187307441885332,0.0733250545255035,0.3530993772862684,-0.0048693915029951,-0.0081364145460607,-0.0031706387634394,0.0,0.0,-0.0057854333115556,-0.0327103246778767,1.5497724226192824,1.1747592261688204,0.4532704488012915,813.0,1,2025-10-23,0.010428209748937878,-0.002628135386655628,0.0019250797730898661,180.2602081298828,181.14010620117188,182.6199493408203,183.19989013671875,181.7900390625,-0.002628135386655628,0.0019250797730898661,-0.05405827552710263,0.006677963155894081,0.020212634340721392,181.18010457356775,0.9405337300853801,1.0052980144720631,1.0205852117537066,182.2514190673828,1.1580845032309248,0.9993886485037837,-0.09621031748851375,182.50639016287667,2.0990349250592857,0.9979924496183326,-0.17455201381076788,0.33038559167126075,2.4849066497880004,3.6620074423567854,0.14344333383170038,0.18502496123652562,0.6715317036617886,-0.04158162740482524
186.23953247070312,187.44940625639555,183.47984116964935,131296700.0,0.0222580353920546,0.0105223950650274,183.0584314201001,183.10750745093557,0.1789901018015744,55.97068533349638,0.3096139597736282,0.5669363193063482,-0.25732235953272,0.0720360702506327,0.6647413570015445,0.0103742110517153,-0.0048693915029951,-0.0081364145460607,-0.0031706387634394,0.0,0.0165919440874988,0.0346053072140304,0.5307233160596962,0.8181147143160029,-1.019049106559586,797.0,1,2025-10-24,0.0225075935807193,0.028151834380995,0.016591944087498867,182.13999938964844,180.2602081298828,181.14010620117188,183.19989013671875,183.19989013671875,0.028151834380995,0.016591944087498867,0.016924984769530083,0.010600763745103183,0.016650218358770074,182.87991333007815,3.057561834636024,1.0183706295538386,1.0987902526016795,182.68565368652344,1.9031767966962054,1.019453518721716,1.867340328207551,182.72779301234655,2.322566155253085,1.0192184199265149,1.5120083664415171,0.6366741574604938,2.4849066497880004,2.0634396094060397,0.16050464287400243,0.03814705512063063,0.8013483069159768,0.1223575877533718
186.23953247070312,187.44940625639555,183.47984116964935,131296700.0,0.0,0.0105223950650274,183.85370668275087,183.52511078690452,0.0,55.97068533349638,0.5388388535724289,0.5613168261595645,-0.0224779725871355,0.0706890972888549,0.6731703986392235,0.0222580353920546,0.0103742110517153,-0.0048693915029951,-0.0081364145460607,-0.0031706387634394,0.0198203051909058,0.0357558885764608,0.9279650982369044,0.6920122638922945,0.3972417821772082,742.0,1,2025-10-25,0.0,0.03317051723646092,0.016591944087498867,186.23953247070312,182.13999938964844,180.2602081298828,182.6199493408203,183.19989013671875,0.03317051723646092,0.016591944087498867,0.016924984769530083,0.010600763745103183,0.016650218358770074,184.87302144368493,2.3668665279006844,1.007391619482102,0.5773502691891256,183.11988830566406,2.3373128756333768,1.0170360750757546,1.3347139775601011,182.9491958618164,2.505414060030299,1.017984974426299,1.3132905500047076,0.6366741574604938,2.6390573296152584,2.5280467605056796,0.37115590761487294,0.1170219340576575,0.5118221434263083,0.25413397355721545
191.46897888183597,191.97891738858848,188.4093020699799,153452700.0,0.02769215114497,0.0137837324823516,186.2048670677632,184.89795970524543,0.1687475770525839,56.08911448330213,1.2572320207933956,0.7246556357996252,0.5325763849937704,0.0796368428259192,0.9852095294827224,0.0,0.0,0.0222580353920546,0.0103742110517153,-0.0048693915029951,0.062181059637282,0.0451369743668848,0.5487724498889821,0.6395170266015784,-0.4775352509620785,509.0,1,2025-10-27,0.02807914271345946,0.02807914271345946,0.048455985082445086,186.23953247070312,186.23953247070312,186.23953247070312,180.2602081298828,182.6199493408203,0.02807914271345946,0.048455985082445086,0.01683302425329547,0.013923331160634411,0.016638702709617807,187.9826812744141,3.019222293181761,1.0185458446692366,1.1547005383786741,184.81827000209265,3.9108788455689205,1.0359851267932982,1.7005663285321826,183.39700208391463,3.205134925040958,1.0440136791016243,2.5184514807338996,0.8368038905212359,1.9459101490553132,2.5776945310357213,0.14840592319766677,0.17343259323388335,0.6781614869832993,-0.025026670036216586
201.0079345703125,203.12769700573315,191.8889404255143,297986200.0,0.0486185774284361,0.019192214402624,189.9056339434005,187.04595635392107,0.9418765521883944,88.48976239996509,2.430795493172326,1.065883607274165,1.3649118858981606,0.1113899204557697,1.2798904662776682,0.02769215114497,0.0,0.0,0.0222580353920546,0.0103742110517153,0.1035902890298152,0.0972055410093528,1.0207654867044158,1.0366023536853506,0.4719930368154337,745.0,1,2025-10-28,0.04981984937812545,0.07929789075223637,0.10968210622045049,191.46897888183597,186.23953247070312,186.23953247070312,182.13999938964844,181.14010620117188,0.07929789075223637,0.10968210622045049,0.11664732583717252,0.019599902992573744,0.015849936413273348,192.9054819742839,7.488262882331543,1.0420021894303073,1.0820203194450115,187.65653119768416,6.879390763391065,1.0711480878785056,1.9407828151990336,184.89683859688895,5.552055113137533,1.0871355946141885,2.9018256564674068,1.236591900530278,2.5649493574615367,3.0310078109285077,0.24415127032746867,0.09859751339536156,0.6572512350976467,0.1455537569321071
207.01727294921875,212.1667169482571,204.7575264516481,308829600.0,0.0294578512290887,0.017630618788413,194.18354369485508,189.70879856662745,0.0363889334472535,91.11512952942539,3.801930101550937,1.6130929061295198,2.188837195421417,0.1501561082113153,1.265893740314035,0.0486185774284361,0.02769215114497,0.0,0.0,0.0222580353920546,0.1115646082379642,0.1300076260674911,1.2567823922857029,1.293745008762019,0.2360169055812868,982.0,0,2025-10-29,0.029896025705414164,0.11156460823796421,0.1484357812349617,201.0079345703125,191.46897888183597,186.23953247070312,186.23953247070312,180.2602081298828,0.11156460823796421,0.1484357812349617,0.15130958851565834,0.01802894978881583,0.016622534643301056,199.83139546712243,7.840634240765342,1.0359597022544869,0.9164918629586382,191.47896902901786,9.145232028020907,1.0811488802085942,1.6990606550595622,186.84019688197546,7.89983656578186,1.1079910875922963,2.554113100850756,1.084608946571308,3.6635616461296463,2.9755040898332554,0.3143159213819001,0.1334396725103847,0.5522444227612332,0.18087624887151543
202.8677215576172,206.13736677538768,201.38788833733,178864400.0,-0.0202480852794488,0.0232534320585028,196.3545881605456,191.46332163209277,-0.4208314228946966,79.89220734310966,4.501835679707796,2.190841460845175,2.3109942188626205,0.1698168047080398,1.0116080988122431,0.0294578512290887,0.0486185774284361,0.02769215114497,0.0,0.0,0.0892838854689983,0.1108738245185296,0.6955146503280568,0.3892824291680171,-0.5612677419576458,1211.0,0,2025-10-30,-0.020044469393717956,0.059533104225807154,0.11380104445716155,207.01727294921875,201.0079345703125,191.46897888183597,186.23953247070312,182.13999938964844,0.059533104225807154,0.11380104445716155,0.11594520031909239,0.023579321946234234,0.01848019011094857,203.63097635904953,3.076516757144084,0.9962517745822397,-0.24809057180005897,194.44007219587053,8.971454913199612,1.043343171325595,0.9393849095030444,188.34574563162667,8.81842653704098,1.077102755240318,1.6467763115100307,1.2759242088242744,3.332204510175204,2.9167696627831297,0.3891704994495268,0.09036928377355687,0.5204602032899857,0.29880121567596996
202.4677734375,207.94716749796044,202.04782138155983,179802200.0,-0.0019734183403692,0.0238575861749447,197.8828844797842,192.9305818728137,0.0052430779965157,78.131379875439,4.966987086861735,2.7460705860484875,2.220916500813248,0.1838043994344022,0.9306184654792746,-0.0202480852794488,0.0294578512290887,0.0486185774284361,0.02769215114497,0.0,0.0871363923196579,0.1177412759857934,0.6286748021907129,0.588390043604118,-0.0668398481373439,914.0,1,2025-10-31,-0.0019714724306379994,0.007262593241944115,0.08713639231965797,202.8677215576172,207.01727294921875,201.0079345703125,186.23953247070312,186.23953247070312,0.007262593241944115,0.08713639231965797,0.10517409855651105,0.02421688624107246,0.018672845191027142,204.11758931477868,2.5191493623013783,0.9919173262685637,-0.6549099080697177,196.75839233398438,8.587732502032242,1.0290172176941978,0.6648298723981597,189.7220230102539,9.435506974736574,1.0671811855314088,1.3508283615679206,1.2969039261734678,2.3978952727983707,2.0868863241583626,0.27112957965582607,0.18392261983826752,0.544947799295187,0.08720695981755855
202.4677734375,207.94716749796044,202.04782138155983,179802200.0,0.0,0.0238575861749447,199.02910671921316,194.2022074147719,0.0,78.131379875439,5.274818108570827,3.2518200905529557,2.0229980180178715,0.1942760170384721,0.8789428198325038,-0.0019734183403692,-0.0202480852794488,0.0294578512290887,0.0486185774284361,0.02769215114497,0.0574442639214778,0.1231972687594811,1.2336513812754262,1.0619001630087077,0.6049765790847133,934.0,0,2025-11-01,0.0,-0.021976424705559383,0.08713639231965797,202.4677734375,202.8677215576172,207.01727294921875,191.46897888183597,186.23953247070312,-0.021976424705559383,0.08713639231965797,0.10517409855651105,0.02421688624107246,0.018672845191027142,202.6010894775391,0.23091015482770655,0.9993419776745383,-0.5773502691493347,199.07671247209822,7.380416192884073,1.0170339409531743,0.4594674442169419,191.09830038888114,9.808835417138452,1.0594954168900623,1.1591052928417565,1.2969039261734678,2.3978952727983707,2.606474588763014,0.23656170628964895,0.0719670413061976,0.6914712399244308,0.16459466498345135
206.85728454589844,211.31678618801203,205.53742218982757,180267300.0,0.0214483784861656,0.0232800255151973,201.63090118556323,196.8446831059929,0.0025867314193042,81.84445551088882,5.885730514786019,4.131252460463949,1.7544780543220702,0.2132711923401313,0.8990021475449709,0.0,0.0,-0.0019734183403692,-0.0202480852794488,0.0294578512290887,-0.0007728263494204,0.1107055618196348,1.049297008955269,0.8189877891035717,0.6016371332830704,402.0,0,2025-11-03,0.0216800483053341,0.0216800483053341,0.08036970664349385,202.4677734375,202.4677734375,202.4677734375,207.01727294921875,191.46897888183597,0.0216800483053341,0.08036970664349385,0.1327200850321364,0.02363370797010306,0.018779206903654946,203.93094380696618,2.534285420046133,1.0143496650596695,1.1547005383785793,203.5933619907924,2.3589614401301895,1.0160315764875165,1.3836269213988936,194.2058159964425,10.224112945039645,1.0651446429888984,1.2374147877145611,1.25850405138799,1.6094379124341003,1.7790985360233664,0.09150344808585938,0.25303526059724385,0.6554612936452031,-0.1615318125113845
198.66818237304688,203.9476013046771,197.90825607143532,188919300.0,-0.0403931010868999,0.0236421099272095,200.89022148243413,197.0878163416001,0.0479953935073083,69.5778471321774,5.502168994303702,4.4054357672319,1.0967332270718018,0.2083796660106817,0.677606463805857,0.0214483784861656,0.0,0.0,-0.0019734183403692,-0.0202480852794488,-0.0207008742067307,0.0667347567804856,1.215853708152811,1.196836665032107,0.166556699197542,860.0,0,2025-11-04,-0.039588173995557474,-0.01876639921476697,-0.011640098696935719,206.85728454589844,202.4677734375,202.4677734375,202.8677215576172,201.0079345703125,-0.01876639921476697,-0.011640098696935719,0.09676529698182113,0.02353126246276152,0.022512371729938634,202.66441345214847,4.098090905638706,0.9802815353172739,-0.975144566364557,203.25911167689733,2.891916632910883,0.9774134145034136,-1.5875040281605284,195.45782143729073,9.5521926848804,1.0164248271680758,0.33608628318790434,1.0452591466170529,3.2188758248682006,3.375578554488778,0.2798469757350782,0.05564523701711243,0.6645077838717649,0.22420173871796578
195.18858337402344,202.89772869539195,194.6286320152979,171350300.0,-0.0176698223075004,0.0196774478019773,199.46481195533147,196.83458527925652,-0.092997380362938,65.75894188907697,4.8613802020458365,4.496624654194688,0.364755547851149,0.2025577731324011,0.5755160345310524,-0.0403931010868999,0.0214483784861656,0.0,0.0,-0.0019734183403692,-0.035952339179171,0.0480512960089611,0.9352626132088748,0.8903801477932253,-0.2805910949439357,875.0,0,2025-11-05,-0.017514626436203384,-0.03595233917917107,-0.05713866000977075,198.66818237304688,206.85728454589844,202.4677734375,202.4677734375,207.01727294921875,-0.03595233917917107,-0.05713866000977075,0.08281569958792168,0.019486588619538267,0.0232605701711777,200.23801676432296,5.990653701530556,0.9747828435783868,-0.8428852078379098,201.56929888044084,3.678778574460814,0.9683448047800074,-1.7344657682618483,196.52413395472936,8.500514607333749,0.9932041395943076,-0.15711408572296226,0.8377519758171794,3.044522437723423,2.4080716523896784,0.27316957321017976,0.12293511442840095,0.603895309008658,0.15023445878177882
188.05935668945312,197.59830279082223,186.35954634625867,223029800.0,-0.0372085453849622,0.0222542067262438,196.61344813886188,195.6645548006161,0.3016014561982092,55.625245604495205,3.735224117011484,4.344344546758047,-0.6091204297465636,0.1985885982371709,0.3840723535941935,-0.0176698223075004,-0.0403931010868999,0.0214483784861656,0.0,0.0,-0.0711640005884424,-0.0178077002984752,1.3603700946917665,1.0721756331899337,0.4251074814828915,911.0,1,2025-11-06,-0.03652481390732354,-0.09087389838705118,-0.07299517515386633,195.18858337402344,198.66818237304688,206.85728454589844,202.4677734375,202.8677215576172,-0.09087389838705118,-0.07299517515386633,0.03249894213045157,0.02199008866146041,0.025810307732165708,193.97204081217453,5.4080289801202674,0.9695178537176565,-1.0933159094480132,199.45381818498885,6.200891029318292,0.9428716802755431,-1.8375522875118797,196.9469451904297,7.852535542756603,0.9548731842863413,-1.1318113050980994,0.8519886275534635,2.4849066497880004,2.6333811468865957,0.3180086302824996,0.13677379480478435,0.5452175885438919,0.18123483547771524
188.1293487548828,188.29934352754728,178.8903723972709,264942300.0,0.0003721114707823,0.0224267384815729,194.4924232928671,194.65986066118495,0.1879233178705266,51.944868869629666,2.8159248519959306,4.038660607805624,-1.2227357558096932,0.1943797064630602,0.3770029878456835,-0.0372085453849622,-0.0176698223075004,-0.0403931010868999,0.0214483784861656,0.0,-0.0708183057440661,-0.0640700370508248,0.9560539667015592,1.005703022149142,-0.4043161279902074,892.0,1,2025-11-07,0.0003721807128440613,-0.05304741550599623,-0.07081830574406611,188.05935668945312,195.18858337402344,198.66818237304688,202.4677734375,202.4677734375,-0.05304741550599623,-0.07081830574406611,0.010147234902863511,0.022159830206320782,0.025166668762757038,190.4590962727865,4.096005481306144,0.9877677277510186,-0.5687852539593693,197.4054718017578,7.308624113724284,0.9530097977416226,-1.2692023700406354,197.0819320678711,7.668398224099251,0.9545743071470134,-1.167464580132688,0.8805229812184784,2.302585092994046,2.0832213075880968,0.1328210103222065,0.3026125028522478,0.5645665008988645,-0.16979149253004128
188.1293487548828,188.29934352754728,178.8903723972709,264942300.0,0.0,0.0224267384815729,192.90165465837103,193.7891257403447,0.0,51.944868869629666,2.063585828385498,3.643645651921599,-1.5800598235361,0.1899549429784123,0.367575136670153,0.0003721114707823,-0.0372085453849622,-0.0176698223075004,-0.0403931010868999,0.0214483784861656,-0.0905355391864877,-0.0912383972856658,0.2736434428164241,0.5556742348531342,-0.682410523885135,858.0,1,2025-11-08,0.0,-0.036166227025756004,-0.07081830574406611,188.1293487548828,188.05935668945312,195.18858337402344,206.85728454589844,202.4677734375,-0.036166227025756004,-0.07081830574406611,0.010147234902863511,0.022159830206320782,0.025166668762757038,188.10601806640628,0.04040993793133341,1.000124029463365,0.5773502675549453,195.35712541852678,7.6544694917841465,0.9630022368103573,-0.9442557281601072,197.2169189453125,7.477105187251893,0.9539209402569075,-1.2153861638757684,0.8805229812184784,2.8903717578961645,2.36529037666481,0.12218528739450604,0.3053518069141051,0.5724629000486696,-0.18316651951959903
199.0281524658203,199.91805415635875,193.76872011438095,198897100.0,0.0563165328551029,0.0323711017633885,193.5384717533293,193.8336439631992,-0.2492814473189067,56.96646296875455,1.82328239609555,2.9286904604178847,-1.1054080643223347,0.1756341331694455,0.6429462924232257,0.0,0.0,0.0003721114707823,-0.0372085453849622,-0.0176698223075004,0.0196710741244503,-0.0169884861836615,0.1084988719589203,0.1714496339682285,-0.3684931400380975,370.0,0,2025-11-10,0.057932501138553194,0.057932501138553194,-0.037847988274935296,188.1293487548828,188.1293487548828,188.1293487548828,195.18858337402344,206.85728454589844,0.057932501138553194,-0.037847988274935296,0.03947988665385549,0.03262441998035734,0.02865873212685423,191.76228332519534,6.292427256355364,1.037889980316428,1.1547005383791176,192.1903315952846,5.232073477572776,1.0355783811484067,1.3069045952519522,197.8918467930385,7.085942798172319,1.0057420540118067,0.16036054836272515,1.138376249024189,2.0794415416798357,2.7609526569994745,0.08110353909432884,0.17211323311286306,0.7467832267284393,-0.09100969401853422
193.1387939453125,195.3985402959953,191.2789975702345,176483300.0,-0.0300372143351743,0.0307050489766949,193.4385523013251,193.74099729414763,-0.1126904313838663,42.22485022970608,1.6246621758563435,2.6678848035055767,-1.0432226276492331,0.1618605851748814,0.4473893314462358,0.0563165328551029,0.0,0.0,0.0003721114707823,-0.0372085453849622,0.0270097555648196,-0.0460763672845312,-0.0638550324971836,0.2402787467045037,-0.172353904456104,676.0,0,2025-11-11,-0.02959058026486583,0.026627664548802388,-0.02783227974246838,199.0281524658203,188.1293487548828,188.1293487548828,188.05935668945312,198.66818237304688,0.026627664548802388,-0.02783227974246838,-0.03914840795624108,0.031040605486790055,0.026486791801510513,193.4320983886719,5.45531861624651,0.9984836826679611,-0.053764860311900406,191.4004189627511,4.4500347116536485,1.0090823990458437,0.3906430163362501,197.32976531982422,7.131706126591335,0.9787615853709695,-0.5876534030034174,1.1719277185174175,2.302585092994046,2.2243604153593513,0.06833043849716582,0.2712994209594196,0.6603701625847154,-0.2029689824622538
193.7787322998047,195.86849924763865,191.1090271797132,154935300.0,0.0033078829187415,0.0301712754814609,193.523597300945,193.74602862823525,-0.1220965383126901,35.36693761525885,1.5015825879833642,2.434624360401134,-0.93304177241777,0.1496066011477208,0.4452339465073425,-0.0300372143351743,0.0563165328551029,0.0,0.0,0.0003721114707823,0.0300292515883981,-0.0429156748759206,0.2948470499862549,0.2467245707387772,0.3587020824834386,774.0,0,2025-11-12,0.003313360000960719,0.030029251588398198,-0.0072230201677173644,193.1387939453125,199.0281524658203,188.1293487548828,188.1293487548828,195.18858337402344,0.030029251588398198,-0.0072230201677173644,-0.06394896648388115,0.03047968333863133,0.024888409984082933,195.3152262369792,3.231369084460717,0.9921332608482337,-0.4754931724027904,191.19901166643416,4.278611224039144,1.0134923324701652,0.6029341060193802,196.3841552734375,6.606753851994057,0.986733028588762,-0.3943575062731361,1.2246536985739234,2.70805020110221,2.9808531265289986,0.269689603043454,0.060320850727813534,0.6699895315936634,0.20936875231564048
186.8394775390625,191.4189763426968,183.82981362374773,207423100.0,-0.0364671136509737,0.0300240649095319,191.8525673604744,192.8251551496789,0.3387723778893512,33.31251157720355,0.8344818748272758,2.1145958632863624,-1.2801139884590866,0.1487983373661172,0.2052591069433792,0.0033078829187415,-0.0300372143351743,0.0563165328551029,0.0,0.0,-0.0068562997977572,-0.0967711001852308,0.3387778429665265,0.6374750171325534,0.0439307929802715,773.0,1,2025-11-13,-0.03581019794270368,-0.06124095900880655,-0.006486670867459354,193.7787322998047,193.1387939453125,199.0281524658203,188.1293487548828,188.05935668945312,-0.06124095900880655,-0.006486670867459354,-0.07900835034519005,0.030340347509329478,0.025982195776909203,191.2523345947266,3.835017707871715,0.9769265192761429,-1.1506744927425783,191.02474321637834,4.449243419265881,0.9780904525411397,-0.9406690717781414,195.2392807006836,6.78320021058752,0.956976879183966,-1.2383245224739656,1.1677360824250826,2.6390573296152584,2.167917140269675,0.1925924500593772,0.17748557955313185,0.6299219511162776,0.015106870506245346
190.1491241455078,190.9890282811404,180.56018045425049,186591900.0,0.0175587889109053,0.030839905026373,191.42670655673277,192.4683510157894,-0.1004285443617417,37.907346199370345,0.5663322490814835,1.8049431404453864,-1.2386108913639031,0.1443543971156492,0.306778066667967,-0.0364671136509737,0.0033078829187415,-0.0300372143351743,0.0563165328551029,0.0,0.0107360994124132,-0.0428808384200268,0.51161035549228,0.218924426438665,0.1728325125257534,920.0,0,2025-11-14,0.01771385068101239,-0.015479385258309164,0.01073609941241327,186.8394775390625,193.7787322998047,193.1387939453125,188.1293487548828,188.1293487548828,-0.015479385258309164,0.01073609941241327,-0.06084251870233981,0.03112513116412393,0.026713141279761158,190.2557779947917,3.470856586104529,0.9994394186057949,-0.03072839416957965,191.3132825578962,4.2929247417829535,0.9939149106804119,-0.2711807176719539,194.35937717982702,6.568999630465143,0.9783377931365578,-0.6409275797175049,1.1651617770503635,2.1972245773362196,2.7409394493646433,0.1712502986192703,0.06311560876201833,0.765634085983038,0.10813468985725197
190.1491241455078,190.9890282811404,180.56018045425049,186591900.0,0.0,0.030839905026373,191.1073109539265,192.1591207664185,0.0,37.907346199370345,0.3497895821971042,1.5139124287957302,-1.164122846598626,0.1396675359041775,0.2933453198607447,0.0175587889109053,-0.0364671136509737,0.0033078829187415,-0.0300372143351743,0.0563165328551029,-0.0446119215312382,-0.025818411822063,0.389107851517619,0.3847373033214296,-0.1225025039746609,930.0,0,2025-11-15,0.0,-0.01873068376090581,0.01073609941241327,190.1491241455078,186.8394775390625,193.7787322998047,199.0281524658203,188.1293487548828,-0.01873068376090581,0.01073609941241327,-0.06084251870233981,0.03112513116412393,0.026713141279761158,189.0459086100261,1.9108253591561568,1.0058357017276554,0.5773502691888684,191.60182189941406,4.1071129908491795,0.9924181422728388,-0.35370289474453753,193.47947365897042,6.21483181122137,0.982787065467561,-0.535871221398043,1.1651617770503635,2.833213344056216,1.939494678370477,0.052003674616571474,0.4850663549732417,0.46292996197007596,-0.4330626803566702
186.5795135498047,188.9792438771453,184.29976516169708,173628900.0,-0.0189511339038446,0.0196406229871219,189.79570157631755,191.18290686134256,-0.0694724690621618,29.768572112342753,-0.2466596118764528,0.9477556225402188,-1.1944152344166716,0.1447906583797929,0.2013190631772301,0.0,0.0,0.0175587889109053,-0.0364671136509737,0.0033078829187415,-0.0371517486184279,-0.0082381362362415,0.7386079582384788,0.5955242440752182,0.1010440396898982,352.0,0,2025-11-17,-0.018772690180637097,-0.018772690180637097,-0.06254712593060652,190.1491241455078,190.1491241455078,190.1491241455078,193.7787322998047,199.0281524658203,-0.018772690180637097,-0.06254712593060652,-0.09802783131668935,0.019431545570523012,0.025879784186961893,188.95925394694015,2.06091563833359,0.9874060658717265,-1.1547005383780136,190.1119842529297,2.7628006843649353,0.9814190004012303,-1.2785832590514878,191.15115792410714,4.161770239479471,0.9760836166312028,-1.0984855268882516,0.7508387794173542,1.9459101490553132,2.71077116284884,0.0514611488518615,0.5512858737880985,0.3972529393310347,-0.499824724936237
181.340087890625,184.7797126313021,179.6302689297591,213598900.0,-0.0284832874448238,0.0193731728801559,187.6817981548944,189.87053099858025,0.2302036124170572,31.630290042432932,-0.9930676444228084,0.5595909691476134,-1.5526586135704217,0.1465090755555649,0.0635026659086251,-0.0189511339038446,0.0,0.0,0.0175587889109053,-0.0364671136509737,-0.0294337670008081,-0.0360882600678306,0.7121945681208601,0.6422277990085561,-0.0264133901176186,725.0,0,2025-11-18,-0.028081462747415187,-0.046326988328076024,-0.061089260286197655,186.5795135498047,190.1491241455078,190.1491241455078,186.8394775390625,193.1387939453125,-0.046326988328076024,-0.061089260286197655,-0.08722128664712026,0.019171931390336603,0.024931714089027498,186.02290852864587,4.430816718975634,0.9748266454112572,-1.0568752749275303,188.42645481654577,3.9517069780002347,0.9623918683137135,-1.793242000323322,189.91343688964844,4.3276250499532924,0.9548565433839993,-1.9810748158775837,0.7689776692399265,1.9459101490553132,2.7690118457154678,0.048211041372269337,0.580272326245904,0.37151664836953086,-0.5320612848736346
186.49951171875,187.8393608341106,182.8099146900153,247246400.0,0.0280544140594957,0.0237564962392077,187.3862265458583,189.42106176126956,0.1575265602959565,41.10540644812619,-1.1549652831266712,0.2166797186927564,-1.3716450018194275,0.1436569278439549,0.2686531722912439,-0.0284832874448238,-0.0189511339038446,0.0,0.0,0.0175587889109053,-0.0191934222319374,-0.0086633853086706,0.6430953357200233,0.4676225382503293,-0.0690992324008368,1020.0,0,2025-11-19,0.02845164512789311,-0.01919342223193743,-0.03756460007072726,181.340087890625,186.5795135498047,190.1491241455078,190.1491241455078,193.7787322998047,-0.01919342223193743,-0.03756460007072726,-0.04451629037454152,0.023651356025577153,0.02631690909576673,184.80637105305993,3.0021557745872425,1.009161700735977,0.5639749542719352,187.38656616210938,3.193550395949501,0.9952661790995627,-0.277764347944676,189.29278891427177,4.131522920545608,0.9852436153984354,-0.6760889989575292,0.8987132926404966,2.4849066497880004,3.534644064498579,0.26773636203936557,0.37542093557898293,0.35684272629970853,-0.10768457353961736
180.6201629638672,195.97847686300787,179.83025642841662,343504800.0,-0.0320323418810927,0.0228332795109687,185.6947106503605,188.24760858828256,0.3893217454328961,42.18486759150583,-1.7376540428069518,-0.1741870336071852,-1.5634670091997669,0.1472879326069716,0.1036364628368397,0.0280544140594957,-0.0284832874448238,-0.0189511339038446,0.0,0.0,-0.0501130953111768,-0.0924893753667054,0.8315185940075096,0.478991249016341,0.1884232582874863,1064.0,0,2025-11-20,-0.03152474073899536,-0.03194000494779259,-0.033286940517670005,186.49951171875,181.340087890625,186.5795135498047,190.1491241455078,186.8394775390625,-0.03194000494779259,-0.033286940517670005,-0.03955768995780651,0.022766294735156806,0.02585578505651098,182.81992085774743,3.20688550673893,0.9879676247338939,-0.6859483724185625,186.4980926513672,4.105926505542399,0.9684826284068868,-1.4315720652977242,188.76141793387276,4.736465539732775,0.9568701323654094,-1.7188460259472078,0.8805106743190464,3.2188758248682006,3.4105623931206797,0.30586066873123247,0.1874209684707845,0.5067183414939791,0.11843970026044798
178.86036682128906,184.5397359279593,172.91100782704066,346926200.0,-0.0097908512684028,0.0205924992918637,183.98612469309265,186.99597635268344,0.0099602683863515,40.59647371634433,-2.314756848314147,-0.6023009965485776,-1.7124558517655697,0.1502678874356614,0.0888646793212128,-0.0320323418810927,0.0280544140594957,-0.0284832874448238,-0.0189511339038446,0.0,-0.0593679164968451,-0.0739283229037165,0.1435011148395794,0.2476355327054288,-0.6880174791679302,1310.0,1,2025-11-21,-0.009743076928405703,-0.013674423003652514,-0.05936791649684514,180.6201629638672,186.49951171875,181.340087890625,190.1491241455078,190.1491241455078,-0.013674423003652514,-0.05936791649684514,-0.04926919693784981,0.02053681940031296,0.025908486733257248,181.99334716796878,4.000419957317788,0.9827851930005542,-0.7831628629261026,184.88541303362166,4.617926498102837,0.9674119979858177,-1.304708122748996,188.09934779575892,5.428825918231527,0.9508824401427395,-1.7018377663285817,0.7926676541069848,3.5553480614894135,2.9791596131364084,0.17734619468340976,0.4147834011956173,0.4078703997656703,-0.23743720651220754
178.86036682128906,184.5397359279593,172.91100782704066,346926200.0,0.0,0.0205924992918637,182.70468522514176,185.9112284151642,0.0,40.59647371634433,-2.7405239255826075,-1.0299455823553836,-1.710578343227224,0.1489299600825981,0.1244201891859017,-0.0097908512684028,-0.0320323418810927,0.0280544140594957,-0.0284832874448238,-0.0189511339038446,-0.0413718879508983,-0.0769865985883047,-0.3208571466047098,0.0408907349113409,-0.4643582614442892,1170.0,0,2025-11-22,0.0,-0.040960669693232865,-0.05936791649684514,178.86036682128906,180.6201629638672,186.49951171875,186.5795135498047,190.1491241455078,-0.040960669693232865,-0.05936791649684514,-0.04926919693784981,0.02053681940031296,0.025908486733257248,179.4469655354818,1.0160187766414182,0.9967310747638318,-0.5773502691867806,183.2727334158761,4.4411118952387,0.975924587840491,-0.993527454085884,187.4372776576451,5.9637308553528205,0.9542411683335382,-1.4381787247588014,0.7926676541069848,3.1780538303479458,1.71018185338353,0.20950448010926656,0.3679654225707054,0.4225300854962805,-0.15846094246143885
182.52996826171875,183.4798609481747,176.4606271183833,256618300.0,0.0203089413939496,0.0225977387778833,181.94019628356364,184.6456274994126,-0.2603086766003836,30.385179578853496,-2.952344418044987,-1.7364934288183194,-1.2158509892266678,0.1220992920598962,0.2935121432308653,0.0,0.0,-0.0097908512684028,-0.0320323418810927,0.0280544140594957,-0.0212844710447152,-0.0400693714369079,0.1885220412767419,0.1818198302575568,-0.0245134750074297,403.0,0,2025-11-24,0.020516571142315865,0.020516571142315865,-0.021704126091018905,178.86036682128906,178.86036682128906,178.86036682128906,186.49951171875,186.5795135498047,0.020516571142315865,-0.021704126091018905,-0.0828937213137968,0.02254029749818438,0.02046485323239954,180.08356730143234,2.11864537945313,1.0135848095245221,1.1547005383779148,181.081547328404,2.784867101114172,1.0079987218724606,0.5201041488605509,185.59676579066686,5.3905336043920915,0.9834760184754128,-0.5689228106192221,1.1014150574263117,2.3978952727983707,1.35460298314417,0.1411460096016526,0.4434929348528385,0.41536104343831537,-0.3023469252511859
177.80047607421875,178.14043506786686,169.53138015579162,320600300.0,-0.0262523685358681,0.0221927602457441,180.90526623122744,183.73294064272008,0.2493275031437742,31.246954438777223,-3.225055449533869,-2.034205832961429,-1.1908496165724398,0.1237693687566003,0.1280154082624948,0.0203089413939496,0.0,0.0,-0.0097908512684028,-0.0320323418810927,-0.0156111413220931,-0.0649419140202797,0.3188775874345675,0.5378357263827893,0.1303555461578256,951.0,0,2025-11-25,-0.02591077088622873,-0.005925799918152452,-0.01951919102708921,182.52996826171875,178.86036682128906,178.86036682128906,180.6201629638672,181.340087890625,-0.005925799918152452,-0.01951919102708921,-0.07941603837205702,0.022147824292281546,0.020159442255903912,179.73027038574222,2.481848755767021,0.9892628308665998,-0.7775632205787087,180.57588849748885,3.039782284006454,0.9846302158811823,-0.9130300014815813,184.5011716570173,5.297658819623544,0.9636820973947258,-1.26484090632222,1.0986327900909716,1.9459101490553132,3.6570587114737325,0.15842767556508378,0.09550422259295975,0.7460681150356928,0.06292345297212402
180.24020385742188,182.8899220695924,178.22043661727494,183852000.0,0.0136284264975356,0.0193339839775867,180.73900063777603,183.26724240468036,-0.4265382783484607,34.14518736233869,-3.2073430105926093,-2.2688332684876653,-0.938509742104944,0.1271161729150152,0.2567770818399133,-0.0262523685358681,0.0203089413939496,0.0,0.0,-0.0097908512684028,0.0077146047537266,-0.0521113117539439,1.1419062679052183,0.8153855135988771,0.8230286804706508,852.0,0,2025-11-26,0.013721716820289664,0.0077146047537266504,-0.03356206031663744,177.80047607421875,182.52996826171875,178.86036682128906,178.86036682128906,186.49951171875,0.0077146047537266504,-0.03356206031663744,-0.06986591501402062,0.019210721923668014,0.020702165242014788,180.19021606445315,2.3651423154855795,1.0002774167990944,0.021135215687204324,179.68170166015625,1.5741685326257902,1.003108286442667,0.354791869923874,183.5341339111328,4.672652875877811,0.982052765970466,-0.7049378888630016,0.9279571339079108,3.1354942159291497,3.342719135141273,0.17111550339243628,0.42334797618572007,0.40553651191294193,-0.25223247279328376
180.24020385742188,182.8899220695924,178.22043661727494,183852000.0,0.0,0.0151800374154393,180.6143014426875,182.86363726504587,0.0,40.77181422859118,-3.156914826116207,-2.4464495800133736,-0.7104652461028333,0.1297989308915192,0.2776720945992815,0.0136284264975356,-0.0262523685358681,0.0203089413939496,0.0,0.0,0.0077146047537266,-0.0339764509606282,-0.2342932737198152,-0.0501839421795761,-1.3761995416250334,1031.0,0,2025-11-27,0.0,-0.012544594326635239,-0.002103636162266831,180.24020385742188,177.80047607421875,182.52996826171875,178.86036682128906,180.6201629638672,-0.012544594326635239,-0.002103636162266831,-0.03532055306813264,0.015139487779521031,0.01871404261865436,179.42696126302087,1.4085774923853749,1.0045324436677545,0.5773502691881062,179.62742178780692,1.5426508769348501,1.0034114060287456,0.3972266692205242,183.06275721958704,4.646353728257744,0.9845814986891109,-0.6074770728279327,0.8089907716908705,2.9444389791664403,2.647128200481826,0.24843409052118653,0.26341016807903844,0.4881557366914219,-0.014976077557851908
176.98056030273438,179.2703020816569,176.48061521713345,121332800.0,-0.0182505294124435,0.0163529232009303,179.7058661576992,182.07922700340436,-0.3400517807801927,31.559768601553913,-3.3414578731127165,-2.6254512386332425,-0.716006634479474,0.1358836162976748,0.1795175387120109,0.0,0.0136284264975356,-0.0262523685358681,0.0203089413939496,0.0,-0.0105099108984435,-0.0240406169347401,0.4302648342876469,0.8015331043495421,0.6645581080074622,758.0,1,2025-11-28,-0.01808499704797284,-0.004611437435871224,-0.010509910898443553,180.24020385742188,180.24020385742188,177.80047607421875,178.86036682128906,178.86036682128906,-0.004611437435871224,-0.010509910898443553,-0.06925387588268073,0.016299535616484714,0.018192484317451477,179.1536560058594,1.8819560837637865,0.9878702129134671,-1.1547005383775917,179.35887799944197,1.834453706341553,0.9867398942096695,-1.2964719079505536,182.12214551653182,4.429289372147831,0.9717684787908963,-1.160814925782148,0.8959488617422682,2.302585092994046,2.83909135465052,0.277442250193821,0.2458454716122812,0.47671229682034916,0.03159677858153981
176.98056030273438,179.2703020816569,176.48061521713345,121332800.0,0.0,0.0163529232009303,179.024539693958,181.39940477664837,0.0,31.559768601553913,-3.447963589442025,-2.7899537087949997,-0.6580098806470263,0.1406863953863736,0.2110008768931212,-0.0182505294124435,0.0,0.0136284264975356,-0.0262523685358681,0.0203089413939496,-0.0304027224232429,-0.05104008760286,0.0465110101709149,0.5420800082607478,-0.383753824116732,734.0,1,2025-11-29,0.0,-0.01808499704797284,-0.010509910898443553,176.98056030273438,180.24020385742188,180.24020385742188,182.52996826171875,178.86036682128906,-0.01808499704797284,-0.010509910898443553,-0.06925387588268073,0.016299535616484714,0.018192484317451477,178.0671081542969,1.8819560837638152,0.9938980990772253,-0.5773502691887946,179.09033421107702,2.0450914287672757,0.9882194987371231,-1.0316281603186608,181.18153381347656,3.967743631089322,0.9768134565243993,-1.0587814892639205,0.8959488617422682,1.9459101490553132,3.8428071207292587,0.12345931942885117,0.3079936841192345,0.5685470004876455,-0.1845343646903833
179.90025329589844,180.2802164760195,173.66093259662904,188131000.0,0.0163626511930499,0.0155223190737133,178.86022195858868,180.68889588445165,0.5505370353276278,40.4734835294937,-3.2540007624455427,-2.9951089591786246,-0.2588918032669181,0.1154409007076003,0.3664636174625972,0.0,0.0,-0.0182505294124435,0.0,0.0136284264975356,-0.0018860972982052,0.0058139569603388,-0.0491416169754853,0.0423337962735708,-0.384759603193649,362.0,1,2025-12-01,0.016497252512760685,0.016497252512760685,-0.014407031299373929,176.98056030273438,176.98056030273438,176.98056030273438,180.24020385742188,182.52996826171875,0.016497252512760685,-0.014407031299373929,-0.03579846536647402,0.015447576442733693,0.018570595506862946,177.95379130045578,1.6856855355574103,1.010938019253303,1.1547005383771174,178.4461168561663,1.6027283599697084,1.0081488825049874,0.9072881444236889,179.76383209228516,2.5758428942868323,1.0007588912743206,0.05296177182073516,0.8318298913475817,2.0794415416798357,1.6782447088096408,0.10784216438020976,0.06720949403409442,0.8249483534267971,0.04063267034611534
181.4400787353516,185.63961443898967,179.98023235974816,182632200.0,0.0085229055491925,0.0115508577076716,179.5051861527794,180.78905359790497,-0.0292285694542632,50.15944170827695,-2.907526154169034,-2.9775923981767067,0.0700662440076729,0.1007856271542424,0.4640427411865283,0.0163626511930499,0.0,0.0,-0.0182505294124435,0.0,0.0066570878874441,0.014423049443033,0.4221339537544364,0.5931002833004262,0.4712755707299217,762.0,1,2025-12-02,0.008559328912786324,0.025197786835960745,0.020470151382573132,179.90025329589844,176.98056030273438,176.98056030273438,180.24020385742188,177.80047607421875,0.025197786835960745,0.020470151382573132,0.0005513995602941524,0.011544124318636618,0.01721105281406532,179.44029744466152,2.2650597567257966,1.011144549575364,0.8828823543184585,178.966060093471,1.917767717063995,1.0138239543329526,1.2900512506635589,179.7709742954799,2.5806837543608236,1.0092846158642288,0.6467682981501495,0.6707389979770708,3.044522437723423,3.125528928594244,0.3145061824470758,0.18933276087045664,0.4961610473692417,0.12517342157661915
179.57028198242188,182.4299686383783,179.09033894604931,165138000.0,-0.0103587801134317,0.0113928451038962,179.52146011019002,180.62655071584052,-0.0957892419847102,37.65588014313413,-2.7520950635403096,-2.9324929312494272,0.1803978677091176,0.0985976421408011,0.379106667575301,0.0085229055491925,0.0163626511930499,0.0,0.0,-0.0182505294124435,0.014632803033608,0.0039691026790866,0.6666748916326445,0.2235114942200445,0.244540937878208,748.0,1,2025-12-03,-0.010305312728931315,0.014632803033608033,-0.003716828214031187,181.4400787353516,179.90025329589844,176.98056030273438,176.98056030273438,180.24020385742188,0.014632803033608033,-0.003716828214031187,-0.037154144117962806,0.011380541600733,0.015327255851386334,180.30353800455737,0.9980049556516797,0.9959332133453923,-0.7347218247595666,178.870356968471,1.8594141659227839,1.0039130296702783,0.3764223306341932,179.2760293143136,1.707822418869625,1.0016413386063587,0.17229699344445387,0.7425035316875488,3.1780538303479458,1.9634133765622435,0.3060321128400771,0.15375434437199775,0.5402135458653388,0.15227776846807933
183.37008666992188,184.51002440204851,179.95027347354184,167364900.0,0.0209397678385551,0.0140053246013351,180.483616750123,180.99235550971807,0.0134850852014678,55.290882732696495,-2.295837338676876,-2.805161812734917,0.5093244740580416,0.0891973415217437,0.6219079993169769,-0.0103587801134317,0.0085229055491925,0.0163626511930499,0.0,0.0,0.0361029841710178,0.0046026327413728,-0.0488288677617387,-0.0460484798046599,-0.7155037593943833,838.0,0,2025-12-04,0.021160543078458716,0.019287540236623713,0.01736506476088917,179.57028198242188,181.4400787353516,179.90025329589844,176.98056030273438,180.24020385742188,0.019287540236623713,0.01736506476088917,0.01522489882043132,0.014030070634453766,0.014095088117851963,181.46014912923184,1.899981850263222,1.0105253828449674,1.0052398871207304,179.3174830845424,2.5071950058397245,1.0226001587556792,1.6163894615058674,179.47245243617468,2.006355443450824,1.021717172640371,1.9426439350364932,0.9953872240560278,1.791759469228055,2.3313289567964484,0.5305381402373314,0.038700217567384176,0.43076164126396177,0.4918379226699472
182.40013122558597,184.6500094505641,180.9002124089338,143971100.0,-0.0053036451329681,0.011433223720573,180.96274536898872,181.18005893850045,-0.1397772173257355,57.024027671971886,-1.9895824348286053,-2.642045937153655,0.6524635023250496,0.0772687525738713,0.5993811964065651,0.0209397678385551,-0.0103587801134317,0.0085229055491925,0.0163626511930499,0.0,0.0306224079841372,0.0258697572297115,0.7440761055038285,0.6835755105108832,0.7929049732655673,665.0,1,2025-12-05,-0.005289605638251649,0.005291292292893601,0.030622407984137512,183.37008666992188,179.57028198242188,181.4400787353516,176.98056030273438,176.98056030273438,0.005291292292893601,0.030622407984137512,0.019790658306284792,0.011499344211152304,0.013878384737651437,181.7801666259766,1.9743089916153862,1.0034105183811663,0.31401599356649734,180.09170750209265,2.502056091699933,1.012818045625263,0.9226107005158879,179.7252927507673,2.141758215533945,1.014882927349174,1.248898430933217,0.8285794369106296,2.4849066497880004,1.4971121889403043,0.24137174532833425,0.15947478484701022,0.5991534746505998,0.08189696048132403
182.40013122558597,184.6500094505641,180.9002124089338,143971100.0,0.0,0.011433223720573,181.322091833138,181.3427352434452,0.0,57.024027671971886,-1.7269658299921673,-2.459029915721357,0.7320640857291902,0.0617465139381516,0.6593711120057297,-0.0053036451329681,0.0209397678385551,-0.0103587801134317,0.0085229055491925,0.0163626511930499,0.0138959111167882,0.0119836047781696,0.5072401876634595,0.4262691038317414,-0.236835917840369,692.0,1,2025-12-06,0.0,0.01575900651223061,0.030622407984137512,182.40013122558597,183.37008666992188,179.57028198242188,179.90025329589844,176.98056030273438,0.01575900651223061,0.030622407984137512,0.019790658306284792,0.011499344211152304,0.013878384737651437,182.72344970703134,0.5600040368980809,0.9982305583549141,-0.5773502691806709,180.86593191964286,2.1990652243651563,1.008482522328333,0.6976597551289138,179.97813306535994,2.238549258178876,1.0134571801528047,1.0819499063408549,0.8285794369106296,2.70805020110221,2.8837554252972404,0.34203371046377073,0.1693345100086714,0.48863179050385946,0.17269920045509934
185.5399627685547,187.98982714518385,182.39012406320572,204378100.0,0.0170674944812838,0.0115594791583718,182.57869195307612,182.02455356028497,0.4195772623811307,56.10106722206174,-1.0573269011531463,-2.0254895754899134,0.9681626743367668,0.0599088531024857,0.9543261037660614,0.0,0.0,-0.0053036451329681,0.0209397678385551,-0.0103587801134317,0.0332442580154614,0.0483635177286081,0.9611271227967148,1.0082105182497756,0.466377566537069,427.0,0,2025-12-08,0.017213976338018577,0.017213976338018577,0.03134909133996655,182.40013122558597,182.40013122558597,182.40013122558597,179.57028198242188,179.90025329589844,0.017213976338018577,0.03134909133996655,0.01649041270045082,0.011627746976855053,0.013554393240113162,183.44674173990893,1.8127825865457776,1.0114105108043485,1.154700538377495,182.4458291190011,1.8126631017831452,1.0169591909252989,1.7069546163927736,180.4459729875837,2.647478596513429,1.0282299997978979,1.9240910153832655,0.8578581697367057,2.1972245773362196,2.8925136728599434,0.0642685093916952,0.12313262047246094,0.8125988878309727,-0.05886411108076574
184.95999145507807,185.7099508683659,183.31008684903043,144719700.0,-0.0031307522745196,0.0117066055518156,183.17401682857664,182.41594527959077,-0.2919021167140706,67.44670123240832,-0.7435195184791894,-1.7690955640877686,1.0255760456085792,0.0564173784489519,0.9332672807037348,0.0170674944812838,0.0,0.0,-0.0053036451329681,0.0209397678385551,0.0086704697261674,0.0450864837284643,-0.2592426591774419,-0.0227765067571202,-1.2203697819741568,704.0,0,2025-12-09,-0.003125856580019293,0.014034311336794891,0.019399863273100948,185.5399627685547,182.40013122558597,182.40013122558597,183.37008666992188,181.4400787353516,0.014034311336794891,0.019399863273100948,0.040267132793675664,0.011781755391869729,0.011206236552396125,184.30002848307296,1.6707180710336784,1.00358091627786,0.39501755768810415,182.94867379324776,1.9686710482119218,1.0109938903634978,1.0216626407225915,180.95736694335938,2.7850595058020113,1.022119157563624,1.4371773757006534,1.0513570132829781,2.833213344056216,2.4682471235780783,0.4417593248654157,0.030274718010332394,0.5279659682419151,0.4114846068550833
183.77005004882807,185.46995496958337,182.03013874897007,162785400.0,-0.0064542912330279,0.0110529690299049,183.3230251336395,182.5964925821557,0.1248323483257636,59.15964643033041,-0.5841099773559506,-1.5320984467414052,0.9479884693854546,0.0585865141173995,0.7895874465757975,-0.0031307522745196,0.0170674944812838,0.0,0.0,-0.0053036451329681,0.0075105144609128,0.0383629124830431,0.643274765537062,0.494309393487294,0.902517424714504,727.0,0,2025-12-10,-0.006433507035163322,0.007510514460912443,0.023387879219442853,184.95999145507807,185.5399627685547,182.40013122558597,182.40013122558597,179.57028198242188,0.007510514460912443,0.023387879219442853,0.019584122276062654,0.011136770800546935,0.010999288110198067,184.7566680908203,0.9023043010603741,0.9946599056359511,-1.0934426898251355,183.54864065987724,1.2906974997271734,1.0012062709271767,0.17154243267507166,181.2094988141741,2.8735144723596435,1.0141303367175014,0.8910869457188811,1.0124992353115472,3.1354942159291497,1.9038505252234692,0.2896996943110769,0.22340629774738438,0.48689401065084065,0.06629339656369251
180.92019653320312,181.31019006496976,176.61043233199788,182136600.0,-0.0156292171442414,0.0099105595060834,182.7223179835304,182.37298644229537,0.1188755256921074,51.53717094869704,-0.6798986802596403,-1.3616584934450522,0.6817598131854119,0.0577635616591028,0.5108165160303965,-0.0064542912330279,-0.0031307522745196,0.0170674944812838,0.0,0.0,-0.0081136712042848,0.0056694930586178,0.4665201690466668,0.3928023015313963,-0.1767545964903951,712.0,0,2025-12-11,-0.015507714749317003,-0.024899036123631868,-0.013360358721587473,183.77005004882807,184.95999145507807,185.5399627685547,182.40013122558597,183.37008666992188,-0.024899036123631868,-0.013360358721587473,0.003772702544872608,0.00992702787438917,0.011899710849063007,183.21674601236978,2.0759563507651473,0.9874653953355792,-1.1062609665758167,183.1986563546317,1.633748966697061,0.9875629010235861,-1.3946205126206934,181.25806971958704,2.8615924256076593,0.9981359550672331,-0.11807173633826243,0.8342242933718707,2.9444389791664403,2.3066638313156993,0.2966373907402157,0.17548397442118988,0.5278786504641175,0.12115341631902585
175.01052856445312,182.81010931847595,174.61054106596097,204274900.0,-0.0332098955687601,0.0155219703326707,180.7943706287611,181.3913253919164,0.1215477833669893,46.02308500768227,-1.218625180836483,-1.3330518309233383,0.1144266500868553,0.0639857501880102,0.0150714336897143,-0.0156292171442414,-0.0064542912330279,-0.0031307522745196,0.0170674944812838,0.0,-0.0405131433375649,-0.0354362179277742,0.1767000498485884,0.5037042797715252,-0.2898201191980784,864.0,1,2025-12-12,-0.03266450115570951,-0.05379251378826655,-0.04051314333756506,180.92019653320312,183.77005004882807,184.95999145507807,182.40013122558597,182.40013122558597,-0.05379251378826655,-0.04051314333756506,-0.011131345357430322,0.015386225761968313,0.014074844045096707,179.90025838216147,4.46794242720058,0.9728197732361167,-1.0944030495871981,182.14299883161272,3.526606461418949,0.960841370171173,-2.0224741107885915,181.11735316685267,3.124477966645337,0.9662824986362644,-1.9545103750423516,1.0931720246895706,2.3978952727983707,2.4173995507335433,0.29429069226607674,0.2737294798716902,0.43197983372956517,0.02056121239438652
175.01052856445312,182.81010931847595,174.61054106596097,204274900.0,0.0,0.0155219703326707,179.34841011268412,180.540552481588,0.0,46.02308500768227,-1.6268168815067838,-1.3918048410400274,-0.2350120404667564,0.069401792062571,0.0678105038777115,-0.0332098955687601,-0.0156292171442414,-0.0064542912330279,-0.0031307522745196,0.0170674944812838,-0.0567502226851049,-0.0253925837150219,0.2809751040904926,0.3414906472584393,0.1042750542419041,872.0,1,2025-12-13,0.0,-0.04766566413867501,-0.04051314333756506,175.01052856445312,180.92019653320312,183.77005004882807,185.5399627685547,182.40013122558597,-0.04766566413867501,-0.04051314333756506,-0.011131345357430322,0.015386225761968313,0.014074844045096707,176.98041788736984,3.4119483925805416,0.9888694503808305,-0.5773502691893994,181.08734130859375,4.427693986054678,0.966442641985753,-1.3724554504624662,180.9766366141183,3.3605602644332926,0.9670338218165353,-1.7753313674531768,1.0931720246895706,2.833213344056216,1.9439148487488405,0.2630194848170504,0.3944082272355445,0.34257229563081637,-0.13138874241849408
176.28045654296875,178.4103461991077,175.02053019793698,164775600.0,0.0072300945050929,0.0133946430767308,177.76806892996194,179.33351470379208,-0.1933634528764914,42.17123765509712,-2.0408457199414443,-1.6074179974982143,-0.4334277224432299,0.0751520994740104,0.2271884993140819,0.0,0.0,-0.0332098955687601,-0.0156292171442414,-0.0064542912330279,-0.0407552455031131,-0.0335508239029093,0.0986594053778054,0.1237854317073303,0.2480219631987881,390.0,0,2025-12-15,0.007256294743706926,0.007256294743706926,-0.04990572428397211,175.01052856445312,175.01052856445312,175.01052856445312,183.77005004882807,185.5399627685547,0.007256294743706926,-0.04990572428397211,-0.020121132052970947,0.013211792381356629,0.013406793869605613,175.43383789062503,0.7331932602540233,1.0048258572150235,1.1547005383688342,178.70889718191964,4.406669339466725,0.9864111934142886,-0.5510830180066942,180.57736315046037,3.773421261171588,0.976204622038304,-1.1387296328948704,0.9854550245088,1.6094379124341003,2.1959639741609855,0.054572846274822895,0.06436094432137902,0.8810662031173706,-0.009788098046556129
177.71038818359375,178.48035080582065,174.8905333961456,148588100.0,0.0080789627161942,0.0145943984897866,177.7536487433699,179.11709783443231,-0.0982396665525721,41.8950365973272,-1.9918641311678584,-1.6843072242321433,-0.3075569069357151,0.0760166102952393,0.343948909807569,0.0072300945050929,0.0,0.0,-0.0332098955687601,-0.0156292171442414,-0.0177415701017121,-0.025711292039544,-0.1445535361369622,0.2277145533864206,-0.2432129415147677,671.0,1,2025-12-16,0.008111685598434226,0.015426841123711732,-0.03919552122841152,176.28045654296875,175.01052856445312,175.01052856445312,180.92019653320312,184.95999145507807,0.015426841123711732,-0.03919552122841152,-0.02055604570805969,0.014418502010297733,0.013381809844317707,176.33379109700525,1.3507197791425483,1.0078067685043488,1.0191581613340872,177.6732395717076,3.4381473163383456,1.000209083888917,0.010804834251755147,180.31095668247767,3.8389186957053476,0.9855773129557321,-0.6774221349863984,1.0774702508883904,2.1972245773362196,2.654269560324804,0.15004621655680236,0.30330687481909985,0.546646901872009,-0.15326065826229748
170.93075561523438,176.12047730871902,170.30078481189744,222775500.0,-0.03889665598996,0.0192712559675601,176.047925461336,178.02558553853927,0.4992822440020432,34.527247566225086,-2.4716143262580488,-1.8417686446373245,-0.6298456816207243,0.0881483930562259,-0.0342525159401088,0.0080789627161942,0.0072300945050929,0.0,0.0,-0.0332098955687601,-0.0233115857810591,-0.0628803035024501,-0.2828466018966075,-0.1513970596915912,-0.1382930657596452,709.0,1,2025-12-17,-0.038149894542773066,-0.023311585781059185,-0.06986608770135427,177.71038818359375,176.28045654296875,175.01052856445312,175.01052856445312,183.77005004882807,-0.023311585781059185,-0.06986608770135427,-0.048112228102605625,0.01898294808781266,0.01651079042260816,174.973866780599,3.573686758215753,0.9768930570047109,-1.1313557787541624,175.83905465262276,3.0459123838528677,0.9720864113658656,-1.6114380254036498,179.69384765625,4.588387525768466,0.9512332105115852,-1.9098413095672377,1.1497298192229115,2.5649493574615367,1.141087047866959,0.2582399751991033,0.2657917822555949,0.47596824541687965,-0.007551807056491611
174.1305694580078,176.14045512074784,171.8107030234881,176096000.0,0.0185468804192313,0.0218645910527445,175.56858646050395,177.5062500611351,-0.2095360576005889,33.08928380922801,-2.564064636078882,-1.986227842925636,-0.577836793153246,0.0913401531922379,0.1881616152918918,-0.03889665598996,0.0080789627161942,0.0072300945050929,0.0,0.0,-0.0050280352482978,-0.0614929158133933,-0.0739942037140554,-0.0008888249179598,0.208852398182552,704.0,1,2025-12-18,0.018719942068098128,-0.012195833429991754,-0.037528298140828364,170.93075561523438,177.71038818359375,176.28045654296875,175.01052856445312,180.92019653320312,-0.012195833429991754,-0.037528298140828364,-0.05038726533704374,0.02159700221661001,0.016242362621591233,174.25723775227868,3.3915907894496318,0.9992730959361875,-0.03734775276100636,174.86910792759485,2.088892681323936,0.9957766212778255,-0.353555008445411,179.03388214111328,4.68245883316072,0.972612375800237,-1.047166212841143,1.3296712257797254,2.772588722239781,1.8958456642750474,0.1974958607926964,0.3495118566478292,0.4529922929902871,-0.15201599585513279
180.98020935058597,181.4401759084778,176.3304518785618,324925900.0,0.0385822676934238,0.0234604367116396,176.92149218302444,177.96944463306187,0.8451634335816827,47.8614482473969,-2.060867085264704,-2.00115569139345,-0.0597113938712539,0.0908299391192309,0.5947603927765156,0.0185468804192313,-0.03889665598996,0.0080789627161942,0.0072300945050929,0.0,0.0341104094427913,-0.0215169890157502,0.4142813186810764,0.5108273561004119,0.4882755223951318,761.0,1,2025-12-19,0.03933622863520214,0.018399718780728547,0.034110409442791534,174.1305694580078,170.93075561523438,177.71038818359375,175.01052856445312,175.01052856445312,0.018399718780728547,0.034110409442791534,-0.007784653801832464,0.023430356073174702,0.019854509054574164,175.34717814127612,5.134002591634078,1.0321250177449184,1.0972006945397619,175.721919468471,3.120239946444498,1.029923926952428,1.685219717831887,178.93245915004186,4.618882760341628,1.0114442634403575,0.4433431863926857,1.1801025151904585,2.6390573296152584,2.3351162789876225,0.14975930693057865,0.306157860904932,0.544082828439199,-0.15639855397435337
180.98020935058597,181.4401759084778,176.3304518785618,324925900.0,0.0,0.0234604367116396,177.93617147491483,178.37087992873174,0.0,47.8614482473969,-1.6431383251081115,-1.9295522181363824,0.2864138930282707,0.0900876137613704,0.5830772636119999,0.0385822676934238,0.0185468804192313,-0.03889665598996,0.0080789627161942,0.0072300945050929,0.0266606571130112,-0.0151811500160168,0.4593918418152409,0.3884332016608844,0.0451105231341645,649.0,1,2025-12-20,0.0,0.05879254262452882,0.034110409442791534,180.98020935058597,174.1305694580078,170.93075561523438,176.28045654296875,175.01052856445312,0.05879254262452882,0.034110409442791534,-0.007784653801832464,0.023430356073174702,0.019854509054574164,178.69699605305996,3.9546414358332043,1.0127770099551536,0.5773502691894374,176.5747310093471,3.662146609494731,1.0249496534190143,1.2029770544458631,178.83103615897042,4.551986311455564,1.0120178982226835,0.4721396429086177,1.1801025151904585,2.833213344056216,2.901570792141329,0.2707854093750938,0.11257212504278866,0.6166424582479522,0.15821328433230517
183.6800537109375,184.15002947617,182.34012994783168,129064400.0,0.0148077208637686,0.0237645579671711,179.94289913560883,179.38029227732898,-0.6027882049414959,47.16115710370996,-0.7958913939984598,-1.6016329359087225,0.8057415419102627,0.0920486548240038,0.7343301470335788,0.0,0.0,0.0385822676934238,0.0185468804192313,-0.03889665598996,0.0745875021134396,0.049537163378668,-0.1579529157021544,-0.2049152456554892,-0.2010662954347839,353.0,1,2025-12-22,0.014917898316282319,0.014917898316282319,0.04197627640115109,180.98020935058597,180.98020935058597,180.98020935058597,170.93075561523438,176.28045654296875,0.014917898316282319,0.04197627640115109,-0.010024304359364744,0.02372824358320719,0.01970698070470044,181.8801574707032,1.5587558682220617,1.0098960560913535,1.1547005383769788,178.48462785993303,4.514688771778667,1.0291085339577906,1.1507827258173575,178.59676252092635,4.28757538431678,1.0284623927010745,1.1855864292450613,1.2040527130341998,2.0794415416798357,2.5156406989225872,0.11661433974014858,0.16630620615822925,0.717079468603645,-0.04969186641808067
189.19976806640625,189.31975669034463,182.89009670029145,174873600.0,0.0296080252053889,0.0254320853467891,182.2571163683082,180.6895557158726,0.354932886218043,55.623349067868524,0.046208139151588,-1.2720647208966605,1.3182728600482485,0.1029301520696749,0.9805046457881714,0.0148077208637686,0.0,0.0,0.0385822676934238,0.0185468804192313,0.0865396504203843,0.0810764907593972,0.3910264472053059,0.3613854695957755,0.5489793629074603,721.0,1,2025-12-23,0.030050700900573935,0.04541689251722403,0.06465226934816415,183.6800537109375,180.98020935058597,180.98020935058597,174.1305694580078,177.71038818359375,0.04541689251722403,0.06465226934816415,0.022922668724051576,0.025421539294180572,0.021302099350632375,184.62001037597665,4.189621136788755,1.0248063992689795,1.0931197692829757,180.12596784319197,6.022890947869911,1.050374747915933,1.506552302167013,178.89960370744978,4.880353076288247,1.0575751099806798,2.1105367169029203,1.193381876393601,2.6390573296152584,1.9530085157731416,0.3295270949602127,0.11037870245770762,0.5600942080983748,0.2191483925025051
188.59979248046875,188.899779295176,186.57989753660075,65528500.0,-0.0031761608692625,0.0161049989601853,183.84278539634835,181.7442539511521,-0.625280774227785,56.50768326130498,0.6575848418678447,-0.8861348083437595,1.5437196502116042,0.1098603015744176,0.906109671358049,0.0296080252053889,0.0148077208637686,0.0,0.0,0.0385822676934238,0.0421017477945477,0.077648265092868,-0.5961278765070835,-0.2724657923581897,-0.9871543237123894,772.0,1,2025-12-24,-0.0031711222062752453,0.04210174779454756,0.10336955922085456,189.19976806640625,183.6800537109375,180.98020935058597,180.98020935058597,170.93075561523438,0.04210174779454756,0.10336955922085456,0.026281444829325595,0.0163759297475157,0.0212224303370075,187.15987141927087,3.0285047694137925,1.0076935352128567,0.4754560982502909,182.65011596679688,5.1689102983842465,1.0325741732064022,1.1510504478152173,179.24458530970983,5.394714238710211,1.0521924115843968,1.7341432292427772,0.7716331017451611,3.044522437723423,1.524390085525989,0.24532374665141102,0.08409820592496538,0.6705780523829162,0.16122554072644563
188.59979248046875,188.899779295176,186.57989753660075,65528500.0,0.0,0.0167549237429266,185.0320371673785,182.65832575506096,0.0,61.20842245167566,1.129089838675526,-0.4830898789399024,1.6121797176154282,0.1164488401031499,0.8677569592985922,-0.0031761608692625,0.0296080252053889,0.0148077208637686,0.0,0.0,0.0421017477945477,0.0698848651693679,0.2251080094642075,0.1877829895196547,0.821235885971291,639.0,1,2025-12-25,0.0,0.02678428424935886,0.08309410040693765,188.59979248046875,189.19976806640625,183.6800537109375,180.98020935058597,174.1305694580078,0.02678428424935886,0.08309410040693765,0.04244742209229391,0.01704210772981538,0.02063119274866772,188.79978434244796,0.34639606606137063,0.9989407198600584,-0.5773502691678424,184.71714782714844,3.941519059035065,1.0210194056101036,0.9850630163566517,179.79312787737166,5.940978197631035,1.0489822092038117,1.4823593539879927,0.8260359901351748,2.3978952727983707,4.115734031820611,0.31708602933213115,0.20755997570231552,0.47535399682819846,0.10952605362981563
190.51968383789065,192.6795705614005,187.98982202804387,139740300.0,0.0101282465787828,0.0117730096598608,186.4039488350065,183.7065068327716,1.1325118078393372,75.61940808643384,1.6387891913115027,-0.0587140648896214,1.697503256201124,0.1254916502645761,0.9070477144429592,0.0,-0.0031761608692625,0.0296080252053889,0.0148077208637686,0.0,0.0527100422832713,0.0720796110189321,0.3660493418279144,0.6919820955895121,0.1409413323637069,398.0,0,2025-12-26,0.010179710869091974,0.006976307555626171,0.05271004228327136,188.59979248046875,188.59979248046875,189.19976806640625,180.98020935058597,180.98020935058597,0.006976307555626171,0.05271004228327136,0.08861841285009198,0.011925630511068559,0.017903891285547622,189.2397562662761,1.1084497920264764,1.0067635236742412,1.1547005383749416,186.0799298967634,4.080807214876358,1.0238593917333827,1.0879597362361022,180.9009246826172,6.40818370525409,1.0531714206113052,1.5010117683403825,0.6660915395914611,1.3862943611198906,1.7158314922711508,0.30953638503948844,0.051558141596615266,0.6389054854710897,0.2579782434428732
190.51968383789065,192.6795705614005,187.98982202804387,139740300.0,0.0,0.0117730096598608,187.43288258572755,184.61493043345413,0.0,75.61940808643384,2.0194506306552285,0.3569188742193485,1.66253175643588,0.1332219382271773,0.8657970895799333,0.0101282465787828,0.0,-0.0031761608692625,0.0296080252053889,0.0148077208637686,0.0372366513879445,0.11460154231548,0.3708958877452902,0.3778637812633847,0.0048465459173758,456.0,0,2025-12-27,0.0,0.010179710869091974,0.05271004228327136,190.51968383789065,188.59979248046875,188.59979248046875,183.6800537109375,180.98020935058597,0.010179710869091974,0.05271004228327136,0.08861841285009198,0.011925630511068559,0.017903891285547622,189.8797200520834,1.1084497920264662,1.0033703640685363,0.5773502691874505,187.44271196637834,3.665650596500055,1.0164155321870516,0.8394067548200559,182.00872148786272,6.647645087941278,1.0467612885825117,1.2802973440123462,0.6660915395914611,2.302585092994046,2.0807159958668873,0.2901927667359511,0.03211111565017034,0.6776961071623696,0.2580816510857808
188.20980834960935,188.749772392931,185.8999358866866,120006100.0,-0.0121981740394637,0.0132496144717435,188.20588926147855,185.77657454900967,-0.1412205355219646,69.05140894288091,2.2998946290514084,1.0555551601400162,1.2443394689113922,0.141434363177399,0.7381033769755255,0.0,0.0,0.0101282465787828,0.0,-0.0031761608692625,-0.0020677866382051,0.0399469037248079,-0.3019182212991008,0.1226233894784772,0.0290341379766002,318.0,0,2025-12-29,-0.012124077899723695,-0.012124077899723695,0.024661113426068804,190.51968383789065,190.51968383789065,190.51968383789065,188.59979248046875,183.6800537109375,-0.012124077899723695,0.024661113426068804,0.06767257154075268,0.01338467331725659,0.018555983203930402,189.74972534179696,1.3336072349571366,0.991884483682842,-1.1547005383763593,189.45260184151786,1.0391519102371443,0.9934400822167218,-1.1959690201838704,183.96861485072546,6.503319240104204,1.0230538970047975,0.6521582813787764,0.7213130756887913,2.0794415416798357,0.7921682063542231,0.4197449939591544,0.01970629048134593,0.5605487099715641,0.40003870347780845
187.52984619140625,188.9797799436452,186.91987858592933,97687300.0,-0.0036193299921994,0.0066249078893796,188.0368784939605,186.01034410132925,-0.1859805459889122,66.06673484225072,2.2235317029268917,1.2891504686973914,0.9343812342295,0.14361527196096,0.7010876845413213,-0.0121981740394637,0.0,0.0,0.0101282465787828,0.0,-0.0056731042754105,0.0361897959137216,-0.1788542474409121,0.2237801800711899,0.1230639738581887,650.0,0,2025-12-30,-0.003612788112190346,-0.015693064287406577,-0.00882623637473956,188.20980834960935,190.51968383789065,190.51968383789065,188.59979248046875,189.19976806640625,-0.015693064287406577,-0.00882623637473956,0.055255396761994424,0.006618720564987802,0.018661625775660707,188.75311279296878,1.5672163464957707,0.993519224221196,-0.7805346111260903,189.21404157366072,1.2723801526859622,0.9910989936674504,-1.323657382346918,184.67000470842635,6.302873546084223,1.0154862262959017,0.4537361351246896,0.354670093836102,2.833213344056216,2.408132094233533,0.2600962123833596,0.12832944624824447,0.6115743259433657,0.13176676613511515
186.4899139404297,190.54969193131708,186.47991997410412,120100500.0,-0.0055608555571357,0.0067985142051561,187.65013735557775,186.07428674654264,0.2294382176598186,81.34569924040042,2.055406248444569,1.442401624646827,0.6130046237977425,0.144666283218119,0.6493973679199913,-0.0036193299921994,-0.0121981740394637,0.0,0.0,0.0101282465787828,-0.0211514622336335,0.03044368558095,-0.5796826582901569,-0.5130494314912621,-0.4008284108492447,811.0,0,2025-12-31,-0.005545422619901985,-0.021151462233633622,-0.011187067134538653,187.52984619140625,188.20980834960935,190.51968383789065,190.51968383789065,188.59979248046875,-0.021151462233633622,-0.011187067134538653,0.09102608988764449,0.006792325615020081,0.01458454925520812,187.4098561604818,0.8662028632670664,0.9950912815425014,-1.0620401514056022,188.91263035365515,1.6391733621210427,0.9871754661999571,-1.4780110934029174,185.781373160226,4.91226048906702,1.0038138418731173,0.1442392523321302,0.46572064012156916,2.8903717578961645,2.290732873417686,0.1287691302816657,0.11917091533541677,0.7520599645726821,0.009598214946248934
